ID,post_title,post_name,post_status,permalink,meta_key_count,has_full_markdown,has_sections,has_verified_process,has_recipe_data,has_any_json_data,has_casing_terms,has_granulation_terms,has_garlic_terms,has_process_terms,forbidden_meta_count,forbidden_meta_terms,contract_readiness,contract_gap,public_risk
1975,Istarska kobasica,istarska-kobasica,draft,https://drycured.com/?post_type=dry_recipe&p=1975,8,0,0,0,1,0,1,1,1,1,0,,LEGACY_NEEDS_SOURCE_OR_STRUCTURING,LOW_TO_MEDIUM,NOT_PUBLIC_OR_PREVIEW
1976,Primorska kobasica,primorska-kobasica,draft,https://drycured.com/?post_type=dry_recipe&p=1976,7,0,0,0,1,0,1,1,0,1,0,,LEGACY_NEEDS_SOURCE_OR_STRUCTURING,LOW_TO_MEDIUM,NOT_PUBLIC_OR_PREVIEW
1977,Creski udić — pršut od ovce,creski-udic-prsut-od-ovce,draft,https://drycured.com/?post_type=dry_recipe&p=1977,7,0,0,0,1,0,0,0,0,1,0,,LEGACY_NEEDS_SOURCE_OR_STRUCTURING,MEDIUM,NOT_PUBLIC_OR_PREVIEW
1978,Creska janjeća roštilj kobasica,creska-janjeca-rostilj-kobasica,draft,https://drycured.com/?post_type=dry_recipe&p=1978,7,0,0,0,1,0,1,1,1,1,0,,LEGACY_NEEDS_SOURCE_OR_STRUCTURING,LOW_TO_MEDIUM,NOT_PUBLIC_OR_PREVIEW
1979,Testni recept iz kalkulatora,testni-recept-iz-kalkulatora,draft,https://drycured.com/?post_type=dry_recipe&p=1979,7,0,0,0,1,0,0,1,0,1,0,,LEGACY_NEEDS_SOURCE_OR_STRUCTURING,MEDIUM,NOT_PUBLIC_OR_PREVIEW
1980,Davorova kobasa,davorova-kobasa,draft,https://drycured.com/?post_type=dry_recipe&p=1980,7,0,0,0,1,0,1,0,1,1,0,,LEGACY_NEEDS_SOURCE_OR_STRUCTURING,MEDIUM,NOT_PUBLIC_OR_PREVIEW
1981,TRADICIJSKIH TALIJANSKIH RECEPATA ZA SUHOMESNATE PROIZVODE,tradicijskih-talijanskih-recepata-za-suhomesnate-proizvode,draft,https://drycured.com/?post_type=dry_recipe&p=1981,4,0,0,0,1,0,1,1,1,1,0,,LEGACY_NEEDS_SOURCE_OR_STRUCTURING,LOW_TO_MEDIUM,NOT_PUBLIC_OR_PREVIEW
1982,FINOCCHIONA TOSCANA,finocchiona-toscana,publish,https://drycured.com/recepti-baza/finocchiona-toscana/,13,1,0,0,1,0,1,1,1,1,0,,CONTRACT_BUILD_CANDIDATE_MARKDOWN_ONLY,LOW_TO_MEDIUM,PUBLIC_NO_META_FALLBACK_FOUND
1983,PROSCIUTTO DI SAN DANIELE,prosciutto-di-san-daniele,publish,https://drycured.com/recepti-baza/prosciutto-di-san-daniele/,13,1,0,0,1,0,1,1,1,1,0,,CONTRACT_BUILD_CANDIDATE_MARKDOWN_ONLY,LOW_TO_MEDIUM,PUBLIC_NO_META_FALLBACK_FOUND
1984,NDUJA CALABRESE,nduja-calabrese,publish,https://drycured.com/recepti-baza/nduja-calabrese/,13,1,0,0,1,0,1,1,1,1,0,,CONTRACT_BUILD_CANDIDATE_MARKDOWN_ONLY,LOW_TO_MEDIUM,PUBLIC_NO_META_FALLBACK_FOUND
1985,SPECK ALTO ADIGE,speck-alto-adige,draft,https://drycured.com/?post_type=dry_recipe&p=1985,4,0,0,0,1,0,0,0,0,1,0,,LEGACY_NEEDS_SOURCE_OR_STRUCTURING,MEDIUM,NOT_PUBLIC_OR_PREVIEW
1986,LARDO DI COLONNATA,lardo-di-colonnata,publish,https://drycured.com/recepti-baza/lardo-di-colonnata/,13,1,0,0,1,0,1,1,1,1,0,,CONTRACT_BUILD_CANDIDATE_MARKDOWN_ONLY,LOW_TO_MEDIUM,PUBLIC_NO_META_FALLBACK_FOUND
1987,Privatno: MORTADELLA BOLOGNA,mortadella-bologna,private,https://drycured.com/?post_type=dry_recipe&p=1987,11,1,0,0,1,0,1,1,1,1,0,,CONTRACT_BUILD_CANDIDATE_MARKDOWN_ONLY,LOW_TO_MEDIUM,NOT_PUBLIC_OR_PREVIEW
1988,SOPPRESSA VICENTINA,soppressa-vicentina,publish,https://drycured.com/recepti-baza/soppressa-vicentina/,13,1,0,0,1,0,1,1,1,1,0,,CONTRACT_BUILD_CANDIDATE_MARKDOWN_ONLY,LOW_TO_MEDIUM,PUBLIC_NO_META_FALLBACK_FOUND
1989,Privatno: PORCHETTA ROMANA,porchetta-romana,private,https://drycured.com/?post_type=dry_recipe&p=1989,11,1,0,0,1,0,1,1,1,1,0,,CONTRACT_BUILD_CANDIDATE_MARKDOWN_ONLY,LOW_TO_MEDIUM,NOT_PUBLIC_OR_PREVIEW
1990,SALAME DI FELINO,salame-di-felino,publish,https://drycured.com/recepti-baza/salame-di-felino/,13,1,0,0,1,0,1,1,1,1,0,,CONTRACT_BUILD_CANDIDATE_MARKDOWN_ONLY,LOW_TO_MEDIUM,PUBLIC_NO_META_FALLBACK_FOUND
1991,GUANCIALE ROMANO,guanciale-romano,publish,https://drycured.com/recepti-baza/guanciale-romano/,13,1,0,0,1,0,1,1,1,1,0,,CONTRACT_BUILD_CANDIDATE_MARKDOWN_ONLY,LOW_TO_MEDIUM,PUBLIC_NO_META_FALLBACK_FOUND
1992,Engleska Cumberland Kobasica,engleska-cumberland-kobasica,draft,https://drycured.com/?post_type=dry_recipe&p=1992,4,0,0,0,1,0,1,1,0,1,0,,LEGACY_NEEDS_SOURCE_OR_STRUCTURING,LOW_TO_MEDIUM,NOT_PUBLIC_OR_PREVIEW
1993,Škotska Lorne Kobasica,skotska-lorne-kobasica,draft,https://drycured.com/?post_type=dry_recipe&p=1993,4,0,0,0,1,0,1,1,0,1,0,,LEGACY_NEEDS_SOURCE_OR_STRUCTURING,LOW_TO_MEDIUM,NOT_PUBLIC_OR_PREVIEW
1994,Islandska Hangikjöt Kobasica,islandska-hangikjot-kobasica,draft,https://drycured.com/?post_type=dry_recipe&p=1994,4,0,0,0,1,0,1,1,0,1,0,,LEGACY_NEEDS_SOURCE_OR_STRUCTURING,LOW_TO_MEDIUM,NOT_PUBLIC_OR_PREVIEW
1995,Privatno: Posavska Krvavica sa Šumskim Začinima,posavska-krvavica-sa-sumskim-zacinima,private,https://drycured.com/?post_type=dry_recipe&p=1995,22,1,0,0,1,0,1,1,1,1,0,,CONTRACT_BUILD_CANDIDATE_MARKDOWN_ONLY,LOW_TO_MEDIUM,NOT_PUBLIC_OR_PREVIEW
1996,Tradicionalni suhomesnati proizvodi Slavonije,tradicionalni-suhomesnati-proizvodi-slavonije,draft,https://drycured.com/?post_type=dry_recipe&p=1996,4,0,0,0,1,0,1,0,0,1,0,,LEGACY_NEEDS_SOURCE_OR_STRUCTURING,MEDIUM,NOT_PUBLIC_OR_PREVIEW
1997,Etnografska studija kulinarskog naslijeđa,etnografska-studija-kulinarskog-naslijeda,draft,https://drycured.com/?post_type=dry_recipe&p=1997,4,0,0,0,1,0,1,0,0,1,0,,LEGACY_NEEDS_SOURCE_OR_STRUCTURING,MEDIUM,NOT_PUBLIC_OR_PREVIEW
1998,Tradicionalni suhomesnati proizvodi,tradicionalni-suhomesnati-proizvodi,draft,https://drycured.com/?post_type=dry_recipe&p=1998,4,0,0,0,1,0,1,0,0,1,0,,LEGACY_NEEDS_SOURCE_OR_STRUCTURING,MEDIUM,NOT_PUBLIC_OR_PREVIEW
1999,Salo (Сало) &#8211; Ukrajinska slanina,salo-%d1%81%d0%b0%d0%bb%d0%be-ukrajinska-slanina,draft,https://drycured.com/?post_type=dry_recipe&p=1999,4,0,0,0,1,0,0,0,1,1,0,,LEGACY_NEEDS_SOURCE_OR_STRUCTURING,MEDIUM,NOT_PUBLIC_OR_PREVIEW
2000,Domašnja Kovbasa (Домашня ковбаса) &#8211; Domaća kobasica,domasnja-kovbasa-%d0%b4%d0%be%d0%bc%d0%b0%d1%88%d0%bd%d1%8f-%d0%ba%d0%be%d0%b2%d0%b1%d0%b0%d1%81%d0%b0-domaca-kobasica,draft,https://drycured.com/?post_type=dry_recipe&p=2000,4,0,0,0,1,0,1,1,1,1,0,,LEGACY_NEEDS_SOURCE_OR_STRUCTURING,LOW_TO_MEDIUM,NOT_PUBLIC_OR_PREVIEW
2001,Kholodets (Холодець) &#8211; Hladetina od mesa,kholodets-%d1%85%d0%be%d0%bb%d0%be%d0%b4%d0%b5%d1%86%d1%8c-hladetina-od-mesa,draft,https://drycured.com/?post_type=dry_recipe&p=2001,4,0,0,0,1,0,0,0,1,1,0,,LEGACY_NEEDS_SOURCE_OR_STRUCTURING,MEDIUM,NOT_PUBLIC_OR_PREVIEW
2002,Solonina (Солонина) &#8211; Salamurena govedina,solonina-%d1%81%d0%be%d0%bb%d0%be%d0%bd%d0%b8%d0%bd%d0%b0-salamurena-govedina,draft,https://drycured.com/?post_type=dry_recipe&p=2002,4,0,0,0,1,0,0,0,0,1,0,,LEGACY_NEEDS_SOURCE_OR_STRUCTURING,MEDIUM,NOT_PUBLIC_OR_PREVIEW
2003,Shukhevychivska Kovbasa (Шухевичівська ковбаса) &#8211; Sušena kobasica s paprom,shukhevychivska-kovbasa-%d1%88%d1%83%d1%85%d0%b5%d0%b2%d0%b8%d1%87%d1%96%d0%b2%d1%81%d1%8c%d0%ba%d0%b0-%d0%ba%d0%be%d0%b2%d0%b1%d0%b0%d1%81%d0%b0-susena-kobasica-s-paprom,draft,https://drycured.com/?post_type=dry_recipe&p=2003,4,0,0,0,1,0,1,0,1,1,0,,LEGACY_NEEDS_SOURCE_OR_STRUCTURING,MEDIUM,NOT_PUBLIC_OR_PREVIEW
2004,Pashtetna (Паштетна) &#8211; Pečena mesna pašteta,pashtetna-%d0%bf%d0%b0%d1%88%d1%82%d0%b5%d1%82%d0%bd%d0%b0-pecena-mesna-pasteta,draft,https://drycured.com/?post_type=dry_recipe&p=2004,4,0,0,0,1,0,0,0,0,1,0,,LEGACY_NEEDS_SOURCE_OR_STRUCTURING,MEDIUM,NOT_PUBLIC_OR_PREVIEW
2005,UJEDINJENO KRALJEVSTVO &#8211; Tradicionalni recepti,ujedinjeno-kraljevstvo-tradicionalni-recepti,draft,https://drycured.com/?post_type=dry_recipe&p=2005,4,0,0,0,1,0,0,0,0,1,0,,LEGACY_NEEDS_SOURCE_OR_STRUCTURING,MEDIUM,NOT_PUBLIC_OR_PREVIEW
2006,Cumberland Sausage,cumberland-sausage,draft,https://drycured.com/?post_type=dry_recipe&p=2006,4,0,0,0,1,0,0,0,0,1,0,,LEGACY_NEEDS_SOURCE_OR_STRUCTURING,MEDIUM,NOT_PUBLIC_OR_PREVIEW
2007,Kompleksna zbirka tradicionalnih suhomesnatih recepata iz Europe,kompleksna-zbirka-tradicionalnih-suhomesnatih-recepata-iz-europe,draft,https://drycured.com/?post_type=dry_recipe&p=2007,4,0,0,0,1,0,0,0,0,1,0,,LEGACY_NEEDS_SOURCE_OR_STRUCTURING,MEDIUM,NOT_PUBLIC_OR_PREVIEW
2008,GRČKA &#8211; Tradicionalni recepti za Loukaniko,grcka-tradicionalni-recepti-za-loukaniko,draft,https://drycured.com/?post_type=dry_recipe&p=2008,4,0,0,0,1,0,0,0,0,1,0,,LEGACY_NEEDS_SOURCE_OR_STRUCTURING,MEDIUM,NOT_PUBLIC_OR_PREVIEW
2009,Tradicionalni Loukaniko sa Krete,tradicionalni-loukaniko-sa-krete,draft,https://drycured.com/?post_type=dry_recipe&p=2009,4,0,0,0,1,0,0,0,0,1,0,,LEGACY_NEEDS_SOURCE_OR_STRUCTURING,MEDIUM,NOT_PUBLIC_OR_PREVIEW
2010,Makedončki Loukaniko sa Planinom,makedoncki-loukaniko-sa-planinom,draft,https://drycured.com/?post_type=dry_recipe&p=2010,4,0,0,0,1,0,0,0,0,1,0,,LEGACY_NEEDS_SOURCE_OR_STRUCTURING,MEDIUM,NOT_PUBLIC_OR_PREVIEW
2011,Kompleksna zbirka tradicionalnih suhomesnatih recepata iz Europe,kompleksna-zbirka-tradicionalnih-suhomesnatih-recepata-iz-europe-2,draft,https://drycured.com/?post_type=dry_recipe&p=2011,4,0,0,0,1,0,0,0,1,1,0,,LEGACY_NEEDS_SOURCE_OR_STRUCTURING,MEDIUM,NOT_PUBLIC_OR_PREVIEW
2012,FRANCUSKA &#8211; Tradicionalni recepti za saucisson,francuska-tradicionalni-recepti-za-saucisson,draft,https://drycured.com/?post_type=dry_recipe&p=2012,4,0,0,0,1,0,0,0,1,1,0,,LEGACY_NEEDS_SOURCE_OR_STRUCTURING,MEDIUM,NOT_PUBLIC_OR_PREVIEW
2013,Saucisson sec iz Lyona,saucisson-sec-iz-lyona,draft,https://drycured.com/?post_type=dry_recipe&p=2013,4,0,0,0,1,0,0,0,1,1,0,,LEGACY_NEEDS_SOURCE_OR_STRUCTURING,MEDIUM,NOT_PUBLIC_OR_PREVIEW
2014,Kompleksna zbirka tradicionalnih suhomesnatih recepata iz Europe,kompleksna-zbirka-tradicionalnih-suhomesnatih-recepata-iz-europe-3,draft,https://drycured.com/?post_type=dry_recipe&p=2014,4,0,0,0,1,0,0,0,1,1,0,,LEGACY_NEEDS_SOURCE_OR_STRUCTURING,MEDIUM,NOT_PUBLIC_OR_PREVIEW
2015,ČEŠKA &#8211; Tradicionalni recepti,ceska-tradicionalni-recepti,draft,https://drycured.com/?post_type=dry_recipe&p=2015,4,0,0,0,1,0,0,0,1,1,0,,LEGACY_NEEDS_SOURCE_OR_STRUCTURING,MEDIUM,NOT_PUBLIC_OR_PREVIEW
2016,Lovecká Saláma (Lovačka salama),lovecka-salama-lovacka-salama,draft,https://drycured.com/?post_type=dry_recipe&p=2016,15,0,0,0,1,0,0,0,1,1,0,,LEGACY_NEEDS_SOURCE_OR_STRUCTURING,MEDIUM,NOT_PUBLIC_OR_PREVIEW
2017,Privatno: Drisheen (Tradicionalna irska krvavica od ovčje krvi),drisheen-tradicionalna-irska-krvavica-od-ovcje-krvi,private,https://drycured.com/?post_type=dry_recipe&p=2017,11,1,0,0,1,0,1,1,1,1,0,,CONTRACT_BUILD_CANDIDATE_MARKDOWN_ONLY,LOW_TO_MEDIUM,NOT_PUBLIC_OR_PREVIEW
2018,Irska salama (Spiced Irish Salami),irska-salama-spiced-irish-salami,publish,https://drycured.com/recepti-baza/irska-salama-spiced-irish-salami/,13,1,0,0,1,0,1,1,1,1,0,,CONTRACT_BUILD_CANDIDATE_MARKDOWN_ONLY,LOW_TO_MEDIUM,PUBLIC_NO_META_FALLBACK_FOUND
2019,Privatno: Landjäger kobasice s bavarskom salatom od krumpira,landjager-kobasice-s-bavarskom-salatom-od-krumpira,private,https://drycured.com/?post_type=dry_recipe&p=2019,11,1,0,0,1,0,1,1,1,1,3,prema receptu,CONTRACT_BUILD_CANDIDATE_MARKDOWN_ONLY,LOW_TO_MEDIUM,NOT_PUBLIC_OR_PREVIEW
2020,Privatno: Mettwurst s toplom salatom od krumpira i zelenog graha,mettwurst-s-toplom-salatom-od-krumpira-i-zelenog-graha,private,https://drycured.com/?post_type=dry_recipe&p=2020,11,1,0,0,1,0,1,1,1,1,3,prema receptu,CONTRACT_BUILD_CANDIDATE_MARKDOWN_ONLY,LOW_TO_MEDIUM,NOT_PUBLIC_OR_PREVIEW
2021,Cumberland kobasica,cumberland-kobasica,publish,https://drycured.com/recepti-baza/cumberland-kobasica/,13,1,0,0,1,0,1,1,1,1,0,,CONTRACT_BUILD_CANDIDATE_MARKDOWN_ONLY,LOW_TO_MEDIUM,PUBLIC_NO_META_FALLBACK_FOUND
2022,Recepti za salame i suhomesnate proizvode iz europskih zemalja,recepti-za-salame-i-suhomesnate-proizvode-iz-europskih-zemalja,draft,https://drycured.com/?post_type=dry_recipe&p=2022,4,0,0,0,1,0,0,0,0,1,0,,LEGACY_NEEDS_SOURCE_OR_STRUCTURING,MEDIUM,NOT_PUBLIC_OR_PREVIEW
2023,?? Grčki tradicionalni recept &#8211; Loukaniko,grcki-tradicionalni-recept-loukaniko,publish,https://drycured.com/recepti-baza/grcki-tradicionalni-recept-loukaniko/,13,1,0,0,1,0,1,1,1,1,0,,CONTRACT_BUILD_CANDIDATE_MARKDOWN_ONLY,LOW_TO_MEDIUM,PUBLIC_NO_META_FALLBACK_FOUND
2024,Slovački recept &#8211; Turistická Saláma,slovacki-recept-turisticka-salama,draft,https://drycured.com/?post_type=dry_recipe&p=2024,4,0,0,0,1,0,0,0,0,1,0,,LEGACY_NEEDS_SOURCE_OR_STRUCTURING,MEDIUM,NOT_PUBLIC_OR_PREVIEW
2025,Recepti za salame i suhomesnate proizvode iz evropskih zemalja,recepti-za-salame-i-suhomesnate-proizvode-iz-evropskih-zemalja,draft,https://drycured.com/?post_type=dry_recipe&p=2025,4,0,0,0,1,0,0,0,0,1,0,,LEGACY_NEEDS_SOURCE_OR_STRUCTURING,MEDIUM,NOT_PUBLIC_OR_PREVIEW
2026,?? Španjolski recept za chorizo,spanjolski-recept-za-chorizo,publish,https://drycured.com/recepti-baza/spanjolski-recept-za-chorizo/,13,1,0,0,1,0,1,1,1,1,0,,CONTRACT_BUILD_CANDIDATE_MARKDOWN_ONLY,LOW_TO_MEDIUM,PUBLIC_NO_META_FALLBACK_FOUND
2027,Nemački recept za Mettwurst,nemacki-recept-za-mettwurst,draft,https://drycured.com/?post_type=dry_recipe&p=2027,4,0,0,0,1,0,0,0,0,1,0,,LEGACY_NEEDS_SOURCE_OR_STRUCTURING,MEDIUM,NOT_PUBLIC_OR_PREVIEW
2028,Češki Špekáček (Špek Kobasica),ceski-spekacek-spek-kobasica,publish,https://drycured.com/recepti-baza/ceski-spekacek-spek-kobasica/,13,1,0,0,1,0,1,1,1,1,0,,CONTRACT_BUILD_CANDIDATE_MARKDOWN_ONLY,LOW_TO_MEDIUM,PUBLIC_NO_META_FALLBACK_FOUND
2029,JAMBON DE BAYONNE,jambon-de-bayonne,publish,https://drycured.com/recepti-baza/jambon-de-bayonne/,13,1,0,0,1,0,1,1,1,1,0,,CONTRACT_BUILD_CANDIDATE_MARKDOWN_ONLY,LOW_TO_MEDIUM,PUBLIC_NO_META_FALLBACK_FOUND
2030,Saucisson Sec (Suha kobasica),saucisson-sec-suha-kobasica,draft,https://drycured.com/?post_type=dry_recipe&p=2030,4,0,0,0,1,0,1,1,0,1,0,,LEGACY_NEEDS_SOURCE_OR_STRUCTURING,LOW_TO_MEDIUM,NOT_PUBLIC_OR_PREVIEW
2031,RILLETTES DU MANS,rillettes-du-mans,draft,https://drycured.com/?post_type=dry_recipe&p=2031,4,0,0,0,1,0,0,0,1,1,0,,LEGACY_NEEDS_SOURCE_OR_STRUCTURING,MEDIUM,NOT_PUBLIC_OR_PREVIEW
2032,Coppa (Kapula),coppa-kapula,publish,https://drycured.com/recepti-baza/coppa-kapula/,13,1,0,0,1,0,1,1,1,1,0,,CONTRACT_BUILD_CANDIDATE_MARKDOWN_ONLY,LOW_TO_MEDIUM,PUBLIC_NO_META_FALLBACK_FOUND
2033,Andouille de Guémené,andouille-de-guemene,publish,https://drycured.com/recepti-baza/andouille-de-guemene/,13,1,0,0,1,0,1,1,1,1,0,,CONTRACT_BUILD_CANDIDATE_MARKDOWN_ONLY,LOW_TO_MEDIUM,PUBLIC_NO_META_FALLBACK_FOUND
2034,JÉSUS DE LYON,jesus-de-lyon,draft,https://drycured.com/?post_type=dry_recipe&p=2034,4,0,0,0,1,0,0,1,1,1,0,,LEGACY_NEEDS_SOURCE_OR_STRUCTURING,MEDIUM,NOT_PUBLIC_OR_PREVIEW
2035,Privatno: Tradicionalna irska krvavica (Black Pudding),tradicionalna-irska-krvavica-black-pudding,private,https://drycured.com/?post_type=dry_recipe&p=2035,11,1,0,0,1,0,1,1,1,1,0,,CONTRACT_BUILD_CANDIDATE_MARKDOWN_ONLY,LOW_TO_MEDIUM,NOT_PUBLIC_OR_PREVIEW
2036,Privatno: Irska bijela krvavica (White Pudding),irska-bijela-krvavica-white-pudding,private,https://drycured.com/?post_type=dry_recipe&p=2036,11,1,0,0,1,0,1,1,1,1,0,,CONTRACT_BUILD_CANDIDATE_MARKDOWN_ONLY,LOW_TO_MEDIUM,NOT_PUBLIC_OR_PREVIEW
2037,Hangikjöt (Dimljeni janjeti but),hangikjot-dimljeni-janjeti-but,publish,https://drycured.com/recepti-baza/hangikjot-dimljeni-janjeti-but/,13,1,0,0,1,0,1,1,1,1,0,,CONTRACT_BUILD_CANDIDATE_MARKDOWN_ONLY,LOW_TO_MEDIUM,PUBLIC_NO_META_FALLBACK_FOUND
2038,Heilhornað Hangikjöt (Sušena janjeća rebra),heilhornad-hangikjot-susena-janjeca-rebra,draft,https://drycured.com/?post_type=dry_recipe&p=2038,4,0,0,0,1,0,0,0,0,1,0,,LEGACY_NEEDS_SOURCE_OR_STRUCTURING,MEDIUM,NOT_PUBLIC_OR_PREVIEW
2039,Ukrajinska Domashnia Kovbasa (Domaća Kobasica),ukrajinska-domashnia-kovbasa-domaca-kobasica,publish,https://drycured.com/recepti-baza/ukrajinska-domashnia-kovbasa-domaca-kobasica/,13,1,0,0,1,0,1,1,1,1,0,,CONTRACT_BUILD_CANDIDATE_MARKDOWN_ONLY,LOW_TO_MEDIUM,PUBLIC_NO_META_FALLBACK_FOUND
2040,Mađarski Pick Salami (Pick Szalámi),madarski-pick-salami-pick-szalami,draft,https://drycured.com/?post_type=dry_recipe&p=2040,4,0,0,0,1,0,1,1,1,1,0,,LEGACY_NEEDS_SOURCE_OR_STRUCTURING,LOW_TO_MEDIUM,NOT_PUBLIC_OR_PREVIEW
2041,Mađarska Slanina (Szalonna),madarska-slanina-szalonna,draft,https://drycured.com/?post_type=dry_recipe&p=2041,4,0,0,0,1,0,0,0,1,1,0,,LEGACY_NEEDS_SOURCE_OR_STRUCTURING,MEDIUM,NOT_PUBLIC_OR_PREVIEW
2042,BALMOȘ CU SLANINĂ (PALENTA SA SLANINOM),balmos-cu-slanina-palenta-sa-slaninom,publish,https://drycured.com/recepti-baza/balmos-cu-slanina-palenta-sa-slaninom/,13,1,0,0,1,0,1,1,1,1,0,,CONTRACT_BUILD_CANDIDATE_MARKDOWN_ONLY,LOW_TO_MEDIUM,PUBLIC_NO_META_FALLBACK_FOUND
2043,PFÄLZER SAUMAGEN (FALAČKA SVINJSKA ŽELUDAC-KOBASICA),pfalzer-saumagen-falacka-svinjska-zeludac-kobasica,publish,https://drycured.com/recepti-baza/pfalzer-saumagen-falacka-svinjska-zeludac-kobasica/,13,1,0,0,1,0,1,1,1,1,0,,CONTRACT_BUILD_CANDIDATE_MARKDOWN_ONLY,LOW_TO_MEDIUM,PUBLIC_NO_META_FALLBACK_FOUND
2044,Privatno: NÜRNBERGER BRATWURST (NIRNBERŠKA KOBASICA ZA PEČENJE),nurnberger-bratwurst-nirnberska-kobasica-za-pecenje,private,https://drycured.com/?post_type=dry_recipe&p=2044,11,1,0,0,1,0,1,1,1,1,0,,CONTRACT_BUILD_CANDIDATE_MARKDOWN_ONLY,LOW_TO_MEDIUM,NOT_PUBLIC_OR_PREVIEW
2045,Privatno: Salata sa Schinkenspeck kobasicama,salata-sa-schinkenspeck-kobasicama,private,https://drycured.com/?post_type=dry_recipe&p=2045,11,1,0,0,1,0,1,1,1,1,3,prema receptu,CONTRACT_BUILD_CANDIDATE_MARKDOWN_ONLY,LOW_TO_MEDIUM,NOT_PUBLIC_OR_PREVIEW
2046,Privatno: Rinderbeiried sendvič,rinderbeiried-sendvic,private,https://drycured.com/?post_type=dry_recipe&p=2046,11,1,0,0,1,0,1,1,1,1,0,,CONTRACT_BUILD_CANDIDATE_MARKDOWN_ONLY,LOW_TO_MEDIUM,NOT_PUBLIC_OR_PREVIEW
2047,Domaći Bratwurst,domaci-bratwurst,publish,https://drycured.com/recepti-baza/domaci-bratwurst/,13,1,0,0,1,0,1,1,1,1,0,,CONTRACT_BUILD_CANDIDATE_MARKDOWN_ONLY,LOW_TO_MEDIUM,PUBLIC_NO_META_FALLBACK_FOUND
2048,Privatno: Domaći Leberwurst (Pašteta od jetre),domaci-leberwurst-pasteta-od-jetre,private,https://drycured.com/?post_type=dry_recipe&p=2048,11,1,0,0,1,0,1,1,1,1,0,,CONTRACT_BUILD_CANDIDATE_MARKDOWN_ONLY,LOW_TO_MEDIUM,NOT_PUBLIC_OR_PREVIEW
2049,Hausmacher Mettwurst (Domaća dimljena kobasica za mazanje),hausmacher-mettwurst-domaca-dimljena-kobasica-za-mazanje,publish,https://drycured.com/recepti-baza/hausmacher-mettwurst-domaca-dimljena-kobasica-za-mazanje/,13,1,0,0,1,0,1,1,1,1,0,,CONTRACT_BUILD_CANDIDATE_MARKDOWN_ONLY,LOW_TO_MEDIUM,PUBLIC_NO_META_FALLBACK_FOUND
2050,Secallona &#8211; Tradicionalna Katalonska Sušena Slanina,secallona-tradicionalna-katalonska-susena-slanina,draft,https://drycured.com/?post_type=dry_recipe&p=2050,4,0,0,0,1,0,1,1,1,1,0,,LEGACY_NEEDS_SOURCE_OR_STRUCTURING,LOW_TO_MEDIUM,NOT_PUBLIC_OR_PREVIEW
2051,ŠKOTSKI LORNE SAUSAGE (ČETVRTASTI KOBASIČASTI ODREZAK),skotski-lorne-sausage-cetvrtasti-kobasicasti-odrezak,publish,https://drycured.com/recepti-baza/skotski-lorne-sausage-cetvrtasti-kobasicasti-odrezak/,13,1,0,0,1,0,1,1,1,1,0,,CONTRACT_BUILD_CANDIDATE_MARKDOWN_ONLY,LOW_TO_MEDIUM,PUBLIC_NO_META_FALLBACK_FOUND
2052,Jamón Ibérico de Bellota &#8211; Iberijski Pršut od Žira,jamon-iberico-de-bellota-iberijski-prsut-od-zira,publish,https://drycured.com/recepti-baza/jamon-iberico-de-bellota-iberijski-prsut-od-zira/,13,1,0,0,1,0,1,1,1,1,0,,CONTRACT_BUILD_CANDIDATE_MARKDOWN_ONLY,LOW_TO_MEDIUM,PUBLIC_NO_META_FALLBACK_FOUND
2053,Chorizo de Pamplona &#8211; Čorizo iz Pamplone,chorizo-de-pamplona-corizo-iz-pamplone,publish,https://drycured.com/recepti-baza/chorizo-de-pamplona-corizo-iz-pamplone/,13,1,0,0,1,0,1,1,1,1,0,,CONTRACT_BUILD_CANDIDATE_MARKDOWN_ONLY,LOW_TO_MEDIUM,PUBLIC_NO_META_FALLBACK_FOUND
2054,Sobrasada Mallorquina &#8211; Majorška Sobrasada,sobrasada-mallorquina-majorska-sobrasada,draft,https://drycured.com/?post_type=dry_recipe&p=2054,4,0,0,0,1,0,1,1,1,1,0,,LEGACY_NEEDS_SOURCE_OR_STRUCTURING,LOW_TO_MEDIUM,NOT_PUBLIC_OR_PREVIEW
2055,Coppa Piacentina &#8211; Piacentinska Coppa,coppa-piacentina-piacentinska-coppa,publish,https://drycured.com/recepti-baza/coppa-piacentina-piacentinska-coppa/,13,1,0,0,1,0,1,1,1,1,0,,CONTRACT_BUILD_CANDIDATE_MARKDOWN_ONLY,LOW_TO_MEDIUM,PUBLIC_NO_META_FALLBACK_FOUND
2056,Nduja Calabrese &#8211; Kalabrijska Nduja,nduja-calabrese-kalabrijska-nduja,publish,https://drycured.com/recepti-baza/nduja-calabrese-kalabrijska-nduja/,13,1,0,0,1,0,1,1,1,1,0,,CONTRACT_BUILD_CANDIDATE_MARKDOWN_ONLY,LOW_TO_MEDIUM,PUBLIC_NO_META_FALLBACK_FOUND
2057,Bresaola Valtellinese &#8211; Valtelinska Bresaola,bresaola-valtellinese-valtelinska-bresaola,publish,https://drycured.com/recepti-baza/bresaola-valtellinese-valtelinska-bresaola/,13,1,0,0,1,0,1,1,1,1,0,,CONTRACT_BUILD_CANDIDATE_MARKDOWN_ONLY,LOW_TO_MEDIUM,PUBLIC_NO_META_FALLBACK_FOUND
2058,Guanciale Romano &#8211; Rimski Guanciale,guanciale-romano-rimski-guanciale,publish,https://drycured.com/recepti-baza/guanciale-romano-rimski-guanciale/,13,1,0,0,1,0,1,1,1,1,0,,CONTRACT_BUILD_CANDIDATE_MARKDOWN_ONLY,LOW_TO_MEDIUM,PUBLIC_NO_META_FALLBACK_FOUND
2059,SALAME MILANO &#8211; MILANSKA SALAMA,salame-milano-milanska-salama,publish,https://drycured.com/recepti-baza/salame-milano-milanska-salama/,13,1,0,0,1,0,1,1,1,1,0,,CONTRACT_BUILD_CANDIDATE_MARKDOWN_ONLY,LOW_TO_MEDIUM,PUBLIC_NO_META_FALLBACK_FOUND
2060,SOPPRESSATA CALABRESE &#8211; KALABRIJSKA SOPPRESSATA,soppressata-calabrese-kalabrijska-soppressata,publish,https://drycured.com/recepti-baza/soppressata-calabrese-kalabrijska-soppressata/,13,1,0,0,1,0,1,1,1,1,0,,CONTRACT_BUILD_CANDIDATE_MARKDOWN_ONLY,LOW_TO_MEDIUM,PUBLIC_NO_META_FALLBACK_FOUND
2061,PROSCIUTTO DI PARMA &#8211; PARMSKA ŠUNKA,prosciutto-di-parma-parmska-sunka,publish,https://drycured.com/recepti-baza/prosciutto-di-parma-parmska-sunka/,13,1,0,0,1,0,1,1,1,1,0,,CONTRACT_BUILD_CANDIDATE_MARKDOWN_ONLY,LOW_TO_MEDIUM,PUBLIC_NO_META_FALLBACK_FOUND
2062,PANCETTA ARROTOLATA &#8211; ROLANA PANCETA,pancetta-arrotolata-rolana-panceta,publish,https://drycured.com/recepti-baza/pancetta-arrotolata-rolana-panceta/,13,1,0,0,1,0,1,1,1,1,0,,CONTRACT_BUILD_CANDIDATE_MARKDOWN_ONLY,LOW_TO_MEDIUM,PUBLIC_NO_META_FALLBACK_FOUND
2063,FINOCCHIONA TOSCANA &#8211; TOSKANSKA KOBASICA S KOMORAČEM,finocchiona-toscana-toskanska-kobasica-s-komoracem,publish,https://drycured.com/recepti-baza/finocchiona-toscana-toskanska-kobasica-s-komoracem/,13,1,0,0,1,0,1,1,1,1,0,,CONTRACT_BUILD_CANDIDATE_MARKDOWN_ONLY,LOW_TO_MEDIUM,PUBLIC_NO_META_FALLBACK_FOUND
2064,COPPA (CAPOCOLLO) &#8211; TALIJANSKA VRATINA,coppa-capocollo-talijanska-vratina,publish,https://drycured.com/recepti-baza/coppa-capocollo-talijanska-vratina/,13,1,0,0,1,0,1,1,1,1,0,,CONTRACT_BUILD_CANDIDATE_MARKDOWN_ONLY,LOW_TO_MEDIUM,PUBLIC_NO_META_FALLBACK_FOUND
2065,Tiroler Speck (Tirolska slanina),tiroler-speck-tirolska-slanina,draft,https://drycured.com/?post_type=dry_recipe&p=2065,4,0,0,0,1,0,0,0,1,1,0,,LEGACY_NEEDS_SOURCE_OR_STRUCTURING,MEDIUM,NOT_PUBLIC_OR_PREVIEW
2066,Kärntner Wurzelspeck (Koruška korijenska slanina),karntner-wurzelspeck-koruska-korijenska-slanina,draft,https://drycured.com/?post_type=dry_recipe&p=2066,4,0,0,0,1,0,0,0,0,1,0,,LEGACY_NEEDS_SOURCE_OR_STRUCTURING,MEDIUM,NOT_PUBLIC_OR_PREVIEW
2067,Waldviertler Hirschsalami (Salama od jelena iz Waldviertela),waldviertler-hirschsalami-salama-od-jelena-iz-waldviertela,draft,https://drycured.com/?post_type=dry_recipe&p=2067,4,0,0,0,1,0,1,1,1,1,0,,LEGACY_NEEDS_SOURCE_OR_STRUCTURING,LOW_TO_MEDIUM,NOT_PUBLIC_OR_PREVIEW
2068,SAUCISSON D&#8217;ARDENNE (ARDENSKI KULEN),saucisson-dardenne-ardenski-kulen,draft,https://drycured.com/?post_type=dry_recipe&p=2068,4,0,0,0,1,0,1,1,1,1,0,,LEGACY_NEEDS_SOURCE_OR_STRUCTURING,LOW_TO_MEDIUM,NOT_PUBLIC_OR_PREVIEW
2069,LARD FUMÉ DE FLANDRE (FLAMANSKO DIMLJENO SALO),lard-fume-de-flandre-flamansko-dimljeno-salo,draft,https://drycured.com/?post_type=dry_recipe&p=2069,4,0,0,0,1,0,0,0,1,1,0,,LEGACY_NEEDS_SOURCE_OR_STRUCTURING,MEDIUM,NOT_PUBLIC_OR_PREVIEW
2070,BOUDIN BLANC DE BRUXELLES (BIJELA KRVAVICA IZ BRUXELLESA),boudin-blanc-de-bruxelles-bijela-krvavica-iz-bruxellesa,draft,https://drycured.com/?post_type=dry_recipe&p=2070,4,0,0,0,1,0,1,1,0,1,0,,LEGACY_NEEDS_SOURCE_OR_STRUCTURING,LOW_TO_MEDIUM,NOT_PUBLIC_OR_PREVIEW
2071,Butifarra Blanca &#8211; Tradicionalna Bijela Katalonska Kobasica,butifarra-blanca-tradicionalna-bijela-katalonska-kobasica,draft,https://drycured.com/?post_type=dry_recipe&p=2071,4,0,0,0,1,0,1,1,0,1,0,,LEGACY_NEEDS_SOURCE_OR_STRUCTURING,LOW_TO_MEDIUM,NOT_PUBLIC_OR_PREVIEW
2072,Njeguški pršut,njeguski-prsut,publish,https://drycured.com/recepti-baza/njeguski-prsut/,13,1,0,0,1,0,1,1,1,1,0,,CONTRACT_BUILD_CANDIDATE_MARKDOWN_ONLY,LOW_TO_MEDIUM,PUBLIC_NO_META_FALLBACK_FOUND
2073,Privatno: Kistanje Začinjena Panceta (Specifični sušeni vrat),kistanje-zacinjena-panceta-specificni-suseni-vrat,private,https://drycured.com/?post_type=dry_recipe&p=2073,11,1,0,0,1,0,1,1,1,1,0,,CONTRACT_BUILD_CANDIDATE_MARKDOWN_ONLY,LOW_TO_MEDIUM,NOT_PUBLIC_OR_PREVIEW
2074,Privatno: Petrovo Polje Začinska Slanina (Specifični začinjeni komad),petrovo-polje-zacinska-slanina-specificni-zacinjeni-komad,private,https://drycured.com/?post_type=dry_recipe&p=2074,11,1,0,0,1,0,1,1,1,1,0,,CONTRACT_BUILD_CANDIDATE_MARKDOWN_ONLY,LOW_TO_MEDIUM,NOT_PUBLIC_OR_PREVIEW
2075,Vrgorački kulen iz zaboravljenih recepata,vrgoracki-kulen-iz-zaboravljenih-recepata,publish,https://drycured.com/recepti-baza/vrgoracki-kulen-iz-zaboravljenih-recepata/,13,1,0,0,1,0,1,1,1,1,0,,CONTRACT_BUILD_CANDIDATE_MARKDOWN_ONLY,LOW_TO_MEDIUM,PUBLIC_NO_META_FALLBACK_FOUND
2076,Senjska Morska Panceta &#8220;Bura Intenzitet&#8221;,senjska-morska-panceta-bura-intenzitet,publish,https://drycured.com/recepti-baza/senjska-morska-panceta-bura-intenzitet/,13,1,0,0,1,0,1,1,1,1,0,,CONTRACT_BUILD_CANDIDATE_MARKDOWN_ONLY,LOW_TO_MEDIUM,PUBLIC_NO_META_FALLBACK_FOUND
2077,SAUCISSON SEC D&#8217;AUVERGNE,saucisson-sec-dauvergne,draft,https://drycured.com/?post_type=dry_recipe&p=2077,4,0,0,0,1,0,1,1,0,1,0,,LEGACY_NEEDS_SOURCE_OR_STRUCTURING,LOW_TO_MEDIUM,NOT_PUBLIC_OR_PREVIEW
2078,ANDOUILLE DE VIRE,andouille-de-vire,publish,https://drycured.com/recepti-baza/andouille-de-vire/,13,1,0,0,1,0,1,1,1,1,0,,CONTRACT_BUILD_CANDIDATE_MARKDOWN_ONLY,LOW_TO_MEDIUM,PUBLIC_NO_META_FALLBACK_FOUND
2079,COPPA CORSE,coppa-corse,publish,https://drycured.com/recepti-baza/coppa-corse/,13,1,0,0,1,0,1,1,1,1,0,,CONTRACT_BUILD_CANDIDATE_MARKDOWN_ONLY,LOW_TO_MEDIUM,PUBLIC_NO_META_FALLBACK_FOUND
2080,SAUCISSE DE MORTEAU,saucisse-de-morteau,publish,https://drycured.com/recepti-baza/saucisse-de-morteau/,13,1,0,0,1,0,1,1,1,1,0,,CONTRACT_BUILD_CANDIDATE_MARKDOWN_ONLY,LOW_TO_MEDIUM,PUBLIC_NO_META_FALLBACK_FOUND
2081,Privatno: PÂTÉ DE CAMPAGNE BRETON,pate-de-campagne-breton,private,https://drycured.com/?post_type=dry_recipe&p=2081,11,1,0,0,1,0,1,1,1,1,0,,CONTRACT_BUILD_CANDIDATE_MARKDOWN_ONLY,LOW_TO_MEDIUM,NOT_PUBLIC_OR_PREVIEW
2082,Loukaniko (Λουκάνικο),loukaniko-%ce%bb%ce%bf%cf%85%ce%ba%ce%ac%ce%bd%ce%b9%ce%ba%ce%bf,draft,https://drycured.com/?post_type=dry_recipe&p=2082,4,0,0,0,1,0,1,1,1,1,0,,LEGACY_NEEDS_SOURCE_OR_STRUCTURING,LOW_TO_MEDIUM,NOT_PUBLIC_OR_PREVIEW
2083,Privatno: Gračac Začinjena Panceta (Specifični sušeni vrat),gracac-zacinjena-panceta-specificni-suseni-vrat,private,https://drycured.com/?post_type=dry_recipe&p=2083,11,1,0,0,1,0,1,1,1,1,0,,CONTRACT_BUILD_CANDIDATE_MARKDOWN_ONLY,LOW_TO_MEDIUM,NOT_PUBLIC_OR_PREVIEW
2084,Privatno: Plitvice Začinska Slanina (Specifični začinjeni komad),plitvice-zacinska-slanina-specificni-zacinjeni-komad,private,https://drycured.com/?post_type=dry_recipe&p=2084,11,1,0,0,1,0,1,1,1,1,0,,CONTRACT_BUILD_CANDIDATE_MARKDOWN_ONLY,LOW_TO_MEDIUM,NOT_PUBLIC_OR_PREVIEW
2085,Maltežanska panceta (Pancetta Maltija),maltezanska-panceta-pancetta-maltija,draft,https://drycured.com/?post_type=dry_recipe&p=2085,4,0,0,0,1,0,0,0,1,1,0,,LEGACY_NEEDS_SOURCE_OR_STRUCTURING,MEDIUM,NOT_PUBLIC_OR_PREVIEW
2086,Prekomurska Slaninska Rolada &#8220;Trnčova&#8221;,prekomurska-slaninska-rolada-trncova,publish,https://drycured.com/recepti-baza/prekomurska-slaninska-rolada-trncova/,13,1,0,0,1,0,1,1,1,1,0,,CONTRACT_BUILD_CANDIDATE_MARKDOWN_ONLY,LOW_TO_MEDIUM,PUBLIC_NO_META_FALLBACK_FOUND
2087,Privatno: Podravska Krvavica,podravska-krvavica,private,https://drycured.com/?post_type=dry_recipe&p=2087,11,1,0,0,1,0,1,1,1,1,0,,CONTRACT_BUILD_CANDIDATE_MARKDOWN_ONLY,LOW_TO_MEDIUM,NOT_PUBLIC_OR_PREVIEW
2088,Koprivnička Kulen,koprivnicka-kulen,publish,https://drycured.com/recepti-baza/koprivnicka-kulen/,13,1,0,0,1,0,1,1,1,1,0,,CONTRACT_BUILD_CANDIDATE_MARKDOWN_ONLY,LOW_TO_MEDIUM,PUBLIC_NO_META_FALLBACK_FOUND
2089,KABANOSY (TANKE SUHE KOBASICE),kabanosy-tanke-suhe-kobasice,publish,https://drycured.com/recepti-baza/kabanosy-tanke-suhe-kobasice/,13,1,0,0,1,0,1,1,1,1,0,,CONTRACT_BUILD_CANDIDATE_MARKDOWN_ONLY,LOW_TO_MEDIUM,PUBLIC_NO_META_FALLBACK_FOUND
2090,Privatno: KASZANKA (POLJSKA KRVAVICA),kaszanka-poljska-krvavica,private,https://drycured.com/?post_type=dry_recipe&p=2090,11,1,0,0,1,0,1,1,1,1,0,,CONTRACT_BUILD_CANDIDATE_MARKDOWN_ONLY,LOW_TO_MEDIUM,NOT_PUBLIC_OR_PREVIEW
2091,Privatno: Morcela de Assar (Krvavica za Pečenje),morcela-de-assar-krvavica-za-pecenje,private,https://drycured.com/?post_type=dry_recipe&p=2091,11,1,0,0,1,0,1,1,1,1,0,,CONTRACT_BUILD_CANDIDATE_MARKDOWN_ONLY,LOW_TO_MEDIUM,NOT_PUBLIC_OR_PREVIEW
2092,Crikvenička Panceta,crikvenicka-panceta,publish,https://drycured.com/recepti-baza/crikvenicka-panceta/,13,1,0,0,1,0,1,1,1,1,0,,CONTRACT_BUILD_CANDIDATE_MARKDOWN_ONLY,LOW_TO_MEDIUM,PUBLIC_NO_META_FALLBACK_FOUND
2093,Stara Koprivnička Salama &#8220;Šokačka Priča&#8221;,stara-koprivnicka-salama-sokacka-prica,publish,https://drycured.com/recepti-baza/stara-koprivnicka-salama-sokacka-prica/,13,1,0,0,1,0,1,1,1,1,0,,CONTRACT_BUILD_CANDIDATE_MARKDOWN_ONLY,LOW_TO_MEDIUM,PUBLIC_NO_META_FALLBACK_FOUND
2094,Pitomački &#8220;Divlji Kulen&#8221;,pitomacki-divlji-kulen,publish,https://drycured.com/recepti-baza/pitomacki-divlji-kulen/,13,1,0,0,1,0,1,1,1,1,0,,CONTRACT_BUILD_CANDIDATE_MARKDOWN_ONLY,LOW_TO_MEDIUM,PUBLIC_NO_META_FALLBACK_FOUND
2095,Posebne tehnike i napomene,posebne-tehnike-i-napomene,draft,https://drycured.com/?post_type=dry_recipe&p=2095,4,0,0,0,1,0,0,0,0,1,0,,LEGACY_NEEDS_SOURCE_OR_STRUCTURING,MEDIUM,NOT_PUBLIC_OR_PREVIEW
2096,SLĂNINĂ AFUMATĂ (Dimljena slanina),slanina-afumata-dimljena-slanina,publish,https://drycured.com/recepti-baza/slanina-afumata-dimljena-slanina/,13,1,0,0,1,0,1,1,1,1,0,,CONTRACT_BUILD_CANDIDATE_MARKDOWN_ONLY,LOW_TO_MEDIUM,PUBLIC_NO_META_FALLBACK_FOUND
2097,CHIȘCĂ (Puhana želuca s krvlju),chisca-puhana-zeluca-s-krvlju,publish,https://drycured.com/recepti-baza/chisca-puhana-zeluca-s-krvlju/,13,1,0,0,1,0,1,1,1,1,0,,CONTRACT_BUILD_CANDIDATE_MARKDOWN_ONLY,LOW_TO_MEDIUM,PUBLIC_NO_META_FALLBACK_FOUND
2098,Novih Ruskih Recepata za Suhomesnate Proizvode,novih-ruskih-recepata-za-suhomesnate-proizvode,draft,https://drycured.com/?post_type=dry_recipe&p=2098,4,0,0,0,1,0,0,0,1,1,0,,LEGACY_NEEDS_SOURCE_OR_STRUCTURING,MEDIUM,NOT_PUBLIC_OR_PREVIEW
2099,Salo (Сало &#8211; Slana svinjeća slanina),salo-%d1%81%d0%b0%d0%bb%d0%be-slana-svinjeca-slanina,draft,https://drycured.com/?post_type=dry_recipe&p=2099,4,0,0,0,1,0,0,0,1,1,0,,LEGACY_NEEDS_SOURCE_OR_STRUCTURING,MEDIUM,NOT_PUBLIC_OR_PREVIEW
2100,Miholjačka Začinska Salama,miholjacka-zacinska-salama,publish,https://drycured.com/recepti-baza/miholjacka-zacinska-salama/,13,1,0,0,1,0,1,1,1,1,0,,CONTRACT_BUILD_CANDIDATE_MARKDOWN_ONLY,LOW_TO_MEDIUM,PUBLIC_NO_META_FALLBACK_FOUND
2101,Vinkovački Slavonski Kulen &#8211; Stara obiteljska receptura,vinkovacki-slavonski-kulen-stara-obiteljska-receptura,publish,https://drycured.com/recepti-baza/vinkovacki-slavonski-kulen-stara-obiteljska-receptura/,13,1,0,0,1,0,1,1,1,1,0,,CONTRACT_BUILD_CANDIDATE_MARKDOWN_ONLY,LOW_TO_MEDIUM,PUBLIC_NO_META_FALLBACK_FOUND
2102,Slovačka slanina (Slovenská slanina),slovacka-slanina-slovenska-slanina,publish,https://drycured.com/recepti-baza/slovacka-slanina-slovenska-slanina/,13,1,0,0,1,0,1,1,1,1,0,,CONTRACT_BUILD_CANDIDATE_MARKDOWN_ONLY,LOW_TO_MEDIUM,PUBLIC_NO_META_FALLBACK_FOUND
2103,Kranjska klobasa (Kranjska kobasica),kranjska-klobasa-kranjska-kobasica,publish,https://drycured.com/recepti-baza/kranjska-klobasa-kranjska-kobasica/,13,1,0,0,1,0,1,1,1,1,0,,CONTRACT_BUILD_CANDIDATE_MARKDOWN_ONLY,LOW_TO_MEDIUM,PUBLIC_NO_META_FALLBACK_FOUND
2104,Kraški pršut,kraski-prsut,publish,https://drycured.com/recepti-baza/kraski-prsut/,13,1,0,0,1,0,1,1,1,1,0,,CONTRACT_BUILD_CANDIDATE_MARKDOWN_ONLY,LOW_TO_MEDIUM,PUBLIC_NO_META_FALLBACK_FOUND
2105,Belokranjska jagenjčara,belokranjska-jagenjcara,draft,https://drycured.com/?post_type=dry_recipe&p=2105,4,0,0,0,1,0,1,1,1,1,0,,LEGACY_NEEDS_SOURCE_OR_STRUCTURING,LOW_TO_MEDIUM,NOT_PUBLIC_OR_PREVIEW
2106,Gorenjska zaseka,gorenjska-zaseka,publish,https://drycured.com/recepti-baza/gorenjska-zaseka/,13,1,0,0,1,0,1,1,1,1,0,,CONTRACT_BUILD_CANDIDATE_MARKDOWN_ONLY,LOW_TO_MEDIUM,PUBLIC_NO_META_FALLBACK_FOUND
2107,Vipavska panceta,vipavska-panceta,publish,https://drycured.com/recepti-baza/vipavska-panceta/,13,1,0,0,1,0,1,1,1,1,0,,CONTRACT_BUILD_CANDIDATE_MARKDOWN_ONLY,LOW_TO_MEDIUM,PUBLIC_NO_META_FALLBACK_FOUND
2108,Tolminska salama,tolminska-salama,publish,https://drycured.com/recepti-baza/tolminska-salama/,13,1,0,0,1,0,1,1,1,1,0,,CONTRACT_BUILD_CANDIDATE_MARKDOWN_ONLY,LOW_TO_MEDIUM,PUBLIC_NO_META_FALLBACK_FOUND
2109,Recepata za Suhomesnate Proizvode iz Crne Gore &#8211; Dokument #1,recepata-za-suhomesnate-proizvode-iz-crne-gore-dokument-1,draft,https://drycured.com/?post_type=dry_recipe&p=2109,4,0,0,0,1,0,0,0,0,1,0,,LEGACY_NEEDS_SOURCE_OR_STRUCTURING,MEDIUM,NOT_PUBLIC_OR_PREVIEW
2110,Crnogorska Slanina (Durmitorska panćeta),crnogorska-slanina-durmitorska-panceta,publish,https://drycured.com/recepti-baza/crnogorska-slanina-durmitorska-panceta/,13,1,0,0,1,0,1,1,1,1,0,,CONTRACT_BUILD_CANDIDATE_MARKDOWN_ONLY,LOW_TO_MEDIUM,PUBLIC_NO_META_FALLBACK_FOUND
2111,LANDJÄGER (TRADICIONALNE DIMLJENE KOBASICE),landjager-tradicionalne-dimljene-kobasice,publish,https://drycured.com/recepti-baza/landjager-tradicionalne-dimljene-kobasice/,13,1,0,0,1,0,1,1,1,1,0,,CONTRACT_BUILD_CANDIDATE_MARKDOWN_ONLY,LOW_TO_MEDIUM,PUBLIC_NO_META_FALLBACK_FOUND
2112,NOVIH ŠVICARSKIH RECEPATA ZA SUHOMESNATE PROIZVODE,novih-svicarskih-recepata-za-suhomesnate-proizvode,draft,https://drycured.com/?post_type=dry_recipe&p=2112,4,0,0,0,1,0,1,1,1,1,0,,LEGACY_NEEDS_SOURCE_OR_STRUCTURING,LOW_TO_MEDIUM,NOT_PUBLIC_OR_PREVIEW
2113,VACHERIN FRIBOURGEOIS METTWURST (DIMLJENA KOBASICA S ALPSKIM SIROM),vacherin-fribourgeois-mettwurst-dimljena-kobasica-s-alpskim-sirom,publish,https://drycured.com/recepti-baza/vacherin-fribourgeois-mettwurst-dimljena-kobasica-s-alpskim-sirom/,13,1,0,0,1,0,1,1,1,1,0,,CONTRACT_BUILD_CANDIDATE_MARKDOWN_ONLY,LOW_TO_MEDIUM,PUBLIC_NO_META_FALLBACK_FOUND
2114,Privatno: ST. GALLER OLMA-BRATWURST (TELEĆA KOBASICA ZA PEČENJE),st-galler-olma-bratwurst-teleca-kobasica-za-pecenje,private,https://drycured.com/?post_type=dry_recipe&p=2114,11,1,0,0,1,0,1,1,1,1,0,,CONTRACT_BUILD_CANDIDATE_MARKDOWN_ONLY,LOW_TO_MEDIUM,NOT_PUBLIC_OR_PREVIEW
2115,BRESAOLA DELLA VALTELLINA,bresaola-della-valtellina,publish,https://drycured.com/recepti-baza/bresaola-della-valtellina/,13,1,0,0,1,0,1,1,1,1,0,,CONTRACT_BUILD_CANDIDATE_MARKDOWN_ONLY,LOW_TO_MEDIUM,PUBLIC_NO_META_FALLBACK_FOUND
2116,COPPA PIACENTINA,coppa-piacentina,publish,https://drycured.com/recepti-baza/coppa-piacentina/,13,1,0,0,1,0,1,1,1,1,0,,CONTRACT_BUILD_CANDIDATE_MARKDOWN_ONLY,LOW_TO_MEDIUM,PUBLIC_NO_META_FALLBACK_FOUND
2117,Finocchiona Toscana IGP — edukativni profil,finocchiona-toscana-igp-edukativni-profil,draft,https://drycured.com/?post_type=dry_recipe&p=2117,7,0,0,0,1,0,0,1,1,1,0,,LEGACY_NEEDS_SOURCE_OR_STRUCTURING,MEDIUM,NOT_PUBLIC_OR_PREVIEW
2118,Mortadella Bologna IGP — edukativni profil,mortadella-bologna-igp-edukativni-profil,draft,https://drycured.com/?post_type=dry_recipe&p=2118,7,0,0,0,1,0,0,0,0,1,0,,LEGACY_NEEDS_SOURCE_OR_STRUCTURING,MEDIUM,NOT_PUBLIC_OR_PREVIEW
2119,Prosciutto di San Daniele DOP — edukativni profil,prosciutto-di-san-daniele-dop-edukativni-profil,draft,https://drycured.com/?post_type=dry_recipe&p=2119,7,0,0,0,1,0,0,0,0,1,0,,LEGACY_NEEDS_SOURCE_OR_STRUCTURING,MEDIUM,NOT_PUBLIC_OR_PREVIEW
2120,Lardo di Colonnata IGP — edukativni profil,lardo-di-colonnata-igp-edukativni-profil,draft,https://drycured.com/?post_type=dry_recipe&p=2120,7,0,0,0,1,0,0,0,1,1,0,,LEGACY_NEEDS_SOURCE_OR_STRUCTURING,MEDIUM,NOT_PUBLIC_OR_PREVIEW
2121,Chorizo Riojano IGP — edukativni profil,chorizo-riojano-igp-edukativni-profil,draft,https://drycured.com/?post_type=dry_recipe&p=2121,7,0,0,0,1,0,1,1,1,1,0,,LEGACY_NEEDS_SOURCE_OR_STRUCTURING,LOW_TO_MEDIUM,NOT_PUBLIC_OR_PREVIEW
2122,Traditional Cumberland Sausage PGI — edukativni profil,traditional-cumberland-sausage-pgi-edukativni-profil,draft,https://drycured.com/?post_type=dry_recipe&p=2122,7,0,0,0,1,0,0,0,0,1,0,,LEGACY_NEEDS_SOURCE_OR_STRUCTURING,MEDIUM,NOT_PUBLIC_OR_PREVIEW
2123,Kabanosy staropolskie TSG — edukativni profil,kabanosy-staropolskie-tsg-edukativni-profil,draft,https://drycured.com/?post_type=dry_recipe&p=2123,7,0,0,0,1,0,1,0,1,1,0,,LEGACY_NEEDS_SOURCE_OR_STRUCTURING,MEDIUM,NOT_PUBLIC_OR_PREVIEW
2124,Kraški pršut PGI — edukativni profil,kraski-prsut-pgi-edukativni-profil,draft,https://drycured.com/?post_type=dry_recipe&p=2124,7,0,0,0,1,0,0,0,0,1,0,,LEGACY_NEEDS_SOURCE_OR_STRUCTURING,MEDIUM,NOT_PUBLIC_OR_PREVIEW
2186,Slavonski kulen / Slavonski kulin — ZOZP,hr-slv-kul-zozp-001,draft,https://drycured.com/?post_type=dry_recipe&p=2186,5,0,0,0,1,0,1,1,1,1,0,,LEGACY_NEEDS_SOURCE_OR_STRUCTURING,LOW_TO_MEDIUM,NOT_PUBLIC_OR_PREVIEW
2187,Slavonska kobasica — ZOZP,hr-slv-kob-zozp-001,draft,https://drycured.com/?post_type=dry_recipe&p=2187,5,0,0,0,1,0,1,1,0,1,0,,LEGACY_NEEDS_SOURCE_OR_STRUCTURING,LOW_TO_MEDIUM,NOT_PUBLIC_OR_PREVIEW
2188,Slavonska cajna kobasica — tradicijska,hr-slv-caj-trad-001,draft,https://drycured.com/?post_type=dry_recipe&p=2188,5,0,0,0,1,0,1,1,0,1,0,,LEGACY_NEEDS_SOURCE_OR_STRUCTURING,LOW_TO_MEDIUM,NOT_PUBLIC_OR_PREVIEW
2189,Slavonska sušena slanina / Slavonski špek,hr-slv-sla-trad-001,draft,https://drycured.com/?post_type=dry_recipe&p=2189,5,0,0,0,1,0,0,0,1,1,0,,LEGACY_NEEDS_SOURCE_OR_STRUCTURING,MEDIUM,NOT_PUBLIC_OR_PREVIEW
2224,Domaći pršut,hr-cjp-prs-001,draft,https://drycured.com/?post_type=dry_recipe&p=2224,5,0,0,0,1,0,0,0,0,1,0,,LEGACY_NEEDS_SOURCE_OR_STRUCTURING,MEDIUM,NOT_PUBLIC_OR_PREVIEW
2225,Suha šunka,hr-cjp-sun-001,draft,https://drycured.com/?post_type=dry_recipe&p=2225,5,0,0,0,1,0,0,0,1,1,0,,LEGACY_NEEDS_SOURCE_OR_STRUCTURING,MEDIUM,NOT_PUBLIC_OR_PREVIEW
2226,Suha lopatica / plećka,hr-cjp-ple-001,draft,https://drycured.com/?post_type=dry_recipe&p=2226,5,0,0,0,1,0,0,0,1,1,0,,LEGACY_NEEDS_SOURCE_OR_STRUCTURING,MEDIUM,NOT_PUBLIC_OR_PREVIEW
2227,Svinjska rolanka,hr-cjp-rol-001,draft,https://drycured.com/?post_type=dry_recipe&p=2227,5,0,0,0,1,0,0,0,1,1,0,,LEGACY_NEEDS_SOURCE_OR_STRUCTURING,MEDIUM,NOT_PUBLIC_OR_PREVIEW
2228,Domaća slanina / panceta,hr-cjp-pan-001,draft,https://drycured.com/?post_type=dry_recipe&p=2228,5,0,0,0,1,0,0,0,0,1,0,,LEGACY_NEEDS_SOURCE_OR_STRUCTURING,MEDIUM,NOT_PUBLIC_OR_PREVIEW
2229,Suha vratina,hr-cjp-vra-001,draft,https://drycured.com/?post_type=dry_recipe&p=2229,5,0,0,0,1,0,0,0,1,1,0,,LEGACY_NEEDS_SOURCE_OR_STRUCTURING,MEDIUM,NOT_PUBLIC_OR_PREVIEW
2230,Suhi kare / pečenica,hr-cjp-kar-001,draft,https://drycured.com/?post_type=dry_recipe&p=2230,5,0,0,0,1,0,0,0,1,1,0,,LEGACY_NEEDS_SOURCE_OR_STRUCTURING,MEDIUM,NOT_PUBLIC_OR_PREVIEW
2231,Suha rebra,hr-cjp-reb-001,draft,https://drycured.com/?post_type=dry_recipe&p=2231,5,0,0,0,1,0,0,0,1,1,0,,LEGACY_NEEDS_SOURCE_OR_STRUCTURING,MEDIUM,NOT_PUBLIC_OR_PREVIEW
2232,Suhe koljenice,hr-cjp-kol-001,draft,https://drycured.com/?post_type=dry_recipe&p=2232,5,0,0,0,1,0,0,0,1,1,0,,LEGACY_NEEDS_SOURCE_OR_STRUCTURING,MEDIUM,NOT_PUBLIC_OR_PREVIEW
2233,Suhe nogice i rep,hr-cjp-nor-001,draft,https://drycured.com/?post_type=dry_recipe&p=2233,5,0,0,0,1,0,0,0,1,1,0,,LEGACY_NEEDS_SOURCE_OR_STRUCTURING,MEDIUM,NOT_PUBLIC_OR_PREVIEW
2235,Domaće Svinjske Kobasice,hr-rec-001,draft,https://drycured.com/?post_type=dry_recipe&p=2235,5,0,0,0,1,0,1,1,1,1,0,,LEGACY_NEEDS_SOURCE_OR_STRUCTURING,LOW_TO_MEDIUM,NOT_PUBLIC_OR_PREVIEW
2236,Domaće Slaninske Kobasice,hr-rec-002,draft,https://drycured.com/?post_type=dry_recipe&p=2236,5,0,0,0,1,0,1,1,0,1,0,,LEGACY_NEEDS_SOURCE_OR_STRUCTURING,LOW_TO_MEDIUM,NOT_PUBLIC_OR_PREVIEW
2237,Slavonske Kobasice,hr-rec-003,draft,https://drycured.com/?post_type=dry_recipe&p=2237,5,0,0,0,1,0,1,1,1,1,0,,LEGACY_NEEDS_SOURCE_OR_STRUCTURING,LOW_TO_MEDIUM,NOT_PUBLIC_OR_PREVIEW
2238,Velikogoričke Kobasice,hr-rec-004,draft,https://drycured.com/?post_type=dry_recipe&p=2238,5,0,0,0,1,0,0,1,1,1,0,,LEGACY_NEEDS_SOURCE_OR_STRUCTURING,MEDIUM,NOT_PUBLIC_OR_PREVIEW
2239,Kranjske Kobasice,hr-rec-005,draft,https://drycured.com/?post_type=dry_recipe&p=2239,5,0,0,0,1,0,1,1,1,1,0,,LEGACY_NEEDS_SOURCE_OR_STRUCTURING,LOW_TO_MEDIUM,NOT_PUBLIC_OR_PREVIEW
2240,Ratarske Kobasice,hr-rec-006,draft,https://drycured.com/?post_type=dry_recipe&p=2240,5,0,0,0,1,0,0,1,0,1,0,,LEGACY_NEEDS_SOURCE_OR_STRUCTURING,MEDIUM,NOT_PUBLIC_OR_PREVIEW
2241,Turopoljske Kobasice,hr-rec-007,draft,https://drycured.com/?post_type=dry_recipe&p=2241,5,0,0,0,1,0,1,1,1,1,0,,LEGACY_NEEDS_SOURCE_OR_STRUCTURING,LOW_TO_MEDIUM,NOT_PUBLIC_OR_PREVIEW
2242,Prokupljanske Kobasice,hr-rec-008,draft,https://drycured.com/?post_type=dry_recipe&p=2242,5,0,0,0,1,0,1,1,1,1,0,,LEGACY_NEEDS_SOURCE_OR_STRUCTURING,LOW_TO_MEDIUM,NOT_PUBLIC_OR_PREVIEW
2243,Vinogradarske Kobasice,hr-rec-009,draft,https://drycured.com/?post_type=dry_recipe&p=2243,5,0,0,0,1,0,0,1,0,1,0,,LEGACY_NEEDS_SOURCE_OR_STRUCTURING,MEDIUM,NOT_PUBLIC_OR_PREVIEW
2244,Šestinske Kobasice,hr-rec-010,draft,https://drycured.com/?post_type=dry_recipe&p=2244,5,0,0,0,1,0,0,1,0,1,0,,LEGACY_NEEDS_SOURCE_OR_STRUCTURING,MEDIUM,NOT_PUBLIC_OR_PREVIEW
2245,Gračanske Kobasice,hr-rec-011,draft,https://drycured.com/?post_type=dry_recipe&p=2245,5,0,0,0,1,0,1,1,1,1,0,,LEGACY_NEEDS_SOURCE_OR_STRUCTURING,LOW_TO_MEDIUM,NOT_PUBLIC_OR_PREVIEW
2246,Horgoške Kobasice,hr-rec-012,draft,https://drycured.com/?post_type=dry_recipe&p=2246,5,0,0,0,1,0,1,1,1,1,0,,LEGACY_NEEDS_SOURCE_OR_STRUCTURING,LOW_TO_MEDIUM,NOT_PUBLIC_OR_PREVIEW
2247,Uskrsne Kobasice,hr-rec-013,draft,https://drycured.com/?post_type=dry_recipe&p=2247,5,0,0,0,1,0,0,1,0,1,0,,LEGACY_NEEDS_SOURCE_OR_STRUCTURING,MEDIUM,NOT_PUBLIC_OR_PREVIEW
2248,Kukuruzne Kobasice,hr-rec-014,draft,https://drycured.com/?post_type=dry_recipe&p=2248,5,0,0,0,1,0,1,1,1,1,0,,LEGACY_NEEDS_SOURCE_OR_STRUCTURING,LOW_TO_MEDIUM,NOT_PUBLIC_OR_PREVIEW
2249,Primorske Kobasice,hr-rec-015,draft,https://drycured.com/?post_type=dry_recipe&p=2249,5,0,0,0,1,0,0,1,0,1,0,,LEGACY_NEEDS_SOURCE_OR_STRUCTURING,MEDIUM,NOT_PUBLIC_OR_PREVIEW
2250,Sinjske Kobasice,hr-rec-016,draft,https://drycured.com/?post_type=dry_recipe&p=2250,5,0,0,0,1,0,0,1,0,1,0,,LEGACY_NEEDS_SOURCE_OR_STRUCTURING,MEDIUM,NOT_PUBLIC_OR_PREVIEW
2251,Podravske Kobasice,hr-rec-017,draft,https://drycured.com/?post_type=dry_recipe&p=2251,5,0,0,0,1,0,1,1,1,1,0,,LEGACY_NEEDS_SOURCE_OR_STRUCTURING,LOW_TO_MEDIUM,NOT_PUBLIC_OR_PREVIEW
2252,Proljetne Kobasice,hr-rec-018,draft,https://drycured.com/?post_type=dry_recipe&p=2252,5,0,0,0,1,0,1,1,0,1,0,,LEGACY_NEEDS_SOURCE_OR_STRUCTURING,LOW_TO_MEDIUM,NOT_PUBLIC_OR_PREVIEW
2253,Ljetne Kobasice,hr-rec-019,draft,https://drycured.com/?post_type=dry_recipe&p=2253,5,0,0,0,1,0,1,1,0,1,0,,LEGACY_NEEDS_SOURCE_OR_STRUCTURING,LOW_TO_MEDIUM,NOT_PUBLIC_OR_PREVIEW
2254,Đakovačke Kobasice,hr-rec-020,draft,https://drycured.com/?post_type=dry_recipe&p=2254,5,0,0,0,1,0,0,1,0,1,0,,LEGACY_NEEDS_SOURCE_OR_STRUCTURING,MEDIUM,NOT_PUBLIC_OR_PREVIEW
2255,Ličke Kobasice,hr-rec-021,draft,https://drycured.com/?post_type=dry_recipe&p=2255,5,0,0,0,1,0,1,1,0,1,0,,LEGACY_NEEDS_SOURCE_OR_STRUCTURING,LOW_TO_MEDIUM,NOT_PUBLIC_OR_PREVIEW
2256,Istarske Kobasice,hr-rec-022,draft,https://drycured.com/?post_type=dry_recipe&p=2256,5,0,0,0,1,0,1,1,1,1,0,,LEGACY_NEEDS_SOURCE_OR_STRUCTURING,LOW_TO_MEDIUM,NOT_PUBLIC_OR_PREVIEW
2257,Pokupske Kobasice,hr-rec-023,draft,https://drycured.com/?post_type=dry_recipe&p=2257,5,0,0,0,1,0,0,1,0,1,0,,LEGACY_NEEDS_SOURCE_OR_STRUCTURING,MEDIUM,NOT_PUBLIC_OR_PREVIEW
2258,Ljute Kobasice,hr-rec-024,draft,https://drycured.com/?post_type=dry_recipe&p=2258,5,0,0,0,1,0,1,1,0,1,0,,LEGACY_NEEDS_SOURCE_OR_STRUCTURING,LOW_TO_MEDIUM,NOT_PUBLIC_OR_PREVIEW
2259,Salaške Kobasice,hr-rec-025,draft,https://drycured.com/?post_type=dry_recipe&p=2259,5,0,0,0,1,0,0,1,0,1,0,,LEGACY_NEEDS_SOURCE_OR_STRUCTURING,MEDIUM,NOT_PUBLIC_OR_PREVIEW
2260,Srijemske Kobasice,hr-rec-026,draft,https://drycured.com/?post_type=dry_recipe&p=2260,5,0,0,0,1,0,0,1,0,1,0,,LEGACY_NEEDS_SOURCE_OR_STRUCTURING,MEDIUM,NOT_PUBLIC_OR_PREVIEW
2261,Slatinske Kobasice,hr-rec-027,draft,https://drycured.com/?post_type=dry_recipe&p=2261,5,0,0,0,1,0,1,1,0,1,0,,LEGACY_NEEDS_SOURCE_OR_STRUCTURING,LOW_TO_MEDIUM,NOT_PUBLIC_OR_PREVIEW
2262,Kolinjske Kobasice,hr-rec-028,draft,https://drycured.com/?post_type=dry_recipe&p=2262,5,0,0,0,1,0,0,1,0,1,0,,LEGACY_NEEDS_SOURCE_OR_STRUCTURING,MEDIUM,NOT_PUBLIC_OR_PREVIEW
2263,Velebitske Kobasice,hr-rec-029,draft,https://drycured.com/?post_type=dry_recipe&p=2263,5,0,0,0,1,0,0,1,0,1,0,,LEGACY_NEEDS_SOURCE_OR_STRUCTURING,MEDIUM,NOT_PUBLIC_OR_PREVIEW
2264,Pučke Kobasice,hr-rec-030,draft,https://drycured.com/?post_type=dry_recipe&p=2264,5,0,0,0,1,0,0,1,0,1,0,,LEGACY_NEEDS_SOURCE_OR_STRUCTURING,MEDIUM,NOT_PUBLIC_OR_PREVIEW
2265,Domaće Kratke Kobasice,hr-rec-031,draft,https://drycured.com/?post_type=dry_recipe&p=2265,5,0,0,0,1,0,1,1,0,1,0,,LEGACY_NEEDS_SOURCE_OR_STRUCTURING,LOW_TO_MEDIUM,NOT_PUBLIC_OR_PREVIEW
2266,Zagorske Kobasice,hr-rec-032,draft,https://drycured.com/?post_type=dry_recipe&p=2266,5,0,0,0,1,0,0,1,0,1,0,,LEGACY_NEEDS_SOURCE_OR_STRUCTURING,MEDIUM,NOT_PUBLIC_OR_PREVIEW
2267,Roštilj Kobasice,hr-rec-033,draft,https://drycured.com/?post_type=dry_recipe&p=2267,5,0,0,0,1,0,0,1,0,1,0,,LEGACY_NEEDS_SOURCE_OR_STRUCTURING,MEDIUM,NOT_PUBLIC_OR_PREVIEW
2268,Seljačke Kobasice,hr-rec-034,draft,https://drycured.com/?post_type=dry_recipe&p=2268,5,0,0,0,1,0,0,1,0,1,0,,LEGACY_NEEDS_SOURCE_OR_STRUCTURING,MEDIUM,NOT_PUBLIC_OR_PREVIEW
2269,Starogradske Kobasice,hr-rec-035,draft,https://drycured.com/?post_type=dry_recipe&p=2269,5,0,0,0,1,0,1,1,1,1,0,,LEGACY_NEEDS_SOURCE_OR_STRUCTURING,LOW_TO_MEDIUM,NOT_PUBLIC_OR_PREVIEW
2270,Začinske Kobasice,hr-rec-036,draft,https://drycured.com/?post_type=dry_recipe&p=2270,5,0,0,0,1,0,0,1,0,1,0,,LEGACY_NEEDS_SOURCE_OR_STRUCTURING,MEDIUM,NOT_PUBLIC_OR_PREVIEW
2271,Pivske Kobasice,hr-rec-037,draft,https://drycured.com/?post_type=dry_recipe&p=2271,5,0,0,0,1,0,0,1,0,1,0,,LEGACY_NEEDS_SOURCE_OR_STRUCTURING,MEDIUM,NOT_PUBLIC_OR_PREVIEW
2272,Gurmanske Kobasice,hr-rec-038,draft,https://drycured.com/?post_type=dry_recipe&p=2272,5,0,0,0,1,0,1,1,0,1,0,,LEGACY_NEEDS_SOURCE_OR_STRUCTURING,LOW_TO_MEDIUM,NOT_PUBLIC_OR_PREVIEW
2273,Domaći Kulin,hr-rec-039,draft,https://drycured.com/?post_type=dry_recipe&p=2273,5,0,0,0,1,0,0,1,0,1,0,,LEGACY_NEEDS_SOURCE_OR_STRUCTURING,MEDIUM,NOT_PUBLIC_OR_PREVIEW
2274,Kulinova Seka,hr-rec-040,draft,https://drycured.com/?post_type=dry_recipe&p=2274,5,0,0,0,1,0,0,1,0,1,0,,LEGACY_NEEDS_SOURCE_OR_STRUCTURING,MEDIUM,NOT_PUBLIC_OR_PREVIEW
2275,Sinjski Sudžuk,hr-rec-041,draft,https://drycured.com/?post_type=dry_recipe&p=2275,5,0,0,0,1,0,1,1,0,1,0,,LEGACY_NEEDS_SOURCE_OR_STRUCTURING,LOW_TO_MEDIUM,NOT_PUBLIC_OR_PREVIEW
2276,Domaća Salama,hr-rec-042,draft,https://drycured.com/?post_type=dry_recipe&p=2276,5,0,0,0,1,0,1,1,0,1,0,,LEGACY_NEEDS_SOURCE_OR_STRUCTURING,LOW_TO_MEDIUM,NOT_PUBLIC_OR_PREVIEW
2277,Baranjska Salama,hr-rec-043,draft,https://drycured.com/?post_type=dry_recipe&p=2277,5,0,0,0,1,0,1,1,0,1,0,,LEGACY_NEEDS_SOURCE_OR_STRUCTURING,LOW_TO_MEDIUM,NOT_PUBLIC_OR_PREVIEW
2278,Samoborske Češnjovke,hr-rec-044,draft,https://drycured.com/?post_type=dry_recipe&p=2278,5,0,0,0,1,0,1,1,1,1,0,,LEGACY_NEEDS_SOURCE_OR_STRUCTURING,LOW_TO_MEDIUM,NOT_PUBLIC_OR_PREVIEW
2279,Domaće Pečenice,hr-rec-045,draft,https://drycured.com/?post_type=dry_recipe&p=2279,5,0,0,0,1,0,0,1,0,1,0,,LEGACY_NEEDS_SOURCE_OR_STRUCTURING,MEDIUM,NOT_PUBLIC_OR_PREVIEW
2280,Goriške Pečenice,hr-rec-046,draft,https://drycured.com/?post_type=dry_recipe&p=2280,5,0,0,0,1,0,1,1,0,1,0,,LEGACY_NEEDS_SOURCE_OR_STRUCTURING,LOW_TO_MEDIUM,NOT_PUBLIC_OR_PREVIEW
2281,Obiteljske Pečenice,hr-rec-047,draft,https://drycured.com/?post_type=dry_recipe&p=2281,5,0,0,0,1,0,1,1,0,1,0,,LEGACY_NEEDS_SOURCE_OR_STRUCTURING,LOW_TO_MEDIUM,NOT_PUBLIC_OR_PREVIEW
2282,Seoske Pečenice,hr-rec-048,draft,https://drycured.com/?post_type=dry_recipe&p=2282,5,0,0,0,1,0,1,1,0,1,0,,LEGACY_NEEDS_SOURCE_OR_STRUCTURING,LOW_TO_MEDIUM,NOT_PUBLIC_OR_PREVIEW
2283,Krepke Pečenice,hr-rec-049,draft,https://drycured.com/?post_type=dry_recipe&p=2283,5,0,0,0,1,0,0,1,0,1,0,,LEGACY_NEEDS_SOURCE_OR_STRUCTURING,MEDIUM,NOT_PUBLIC_OR_PREVIEW
2284,Dijetne Pečenice,hr-rec-050,draft,https://drycured.com/?post_type=dry_recipe&p=2284,5,0,0,0,1,0,0,1,0,1,0,,LEGACY_NEEDS_SOURCE_OR_STRUCTURING,MEDIUM,NOT_PUBLIC_OR_PREVIEW
2285,Alpske Pečenice,hr-rec-051,draft,https://drycured.com/?post_type=dry_recipe&p=2285,5,0,0,0,1,0,0,1,0,1,0,,LEGACY_NEEDS_SOURCE_OR_STRUCTURING,MEDIUM,NOT_PUBLIC_OR_PREVIEW
2286,Domaće Krvavice,hr-rec-052,draft,https://drycured.com/?post_type=dry_recipe&p=2286,5,0,0,0,1,0,0,1,0,1,0,,LEGACY_NEEDS_SOURCE_OR_STRUCTURING,MEDIUM,NOT_PUBLIC_OR_PREVIEW
2287,Zagorske Krvavice,hr-rec-053,draft,https://drycured.com/?post_type=dry_recipe&p=2287,5,0,0,0,1,0,0,1,0,1,0,,LEGACY_NEEDS_SOURCE_OR_STRUCTURING,MEDIUM,NOT_PUBLIC_OR_PREVIEW
2288,Zagrebačke Krvavice,hr-rec-054,draft,https://drycured.com/?post_type=dry_recipe&p=2288,5,0,0,0,1,0,1,1,0,1,0,,LEGACY_NEEDS_SOURCE_OR_STRUCTURING,LOW_TO_MEDIUM,NOT_PUBLIC_OR_PREVIEW
2289,Domaće Bijele Krvavice,hr-rec-055,draft,https://drycured.com/?post_type=dry_recipe&p=2289,5,0,0,0,1,0,0,1,0,1,0,,LEGACY_NEEDS_SOURCE_OR_STRUCTURING,MEDIUM,NOT_PUBLIC_OR_PREVIEW
2290,Pikantne Krvavice,hr-rec-056,draft,https://drycured.com/?post_type=dry_recipe&p=2290,5,0,0,0,1,0,0,1,0,1,0,,LEGACY_NEEDS_SOURCE_OR_STRUCTURING,MEDIUM,NOT_PUBLIC_OR_PREVIEW
2291,Dijetne Krvavice,hr-rec-057,draft,https://drycured.com/?post_type=dry_recipe&p=2291,5,0,0,0,1,0,0,1,0,1,0,,LEGACY_NEEDS_SOURCE_OR_STRUCTURING,MEDIUM,NOT_PUBLIC_OR_PREVIEW
2292,Međimurske Crne Čurke,hr-rec-058,draft,https://drycured.com/?post_type=dry_recipe&p=2292,5,0,0,0,1,0,0,1,0,1,0,,LEGACY_NEEDS_SOURCE_OR_STRUCTURING,MEDIUM,NOT_PUBLIC_OR_PREVIEW
2293,Turopoljske Devenice,hr-rec-059,draft,https://drycured.com/?post_type=dry_recipe&p=2293,5,0,0,0,1,0,0,1,0,1,0,,LEGACY_NEEDS_SOURCE_OR_STRUCTURING,MEDIUM,NOT_PUBLIC_OR_PREVIEW
2294,Domaće Tlačenice,hr-rec-060,draft,https://drycured.com/?post_type=dry_recipe&p=2294,5,0,0,0,1,0,0,1,1,1,0,,LEGACY_NEEDS_SOURCE_OR_STRUCTURING,MEDIUM,NOT_PUBLIC_OR_PREVIEW
2295,Domaće Jetrenjače,hr-rec-061,draft,https://drycured.com/?post_type=dry_recipe&p=2295,5,0,0,0,1,0,1,1,0,1,0,,LEGACY_NEEDS_SOURCE_OR_STRUCTURING,LOW_TO_MEDIUM,NOT_PUBLIC_OR_PREVIEW
2353,Pastërma (Albansko suho meso),pasterma-albansko-suho-meso,publish,https://drycured.com/recepti-baza/pasterma-albansko-suho-meso/,18,1,0,0,1,0,1,1,1,1,0,,CONTRACT_BUILD_CANDIDATE_MARKDOWN_ONLY,LOW_TO_MEDIUM,PUBLIC_NO_META_FALLBACK_FOUND
2354,Suxhuk (Albanska suha kobasica),suxhuk-albanska-suha-kobasica,draft,https://drycured.com/?post_type=dry_recipe&p=2354,6,0,0,0,1,0,1,0,1,1,0,,LEGACY_NEEDS_SOURCE_OR_STRUCTURING,MEDIUM,NOT_PUBLIC_OR_PREVIEW
2355,Proshuta Shqiptare – albanska pršuta,proshuta-shqiptare-albanska-prsuta,publish,https://drycured.com/recepti-baza/proshuta-shqiptare-albanska-prsuta/,18,1,0,0,1,0,1,1,1,1,0,,CONTRACT_BUILD_CANDIDATE_MARKDOWN_ONLY,LOW_TO_MEDIUM,PUBLIC_NO_META_FALLBACK_FOUND
2356,Privatno: Kackavall i thatë (Albanski suhi sir),kackavall-i-thate-albanski-suhi-sir,private,https://drycured.com/?post_type=dry_recipe&p=2356,15,1,0,0,1,0,1,1,1,1,0,,CONTRACT_BUILD_CANDIDATE_MARKDOWN_ONLY,LOW_TO_MEDIUM,NOT_PUBLIC_OR_PREVIEW
2357,Mish i thatë (Albanska suha janjetina),mish-i-thate-albanska-suha-janjetina,draft,https://drycured.com/?post_type=dry_recipe&p=2357,6,0,0,0,1,0,0,0,1,1,0,,LEGACY_NEEDS_SOURCE_OR_STRUCTURING,MEDIUM,NOT_PUBLIC_OR_PREVIEW
2358,Steirischer Rohschinken (Štajerska sirova šunka),steirischer-rohschinken-stajerska-sirova-sunka,draft,https://drycured.com/?post_type=dry_recipe&p=2358,6,0,0,0,1,0,0,0,1,1,0,,LEGACY_NEEDS_SOURCE_OR_STRUCTURING,MEDIUM,NOT_PUBLIC_OR_PREVIEW
2359,Vorarlberger Mostbröckle – vorarlberška dimljena govedina,vorarlberger-mostbrockle-vorarlberska-dimljena-govedina,publish,https://drycured.com/recepti-baza/vorarlberger-mostbrockle-vorarlberska-dimljena-govedina/,18,1,0,0,1,0,1,1,1,1,0,,CONTRACT_BUILD_CANDIDATE_MARKDOWN_ONLY,LOW_TO_MEDIUM,PUBLIC_NO_META_FALLBACK_FOUND
2360,Austrijska Käsekrainer (Kobasica sa sirom),austrijska-kasekrainer-kobasica-sa-sirom,draft,https://drycured.com/?post_type=dry_recipe&p=2360,6,0,0,0,1,0,1,1,1,1,0,,LEGACY_NEEDS_SOURCE_OR_STRUCTURING,LOW_TO_MEDIUM,NOT_PUBLIC_OR_PREVIEW
2361,Mađarska Gyulai Kolbász (Gyulai kobasica),madarska-gyulai-kolbasz-gyulai-kobasica,draft,https://drycured.com/?post_type=dry_recipe&p=2361,6,0,0,0,1,0,1,1,1,1,0,,LEGACY_NEEDS_SOURCE_OR_STRUCTURING,LOW_TO_MEDIUM,NOT_PUBLIC_OR_PREVIEW
2362,Finska Meetvursti (Suha kobasica),finska-meetvursti-suha-kobasica,draft,https://drycured.com/?post_type=dry_recipe&p=2362,6,0,0,0,1,0,1,1,1,1,0,,LEGACY_NEEDS_SOURCE_OR_STRUCTURING,LOW_TO_MEDIUM,NOT_PUBLIC_OR_PREVIEW
2363,Sastojci za 10 kg mesa:,sastojci-za-10-kg-mesa,draft,https://drycured.com/?post_type=dry_recipe&p=2363,6,0,0,0,1,0,1,1,1,1,0,,LEGACY_NEEDS_SOURCE_OR_STRUCTURING,LOW_TO_MEDIUM,NOT_PUBLIC_OR_PREVIEW
2364,Napomena o pripremi masnoće,,pending,https://drycured.com/?post_type=dry_recipe&p=2364,5,0,0,0,1,0,0,0,0,1,0,,LEGACY_NEEDS_SOURCE_OR_STRUCTURING,MEDIUM,NOT_PUBLIC_OR_PREVIEW
2365,Napomena o začinima – tradicionalna norveška mješavina,,pending,https://drycured.com/?post_type=dry_recipe&p=2365,5,0,0,0,1,0,0,0,0,1,0,,LEGACY_NEEDS_SOURCE_OR_STRUCTURING,MEDIUM,NOT_PUBLIC_OR_PREVIEW
2366,? Tradicionalni prijedlozi posluživanja,,pending,https://drycured.com/?post_type=dry_recipe&p=2366,5,0,0,0,1,0,0,0,0,1,0,,LEGACY_NEEDS_SOURCE_OR_STRUCTURING,MEDIUM,NOT_PUBLIC_OR_PREVIEW
2367,Napomena o autentičnoj litavskoj pripremi,,pending,https://drycured.com/?post_type=dry_recipe&p=2367,5,0,0,0,1,0,0,0,0,1,0,,LEGACY_NEEDS_SOURCE_OR_STRUCTURING,MEDIUM,NOT_PUBLIC_OR_PREVIEW
2368,? Litavske tradicije posluživanja,,pending,https://drycured.com/?post_type=dry_recipe&p=2368,5,0,0,0,1,0,0,0,0,1,0,,LEGACY_NEEDS_SOURCE_OR_STRUCTURING,MEDIUM,NOT_PUBLIC_OR_PREVIEW
2369,Napomena o češnjaku – ključnom sastojku,,pending,https://drycured.com/?post_type=dry_recipe&p=2369,5,0,0,0,1,0,0,0,1,1,0,,LEGACY_NEEDS_SOURCE_OR_STRUCTURING,MEDIUM,NOT_PUBLIC_OR_PREVIEW
2370,Napomena o latvijskoj kombinaciji začinskog bilja,,pending,https://drycured.com/?post_type=dry_recipe&p=2370,5,0,0,0,1,0,0,0,0,1,0,,LEGACY_NEEDS_SOURCE_OR_STRUCTURING,MEDIUM,NOT_PUBLIC_OR_PREVIEW
2371,? Tradicionalni latvijski prijedlozi posluživanja,,pending,https://drycured.com/?post_type=dry_recipe&p=2371,5,0,0,0,1,0,0,0,0,1,0,,LEGACY_NEEDS_SOURCE_OR_STRUCTURING,MEDIUM,NOT_PUBLIC_OR_PREVIEW
2372,? Dobar tek! ?,,pending,https://drycured.com/?post_type=dry_recipe&p=2372,5,0,0,0,1,0,0,0,0,1,0,,LEGACY_NEEDS_SOURCE_OR_STRUCTURING,MEDIUM,NOT_PUBLIC_OR_PREVIEW
2373,FILET D&#8217;ANVERS (ANTVERPSKI FILE),filet-danvers-antverpski-file,draft,https://drycured.com/?post_type=dry_recipe&p=2373,6,0,0,0,1,0,0,0,0,1,0,,LEGACY_NEEDS_SOURCE_OR_STRUCTURING,MEDIUM,NOT_PUBLIC_OR_PREVIEW
2374,SAUCISSE AU FROMAGE DE HERVE (KOBASICA SA SIROM HERVE),saucisse-au-fromage-de-herve-kobasica-sa-sirom-herve,draft,https://drycured.com/?post_type=dry_recipe&p=2374,6,0,0,0,1,0,1,1,0,1,0,,LEGACY_NEEDS_SOURCE_OR_STRUCTURING,LOW_TO_MEDIUM,NOT_PUBLIC_OR_PREVIEW
2375,COLLIER FUMÉ DE WALLONIE (DIMLJENI SVINJSKI VRAT IZ VALONIJE),collier-fume-de-wallonie-dimljeni-svinjski-vrat-iz-valonije,draft,https://drycured.com/?post_type=dry_recipe&p=2375,6,0,0,0,1,0,0,0,1,1,0,,LEGACY_NEEDS_SOURCE_OR_STRUCTURING,MEDIUM,NOT_PUBLIC_OR_PREVIEW
2376,JAMBON D&#8217;ARDENNE (ARDENSKI PRŠUT),jambon-dardenne-ardenski-prsut,draft,https://drycured.com/?post_type=dry_recipe&p=2376,6,0,0,0,1,0,0,0,1,1,0,,LEGACY_NEEDS_SOURCE_OR_STRUCTURING,MEDIUM,NOT_PUBLIC_OR_PREVIEW
2377,PÂTÉ GAUMAIS (GAUME PAŠTETA),pate-gaumais-gaume-pasteta,draft,https://drycured.com/?post_type=dry_recipe&p=2377,7,1,0,0,1,0,1,0,0,1,0,,CONTRACT_BUILD_CANDIDATE_MARKDOWN_ONLY,MEDIUM,NOT_PUBLIC_OR_PREVIEW
2378,TÊTE PRESSÉE (PREZVURŠT),tete-pressee-prezvurst,draft,https://drycured.com/?post_type=dry_recipe&p=2378,6,0,0,0,1,0,0,0,1,1,0,,LEGACY_NEEDS_SOURCE_OR_STRUCTURING,MEDIUM,NOT_PUBLIC_OR_PREVIEW
2379,BOULETTE DE LIÈGE (LIEŠKA MESNA KOBASICA),boulette-de-liege-lieska-mesna-kobasica,draft,https://drycured.com/?post_type=dry_recipe&p=2379,6,0,0,0,1,0,1,1,1,1,0,,LEGACY_NEEDS_SOURCE_OR_STRUCTURING,LOW_TO_MEDIUM,NOT_PUBLIC_OR_PREVIEW
2380,SAUCISSON D&#8217;ARDENNE (ARDENSKI KULEN),saucisson-dardenne-ardenski-kulen-2,draft,https://drycured.com/?post_type=dry_recipe&p=2380,6,0,0,0,1,0,1,1,1,1,0,,LEGACY_NEEDS_SOURCE_OR_STRUCTURING,LOW_TO_MEDIUM,NOT_PUBLIC_OR_PREVIEW
2381,Nadenitsa (Наденица),nadenitsa-%d0%bd%d0%b0%d0%b4%d0%b5%d0%bd%d0%b8%d1%86%d0%b0,draft,https://drycured.com/?post_type=dry_recipe&p=2381,6,0,0,0,1,0,1,1,1,1,0,,LEGACY_NEEDS_SOURCE_OR_STRUCTURING,LOW_TO_MEDIUM,NOT_PUBLIC_OR_PREVIEW
2382,Rulopep (Рулопеп),rulopep-%d1%80%d1%83%d0%bb%d0%be%d0%bf%d0%b5%d0%bf,draft,https://drycured.com/?post_type=dry_recipe&p=2382,6,0,0,0,1,0,1,0,1,1,0,,LEGACY_NEEDS_SOURCE_OR_STRUCTURING,MEDIUM,NOT_PUBLIC_OR_PREVIEW
2383,Banska Kapama (Банска капама),banska-kapama-%d0%b1%d0%b0%d0%bd%d1%81%d0%ba%d0%b0-%d0%ba%d0%b0%d0%bf%d0%b0%d0%bc%d0%b0,draft,https://drycured.com/?post_type=dry_recipe&p=2383,6,0,0,0,1,0,0,0,1,1,0,,LEGACY_NEEDS_SOURCE_OR_STRUCTURING,MEDIUM,NOT_PUBLIC_OR_PREVIEW
2384,Katino Meze (Катино мезе),katino-meze-%d0%ba%d0%b0%d1%82%d0%b8%d0%bd%d0%be-%d0%bc%d0%b5%d0%b7%d0%b5,draft,https://drycured.com/?post_type=dry_recipe&p=2384,6,0,0,0,1,0,0,0,1,1,0,,LEGACY_NEEDS_SOURCE_OR_STRUCTURING,MEDIUM,NOT_PUBLIC_OR_PREVIEW
2385,Drobsarma (Дробсарма),drobsarma-%d0%b4%d1%80%d0%be%d0%b1%d1%81%d0%b0%d1%80%d0%bc%d0%b0,draft,https://drycured.com/?post_type=dry_recipe&p=2385,6,0,0,0,1,0,1,0,1,1,0,,LEGACY_NEEDS_SOURCE_OR_STRUCTURING,MEDIUM,NOT_PUBLIC_OR_PREVIEW
2386,Maleshevska Babichka (Малешевска бабичка),maleshevska-babichka-%d0%bc%d0%b0%d0%bb%d0%b5%d1%88%d0%b5%d0%b2%d1%81%d0%ba%d0%b0-%d0%b1%d0%b0%d0%b1%d0%b8%d1%87%d0%ba%d0%b0,draft,https://drycured.com/?post_type=dry_recipe&p=2386,6,0,0,0,1,0,0,0,1,1,0,,LEGACY_NEEDS_SOURCE_OR_STRUCTURING,MEDIUM,NOT_PUBLIC_OR_PREVIEW
2387,Kraishte Pastarma (Краищенска пастърма),kraishte-pastarma-%d0%ba%d1%80%d0%b0%d0%b8%d1%89%d0%b5%d0%bd%d1%81%d0%ba%d0%b0-%d0%bf%d0%b0%d1%81%d1%82%d1%8a%d1%80%d0%bc%d0%b0,draft,https://drycured.com/?post_type=dry_recipe&p=2387,6,0,0,0,1,0,0,0,1,1,0,,LEGACY_NEEDS_SOURCE_OR_STRUCTURING,MEDIUM,NOT_PUBLIC_OR_PREVIEW
2388,Strandzhansko Dyado (Странджанско дядо),strandzhansko-dyado-%d1%81%d1%82%d1%80%d0%b0%d0%bd%d0%b4%d0%b6%d0%b0%d0%bd%d1%81%d0%ba%d0%be-%d0%b4%d1%8f%d0%b4%d0%be,draft,https://drycured.com/?post_type=dry_recipe&p=2388,6,0,0,0,1,0,1,0,1,1,0,,LEGACY_NEEDS_SOURCE_OR_STRUCTURING,MEDIUM,NOT_PUBLIC_OR_PREVIEW
2389,Srednogorska Kaska (Средногорска каска),srednogorska-kaska-%d1%81%d1%80%d0%b5%d0%b4%d0%bd%d0%be%d0%b3%d0%be%d1%80%d1%81%d0%ba%d0%b0-%d0%ba%d0%b0%d1%81%d0%ba%d0%b0,draft,https://drycured.com/?post_type=dry_recipe&p=2389,6,0,0,0,1,0,0,0,1,1,0,,LEGACY_NEEDS_SOURCE_OR_STRUCTURING,MEDIUM,NOT_PUBLIC_OR_PREVIEW
2390,Dobrudzhanski Babek (Добруджански бабек),dobrudzhanski-babek-%d0%b4%d0%be%d0%b1%d1%80%d1%83%d0%b4%d0%b6%d0%b0%d0%bd%d1%81%d0%ba%d0%b8-%d0%b1%d0%b0%d0%b1%d0%b5%d0%ba,draft,https://drycured.com/?post_type=dry_recipe&p=2390,6,0,0,0,1,0,1,0,1,1,0,,LEGACY_NEEDS_SOURCE_OR_STRUCTURING,MEDIUM,NOT_PUBLIC_OR_PREVIEW
2391,Lukanka (Луканка),lukanka-%d0%bb%d1%83%d0%ba%d0%b0%d0%bd%d0%ba%d0%b0,draft,https://drycured.com/?post_type=dry_recipe&p=2391,6,0,0,0,1,0,1,1,1,1,0,,LEGACY_NEEDS_SOURCE_OR_STRUCTURING,LOW_TO_MEDIUM,NOT_PUBLIC_OR_PREVIEW
2392,Sudjuk (Суджук),sudjuk-%d1%81%d1%83%d0%b4%d0%b6%d1%83%d0%ba,draft,https://drycured.com/?post_type=dry_recipe&p=2392,6,0,0,0,1,0,1,1,1,1,0,,LEGACY_NEEDS_SOURCE_OR_STRUCTURING,LOW_TO_MEDIUM,NOT_PUBLIC_OR_PREVIEW
2393,Elena filet (Еленски филе),elena-filet-%d0%b5%d0%bb%d0%b5%d0%bd%d1%81%d0%ba%d0%b8-%d1%84%d0%b8%d0%bb%d0%b5,draft,https://drycured.com/?post_type=dry_recipe&p=2393,6,0,0,0,1,0,0,0,0,1,0,,LEGACY_NEEDS_SOURCE_OR_STRUCTURING,MEDIUM,NOT_PUBLIC_OR_PREVIEW
2394,Pastarma (Пастърма),pastarma-%d0%bf%d0%b0%d1%81%d1%82%d1%8a%d1%80%d0%bc%d0%b0,draft,https://drycured.com/?post_type=dry_recipe&p=2394,6,0,0,0,1,0,0,0,1,1,0,,LEGACY_NEEDS_SOURCE_OR_STRUCTURING,MEDIUM,NOT_PUBLIC_OR_PREVIEW
2395,Banski Starec (Бански старец),banski-starec-%d0%b1%d0%b0%d0%bd%d1%81%d0%ba%d0%b8-%d1%81%d1%82%d0%b0%d1%80%d0%b5%d1%86,draft,https://drycured.com/?post_type=dry_recipe&p=2395,6,0,0,0,1,0,1,0,1,1,0,,LEGACY_NEEDS_SOURCE_OR_STRUCTURING,MEDIUM,NOT_PUBLIC_OR_PREVIEW
2396,Sastojci (za 5 kg kobasica),sastojci-za-5-kg-kobasica,draft,https://drycured.com/?post_type=dry_recipe&p=2396,6,0,0,0,1,0,1,1,0,1,0,,LEGACY_NEEDS_SOURCE_OR_STRUCTURING,LOW_TO_MEDIUM,NOT_PUBLIC_OR_PREVIEW
2397,Savjeti za posluživanje,,pending,https://drycured.com/?post_type=dry_recipe&p=2397,5,0,0,0,1,0,0,0,0,1,0,,LEGACY_NEEDS_SOURCE_OR_STRUCTURING,MEDIUM,NOT_PUBLIC_OR_PREVIEW
2398,Traditionele Droge Worst (Klasična suha kobasica),traditionele-droge-worst-klasicna-suha-kobasica,publish,https://drycured.com/recepti-baza/traditionele-droge-worst-klasicna-suha-kobasica/,18,1,0,0,1,0,1,1,1,1,0,,CONTRACT_BUILD_CANDIDATE_MARKDOWN_ONLY,LOW_TO_MEDIUM,PUBLIC_NO_META_FALLBACK_FOUND
2399,Rookworst (Dimljena kobasica),rookworst-dimljena-kobasica,publish,https://drycured.com/recepti-baza/rookworst-dimljena-kobasica/,18,1,0,0,1,0,1,1,1,1,0,,CONTRACT_BUILD_CANDIDATE_MARKDOWN_ONLY,LOW_TO_MEDIUM,PUBLIC_NO_META_FALLBACK_FOUND
2400,?? GRČKI RECEPTI,,pending,https://drycured.com/?post_type=dry_recipe&p=2400,5,0,0,0,1,0,0,0,0,1,0,,LEGACY_NEEDS_SOURCE_OR_STRUCTURING,MEDIUM,NOT_PUBLIC_OR_PREVIEW
2401,?? ALBANSKI RECEPTI,,pending,https://drycured.com/?post_type=dry_recipe&p=2401,5,0,0,0,1,0,0,0,0,1,0,,LEGACY_NEEDS_SOURCE_OR_STRUCTURING,MEDIUM,NOT_PUBLIC_OR_PREVIEW
2402,Lountza (Λούντζα),lountza-%ce%bb%ce%bf%cf%8d%ce%bd%cf%84%ce%b6%ce%b1,draft,https://drycured.com/?post_type=dry_recipe&p=2402,6,0,0,0,1,0,0,0,1,1,0,,LEGACY_NEEDS_SOURCE_OR_STRUCTURING,MEDIUM,NOT_PUBLIC_OR_PREVIEW
2403,Hiromeri (Χοιρομέρι),hiromeri-%cf%87%ce%bf%ce%b9%cf%81%ce%bf%ce%bc%ce%ad%cf%81%ce%b9,draft,https://drycured.com/?post_type=dry_recipe&p=2403,6,0,0,0,1,0,0,0,0,1,0,,LEGACY_NEEDS_SOURCE_OR_STRUCTURING,MEDIUM,NOT_PUBLIC_OR_PREVIEW
2404,Tsamarella (Τσαμαρέλλα),,pending,https://drycured.com/?post_type=dry_recipe&p=2404,5,0,0,0,1,0,0,0,1,1,0,,LEGACY_NEEDS_SOURCE_OR_STRUCTURING,MEDIUM,NOT_PUBLIC_OR_PREVIEW
2405,Posyrti (Ποσυρτή),,pending,https://drycured.com/?post_type=dry_recipe&p=2405,5,0,0,0,1,0,0,0,0,1,0,,LEGACY_NEEDS_SOURCE_OR_STRUCTURING,MEDIUM,NOT_PUBLIC_OR_PREVIEW
2406,Apohtin (Αποχτίν),,pending,https://drycured.com/?post_type=dry_recipe&p=2406,5,0,0,0,1,0,0,0,0,1,0,,LEGACY_NEEDS_SOURCE_OR_STRUCTURING,MEDIUM,NOT_PUBLIC_OR_PREVIEW
2407,Lounza (Λούντζα) &#8211; Dimljena svinjska potrbušina,lounza-%ce%bb%ce%bf%cf%8d%ce%bd%cf%84%ce%b6%ce%b1-dimljena-svinjska-potrbusina,draft,https://drycured.com/?post_type=dry_recipe&p=2407,6,0,0,0,1,0,0,0,0,1,0,,LEGACY_NEEDS_SOURCE_OR_STRUCTURING,MEDIUM,NOT_PUBLIC_OR_PREVIEW
2408,Tsamarella (Τσαμαρέλλα) &#8211; Sušena kozletina,tsamarella-%cf%84%cf%83%ce%b1%ce%bc%ce%b1%cf%81%ce%ad%ce%bb%ce%bb%ce%b1-susena-kozletina,draft,https://drycured.com/?post_type=dry_recipe&p=2408,6,0,0,0,1,0,0,0,1,1,0,,LEGACY_NEEDS_SOURCE_OR_STRUCTURING,MEDIUM,NOT_PUBLIC_OR_PREVIEW
2409,Hiromeri (Χοιρομέρι) &#8211; Ciparski pršut,hiromeri-%cf%87%ce%bf%ce%b9%cf%81%ce%bf%ce%bc%ce%ad%cf%81%ce%b9-ciparski-prsut,draft,https://drycured.com/?post_type=dry_recipe&p=2409,6,0,0,0,1,0,0,0,0,1,0,,LEGACY_NEEDS_SOURCE_OR_STRUCTURING,MEDIUM,NOT_PUBLIC_OR_PREVIEW
2410,Apohti (Απόχτι) &#8211; Dimljeni svinjski file,apohti-%ce%b1%cf%80%cf%8c%cf%87%cf%84%ce%b9-dimljeni-svinjski-file,draft,https://drycured.com/?post_type=dry_recipe&p=2410,6,0,0,0,1,0,0,0,0,1,0,,LEGACY_NEEDS_SOURCE_OR_STRUCTURING,MEDIUM,NOT_PUBLIC_OR_PREVIEW
2411,Pastourma (Παστουρμάς) &#8211; Ciparski začinjeni sušeni goveđi file,pastourma-%cf%80%ce%b1%cf%83%cf%84%ce%bf%cf%85%cf%81%ce%bc%ce%ac%cf%82-ciparski-zacinjeni-suseni-govedi-file,draft,https://drycured.com/?post_type=dry_recipe&p=2411,6,0,0,0,1,0,0,0,1,1,0,,LEGACY_NEEDS_SOURCE_OR_STRUCTURING,MEDIUM,NOT_PUBLIC_OR_PREVIEW
2412,?? GRČKA &#8211; Tradicionalni recepti za Loukaniko,%f0%9f%87%ac%f0%9f%87%b7-grcka-tradicionalni-recepti-za-loukaniko,draft,https://drycured.com/?post_type=dry_recipe&p=2412,17,0,0,0,1,0,0,0,0,1,0,,LEGACY_NEEDS_SOURCE_OR_STRUCTURING,MEDIUM,NOT_PUBLIC_OR_PREVIEW
2413,?? ALBANIJA &#8211; Tradicionalni recepti za Salçe,%f0%9f%87%a6%f0%9f%87%b1-albanija-tradicionalni-recepti-za-salce,draft,https://drycured.com/?post_type=dry_recipe&p=2413,17,0,0,0,1,0,0,0,1,1,0,,LEGACY_NEEDS_SOURCE_OR_STRUCTURING,MEDIUM,NOT_PUBLIC_OR_PREVIEW
2414,?? FRANCUSKA &#8211; Tradicionalni recepti za saucisson,%f0%9f%87%ab%f0%9f%87%b7-francuska-tradicionalni-recepti-za-saucisson,draft,https://drycured.com/?post_type=dry_recipe&p=2414,17,0,0,0,1,0,0,0,1,1,0,,LEGACY_NEEDS_SOURCE_OR_STRUCTURING,MEDIUM,NOT_PUBLIC_OR_PREVIEW
2415,?? NJEMAČKA &#8211; Tradicionalni recepti za Wurst,%f0%9f%87%a9%f0%9f%87%aa-njemacka-tradicionalni-recepti-za-wurst,draft,https://drycured.com/?post_type=dry_recipe&p=2415,17,0,0,0,1,0,0,0,0,1,0,,LEGACY_NEEDS_SOURCE_OR_STRUCTURING,MEDIUM,NOT_PUBLIC_OR_PREVIEW
2416,?? ITALIJA &#8211; Tradicionalni recepti za salame,%f0%9f%87%ae%f0%9f%87%b9-italija-tradicionalni-recepti-za-salame,draft,https://drycured.com/?post_type=dry_recipe&p=2416,17,0,0,0,1,0,0,0,0,1,0,,LEGACY_NEEDS_SOURCE_OR_STRUCTURING,MEDIUM,NOT_PUBLIC_OR_PREVIEW
2417,?? PORTUGAL &#8211; Tradicionalni recepti za Linguiça,%f0%9f%87%b5%f0%9f%87%b9-portugal-tradicionalni-recepti-za-linguica,draft,https://drycured.com/?post_type=dry_recipe&p=2417,17,0,0,0,1,0,0,0,0,1,0,,LEGACY_NEEDS_SOURCE_OR_STRUCTURING,MEDIUM,NOT_PUBLIC_OR_PREVIEW
2418,?? FRANCUSKA &#8211; Tradicijski recepti za saucisson (30 recepata),%f0%9f%87%ab%f0%9f%87%b7-francuska-tradicijski-recepti-za-saucisson-30-recepata,draft,https://drycured.com/?post_type=dry_recipe&p=2418,6,0,0,0,1,0,0,0,1,1,0,,LEGACY_NEEDS_SOURCE_OR_STRUCTURING,MEDIUM,NOT_PUBLIC_OR_PREVIEW
2419,?? ČEŠKA &#8211; Tradicionalni recepti,%f0%9f%87%a8%f0%9f%87%bf-ceska-tradicionalni-recepti,draft,https://drycured.com/?post_type=dry_recipe&p=2419,6,0,0,0,1,0,0,0,1,1,0,,LEGACY_NEEDS_SOURCE_OR_STRUCTURING,MEDIUM,NOT_PUBLIC_OR_PREVIEW
2420,?? SLOVAČKA &#8211; Tradicionalni recepti,%f0%9f%87%b8%f0%9f%87%b0-slovacka-tradicionalni-recepti,draft,https://drycured.com/?post_type=dry_recipe&p=2420,6,0,0,0,1,0,0,0,1,1,0,,LEGACY_NEEDS_SOURCE_OR_STRUCTURING,MEDIUM,NOT_PUBLIC_OR_PREVIEW
2421,?? POLJSKA &#8211; Tradicionalni recepti,%f0%9f%87%b5%f0%9f%87%b1-poljska-tradicionalni-recepti,draft,https://drycured.com/?post_type=dry_recipe&p=2421,6,0,0,0,1,0,0,0,1,1,0,,LEGACY_NEEDS_SOURCE_OR_STRUCTURING,MEDIUM,NOT_PUBLIC_OR_PREVIEW
2422,?? UKRAJINA &#8211; Tradicionalni recepti,%f0%9f%87%ba%f0%9f%87%a6-ukrajina-tradicionalni-recepti,draft,https://drycured.com/?post_type=dry_recipe&p=2422,6,0,0,0,1,0,0,0,1,1,0,,LEGACY_NEEDS_SOURCE_OR_STRUCTURING,MEDIUM,NOT_PUBLIC_OR_PREVIEW
2423,?? ŠVEDSKA &#8211; Tradicionalni recepti,%f0%9f%87%b8%f0%9f%87%aa-svedska-tradicionalni-recepti,draft,https://drycured.com/?post_type=dry_recipe&p=2423,6,0,0,0,1,0,0,0,0,1,0,,LEGACY_NEEDS_SOURCE_OR_STRUCTURING,MEDIUM,NOT_PUBLIC_OR_PREVIEW
2424,?? LATVIJA &#8211; Tradicionalni recepti,%f0%9f%87%b1%f0%9f%87%bb-latvija-tradicionalni-recepti,draft,https://drycured.com/?post_type=dry_recipe&p=2424,6,0,0,0,1,0,0,0,0,1,0,,LEGACY_NEEDS_SOURCE_OR_STRUCTURING,MEDIUM,NOT_PUBLIC_OR_PREVIEW
2425,?? NIZOZEMSKA &#8211; Tradicionalni recepti,%f0%9f%87%b3%f0%9f%87%b1-nizozemska-tradicionalni-recepti,draft,https://drycured.com/?post_type=dry_recipe&p=2425,6,0,0,0,1,0,0,0,0,1,0,,LEGACY_NEEDS_SOURCE_OR_STRUCTURING,MEDIUM,NOT_PUBLIC_OR_PREVIEW
2426,?? BELGIJA &#8211; Tradicionalni recepti,%f0%9f%87%a7%f0%9f%87%aa-belgija-tradicionalni-recepti,draft,https://drycured.com/?post_type=dry_recipe&p=2426,6,0,0,0,1,0,0,0,1,1,0,,LEGACY_NEEDS_SOURCE_OR_STRUCTURING,MEDIUM,NOT_PUBLIC_OR_PREVIEW
2427,?? LUKSEMBURG &#8211; Tradicionalni recepti,%f0%9f%87%b1%f0%9f%87%ba-luksemburg-tradicionalni-recepti,draft,https://drycured.com/?post_type=dry_recipe&p=2427,6,0,0,0,1,0,0,0,0,1,0,,LEGACY_NEEDS_SOURCE_OR_STRUCTURING,MEDIUM,NOT_PUBLIC_OR_PREVIEW
2428,Durmitorska kastradina,durmitorska-kastradina,publish,https://drycured.com/recepti-baza/durmitorska-kastradina/,18,1,0,0,1,0,1,1,1,1,1,prema receptu,CONTRACT_BUILD_CANDIDATE_MARKDOWN_ONLY,LOW_TO_MEDIUM,PUBLIC_FALLBACK_RISK
2429,Crmničke goveđe pastrve,crmnicke-govede-pastrve,draft,https://drycured.com/?post_type=dry_recipe&p=2429,6,0,0,0,1,0,0,0,0,1,0,,LEGACY_NEEDS_SOURCE_OR_STRUCTURING,MEDIUM,NOT_PUBLIC_OR_PREVIEW
2430,Vasojevićka preukuša,vasojevicka-preukusa,publish,https://drycured.com/recepti-baza/vasojevicka-preukusa/,18,1,0,0,1,0,1,1,1,1,0,,CONTRACT_BUILD_CANDIDATE_MARKDOWN_ONLY,LOW_TO_MEDIUM,PUBLIC_NO_META_FALLBACK_FOUND
2431,Bjelopavlićka bumbar-pita,,pending,https://drycured.com/?post_type=dry_recipe&p=2431,5,0,0,0,1,0,1,1,0,1,0,,LEGACY_NEEDS_SOURCE_OR_STRUCTURING,LOW_TO_MEDIUM,NOT_PUBLIC_OR_PREVIEW
2432,Kučka pršura,kucka-prsura,publish,https://drycured.com/recepti-baza/kucka-prsura/,18,1,0,0,1,0,1,1,1,1,0,,CONTRACT_BUILD_CANDIDATE_MARKDOWN_ONLY,LOW_TO_MEDIUM,PUBLIC_NO_META_FALLBACK_FOUND
2433,Privatno: Crnogorska pečenica,crnogorska-pecenica,private,https://drycured.com/?post_type=dry_recipe&p=2433,15,1,0,0,1,0,1,1,1,1,0,,CONTRACT_BUILD_CANDIDATE_MARKDOWN_ONLY,LOW_TO_MEDIUM,NOT_PUBLIC_OR_PREVIEW
2434,Crnogorska kobasica,crnogorska-kobasica,publish,https://drycured.com/recepti-baza/crnogorska-kobasica/,18,1,0,0,1,0,1,1,1,1,0,,CONTRACT_BUILD_CANDIDATE_MARKDOWN_ONLY,LOW_TO_MEDIUM,PUBLIC_NO_META_FALLBACK_FOUND
2435,Crnogorska stelja,crnogorska-stelja,publish,https://drycured.com/recepti-baza/crnogorska-stelja/,18,1,0,0,1,0,1,1,1,1,0,,CONTRACT_BUILD_CANDIDATE_MARKDOWN_ONLY,LOW_TO_MEDIUM,PUBLIC_NO_META_FALLBACK_FOUND
2436,Crnogorski suđuk,crnogorski-suduk,draft,https://drycured.com/?post_type=dry_recipe&p=2436,6,0,0,0,1,0,1,1,0,1,0,,LEGACY_NEEDS_SOURCE_OR_STRUCTURING,LOW_TO_MEDIUM,NOT_PUBLIC_OR_PREVIEW
2437,Privatno: Drniški Začinjeni Vrat s Planine (Specifični mountainski naresak),drniski-zacinjeni-vrat-s-planine-specificni-mountainski-naresak,private,https://drycured.com/?post_type=dry_recipe&p=2437,15,1,0,0,1,0,1,1,1,1,0,,CONTRACT_BUILD_CANDIDATE_MARKDOWN_ONLY,LOW_TO_MEDIUM,NOT_PUBLIC_OR_PREVIEW
2438,Privatno: Komiški Brudet Narezak,komiski-brudet-narezak,private,https://drycured.com/?post_type=dry_recipe&p=2438,15,1,0,0,1,0,1,1,1,1,0,,CONTRACT_BUILD_CANDIDATE_MARKDOWN_ONLY,LOW_TO_MEDIUM,NOT_PUBLIC_OR_PREVIEW
2439,Privatno: Šibenski Vjetrenjak,sibenski-vjetrenjak,private,https://drycured.com/?post_type=dry_recipe&p=2439,15,1,0,0,1,0,1,1,1,1,0,,CONTRACT_BUILD_CANDIDATE_MARKDOWN_ONLY,LOW_TO_MEDIUM,NOT_PUBLIC_OR_PREVIEW
2440,Splitski Maestral Narezak,splitski-maestral-narezak,publish,https://drycured.com/recepti-baza/splitski-maestral-narezak/,18,1,0,0,1,0,1,1,1,1,0,,CONTRACT_BUILD_CANDIDATE_MARKDOWN_ONLY,LOW_TO_MEDIUM,PUBLIC_NO_META_FALLBACK_FOUND
2441,Trogirski Zephyr,trogirski-zephyr,publish,https://drycured.com/recepti-baza/trogirski-zephyr/,18,1,0,0,1,0,1,1,1,1,0,,CONTRACT_BUILD_CANDIDATE_MARKDOWN_ONLY,LOW_TO_MEDIUM,PUBLIC_NO_META_FALLBACK_FOUND
2442,Makarski Jugo Narezak,makarski-jugo-narezak,publish,https://drycured.com/recepti-baza/makarski-jugo-narezak/,18,1,0,0,1,0,1,1,1,1,0,,CONTRACT_BUILD_CANDIDATE_MARKDOWN_ONLY,LOW_TO_MEDIUM,PUBLIC_NO_META_FALLBACK_FOUND
2443,Pagaški sir (rijetka regionalna varijanta),,pending,https://drycured.com/?post_type=dry_recipe&p=2443,5,0,0,0,1,0,0,0,0,1,0,,LEGACY_NEEDS_SOURCE_OR_STRUCTURING,MEDIUM,NOT_PUBLIC_OR_PREVIEW
2444,Drniški pršut iz zaleđa (rijetka varijanta),drniski-prsut-iz-zaleda-rijetka-varijanta,draft,https://drycured.com/?post_type=dry_recipe&p=2444,6,0,0,0,1,0,0,0,0,1,0,,LEGACY_NEEDS_SOURCE_OR_STRUCTURING,MEDIUM,NOT_PUBLIC_OR_PREVIEW
2445,Hvarski stolen (zaboravljena delicija),hvarski-stolen-zaboravljena-delicija,publish,https://drycured.com/recepti-baza/hvarski-stolen-zaboravljena-delicija/,18,1,0,0,1,0,1,1,1,1,0,,CONTRACT_BUILD_CANDIDATE_MARKDOWN_ONLY,LOW_TO_MEDIUM,PUBLIC_NO_META_FALLBACK_FOUND
2446,Šoltanski sir iz duboke tradicije,,pending,https://drycured.com/?post_type=dry_recipe&p=2446,5,0,0,0,1,0,0,0,0,1,0,,LEGACY_NEEDS_SOURCE_OR_STRUCTURING,MEDIUM,NOT_PUBLIC_OR_PREVIEW
2447,Privatno: Leverpostej (Danska pašteta od svinjske jetre),leverpostej-danska-pasteta-od-svinjske-jetre,private,https://drycured.com/?post_type=dry_recipe&p=2447,15,1,0,0,1,0,1,1,1,1,0,,CONTRACT_BUILD_CANDIDATE_MARKDOWN_ONLY,LOW_TO_MEDIUM,NOT_PUBLIC_OR_PREVIEW
2448,Medisterpølse (Danska svježa začinjena kobasica),medisterpolse-danska-svjeza-zacinjena-kobasica,draft,https://drycured.com/?post_type=dry_recipe&p=2448,6,0,0,0,1,0,1,1,0,1,0,,LEGACY_NEEDS_SOURCE_OR_STRUCTURING,LOW_TO_MEDIUM,NOT_PUBLIC_OR_PREVIEW
2449,Ribbenssteg (Danska dimljena svinjska rebra),ribbenssteg-danska-dimljena-svinjska-rebra,publish,https://drycured.com/recepti-baza/ribbenssteg-danska-dimljena-svinjska-rebra/,18,1,0,0,1,0,1,1,1,1,0,,CONTRACT_BUILD_CANDIDATE_MARKDOWN_ONLY,LOW_TO_MEDIUM,PUBLIC_NO_META_FALLBACK_FOUND
2450,Bayonneskinke (Danska zasoljena i dimljena šunka),bayonneskinke-danska-zasoljena-i-dimljena-sunka,publish,https://drycured.com/recepti-baza/bayonneskinke-danska-zasoljena-i-dimljena-sunka/,18,1,0,0,1,0,1,1,1,1,0,,CONTRACT_BUILD_CANDIDATE_MARKDOWN_ONLY,LOW_TO_MEDIUM,PUBLIC_NO_META_FALLBACK_FOUND
2451,Blodpølse (Danska krvavica),blodpolse-danska-krvavica,draft,https://drycured.com/?post_type=dry_recipe&p=2451,6,0,0,0,1,0,1,1,0,1,0,,LEGACY_NEEDS_SOURCE_OR_STRUCTURING,LOW_TO_MEDIUM,NOT_PUBLIC_OR_PREVIEW
2452,Rullepølse (Danska rolana šunka),rullepolse-danska-rolana-sunka,draft,https://drycured.com/?post_type=dry_recipe&p=2452,6,0,0,0,1,0,0,0,0,1,0,,LEGACY_NEEDS_SOURCE_OR_STRUCTURING,MEDIUM,NOT_PUBLIC_OR_PREVIEW
2453,Flæskesteg (Danska pečena svinjetina s hrskavom kožom),flaeskesteg-danska-pecena-svinjetina-s-hrskavom-kozom,draft,https://drycured.com/?post_type=dry_recipe&p=2453,6,0,0,0,1,0,0,0,0,1,0,,LEGACY_NEEDS_SOURCE_OR_STRUCTURING,MEDIUM,NOT_PUBLIC_OR_PREVIEW
2454,Spegepølse (Danska fermentirana kobasica),spegepolse-danska-fermentirana-kobasica,draft,https://drycured.com/?post_type=dry_recipe&p=2454,6,0,0,0,1,0,1,1,1,1,0,,LEGACY_NEEDS_SOURCE_OR_STRUCTURING,LOW_TO_MEDIUM,NOT_PUBLIC_OR_PREVIEW
2455,Privatno: Sylte (Danska hladetina od svinjske glave),sylte-danska-hladetina-od-svinjske-glave,private,https://drycured.com/?post_type=dry_recipe&p=2455,15,1,0,0,1,0,1,0,1,1,0,,CONTRACT_BUILD_CANDIDATE_MARKDOWN_ONLY,MEDIUM,NOT_PUBLIC_OR_PREVIEW
2456,Spegeskinke (Danska sušena šunka),spegeskinke-danska-susena-sunka,publish,https://drycured.com/recepti-baza/spegeskinke-danska-susena-sunka/,18,1,0,0,1,0,1,1,1,1,0,,CONTRACT_BUILD_CANDIDATE_MARKDOWN_ONLY,LOW_TO_MEDIUM,PUBLIC_NO_META_FALLBACK_FOUND
2457,Irski spiced beef (Začinjeno sušeno goveđe meso),irski-spiced-beef-zacinjeno-suseno-govede-meso,draft,https://drycured.com/?post_type=dry_recipe&p=2457,6,0,0,0,1,0,0,0,1,1,0,,LEGACY_NEEDS_SOURCE_OR_STRUCTURING,MEDIUM,NOT_PUBLIC_OR_PREVIEW
2458,Crubeens (Salamurena i dimljena svinjska stopala),crubeens-salamurena-i-dimljena-svinjska-stopala,publish,https://drycured.com/recepti-baza/crubeens-salamurena-i-dimljena-svinjska-stopala/,18,1,0,0,1,0,1,1,1,1,0,,CONTRACT_BUILD_CANDIDATE_MARKDOWN_ONLY,LOW_TO_MEDIUM,PUBLIC_NO_META_FALLBACK_FOUND
2459,Privatno: Boiled Ham (Tradicionalna irska kuhana šunka),boiled-ham-tradicionalna-irska-kuhana-sunka,private,https://drycured.com/?post_type=dry_recipe&p=2459,15,1,0,0,1,0,1,1,1,1,0,,CONTRACT_BUILD_CANDIDATE_MARKDOWN_ONLY,LOW_TO_MEDIUM,NOT_PUBLIC_OR_PREVIEW
2460,Westfälischer Schinken s krumpirom u ljusci i hrenom,,pending,https://drycured.com/?post_type=dry_recipe&p=2460,5,0,0,0,1,0,0,0,0,1,0,,LEGACY_NEEDS_SOURCE_OR_STRUCTURING,MEDIUM,NOT_PUBLIC_OR_PREVIEW
2461,Kasseler pečenka s pireom od jabuka i krupir knedlama,,pending,https://drycured.com/?post_type=dry_recipe&p=2461,5,0,0,0,1,0,0,0,0,1,0,,LEGACY_NEEDS_SOURCE_OR_STRUCTURING,MEDIUM,NOT_PUBLIC_OR_PREVIEW
2462,Leberkäse s prženim jajima i bavarskim röstijem,,pending,https://drycured.com/?post_type=dry_recipe&p=2462,5,0,0,0,1,0,0,0,0,1,0,,LEGACY_NEEDS_SOURCE_OR_STRUCTURING,MEDIUM,NOT_PUBLIC_OR_PREVIEW
2463,Rogatički Planinsko-Morski Raritet &#8220;Vjetar i More&#8221;,,pending,https://drycured.com/?post_type=dry_recipe&p=2463,5,0,0,0,1,0,0,0,0,1,0,,LEGACY_NEEDS_SOURCE_OR_STRUCTURING,MEDIUM,NOT_PUBLIC_OR_PREVIEW
2464,StarohrvatskiMore-Kopno Salamet (Salama Maritima),starohrvatskimore-kopno-salamet-salama-maritima,publish,https://drycured.com/recepti-baza/starohrvatskimore-kopno-salamet-salama-maritima/,18,1,0,0,1,0,1,1,1,1,0,,CONTRACT_BUILD_CANDIDATE_MARKDOWN_ONLY,LOW_TO_MEDIUM,PUBLIC_NO_META_FALLBACK_FOUND
2465,Krčki Ovčji Dimljeni Raritet,krcki-ovcji-dimljeni-raritet,publish,https://drycured.com/recepti-baza/krcki-ovcji-dimljeni-raritet/,18,1,0,0,1,0,1,1,1,1,0,,CONTRACT_BUILD_CANDIDATE_MARKDOWN_ONLY,LOW_TO_MEDIUM,PUBLIC_NO_META_FALLBACK_FOUND
2466,Kvarnerski Divovski Salamet,kvarnerski-divovski-salamet,publish,https://drycured.com/recepti-baza/kvarnerski-divovski-salamet/,18,1,0,0,1,0,1,1,1,1,0,,CONTRACT_BUILD_CANDIDATE_MARKDOWN_ONLY,LOW_TO_MEDIUM,PUBLIC_NO_META_FALLBACK_FOUND
2467,Istarski Morski Pršut &#8220;Neptunov Dar&#8221;,,pending,https://drycured.com/?post_type=dry_recipe&p=2467,5,0,0,0,1,0,0,0,0,1,0,,LEGACY_NEEDS_SOURCE_OR_STRUCTURING,MEDIUM,NOT_PUBLIC_OR_PREVIEW
2468,Lincolnshire kobasica,lincolnshire-kobasica,publish,https://drycured.com/recepti-baza/lincolnshire-kobasica/,18,1,0,0,1,0,1,1,1,1,0,,CONTRACT_BUILD_CANDIDATE_MARKDOWN_ONLY,LOW_TO_MEDIUM,PUBLIC_NO_META_FALLBACK_FOUND
2469,Privatno: Haslet (tradicionalna engleska pašteta od svinjskih iznutrica),haslet-tradicionalna-engleska-pasteta-od-svinjskih-iznutrica,private,https://drycured.com/?post_type=dry_recipe&p=2469,15,1,0,0,1,0,1,1,1,1,0,,CONTRACT_BUILD_CANDIDATE_MARKDOWN_ONLY,LOW_TO_MEDIUM,NOT_PUBLIC_OR_PREVIEW
2470,Bath Chaps (ukiseljene svinjske obrazine),bath-chaps-ukiseljene-svinjske-obrazine,publish,https://drycured.com/recepti-baza/bath-chaps-ukiseljene-svinjske-obrazine/,18,1,0,0,1,0,1,1,1,1,0,,CONTRACT_BUILD_CANDIDATE_MARKDOWN_ONLY,LOW_TO_MEDIUM,PUBLIC_NO_META_FALLBACK_FOUND
2471,Potted Beef (konzervirano goveđe meso),potted-beef-konzervirano-govede-meso,draft,https://drycured.com/?post_type=dry_recipe&p=2471,6,0,0,0,1,0,0,1,0,1,0,,LEGACY_NEEDS_SOURCE_OR_STRUCTURING,MEDIUM,NOT_PUBLIC_OR_PREVIEW
2472,Privatno: Oxford Brawn (hladetina od svinjske glave),oxford-brawn-hladetina-od-svinjske-glave,private,https://drycured.com/?post_type=dry_recipe&p=2472,15,1,0,0,1,0,1,0,1,1,0,,CONTRACT_BUILD_CANDIDATE_MARKDOWN_ONLY,MEDIUM,NOT_PUBLIC_OR_PREVIEW
2473,Tradicionalni engleski Black Pudding (krvavica),,pending,https://drycured.com/?post_type=dry_recipe&p=2473,5,0,0,0,1,0,1,1,0,1,0,,LEGACY_NEEDS_SOURCE_OR_STRUCTURING,LOW_TO_MEDIUM,NOT_PUBLIC_OR_PREVIEW
2474,Tradicionalna engleska šunka (Wiltshire Ham),tradicionalna-engleska-sunka-wiltshire-ham,publish,https://drycured.com/recepti-baza/tradicionalna-engleska-sunka-wiltshire-ham/,18,1,0,0,1,0,1,1,1,1,2,prema receptu,CONTRACT_BUILD_CANDIDATE_MARKDOWN_ONLY,LOW_TO_MEDIUM,PUBLIC_FALLBACK_RISK
2475,Engleski sušeni goveđi jezik (Potted Ox Tongue),engleski-suseni-govedi-jezik-potted-ox-tongue,draft,https://drycured.com/?post_type=dry_recipe&p=2475,6,0,0,0,1,0,0,1,0,1,0,,LEGACY_NEEDS_SOURCE_OR_STRUCTURING,MEDIUM,NOT_PUBLIC_OR_PREVIEW
2476,Engleski pork pie (svinjetina u tijestu),engleski-pork-pie-svinjetina-u-tijestu,publish,https://drycured.com/recepti-baza/engleski-pork-pie-svinjetina-u-tijestu/,18,1,0,0,1,0,1,1,1,1,0,,CONTRACT_BUILD_CANDIDATE_MARKDOWN_ONLY,LOW_TO_MEDIUM,PUBLIC_NO_META_FALLBACK_FOUND
2477,Privatno: Sült (Hladetina od svinjskog mesa),sult-hladetina-od-svinjskog-mesa,private,https://drycured.com/?post_type=dry_recipe&p=2477,15,1,0,0,1,0,1,0,1,1,0,,CONTRACT_BUILD_CANDIDATE_MARKDOWN_ONLY,MEDIUM,NOT_PUBLIC_OR_PREVIEW
2478,Suitsink (Dimljena svinjska šunka),suitsink-dimljena-svinjska-sunka,publish,https://drycured.com/recepti-baza/suitsink-dimljena-svinjska-sunka/,18,1,0,0,1,0,1,1,1,1,0,,CONTRACT_BUILD_CANDIDATE_MARKDOWN_ONLY,LOW_TO_MEDIUM,PUBLIC_NO_META_FALLBACK_FOUND
2479,Privatno: Verikäkk (Krvavica s ječmom),verikakk-krvavica-s-jecmom,private,https://drycured.com/?post_type=dry_recipe&p=2479,15,1,0,0,1,0,1,1,1,1,0,,CONTRACT_BUILD_CANDIDATE_MARKDOWN_ONLY,LOW_TO_MEDIUM,NOT_PUBLIC_OR_PREVIEW
2480,Talleliha (Polutrajno sušena govedina),talleliha-polutrajno-susena-govedina,publish,https://drycured.com/recepti-baza/talleliha-polutrajno-susena-govedina/,18,1,0,0,1,0,1,1,1,1,0,,CONTRACT_BUILD_CANDIDATE_MARKDOWN_ONLY,LOW_TO_MEDIUM,PUBLIC_NO_META_FALLBACK_FOUND
2481,Sealiha õlis (Svinjsko meso u ulju),sealiha-olis-svinjsko-meso-u-ulju,publish,https://drycured.com/recepti-baza/sealiha-olis-svinjsko-meso-u-ulju/,18,1,0,0,1,0,1,1,1,1,0,,CONTRACT_BUILD_CANDIDATE_MARKDOWN_ONLY,LOW_TO_MEDIUM,PUBLIC_NO_META_FALLBACK_FOUND
2482,?? Grčki tradicionalni recept &#8211; Loukaniko,%f0%9f%87%ac%f0%9f%87%b7-grcki-tradicionalni-recept-loukaniko,draft,https://drycured.com/?post_type=dry_recipe&p=2482,17,0,0,0,1,0,0,0,0,1,0,,LEGACY_NEEDS_SOURCE_OR_STRUCTURING,MEDIUM,NOT_PUBLIC_OR_PREVIEW
2483,?? Albanski recept &#8211; Salçe,%f0%9f%87%a6%f0%9f%87%b1-albanski-recept-salce,draft,https://drycured.com/?post_type=dry_recipe&p=2483,17,0,0,0,1,0,0,0,1,1,0,,LEGACY_NEEDS_SOURCE_OR_STRUCTURING,MEDIUM,NOT_PUBLIC_OR_PREVIEW
2484,?? Nizozemski recept &#8211; Droge Worst,%f0%9f%87%b3%f0%9f%87%b1-nizozemski-recept-droge-worst,draft,https://drycured.com/?post_type=dry_recipe&p=2484,17,0,0,0,1,0,0,0,0,1,0,,LEGACY_NEEDS_SOURCE_OR_STRUCTURING,MEDIUM,NOT_PUBLIC_OR_PREVIEW
2485,?? Britanski recept &#8211; Cumberland Sausage,%f0%9f%87%ac%f0%9f%87%a7-britanski-recept-cumberland-sausage,draft,https://drycured.com/?post_type=dry_recipe&p=2485,17,0,0,0,1,0,0,0,0,1,0,,LEGACY_NEEDS_SOURCE_OR_STRUCTURING,MEDIUM,NOT_PUBLIC_OR_PREVIEW
2486,?? Bugarski recept &#8211; Lukanka,%f0%9f%87%a7%f0%9f%87%ac-bugarski-recept-lukanka,draft,https://drycured.com/?post_type=dry_recipe&p=2486,17,0,0,0,1,0,0,0,1,1,0,,LEGACY_NEEDS_SOURCE_OR_STRUCTURING,MEDIUM,NOT_PUBLIC_OR_PREVIEW
2487,?? Rumunjski recept &#8211; Salam de Sibiu,%f0%9f%87%b7%f0%9f%87%b4-rumunjski-recept-salam-de-sibiu,draft,https://drycured.com/?post_type=dry_recipe&p=2487,17,0,0,0,1,0,0,0,0,1,0,,LEGACY_NEEDS_SOURCE_OR_STRUCTURING,MEDIUM,NOT_PUBLIC_OR_PREVIEW
2488,?? Češki recept &#8211; Lovecká Salám,%f0%9f%87%a8%f0%9f%87%bf-ceski-recept-lovecka-salam,draft,https://drycured.com/?post_type=dry_recipe&p=2488,17,0,0,0,1,0,0,0,1,1,0,,LEGACY_NEEDS_SOURCE_OR_STRUCTURING,MEDIUM,NOT_PUBLIC_OR_PREVIEW
2489,?? Slovački recept &#8211; Turistická Saláma,%f0%9f%87%b8%f0%9f%87%b0-slovacki-recept-turisticka-salama,draft,https://drycured.com/?post_type=dry_recipe&p=2489,17,0,0,0,1,0,0,0,0,1,0,,LEGACY_NEEDS_SOURCE_OR_STRUCTURING,MEDIUM,NOT_PUBLIC_OR_PREVIEW
2490,?? Poljski recept &#8211; Kiełbasa,%f0%9f%87%b5%f0%9f%87%b1-poljski-recept-kielbasa,draft,https://drycured.com/?post_type=dry_recipe&p=2490,17,0,0,0,1,0,0,0,1,1,0,,LEGACY_NEEDS_SOURCE_OR_STRUCTURING,MEDIUM,NOT_PUBLIC_OR_PREVIEW
2491,?? Ukrajinski recept &#8211; Kobasa,%f0%9f%87%ba%f0%9f%87%a6-ukrajinski-recept-kobasa,draft,https://drycured.com/?post_type=dry_recipe&p=2491,17,0,0,0,1,0,0,0,1,1,0,,LEGACY_NEEDS_SOURCE_OR_STRUCTURING,MEDIUM,NOT_PUBLIC_OR_PREVIEW
2492,?? Švedski recept &#8211; Tunnbrödsrulle,%f0%9f%87%b8%f0%9f%87%aa-svedski-recept-tunnbrodsrulle,draft,https://drycured.com/?post_type=dry_recipe&p=2492,17,0,0,0,1,0,0,0,0,1,0,,LEGACY_NEEDS_SOURCE_OR_STRUCTURING,MEDIUM,NOT_PUBLIC_OR_PREVIEW
2493,?? Latvijski recept &#8211; Mājas Desa,%f0%9f%87%b1%f0%9f%87%bb-latvijski-recept-majas-desa,draft,https://drycured.com/?post_type=dry_recipe&p=2493,17,0,0,0,1,0,0,0,1,1,0,,LEGACY_NEEDS_SOURCE_OR_STRUCTURING,MEDIUM,NOT_PUBLIC_OR_PREVIEW
2494,Additional Recommendations:,,pending,https://drycured.com/?post_type=dry_recipe&p=2494,5,0,0,0,1,0,0,0,0,1,0,,LEGACY_NEEDS_SOURCE_OR_STRUCTURING,MEDIUM,NOT_PUBLIC_OR_PREVIEW
2495,?? Talijansko-toskanski recept za salamu (Salame Toscano),%f0%9f%87%ae%f0%9f%87%b9-talijansko-toskanski-recept-za-salamu-salame-toscano,draft,https://drycured.com/?post_type=dry_recipe&p=2495,17,0,0,0,1,0,0,0,0,1,0,,LEGACY_NEEDS_SOURCE_OR_STRUCTURING,MEDIUM,NOT_PUBLIC_OR_PREVIEW
2496,?? Tradicionalni recept za saucisson sec,%f0%9f%87%ab%f0%9f%87%b7-tradicionalni-recept-za-saucisson-sec,draft,https://drycured.com/?post_type=dry_recipe&p=2496,17,0,0,0,1,0,0,0,0,1,0,,LEGACY_NEEDS_SOURCE_OR_STRUCTURING,MEDIUM,NOT_PUBLIC_OR_PREVIEW
2497,?? Portugalski recept za Linguiçu,%f0%9f%87%b5%f0%9f%87%b9-portugalski-recept-za-linguicu,draft,https://drycured.com/?post_type=dry_recipe&p=2497,17,0,0,0,1,0,0,0,1,1,0,,LEGACY_NEEDS_SOURCE_OR_STRUCTURING,MEDIUM,NOT_PUBLIC_OR_PREVIEW
2498,?? Austrijski recept za Kmetzelsuppe kobasicu,%f0%9f%87%a6%f0%9f%87%b9-austrijski-recept-za-kmetzelsuppe-kobasicu,draft,https://drycured.com/?post_type=dry_recipe&p=2498,17,0,0,0,1,0,0,0,0,1,0,,LEGACY_NEEDS_SOURCE_OR_STRUCTURING,MEDIUM,NOT_PUBLIC_OR_PREVIEW
2499,Sigurnosne preporuke:,,pending,https://drycured.com/?post_type=dry_recipe&p=2499,5,0,0,0,1,0,0,0,0,1,0,,LEGACY_NEEDS_SOURCE_OR_STRUCTURING,MEDIUM,NOT_PUBLIC_OR_PREVIEW
2500,Poljska Kiełbasa Lisiecka (Lisiecka Kobasica),poljska-kielbasa-lisiecka-lisiecka-kobasica,draft,https://drycured.com/?post_type=dry_recipe&p=2500,17,0,0,0,1,0,1,1,1,1,0,,LEGACY_NEEDS_SOURCE_OR_STRUCTURING,LOW_TO_MEDIUM,NOT_PUBLIC_OR_PREVIEW
2501,Slovačka Klobása (Slovenská Klobása),slovacka-klobasa-slovenska-klobasa,publish,https://drycured.com/recepti-baza/slovacka-klobasa-slovenska-klobasa/,29,1,0,0,1,0,1,1,1,1,0,,CONTRACT_BUILD_CANDIDATE_MARKDOWN_ONLY,LOW_TO_MEDIUM,PUBLIC_NO_META_FALLBACK_FOUND
2502,JOULUKINKKU (BOŽIĆNA ŠUNKA),joulukinkku-bozicna-sunka,draft,https://drycured.com/?post_type=dry_recipe&p=2502,6,0,0,0,1,0,0,1,0,1,0,,LEGACY_NEEDS_SOURCE_OR_STRUCTURING,MEDIUM,NOT_PUBLIC_OR_PREVIEW
2503,RIIPUTETTU HIRVENLIHA (SUHO-ZRELA JELENOVINA),riiputettu-hirvenliha-suho-zrela-jelenovina,publish,https://drycured.com/recepti-baza/riiputettu-hirvenliha-suho-zrela-jelenovina/,18,1,0,0,1,0,1,1,1,1,0,,CONTRACT_BUILD_CANDIDATE_MARKDOWN_ONLY,LOW_TO_MEDIUM,PUBLIC_NO_META_FALLBACK_FOUND
2504,SAVUSIIKA (DIMLJENI SIIKA &#8211; BIJELA RIBA),savusiika-dimljeni-siika-bijela-riba,publish,https://drycured.com/recepti-baza/savusiika-dimljeni-siika-bijela-riba/,17,1,0,0,1,0,1,1,1,1,0,,CONTRACT_BUILD_CANDIDATE_MARKDOWN_ONLY,LOW_TO_MEDIUM,PUBLIC_NO_META_FALLBACK_FOUND
2505,METSOPAISTI (SUHO-SALAMURENI TETRIJEB),metsopaisti-suho-salamureni-tetrijeb,publish,https://drycured.com/recepti-baza/metsopaisti-suho-salamureni-tetrijeb/,17,1,0,0,1,0,1,1,1,1,2,prema receptu,CONTRACT_BUILD_CANDIDATE_MARKDOWN_ONLY,LOW_TO_MEDIUM,PUBLIC_FALLBACK_RISK
2506,LAMPAAN ILMAKUIVATTU KYLKI (ZRAČNO-SUŠENA JANJEĆJA PRSA),lampaan-ilmakuivattu-kylki-zracno-susena-janjecja-prsa,publish,https://drycured.com/recepti-baza/lampaan-ilmakuivattu-kylki-zracno-susena-janjecja-prsa/,17,1,0,0,1,0,1,1,1,1,0,,CONTRACT_BUILD_CANDIDATE_MARKDOWN_ONLY,LOW_TO_MEDIUM,PUBLIC_NO_META_FALLBACK_FOUND
2507,PALVIKINKKU (DIMLJENA ŠUNKA),palvikinkku-dimljena-sunka,draft,https://drycured.com/?post_type=dry_recipe&p=2507,6,0,0,0,1,0,0,0,0,1,0,,LEGACY_NEEDS_SOURCE_OR_STRUCTURING,MEDIUM,NOT_PUBLIC_OR_PREVIEW
2508,SAVUPORONLIHA (DIMLJENO SOBOVO MESO),savuporonliha-dimljeno-sobovo-meso,publish,https://drycured.com/recepti-baza/savuporonliha-dimljeno-sobovo-meso/,17,1,0,0,1,0,1,1,1,1,0,,CONTRACT_BUILD_CANDIDATE_MARKDOWN_ONLY,LOW_TO_MEDIUM,PUBLIC_NO_META_FALLBACK_FOUND
2509,KYLMÄSAVULOHI (HLADNO DIMLJENI LOSOS),,pending,https://drycured.com/?post_type=dry_recipe&p=2509,5,0,0,0,1,0,0,0,0,1,0,,LEGACY_NEEDS_SOURCE_OR_STRUCTURING,MEDIUM,NOT_PUBLIC_OR_PREVIEW
2510,ILMAKUIVATTU PORONPAISTI (ZRAČNO-SUŠENI SOBOV BUT),ilmakuivattu-poronpaisti-zracno-suseni-sobov-but,publish,https://drycured.com/recepti-baza/ilmakuivattu-poronpaisti-zracno-suseni-sobov-but/,17,1,0,0,1,0,1,1,1,1,0,,CONTRACT_BUILD_CANDIDATE_MARKDOWN_ONLY,LOW_TO_MEDIUM,PUBLIC_NO_META_FALLBACK_FOUND
2511,GRAAVILOHI (GRAVLAX &#8211; FINSKI MARINIRANI LOSOS),graavilohi-gravlax-finski-marinirani-losos,publish,https://drycured.com/recepti-baza/graavilohi-gravlax-finski-marinirani-losos/,16,1,0,0,1,0,1,1,1,1,0,,CONTRACT_BUILD_CANDIDATE_MARKDOWN_ONLY,LOW_TO_MEDIUM,PUBLIC_NO_META_FALLBACK_FOUND
2512,ROSETTE DE LYON,rosette-de-lyon,draft,https://drycured.com/?post_type=dry_recipe&p=2512,6,0,0,0,1,0,0,1,1,1,0,,LEGACY_NEEDS_SOURCE_OR_STRUCTURING,MEDIUM,NOT_PUBLIC_OR_PREVIEW
2513,LONZO CORSE,lonzo-corse,publish,https://drycured.com/recepti-baza/lonzo-corse/,17,1,0,0,1,0,1,1,1,1,0,,CONTRACT_BUILD_CANDIDATE_MARKDOWN_ONLY,LOW_TO_MEDIUM,PUBLIC_NO_META_FALLBACK_FOUND
2514,SAUCISSON SEC D&#8217;AUVERGNE,saucisson-sec-dauvergne-2,draft,https://drycured.com/?post_type=dry_recipe&p=2514,6,0,0,0,1,0,1,1,0,1,0,,LEGACY_NEEDS_SOURCE_OR_STRUCTURING,LOW_TO_MEDIUM,NOT_PUBLIC_OR_PREVIEW
2515,Siglino Messinias (Σύγκλινο Μεσσηνίας),siglino-messinias-%cf%83%cf%8d%ce%b3%ce%ba%ce%bb%ce%b9%ce%bd%ce%bf-%ce%bc%ce%b5%cf%83%cf%83%ce%b7%ce%bd%ce%af%ce%b1%cf%82,draft,https://drycured.com/?post_type=dry_recipe&p=2515,6,0,0,0,1,0,0,0,0,1,0,,LEGACY_NEEDS_SOURCE_OR_STRUCTURING,MEDIUM,NOT_PUBLIC_OR_PREVIEW
2516,Tsigarides (Τσιγαρίδες),tsigarides-%cf%84%cf%83%ce%b9%ce%b3%ce%b1%cf%81%ce%af%ce%b4%ce%b5%cf%82,draft,https://drycured.com/?post_type=dry_recipe&p=2516,6,0,0,0,1,0,0,0,0,1,0,,LEGACY_NEEDS_SOURCE_OR_STRUCTURING,MEDIUM,NOT_PUBLIC_OR_PREVIEW
2517,Armatia (Αρματιά),armatia-%ce%b1%cf%81%ce%bc%ce%b1%cf%84%ce%b9%ce%ac,draft,https://drycured.com/?post_type=dry_recipe&p=2517,6,0,0,0,1,0,0,0,1,1,0,,LEGACY_NEEDS_SOURCE_OR_STRUCTURING,MEDIUM,NOT_PUBLIC_OR_PREVIEW
2518,Pihti (Πηχτή),pihti-%cf%80%ce%b7%cf%87%cf%84%ce%ae,draft,https://drycured.com/?post_type=dry_recipe&p=2518,6,0,0,0,1,0,0,0,1,1,0,,LEGACY_NEEDS_SOURCE_OR_STRUCTURING,MEDIUM,NOT_PUBLIC_OR_PREVIEW
2519,Kavourmas (Καβουρμάς),kavourmas-%ce%ba%ce%b1%ce%b2%ce%bf%cf%85%cf%81%ce%bc%ce%ac%cf%82,draft,https://drycured.com/?post_type=dry_recipe&p=2519,6,0,0,0,1,0,0,0,1,1,0,,LEGACY_NEEDS_SOURCE_OR_STRUCTURING,MEDIUM,NOT_PUBLIC_OR_PREVIEW
2520,Pastourmas (Παστουρμάς),pastourmas-%cf%80%ce%b1%cf%83%cf%84%ce%bf%cf%85%cf%81%ce%bc%ce%ac%cf%82,draft,https://drycured.com/?post_type=dry_recipe&p=2520,6,0,0,0,1,0,0,0,1,1,0,,LEGACY_NEEDS_SOURCE_OR_STRUCTURING,MEDIUM,NOT_PUBLIC_OR_PREVIEW
2521,Apaki (Απάκι),apaki-%ce%b1%cf%80%ce%ac%ce%ba%ce%b9,draft,https://drycured.com/?post_type=dry_recipe&p=2521,6,0,0,0,1,0,0,0,0,1,0,,LEGACY_NEEDS_SOURCE_OR_STRUCTURING,MEDIUM,NOT_PUBLIC_OR_PREVIEW
2522,Noumboulo (Νούμπουλο),noumboulo-%ce%bd%ce%bf%cf%8d%ce%bc%cf%80%ce%bf%cf%85%ce%bb%ce%bf,draft,https://drycured.com/?post_type=dry_recipe&p=2522,6,0,0,0,1,0,0,0,1,1,0,,LEGACY_NEEDS_SOURCE_OR_STRUCTURING,MEDIUM,NOT_PUBLIC_OR_PREVIEW
2523,Syglino (Σύγκλινο),syglino-%cf%83%cf%8d%ce%b3%ce%ba%ce%bb%ce%b9%ce%bd%ce%bf,draft,https://drycured.com/?post_type=dry_recipe&p=2523,6,0,0,0,1,0,0,0,1,1,0,,LEGACY_NEEDS_SOURCE_OR_STRUCTURING,MEDIUM,NOT_PUBLIC_OR_PREVIEW
2524,Skirts and Kidneys (Tradicionalna irska marinirana goveđa dijafragma),skirts-and-kidneys-tradicionalna-irska-marinirana-goveda-dijafragma,draft,https://drycured.com/?post_type=dry_recipe&p=2524,6,0,0,0,1,0,0,0,1,1,0,,LEGACY_NEEDS_SOURCE_OR_STRUCTURING,MEDIUM,NOT_PUBLIC_OR_PREVIEW
2525,Dulse and Yellowman Bacon (Slanina s morskom travom),dulse-and-yellowman-bacon-slanina-s-morskom-travom,publish,https://drycured.com/recepti-baza/dulse-and-yellowman-bacon-slanina-s-morskom-travom/,17,1,0,0,1,0,1,1,1,1,0,,CONTRACT_BUILD_CANDIDATE_MARKDOWN_ONLY,LOW_TO_MEDIUM,PUBLIC_NO_META_FALLBACK_FOUND
2526,Caillín Báin (Bieli spek &#8211; Irska verzija slanine sa začinima),caillin-bain-bieli-spek-irska-verzija-slanine-sa-zacinima,publish,https://drycured.com/recepti-baza/caillin-bain-bieli-spek-irska-verzija-slanine-sa-zacinima/,17,1,0,0,1,0,1,1,1,1,0,,CONTRACT_BUILD_CANDIDATE_MARKDOWN_ONLY,LOW_TO_MEDIUM,PUBLIC_NO_META_FALLBACK_FOUND
2527,Marrowbone Roll (Rolana kobasica s koštanom srži),marrowbone-roll-rolana-kobasica-s-kostanom-srzi,publish,https://drycured.com/recepti-baza/marrowbone-roll-rolana-kobasica-s-kostanom-srzi/,17,1,0,0,1,0,1,1,1,1,0,,CONTRACT_BUILD_CANDIDATE_MARKDOWN_ONLY,LOW_TO_MEDIUM,PUBLIC_NO_META_FALLBACK_FOUND
2528,Privatno: Fadge Pudding (Krumpirovo-krvna kobasica),fadge-pudding-krumpirovo-krvna-kobasica,private,https://drycured.com/?post_type=dry_recipe&p=2528,15,1,0,0,1,0,1,1,1,1,0,,CONTRACT_BUILD_CANDIDATE_MARKDOWN_ONLY,LOW_TO_MEDIUM,NOT_PUBLIC_OR_PREVIEW
2529,Irski soljena govedina (Corned Beef),irski-soljena-govedina-corned-beef,publish,https://drycured.com/recepti-baza/irski-soljena-govedina-corned-beef/,17,1,0,0,1,0,1,1,1,1,0,,CONTRACT_BUILD_CANDIDATE_MARKDOWN_ONLY,LOW_TO_MEDIUM,PUBLIC_NO_META_FALLBACK_FOUND
2530,Irska šunka u pivu (Beer-Cured Ham),irska-sunka-u-pivu-beer-cured-ham,publish,https://drycured.com/recepti-baza/irska-sunka-u-pivu-beer-cured-ham/,17,1,0,0,1,0,1,1,1,1,0,,CONTRACT_BUILD_CANDIDATE_MARKDOWN_ONLY,LOW_TO_MEDIUM,PUBLIC_NO_META_FALLBACK_FOUND
2531,Privatno: Slátur (Islandska krvavica),slatur-islandska-krvavica,private,https://drycured.com/?post_type=dry_recipe&p=2531,15,1,0,0,1,0,1,1,1,1,0,,CONTRACT_BUILD_CANDIDATE_MARKDOWN_ONLY,LOW_TO_MEDIUM,NOT_PUBLIC_OR_PREVIEW
2532,Svið (Dimljena janjeća glava),svid-dimljena-janjeca-glava,draft,https://drycured.com/?post_type=dry_recipe&p=2532,6,0,0,0,1,0,0,0,0,1,0,,LEGACY_NEEDS_SOURCE_OR_STRUCTURING,MEDIUM,NOT_PUBLIC_OR_PREVIEW
2533,Bjúgu (Islandska dimljena kobasica),bjugu-islandska-dimljena-kobasica,publish,https://drycured.com/recepti-baza/bjugu-islandska-dimljena-kobasica/,17,1,0,0,1,0,1,1,1,1,0,,CONTRACT_BUILD_CANDIDATE_MARKDOWN_ONLY,LOW_TO_MEDIUM,PUBLIC_NO_META_FALLBACK_FOUND
2534,Torfær​ður Lambahryggur (Zakopana janjeća leđa),torfaerdur-lambahryggur-zakopana-janjeca-leda,draft,https://drycured.com/?post_type=dry_recipe&p=2534,6,0,0,0,1,0,0,0,0,1,0,,LEGACY_NEEDS_SOURCE_OR_STRUCTURING,MEDIUM,NOT_PUBLIC_OR_PREVIEW
2535,Selshreifar (Sušeni tuljanovi peraji),,pending,https://drycured.com/?post_type=dry_recipe&p=2535,5,0,0,0,1,0,0,0,0,1,0,,LEGACY_NEEDS_SOURCE_OR_STRUCTURING,MEDIUM,NOT_PUBLIC_OR_PREVIEW
2536,Hákarlasullur (Fermentirani trbuh grenlandskog morskog psa),,pending,https://drycured.com/?post_type=dry_recipe&p=2536,5,0,0,0,1,0,0,0,0,1,0,,LEGACY_NEEDS_SOURCE_OR_STRUCTURING,MEDIUM,NOT_PUBLIC_OR_PREVIEW
2537,Gellur (Sušeni riblji jezici),,pending,https://drycured.com/?post_type=dry_recipe&p=2537,5,0,0,0,1,0,0,0,0,1,0,,LEGACY_NEEDS_SOURCE_OR_STRUCTURING,MEDIUM,NOT_PUBLIC_OR_PREVIEW
2538,Súrsaðir Hrútspungar Með Lyngi (Fermentirani ovnovski testisi s vrijeskom),,pending,https://drycured.com/?post_type=dry_recipe&p=2538,5,0,0,0,1,0,0,0,0,1,0,,LEGACY_NEEDS_SOURCE_OR_STRUCTURING,MEDIUM,NOT_PUBLIC_OR_PREVIEW
2539,Sviðasulta (Želatinizirano janjeće meso s glave),svidasulta-zelatinizirano-janjece-meso-s-glave,draft,https://drycured.com/?post_type=dry_recipe&p=2539,6,0,0,0,1,0,0,0,0,1,0,,LEGACY_NEEDS_SOURCE_OR_STRUCTURING,MEDIUM,NOT_PUBLIC_OR_PREVIEW
2540,Hrútspungar (Prešana janjeća muda),hrutspungar-presana-janjeca-muda,publish,https://drycured.com/recepti-baza/hrutspungar-presana-janjeca-muda/,17,1,0,0,1,0,1,1,1,1,0,,CONTRACT_BUILD_CANDIDATE_MARKDOWN_ONLY,LOW_TO_MEDIUM,PUBLIC_NO_META_FALLBACK_FOUND
2541,Harðfiskur (Sušeni oslić),,pending,https://drycured.com/?post_type=dry_recipe&p=2541,5,0,0,0,1,0,0,0,0,1,0,,LEGACY_NEEDS_SOURCE_OR_STRUCTURING,MEDIUM,NOT_PUBLIC_OR_PREVIEW
2542,Kæstur Hákarl (Fermentirano meso grenlandskog morskog psa),,pending,https://drycured.com/?post_type=dry_recipe&p=2542,5,0,0,0,1,0,0,0,0,1,0,,LEGACY_NEEDS_SOURCE_OR_STRUCTURING,MEDIUM,NOT_PUBLIC_OR_PREVIEW
2543,Lundabaggar (Dimljena prskalina od janjetine),lundabaggar-dimljena-prskalina-od-janjetine,publish,https://drycured.com/recepti-baza/lundabaggar-dimljena-prskalina-od-janjetine/,17,1,0,0,1,0,1,1,1,1,0,,CONTRACT_BUILD_CANDIDATE_MARKDOWN_ONLY,LOW_TO_MEDIUM,PUBLIC_NO_META_FALLBACK_FOUND
2544,Moldavska Cârnaţi de Oaie (Kobasica od Ovčetine),moldavska-carnati-de-oaie-kobasica-od-ovcetine,publish,https://drycured.com/recepti-baza/moldavska-carnati-de-oaie-kobasica-od-ovcetine/,17,1,0,0,1,0,1,1,1,1,0,,CONTRACT_BUILD_CANDIDATE_MARKDOWN_ONLY,LOW_TO_MEDIUM,PUBLIC_NO_META_FALLBACK_FOUND
2545,Estonska Suitsusink (Dimljena Šunka),estonska-suitsusink-dimljena-sunka,publish,https://drycured.com/recepti-baza/estonska-suitsusink-dimljena-sunka/,28,1,0,0,1,0,1,1,1,1,0,,CONTRACT_BUILD_CANDIDATE_MARKDOWN_ONLY,LOW_TO_MEDIUM,PUBLIC_NO_META_FALLBACK_FOUND
2546,Sudžuk (Sudžuk Kosovar),sudzuk-sudzuk-kosovar,publish,https://drycured.com/recepti-baza/sudzuk-sudzuk-kosovar/,17,1,0,0,1,0,1,1,1,1,0,,CONTRACT_BUILD_CANDIDATE_MARKDOWN_ONLY,LOW_TO_MEDIUM,PUBLIC_NO_META_FALLBACK_FOUND
2547,Pršuta e Kosovës (Kosovska pršuta),prsuta-e-kosoves-kosovska-prsuta,draft,https://drycured.com/?post_type=dry_recipe&p=2547,6,0,0,0,1,0,0,0,0,1,0,,LEGACY_NEEDS_SOURCE_OR_STRUCTURING,MEDIUM,NOT_PUBLIC_OR_PREVIEW
2548,Llokum Kosove (Kosovski delikates),llokum-kosove-kosovski-delikates,draft,https://drycured.com/?post_type=dry_recipe&p=2548,6,0,0,0,1,0,1,1,0,1,0,,LEGACY_NEEDS_SOURCE_OR_STRUCTURING,LOW_TO_MEDIUM,NOT_PUBLIC_OR_PREVIEW
2549,Suxhuk me Spec (Sudžuk s paprikom),suxhuk-me-spec-sudzuk-s-paprikom,publish,https://drycured.com/recepti-baza/suxhuk-me-spec-sudzuk-s-paprikom/,17,1,0,0,1,0,1,1,1,1,0,,CONTRACT_BUILD_CANDIDATE_MARKDOWN_ONLY,LOW_TO_MEDIUM,PUBLIC_NO_META_FALLBACK_FOUND
2550,Privatno: Gospićki Vjetromet (Specifični mesni naresak),gospicki-vjetromet-specificni-mesni-naresak,private,https://drycured.com/?post_type=dry_recipe&p=2550,15,1,0,0,1,0,1,1,1,1,0,,CONTRACT_BUILD_CANDIDATE_MARKDOWN_ONLY,LOW_TO_MEDIUM,NOT_PUBLIC_OR_PREVIEW
2551,Privatno: Senj Začinski Vrat (Specifični nasoljavani vrat),senj-zacinski-vrat-specificni-nasoljavani-vrat,private,https://drycured.com/?post_type=dry_recipe&p=2551,15,1,0,0,1,0,1,1,1,1,0,,CONTRACT_BUILD_CANDIDATE_MARKDOWN_ONLY,LOW_TO_MEDIUM,NOT_PUBLIC_OR_PREVIEW
2552,Otočac Začinski Vrat s Planine (Mountainski naresak),otocac-zacinski-vrat-s-planine-mountainski-naresak,publish,https://drycured.com/recepti-baza/otocac-zacinski-vrat-s-planine-mountainski-naresak/,17,1,0,0,1,0,1,1,1,1,0,,CONTRACT_BUILD_CANDIDATE_MARKDOWN_ONLY,LOW_TO_MEDIUM,PUBLIC_NO_META_FALLBACK_FOUND
2553,Skilandis (litavska dimljena kobasica),skilandis-litavska-dimljena-kobasica,publish,https://drycured.com/recepti-baza/skilandis-litavska-dimljena-kobasica/,17,1,0,0,1,0,1,1,1,1,0,,CONTRACT_BUILD_CANDIDATE_MARKDOWN_ONLY,LOW_TO_MEDIUM,PUBLIC_NO_META_FALLBACK_FOUND
2554,Kindziukas (litavska dimljena šunka),kindziukas-litavska-dimljena-sunka,publish,https://drycured.com/recepti-baza/kindziukas-litavska-dimljena-sunka/,17,1,0,0,1,0,1,1,1,1,0,,CONTRACT_BUILD_CANDIDATE_MARKDOWN_ONLY,LOW_TO_MEDIUM,PUBLIC_NO_META_FALLBACK_FOUND
2555,Lašiniai (litavska slanina),lasiniai-litavska-slanina,publish,https://drycured.com/recepti-baza/lasiniai-litavska-slanina/,17,1,0,0,1,0,1,1,1,1,0,,CONTRACT_BUILD_CANDIDATE_MARKDOWN_ONLY,LOW_TO_MEDIUM,PUBLIC_NO_META_FALLBACK_FOUND
2556,Vytinta dešra (litavska suha kobasica),vytinta-desra-litavska-suha-kobasica,publish,https://drycured.com/recepti-baza/vytinta-desra-litavska-suha-kobasica/,17,1,0,0,1,0,1,1,1,1,0,,CONTRACT_BUILD_CANDIDATE_MARKDOWN_ONLY,LOW_TO_MEDIUM,PUBLIC_NO_META_FALLBACK_FOUND
2557,Rūkyti lašišos (dimljen losos na litavski način),rukyti-lasisos-dimljen-losos-na-litavski-nacin,publish,https://drycured.com/recepti-baza/rukyti-lasisos-dimljen-losos-na-litavski-nacin/,16,1,0,0,1,0,1,1,1,1,0,,CONTRACT_BUILD_CANDIDATE_MARKDOWN_ONLY,LOW_TO_MEDIUM,PUBLIC_NO_META_FALLBACK_FOUND
2558,Pounje Planinski Vrtlog,pounje-planinski-vrtlog,publish,https://drycured.com/recepti-baza/pounje-planinski-vrtlog/,28,1,0,0,1,0,1,1,1,1,1,prema receptu,CONTRACT_BUILD_CANDIDATE_MARKDOWN_ONLY,LOW_TO_MEDIUM,PUBLIC_FALLBACK_RISK
2559,Privatno: Gackanski Vjetrenjak,gackanski-vjetrenjak,private,https://drycured.com/?post_type=dry_recipe&p=2559,26,1,0,0,1,0,1,1,1,1,0,,CONTRACT_BUILD_CANDIDATE_MARKDOWN_ONLY,LOW_TO_MEDIUM,NOT_PUBLIC_OR_PREVIEW
2560,Drežnički Šušanj,dreznicki-susanj,publish,https://drycured.com/recepti-baza/dreznicki-susanj/,28,1,0,0,1,0,1,1,1,1,0,,CONTRACT_BUILD_CANDIDATE_MARKDOWN_ONLY,LOW_TO_MEDIUM,PUBLIC_NO_META_FALLBACK_FOUND
2561,Gospićki Vjetar,gospicki-vjetar,publish,https://drycured.com/recepti-baza/gospicki-vjetar/,28,1,0,0,1,0,1,1,1,1,0,,CONTRACT_BUILD_CANDIDATE_MARKDOWN_ONLY,LOW_TO_MEDIUM,PUBLIC_NO_META_FALLBACK_FOUND
2562,Lički Planinarski Navršak,,pending,https://drycured.com/?post_type=dry_recipe&p=2562,5,0,0,0,1,0,0,0,0,1,0,,LEGACY_NEEDS_SOURCE_OR_STRUCTURING,MEDIUM,NOT_PUBLIC_OR_PREVIEW
2563,Maltežanska kobasica (Zalzett Malti),maltezanska-kobasica-zalzett-malti,publish,https://drycured.com/recepti-baza/maltezanska-kobasica-zalzett-malti/,17,1,0,0,1,0,1,1,1,1,0,,CONTRACT_BUILD_CANDIDATE_MARKDOWN_ONLY,LOW_TO_MEDIUM,PUBLIC_NO_META_FALLBACK_FOUND
2564,Maltežanski pršut (Prosciutto Malti),maltezanski-prsut-prosciutto-malti,publish,https://drycured.com/recepti-baza/maltezanski-prsut-prosciutto-malti/,17,1,0,0,1,0,1,1,1,1,0,,CONTRACT_BUILD_CANDIDATE_MARKDOWN_ONLY,LOW_TO_MEDIUM,PUBLIC_NO_META_FALLBACK_FOUND
2565,Maltežanska suha govedina (Carne Secca Maltija),maltezanska-suha-govedina-carne-secca-maltija,publish,https://drycured.com/recepti-baza/maltezanska-suha-govedina-carne-secca-maltija/,17,1,0,0,1,0,1,1,1,1,0,,CONTRACT_BUILD_CANDIDATE_MARKDOWN_ONLY,LOW_TO_MEDIUM,PUBLIC_NO_META_FALLBACK_FOUND
2566,Maltežanski sušeni ovčji sir (Ġbejna Mnixxfa),,pending,https://drycured.com/?post_type=dry_recipe&p=2566,5,0,0,0,1,0,0,0,0,1,0,,LEGACY_NEEDS_SOURCE_OR_STRUCTURING,MEDIUM,NOT_PUBLIC_OR_PREVIEW
2567,Mađarska Kobasica (Kolbász),madarska-kobasica-kolbasz,draft,https://drycured.com/?post_type=dry_recipe&p=2567,17,0,0,0,1,0,1,1,1,1,0,,LEGACY_NEEDS_SOURCE_OR_STRUCTURING,LOW_TO_MEDIUM,NOT_PUBLIC_OR_PREVIEW
2568,Mađarska Dimljena Šunka (Füstölt Sonka),madarska-dimljena-sunka-fustolt-sonka,draft,https://drycured.com/?post_type=dry_recipe&p=2568,17,0,0,0,1,0,0,0,1,1,0,,LEGACY_NEEDS_SOURCE_OR_STRUCTURING,MEDIUM,NOT_PUBLIC_OR_PREVIEW
2569,Mađarski Dimljeni Jezik (Füstölt Nyelv),madarski-dimljeni-jezik-fustolt-nyelv,draft,https://drycured.com/?post_type=dry_recipe&p=2569,17,0,0,0,1,0,0,0,1,1,0,,LEGACY_NEEDS_SOURCE_OR_STRUCTURING,MEDIUM,NOT_PUBLIC_OR_PREVIEW
2570,Privatno: Štruki od Svetog Martina &#8211; Specifična Vrste Kobasice,struki-od-svetog-martina-specificna-vrste-kobasice,private,https://drycured.com/?post_type=dry_recipe&p=2570,15,1,0,0,1,0,1,1,1,1,0,,CONTRACT_BUILD_CANDIDATE_MARKDOWN_ONLY,LOW_TO_MEDIUM,NOT_PUBLIC_OR_PREVIEW
2571,Zaprešićki Vrganjevi Narezak,zapresicki-vrganjevi-narezak,publish,https://drycured.com/recepti-baza/zapresicki-vrganjevi-narezak/,17,1,0,0,1,0,1,1,1,1,0,,CONTRACT_BUILD_CANDIDATE_MARKDOWN_ONLY,LOW_TO_MEDIUM,PUBLIC_NO_META_FALLBACK_FOUND
2572,Medžimurski Divljač Narezak,medzimurski-divljac-narezak,publish,https://drycured.com/recepti-baza/medzimurski-divljac-narezak/,17,1,0,0,1,0,1,1,1,1,0,,CONTRACT_BUILD_CANDIDATE_MARKDOWN_ONLY,LOW_TO_MEDIUM,PUBLIC_NO_META_FALLBACK_FOUND
2573,Gornjomurečki Začinski Narezak,gornjomurecki-zacinski-narezak,publish,https://drycured.com/recepti-baza/gornjomurecki-zacinski-narezak/,17,1,0,0,1,0,1,1,1,1,0,,CONTRACT_BUILD_CANDIDATE_MARKDOWN_ONLY,LOW_TO_MEDIUM,PUBLIC_NO_META_FALLBACK_FOUND
2574,ȘUNCĂ AFUMATĂ (DIMLJENA ŠUNKA),sunca-afumata-dimljena-sunka,publish,https://drycured.com/recepti-baza/sunca-afumata-dimljena-sunka/,17,1,0,0,1,0,1,1,1,1,0,,CONTRACT_BUILD_CANDIDATE_MARKDOWN_ONLY,LOW_TO_MEDIUM,PUBLIC_NO_META_FALLBACK_FOUND
2575,PASTRAMĂ DE OAIE (OVČJA PASTRAMA),pastrama-de-oaie-ovcja-pastrama,publish,https://drycured.com/recepti-baza/pastrama-de-oaie-ovcja-pastrama/,17,1,0,0,1,0,1,1,1,1,0,,CONTRACT_BUILD_CANDIDATE_MARKDOWN_ONLY,LOW_TO_MEDIUM,PUBLIC_NO_META_FALLBACK_FOUND
2576,CÂRNAȚ AFUMAT (DIMLJENE KOBASICE),carnat-afumat-dimljene-kobasice,publish,https://drycured.com/recepti-baza/carnat-afumat-dimljene-kobasice/,17,1,0,0,1,0,1,1,1,1,0,,CONTRACT_BUILD_CANDIDATE_MARKDOWN_ONLY,LOW_TO_MEDIUM,PUBLIC_NO_META_FALLBACK_FOUND
2577,Droge Worst (Suha kobasica),droge-worst-suha-kobasica,publish,https://drycured.com/recepti-baza/droge-worst-suha-kobasica/,17,1,0,0,1,0,1,1,1,1,0,,CONTRACT_BUILD_CANDIDATE_MARKDOWN_ONLY,LOW_TO_MEDIUM,PUBLIC_NO_META_FALLBACK_FOUND
2578,Privatno: Leverworst (Jetrena pašteta),leverworst-jetrena-pasteta,private,https://drycured.com/?post_type=dry_recipe&p=2578,15,1,0,0,1,0,1,1,1,1,0,,CONTRACT_BUILD_CANDIDATE_MARKDOWN_ONLY,LOW_TO_MEDIUM,NOT_PUBLIC_OR_PREVIEW
2579,Spekdikken (Slanina s medom),spekdikken-slanina-s-medom,publish,https://drycured.com/recepti-baza/spekdikken-slanina-s-medom/,17,1,0,0,1,0,1,1,1,1,0,,CONTRACT_BUILD_CANDIDATE_MARKDOWN_ONLY,LOW_TO_MEDIUM,PUBLIC_NO_META_FALLBACK_FOUND
2580,Ossenworst (Goveđa sirova kobasica),ossenworst-goveda-sirova-kobasica,draft,https://drycured.com/?post_type=dry_recipe&p=2580,6,0,0,0,1,0,1,1,0,1,0,,LEGACY_NEEDS_SOURCE_OR_STRUCTURING,LOW_TO_MEDIUM,NOT_PUBLIC_OR_PREVIEW
2581,MOSTBRÖCKLI (ALPSKA SUŠENA GOVEDINA),,pending,https://drycured.com/?post_type=dry_recipe&p=2581,5,0,0,0,1,0,0,0,0,1,0,,LEGACY_NEEDS_SOURCE_OR_STRUCTURING,MEDIUM,NOT_PUBLIC_OR_PREVIEW
2582,HOLSTEINER KATENSCHINKEN (HOLŠTAJNSKA DIMLJENA ŠUNKA),,pending,https://drycured.com/?post_type=dry_recipe&p=2582,5,0,0,0,1,0,0,0,0,1,0,,LEGACY_NEEDS_SOURCE_OR_STRUCTURING,MEDIUM,NOT_PUBLIC_OR_PREVIEW
2583,WESTFÄLISCHER KNOCHENSCHINKEN (VESTFALSKA ŠUNKA S KOSTI),,pending,https://drycured.com/?post_type=dry_recipe&p=2583,5,0,0,0,1,0,0,0,0,1,0,,LEGACY_NEEDS_SOURCE_OR_STRUCTURING,MEDIUM,NOT_PUBLIC_OR_PREVIEW
2584,Schwarzwaldska šunka s kiselim kupusom i krumpirom,,pending,https://drycured.com/?post_type=dry_recipe&p=2584,5,0,0,0,1,0,0,0,0,1,0,,LEGACY_NEEDS_SOURCE_OR_STRUCTURING,MEDIUM,NOT_PUBLIC_OR_PREVIEW
2585,Leichter Karreeschinken s povrćem u eintopfu,,pending,https://drycured.com/?post_type=dry_recipe&p=2585,5,0,0,0,1,0,0,0,1,1,0,,LEGACY_NEEDS_SOURCE_OR_STRUCTURING,MEDIUM,NOT_PUBLIC_OR_PREVIEW
2586,Scharfe Edelrohwurst s povrćem na žaru,,pending,https://drycured.com/?post_type=dry_recipe&p=2586,5,0,0,0,1,0,0,0,1,1,0,,LEGACY_NEEDS_SOURCE_OR_STRUCTURING,MEDIUM,NOT_PUBLIC_OR_PREVIEW
2587,VOSSAKORV (TRADICIONALNA DIMLJENA KOBASICA IZ VOSSA),vossakorv-tradicionalna-dimljena-kobasica-iz-vossa,publish,https://drycured.com/recepti-baza/vossakorv-tradicionalna-dimljena-kobasica-iz-vossa/,17,1,0,0,1,0,1,1,1,1,0,,CONTRACT_BUILD_CANDIDATE_MARKDOWN_ONLY,LOW_TO_MEDIUM,PUBLIC_NO_META_FALLBACK_FOUND
2588,RAKFISK (FERMENTIRANI SLATKOVODNI LOSOS),,pending,https://drycured.com/?post_type=dry_recipe&p=2588,5,0,0,0,1,0,0,0,0,1,0,,LEGACY_NEEDS_SOURCE_OR_STRUCTURING,MEDIUM,NOT_PUBLIC_OR_PREVIEW
2589,SPEKELÅR (SUŠENA I DIMLJENA JELEN/SRNETINA),spekelar-susena-i-dimljena-jelen-srnetina,publish,https://drycured.com/recepti-baza/spekelar-susena-i-dimljena-jelen-srnetina/,17,1,0,0,1,0,1,1,1,1,0,,CONTRACT_BUILD_CANDIDATE_MARKDOWN_ONLY,LOW_TO_MEDIUM,PUBLIC_NO_META_FALLBACK_FOUND
2591,SMALAHOVE (SUŠENA OVČJA GLAVA),,pending,https://drycured.com/?post_type=dry_recipe&p=2591,5,0,0,0,1,0,0,0,0,1,0,,LEGACY_NEEDS_SOURCE_OR_STRUCTURING,MEDIUM,NOT_PUBLIC_OR_PREVIEW
2592,FÅREPØLSE (TRADICIONALNA OVČJA KOBASICA),farepolse-tradicionalna-ovcja-kobasica,draft,https://drycured.com/?post_type=dry_recipe&p=2592,6,0,0,0,1,0,1,1,1,1,0,,LEGACY_NEEDS_SOURCE_OR_STRUCTURING,LOW_TO_MEDIUM,NOT_PUBLIC_OR_PREVIEW
2593,ELGKJØTT SPEKEMAT (SUHO MESO LOSA),elgkjott-spekemat-suho-meso-losa,draft,https://drycured.com/?post_type=dry_recipe&p=2593,6,0,0,0,1,0,0,0,0,1,0,,LEGACY_NEEDS_SOURCE_OR_STRUCTURING,MEDIUM,NOT_PUBLIC_OR_PREVIEW
2594,GRAVET LAKS (GRAVLAKS &#8211; MARINIRANI LOSOS),gravet-laks-gravlaks-marinirani-losos,publish,https://drycured.com/recepti-baza/gravet-laks-gravlaks-marinirani-losos/,16,1,0,0,1,0,1,1,1,1,0,,CONTRACT_BUILD_CANDIDATE_MARKDOWN_ONLY,LOW_TO_MEDIUM,PUBLIC_NO_META_FALLBACK_FOUND
2595,TJUKKMJØLKSPØLSE (FERMENTIRANA KOBASICA S MLIJEČNOM KULTUROM),tjukkmjolkspolse-fermentirana-kobasica-s-mlijecnom-kulturom,draft,https://drycured.com/?post_type=dry_recipe&p=2595,6,0,0,0,1,0,1,1,1,1,0,,LEGACY_NEEDS_SOURCE_OR_STRUCTURING,LOW_TO_MEDIUM,NOT_PUBLIC_OR_PREVIEW
2596,REINSDYRHJERTE (SUŠENO SRCE SOBA),,pending,https://drycured.com/?post_type=dry_recipe&p=2596,5,0,0,0,1,0,0,0,0,1,0,,LEGACY_NEEDS_SOURCE_OR_STRUCTURING,MEDIUM,NOT_PUBLIC_OR_PREVIEW
2597,FENALÅR (SUŠENI BUT JANJETA),fenalar-suseni-but-janjeta,publish,https://drycured.com/recepti-baza/fenalar-suseni-but-janjeta/,17,1,0,0,1,0,1,1,1,1,0,,CONTRACT_BUILD_CANDIDATE_MARKDOWN_ONLY,LOW_TO_MEDIUM,PUBLIC_NO_META_FALLBACK_FOUND
2598,SPEKESKINKE (NORŠKA PRŠUTA),spekeskinke-norska-prsuta,publish,https://drycured.com/recepti-baza/spekeskinke-norska-prsuta/,17,1,0,0,1,0,1,1,1,1,0,,CONTRACT_BUILD_CANDIDATE_MARKDOWN_ONLY,LOW_TO_MEDIUM,PUBLIC_NO_META_FALLBACK_FOUND
2599,PINNEKJØTT (SUŠENA REBRA),pinnekjott-susena-rebra,draft,https://drycured.com/?post_type=dry_recipe&p=2599,6,0,0,0,1,0,0,0,0,1,0,,LEGACY_NEEDS_SOURCE_OR_STRUCTURING,MEDIUM,NOT_PUBLIC_OR_PREVIEW
2600,MORR (NORVEŠKA KOBASICA),morr-norveska-kobasica,publish,https://drycured.com/recepti-baza/morr-norveska-kobasica/,17,1,0,0,1,0,1,1,1,1,0,,CONTRACT_BUILD_CANDIDATE_MARKDOWN_ONLY,LOW_TO_MEDIUM,PUBLIC_NO_META_FALLBACK_FOUND
2601,RØKELAKS (DIMLJENI LOSOS),rokelaks-dimljeni-losos,draft,https://drycured.com/?post_type=dry_recipe&p=2601,6,0,0,0,1,0,0,0,0,1,0,,LEGACY_NEEDS_SOURCE_OR_STRUCTURING,MEDIUM,NOT_PUBLIC_OR_PREVIEW
2602,Đakovački Specijalni Fermentirani Vrat,dakovacki-specijalni-fermentirani-vrat,draft,https://drycured.com/?post_type=dry_recipe&p=2602,6,0,0,0,1,0,0,0,0,1,0,,LEGACY_NEEDS_SOURCE_OR_STRUCTURING,MEDIUM,NOT_PUBLIC_OR_PREVIEW
2603,Vinkovački Aromatični Začinski Špek,vinkovacki-aromaticni-zacinski-spek,publish,https://drycured.com/recepti-baza/vinkovacki-aromaticni-zacinski-spek/,17,1,0,0,1,0,1,1,1,1,0,,CONTRACT_BUILD_CANDIDATE_MARKDOWN_ONLY,LOW_TO_MEDIUM,PUBLIC_NO_META_FALLBACK_FOUND
2604,Osiječki Ljuti Začinski Vrat s Divljim Travkama,osijecki-ljuti-zacinski-vrat-s-divljim-travkama,publish,https://drycured.com/recepti-baza/osijecki-ljuti-zacinski-vrat-s-divljim-travkama/,17,1,0,0,1,0,1,1,1,1,0,,CONTRACT_BUILD_CANDIDATE_MARKDOWN_ONLY,LOW_TO_MEDIUM,PUBLIC_NO_META_FALLBACK_FOUND
2605,Privatno: Podunavski Specijalni Fermentirani Špek,podunavski-specijalni-fermentirani-spek,private,https://drycured.com/?post_type=dry_recipe&p=2605,15,1,0,0,1,0,1,1,1,1,0,,CONTRACT_BUILD_CANDIDATE_MARKDOWN_ONLY,LOW_TO_MEDIUM,NOT_PUBLIC_OR_PREVIEW
2606,Požeški Aromatični Sušeni Vrat s Divljim Travkama,pozeski-aromaticni-suseni-vrat-s-divljim-travkama,publish,https://drycured.com/recepti-baza/pozeski-aromaticni-suseni-vrat-s-divljim-travkama/,17,1,0,0,1,0,1,1,1,1,0,,CONTRACT_BUILD_CANDIDATE_MARKDOWN_ONLY,LOW_TO_MEDIUM,PUBLIC_NO_META_FALLBACK_FOUND
2607,Privatno: Çiğ Köfte (Fermentirana mesna smjesa za sirovo konzumiranje),cig-kofte-fermentirana-mesna-smjesa-za-sirovo-konzumiranje,private,https://drycured.com/?post_type=dry_recipe&p=2607,15,1,0,0,1,0,1,1,1,1,0,,CONTRACT_BUILD_CANDIDATE_MARKDOWN_ONLY,LOW_TO_MEDIUM,NOT_PUBLIC_OR_PREVIEW
2608,Kuru Et (Suho meso sa smrekom),kuru-et-suho-meso-sa-smrekom,publish,https://drycured.com/recepti-baza/kuru-et-suho-meso-sa-smrekom/,17,1,0,0,1,0,1,1,1,1,0,,CONTRACT_BUILD_CANDIDATE_MARKDOWN_ONLY,LOW_TO_MEDIUM,PUBLIC_NO_META_FALLBACK_FOUND
2609,Kuşbaşı Jerky (Turski goveđi jerky),kusbasi-jerky-turski-govedi-jerky,draft,https://drycured.com/?post_type=dry_recipe&p=2609,6,0,0,0,1,0,0,1,1,1,0,,LEGACY_NEEDS_SOURCE_OR_STRUCTURING,MEDIUM,NOT_PUBLIC_OR_PREVIEW
2610,Tulum Peyniri Dolgulu Et (Meso punjeno sirom),tulum-peyniri-dolgulu-et-meso-punjeno-sirom,publish,https://drycured.com/recepti-baza/tulum-peyniri-dolgulu-et-meso-punjeno-sirom/,17,1,0,0,1,0,1,1,1,1,0,,CONTRACT_BUILD_CANDIDATE_MARKDOWN_ONLY,LOW_TO_MEDIUM,PUBLIC_NO_META_FALLBACK_FOUND
2611,Işkembe Dolması (Punjeni goveđi burag),iskembe-dolmasi-punjeni-govedi-burag,draft,https://drycured.com/?post_type=dry_recipe&p=2611,6,0,0,0,1,0,0,0,0,1,0,,LEGACY_NEEDS_SOURCE_OR_STRUCTURING,MEDIUM,NOT_PUBLIC_OR_PREVIEW
2612,Varaždinski Š(p)ek,varazdinski-spek,draft,https://drycured.com/?post_type=dry_recipe&p=2612,6,0,0,0,1,0,0,0,0,1,0,,LEGACY_NEEDS_SOURCE_OR_STRUCTURING,MEDIUM,NOT_PUBLIC_OR_PREVIEW
2613,Đurđevački Zelenjak,durdevacki-zelenjak,draft,https://drycured.com/?post_type=dry_recipe&p=2613,6,0,0,0,1,0,0,0,0,1,0,,LEGACY_NEEDS_SOURCE_OR_STRUCTURING,MEDIUM,NOT_PUBLIC_OR_PREVIEW
2614,Virovski Čvarci,virovski-cvarci,publish,https://drycured.com/recepti-baza/virovski-cvarci/,17,1,0,0,1,0,1,1,1,1,0,,CONTRACT_BUILD_CANDIDATE_MARKDOWN_ONLY,LOW_TO_MEDIUM,PUBLIC_NO_META_FALLBACK_FOUND
2615,Privatno: SALCESON OZORKOWY (POLJSKA TLAČENICA),salceson-ozorkowy-poljska-tlacenica,private,https://drycured.com/?post_type=dry_recipe&p=2615,15,1,0,0,1,0,1,0,1,1,0,,CONTRACT_BUILD_CANDIDATE_MARKDOWN_ONLY,MEDIUM,NOT_PUBLIC_OR_PREVIEW
2616,BALERON (POLJSKA DIMLJENA VRATINA),baleron-poljska-dimljena-vratina,publish,https://drycured.com/recepti-baza/baleron-poljska-dimljena-vratina/,17,1,0,0,1,0,1,1,1,1,0,,CONTRACT_BUILD_CANDIDATE_MARKDOWN_ONLY,LOW_TO_MEDIUM,PUBLIC_NO_META_FALLBACK_FOUND
2617,Privatno: PASZTETOWA (POLJSKA JETRENA PAŠTETA U CRIJEVU),pasztetowa-poljska-jetrena-pasteta-u-crijevu,private,https://drycured.com/?post_type=dry_recipe&p=2617,15,1,0,0,1,0,1,1,1,1,0,,CONTRACT_BUILD_CANDIDATE_MARKDOWN_ONLY,LOW_TO_MEDIUM,NOT_PUBLIC_OR_PREVIEW
2618,KIEŁBASA WĘDZONA (DIMLJENA POLJSKA KOBASICA),kielbasa-wedzona-dimljena-poljska-kobasica,draft,https://drycured.com/?post_type=dry_recipe&p=2618,6,0,0,0,1,0,1,1,1,1,0,,LEGACY_NEEDS_SOURCE_OR_STRUCTURING,LOW_TO_MEDIUM,NOT_PUBLIC_OR_PREVIEW
2619,Privatno: POLĘDWICA SOPOCKA (SUŠENA SVINJSKA PEČENICA),poledwica-sopocka-susena-svinjska-pecenica,private,https://drycured.com/?post_type=dry_recipe&p=2619,15,1,0,0,1,0,1,1,1,1,0,,CONTRACT_BUILD_CANDIDATE_MARKDOWN_ONLY,LOW_TO_MEDIUM,NOT_PUBLIC_OR_PREVIEW
2620,SZYNKA WĘDZONA (DIMLJENA ŠUNKA),szynka-wedzona-dimljena-sunka,publish,https://drycured.com/recepti-baza/szynka-wedzona-dimljena-sunka/,17,1,0,0,1,0,1,1,1,1,0,,CONTRACT_BUILD_CANDIDATE_MARKDOWN_ONLY,LOW_TO_MEDIUM,PUBLIC_NO_META_FALLBACK_FOUND
2621,BOCZEK WĘDZONY (DIMLJENA SLANINA),boczek-wedzony-dimljena-slanina,publish,https://drycured.com/recepti-baza/boczek-wedzony-dimljena-slanina/,17,1,0,0,1,0,1,1,1,1,0,,CONTRACT_BUILD_CANDIDATE_MARKDOWN_ONLY,LOW_TO_MEDIUM,PUBLIC_NO_META_FALLBACK_FOUND
2622,Chouriço Tradicional Português (Tradicionalna portugalska kobasica),chourico-tradicional-portugues-tradicionalna-portugalska-kobasica,publish,https://drycured.com/recepti-baza/chourico-tradicional-portugues-tradicionalna-portugalska-kobasica/,17,1,0,0,1,0,1,1,1,1,0,,CONTRACT_BUILD_CANDIDATE_MARKDOWN_ONLY,LOW_TO_MEDIUM,PUBLIC_NO_META_FALLBACK_FOUND
2623,Presunto Português (Portugalska pršuta),presunto-portugues-portugalska-prsuta,publish,https://drycured.com/recepti-baza/presunto-portugues-portugalska-prsuta/,17,1,0,0,1,0,1,1,1,1,0,,CONTRACT_BUILD_CANDIDATE_MARKDOWN_ONLY,LOW_TO_MEDIUM,PUBLIC_NO_META_FALLBACK_FOUND
2624,Paio Alentejano (Alentejanska kobasica),paio-alentejano-alentejanska-kobasica,publish,https://drycured.com/recepti-baza/paio-alentejano-alentejanska-kobasica/,17,1,0,0,1,0,1,1,1,1,0,,CONTRACT_BUILD_CANDIDATE_MARKDOWN_ONLY,LOW_TO_MEDIUM,PUBLIC_NO_META_FALLBACK_FOUND
2625,Farinheira Alentejana (Kobasica s brašnom iz Alenteja),farinheira-alentejana-kobasica-s-brasnom-iz-alenteja,publish,https://drycured.com/recepti-baza/farinheira-alentejana-kobasica-s-brasnom-iz-alenteja/,17,1,0,0,1,0,1,1,1,1,0,,CONTRACT_BUILD_CANDIDATE_MARKDOWN_ONLY,LOW_TO_MEDIUM,PUBLIC_NO_META_FALLBACK_FOUND
2626,Presunto de Porco Preto (Pršut od Crne Iberijske Svinje),,pending,https://drycured.com/?post_type=dry_recipe&p=2626,5,0,0,0,1,0,0,0,0,1,0,,LEGACY_NEEDS_SOURCE_OR_STRUCTURING,MEDIUM,NOT_PUBLIC_OR_PREVIEW
2627,Chouriço de Vinho (Kobasica s Vinom),chourico-de-vinho-kobasica-s-vinom,publish,https://drycured.com/recepti-baza/chourico-de-vinho-kobasica-s-vinom/,17,1,0,0,1,0,1,1,1,1,0,,CONTRACT_BUILD_CANDIDATE_MARKDOWN_ONLY,LOW_TO_MEDIUM,PUBLIC_NO_META_FALLBACK_FOUND
2628,Paio do Alentejo (Alentejo Dimljena Kobasica),paio-do-alentejo-alentejo-dimljena-kobasica,publish,https://drycured.com/recepti-baza/paio-do-alentejo-alentejo-dimljena-kobasica/,17,1,0,0,1,0,1,1,1,1,0,,CONTRACT_BUILD_CANDIDATE_MARKDOWN_ONLY,LOW_TO_MEDIUM,PUBLIC_NO_META_FALLBACK_FOUND
2629,Alheira de Mirandela (Kobasica iz Mirandele),alheira-de-mirandela-kobasica-iz-mirandele,publish,https://drycured.com/recepti-baza/alheira-de-mirandela-kobasica-iz-mirandele/,17,1,0,0,1,0,1,1,1,1,0,,CONTRACT_BUILD_CANDIDATE_MARKDOWN_ONLY,LOW_TO_MEDIUM,PUBLIC_NO_META_FALLBACK_FOUND
2630,Dalmatinski Pršut (Pršut s Kaštelanskog polja),,pending,https://drycured.com/?post_type=dry_recipe&p=2630,5,0,0,0,1,0,0,0,0,1,0,,LEGACY_NEEDS_SOURCE_OR_STRUCTURING,MEDIUM,NOT_PUBLIC_OR_PREVIEW
2631,Rovinjska Kobasica,rovinjska-kobasica,publish,https://drycured.com/recepti-baza/rovinjska-kobasica/,17,1,0,0,1,0,1,1,1,1,0,,CONTRACT_BUILD_CANDIDATE_MARKDOWN_ONLY,LOW_TO_MEDIUM,PUBLIC_NO_META_FALLBACK_FOUND
2632,Krčki Sir-Kobasica,krcki-sir-kobasica,publish,https://drycured.com/recepti-baza/krcki-sir-kobasica/,17,1,0,0,1,0,1,1,1,1,0,,CONTRACT_BUILD_CANDIDATE_MARKDOWN_ONLY,LOW_TO_MEDIUM,PUBLIC_NO_META_FALLBACK_FOUND
2633,Senjska Šunka,senjska-sunka,publish,https://drycured.com/recepti-baza/senjska-sunka/,17,1,0,0,1,0,1,1,1,1,0,,CONTRACT_BUILD_CANDIDATE_MARKDOWN_ONLY,LOW_TO_MEDIUM,PUBLIC_NO_META_FALLBACK_FOUND
2634,Povijesni kontekst suhomesnatih proizvoda u Podravini,,pending,https://drycured.com/?post_type=dry_recipe&p=2634,5,0,0,0,1,0,0,0,0,1,0,,LEGACY_NEEDS_SOURCE_OR_STRUCTURING,MEDIUM,NOT_PUBLIC_OR_PREVIEW
2635,Dubinska analiza odabranih recepata,,pending,https://drycured.com/?post_type=dry_recipe&p=2635,5,0,0,0,1,0,0,0,0,1,0,,LEGACY_NEEDS_SOURCE_OR_STRUCTURING,MEDIUM,NOT_PUBLIC_OR_PREVIEW
2636,Izazovi očuvanja tradicije,,pending,https://drycured.com/?post_type=dry_recipe&p=2636,5,0,0,0,1,0,0,0,0,1,0,,LEGACY_NEEDS_SOURCE_OR_STRUCTURING,MEDIUM,NOT_PUBLIC_OR_PREVIEW
2637,Tradicionalni Thüringer Schinken (Tirinška šunka),tradicionalni-thuringer-schinken-tirinska-sunka,publish,https://drycured.com/recepti-baza/tradicionalni-thuringer-schinken-tirinska-sunka/,17,1,0,0,1,0,1,1,1,1,0,,CONTRACT_BUILD_CANDIDATE_MARKDOWN_ONLY,LOW_TO_MEDIUM,PUBLIC_NO_META_FALLBACK_FOUND
2638,Bavarski Bierschinken (Šunka od piva),bavarski-bierschinken-sunka-od-piva,publish,https://drycured.com/recepti-baza/bavarski-bierschinken-sunka-od-piva/,28,1,0,0,1,0,1,1,1,1,0,,CONTRACT_BUILD_CANDIDATE_MARKDOWN_ONLY,LOW_TO_MEDIUM,PUBLIC_NO_META_FALLBACK_FOUND
2639,Zalatina (Ζαλατίνα) &#8211; Ciparski hladetinasti svinjski narezak,zalatina-%ce%b6%ce%b1%ce%bb%ce%b1%cf%84%ce%af%ce%bd%ce%b1-ciparski-hladetinasti-svinjski-narezak,draft,https://drycured.com/?post_type=dry_recipe&p=2639,6,0,0,0,1,0,0,0,0,1,0,,LEGACY_NEEDS_SOURCE_OR_STRUCTURING,MEDIUM,NOT_PUBLIC_OR_PREVIEW
2640,Lountza Kafteri (Λούντζα Καυτερή) &#8211; Ljuta dimljena svinjska vratina,,pending,https://drycured.com/?post_type=dry_recipe&p=2640,5,0,0,0,1,0,0,0,0,1,0,,LEGACY_NEEDS_SOURCE_OR_STRUCTURING,MEDIUM,NOT_PUBLIC_OR_PREVIEW
2641,Posyrti (Ποσυρτή) &#8211; Ciparska suha kobasica s divljim biljem,,pending,https://drycured.com/?post_type=dry_recipe&p=2641,5,0,0,0,1,0,1,1,1,1,0,,LEGACY_NEEDS_SOURCE_OR_STRUCTURING,LOW_TO_MEDIUM,NOT_PUBLIC_OR_PREVIEW
2642,Afelia Pastarma (Αφέλια Παστάρμα) &#8211; Ciparska marinirana goveđa pisanica,afelia-pastarma-%ce%b1%cf%86%ce%ad%ce%bb%ce%b9%ce%b1-%cf%80%ce%b1%cf%83%cf%84%ce%ac%cf%81%ce%bc%ce%b1-ciparska-marinirana-goveda-pisanica,draft,https://drycured.com/?post_type=dry_recipe&p=2642,6,0,0,0,1,0,0,0,1,1,0,,LEGACY_NEEDS_SOURCE_OR_STRUCTURING,MEDIUM,NOT_PUBLIC_OR_PREVIEW
2643,Ofto Lountza (Οφτή Λούντζα) &#8211; Ciparska zračno sušena janjetina,,pending,https://drycured.com/?post_type=dry_recipe&p=2643,5,0,0,0,1,0,0,0,0,1,0,,LEGACY_NEEDS_SOURCE_OR_STRUCTURING,MEDIUM,NOT_PUBLIC_OR_PREVIEW
2644,Privatno: Fažanski morski salamur (Specijalitet s morskom travom),fazanski-morski-salamur-specijalitet-s-morskom-travom,private,https://drycured.com/?post_type=dry_recipe&p=2644,15,1,0,0,1,0,1,1,1,1,2,prema receptu,CONTRACT_BUILD_CANDIDATE_MARKDOWN_ONLY,LOW_TO_MEDIUM,NOT_PUBLIC_OR_PREVIEW
2645,Viganjska kobasica od divlje svinje s tavom,viganjska-kobasica-od-divlje-svinje-s-tavom,publish,https://drycured.com/recepti-baza/viganjska-kobasica-od-divlje-svinje-s-tavom/,17,1,0,0,1,0,1,1,1,1,0,,CONTRACT_BUILD_CANDIDATE_MARKDOWN_ONLY,LOW_TO_MEDIUM,PUBLIC_NO_META_FALLBACK_FOUND
2646,Privatno: Bujski janjetinski specijalitet s lavandom,bujski-janjetinski-specijalitet-s-lavandom,private,https://drycured.com/?post_type=dry_recipe&p=2646,15,1,0,0,1,0,1,1,1,1,0,,CONTRACT_BUILD_CANDIDATE_MARKDOWN_ONLY,LOW_TO_MEDIUM,NOT_PUBLIC_OR_PREVIEW
2647,Privatno: Pazinski specijalitet od kozjeg mesa s kestenom,pazinski-specijalitet-od-kozjeg-mesa-s-kestenom,private,https://drycured.com/?post_type=dry_recipe&p=2647,15,1,0,0,1,0,1,1,1,1,2,prema receptu,CONTRACT_BUILD_CANDIDATE_MARKDOWN_ONLY,LOW_TO_MEDIUM,NOT_PUBLIC_OR_PREVIEW
2648,Privatno: Rovinjski specijalitet od sardele s ružom,rovinjski-specijalitet-od-sardele-s-ruzom,private,https://drycured.com/?post_type=dry_recipe&p=2648,15,1,0,0,1,0,1,1,1,1,2,prema receptu,CONTRACT_BUILD_CANDIDATE_MARKDOWN_ONLY,LOW_TO_MEDIUM,NOT_PUBLIC_OR_PREVIEW
2649,Stara Koprivnička Salama &#8220;Šokačka Priča&#8221;,,pending,https://drycured.com/?post_type=dry_recipe&p=2649,5,0,0,0,1,0,0,0,0,1,0,,LEGACY_NEEDS_SOURCE_OR_STRUCTURING,MEDIUM,NOT_PUBLIC_OR_PREVIEW
2650,Virovski &#8220;Živi Čvarci&#8221;,,pending,https://drycured.com/?post_type=dry_recipe&p=2650,5,0,0,0,1,0,0,0,1,1,0,,LEGACY_NEEDS_SOURCE_OR_STRUCTURING,MEDIUM,NOT_PUBLIC_OR_PREVIEW
2651,Ludbreška &#8220;Tajna Kobasica&#8221;,,pending,https://drycured.com/?post_type=dry_recipe&p=2651,5,0,0,0,1,0,0,0,1,1,0,,LEGACY_NEEDS_SOURCE_OR_STRUCTURING,MEDIUM,NOT_PUBLIC_OR_PREVIEW
2652,Đurđevački &#8220;Zaboravljeni Š(p)ek&#8221;,,pending,https://drycured.com/?post_type=dry_recipe&p=2652,5,0,0,0,1,0,0,0,0,1,0,,LEGACY_NEEDS_SOURCE_OR_STRUCTURING,MEDIUM,NOT_PUBLIC_OR_PREVIEW
2653,Pitomački &#8220;Divlji Kulen&#8221;,,pending,https://drycured.com/?post_type=dry_recipe&p=2653,5,0,0,0,1,0,0,0,0,1,0,,LEGACY_NEEDS_SOURCE_OR_STRUCTURING,MEDIUM,NOT_PUBLIC_OR_PREVIEW
2654,Pregradski &#8220;Šumski Šaptat&#8221;,,pending,https://drycured.com/?post_type=dry_recipe&p=2654,5,0,0,0,1,0,0,0,0,1,0,,LEGACY_NEEDS_SOURCE_OR_STRUCTURING,MEDIUM,NOT_PUBLIC_OR_PREVIEW
2655,Križevački &#8220;Začinski Vjetar&#8221;,,pending,https://drycured.com/?post_type=dry_recipe&p=2655,5,0,0,0,1,0,0,0,0,1,0,,LEGACY_NEEDS_SOURCE_OR_STRUCTURING,MEDIUM,NOT_PUBLIC_OR_PREVIEW
2656,Našički &#8220;Ratarski Sjećaj&#8221;,,pending,https://drycured.com/?post_type=dry_recipe&p=2656,5,0,0,0,1,0,0,0,0,1,0,,LEGACY_NEEDS_SOURCE_OR_STRUCTURING,MEDIUM,NOT_PUBLIC_OR_PREVIEW
2657,Draževački &#8220;Veteranski Sjećaj&#8221;,,pending,https://drycured.com/?post_type=dry_recipe&p=2657,5,0,0,0,1,0,0,0,0,1,0,,LEGACY_NEEDS_SOURCE_OR_STRUCTURING,MEDIUM,NOT_PUBLIC_OR_PREVIEW
2658,Kalničkog &#8220;Gorski Trag&#8221;,,pending,https://drycured.com/?post_type=dry_recipe&p=2658,5,0,0,0,1,0,0,0,0,1,0,,LEGACY_NEEDS_SOURCE_OR_STRUCTURING,MEDIUM,NOT_PUBLIC_OR_PREVIEW
2659,Podravski &#8220;Zaboravljeni Vrbovec&#8221;,,pending,https://drycured.com/?post_type=dry_recipe&p=2659,5,0,0,0,1,0,0,0,0,1,0,,LEGACY_NEEDS_SOURCE_OR_STRUCTURING,MEDIUM,NOT_PUBLIC_OR_PREVIEW
2660,Koprivnički &#8220;Seoski Izvor&#8221;,,pending,https://drycured.com/?post_type=dry_recipe&p=2660,5,0,0,0,1,0,0,0,1,1,0,,LEGACY_NEEDS_SOURCE_OR_STRUCTURING,MEDIUM,NOT_PUBLIC_OR_PREVIEW
2661,Đurđevački &#8220;Ribarski Sjaj&#8221;,,pending,https://drycured.com/?post_type=dry_recipe&p=2661,5,0,0,0,1,0,0,0,0,1,0,,LEGACY_NEEDS_SOURCE_OR_STRUCTURING,MEDIUM,NOT_PUBLIC_OR_PREVIEW
2662,Ludbreški &#8220;Planinski Trag&#8221;,,pending,https://drycured.com/?post_type=dry_recipe&p=2662,5,0,0,0,1,0,0,0,0,1,0,,LEGACY_NEEDS_SOURCE_OR_STRUCTURING,MEDIUM,NOT_PUBLIC_OR_PREVIEW
2663,Virovski &#8220;Šumski Biseri&#8221;,,pending,https://drycured.com/?post_type=dry_recipe&p=2663,5,0,0,0,1,0,0,0,0,1,0,,LEGACY_NEEDS_SOURCE_OR_STRUCTURING,MEDIUM,NOT_PUBLIC_OR_PREVIEW
2664,BABIC (Tradicionalna babić kobasica),babic-tradicionalna-babic-kobasica,publish,https://drycured.com/recepti-baza/babic-tradicionalna-babic-kobasica/,17,1,0,0,1,0,1,1,1,1,0,,CONTRACT_BUILD_CANDIDATE_MARKDOWN_ONLY,LOW_TO_MEDIUM,PUBLIC_NO_META_FALLBACK_FOUND
2665,MUȘCHI ȚIGĂNESC (Ciganski vrat),muschi-tiganesc-ciganski-vrat,publish,https://drycured.com/recepti-baza/muschi-tiganesc-ciganski-vrat/,17,1,0,0,1,0,1,1,1,1,0,,CONTRACT_BUILD_CANDIDATE_MARKDOWN_ONLY,LOW_TO_MEDIUM,PUBLIC_NO_META_FALLBACK_FOUND
2666,CÂRNAȚI DE BURDUF (Sirnate kobasice),carnati-de-burduf-sirnate-kobasice,publish,https://drycured.com/recepti-baza/carnati-de-burduf-sirnate-kobasice/,17,1,0,0,1,0,1,1,1,1,0,,CONTRACT_BUILD_CANDIDATE_MARKDOWN_ONLY,LOW_TO_MEDIUM,PUBLIC_NO_META_FALLBACK_FOUND
2667,ȘUNCĂ DE MANGALIȚA AFUMATĂ (Dimljena mangulica šunka),sunca-de-mangalita-afumata-dimljena-mangulica-sunka,publish,https://drycured.com/recepti-baza/sunca-de-mangalita-afumata-dimljena-mangulica-sunka/,17,1,0,0,1,0,1,1,1,1,0,,CONTRACT_BUILD_CANDIDATE_MARKDOWN_ONLY,LOW_TO_MEDIUM,PUBLIC_NO_META_FALLBACK_FOUND
2668,CÂRNAŢI DE PLEŞCOI (Pleščojske kobasice),carnati-de-plescoi-plescojske-kobasice,publish,https://drycured.com/recepti-baza/carnati-de-plescoi-plescojske-kobasice/,17,1,0,0,1,0,1,1,1,1,0,,CONTRACT_BUILD_CANDIDATE_MARKDOWN_ONLY,LOW_TO_MEDIUM,PUBLIC_NO_META_FALLBACK_FOUND
2669,Privatno: TOBĂ (Tradidicionalna rumunjska tlačenica),toba-tradidicionalna-rumunjska-tlacenica,private,https://drycured.com/?post_type=dry_recipe&p=2669,15,1,0,0,1,0,1,0,1,1,0,,CONTRACT_BUILD_CANDIDATE_MARKDOWN_ONLY,MEDIUM,NOT_PUBLIC_OR_PREVIEW
2670,GHIUDEM (Suha kobasica od ovčetine),ghiudem-suha-kobasica-od-ovcetine,publish,https://drycured.com/recepti-baza/ghiudem-suha-kobasica-od-ovcetine/,17,1,0,0,1,0,1,1,1,1,0,,CONTRACT_BUILD_CANDIDATE_MARKDOWN_ONLY,LOW_TO_MEDIUM,PUBLIC_NO_META_FALLBACK_FOUND
2671,Basturma (Бастурма &#8211; Začinjeno sušeno goveđe meso),basturma-%d0%b1%d0%b0%d1%81%d1%82%d1%83%d1%80%d0%bc%d0%b0-zacinjeno-suseno-govede-meso,draft,https://drycured.com/?post_type=dry_recipe&p=2671,6,0,0,0,1,0,0,1,1,1,0,,LEGACY_NEEDS_SOURCE_OR_STRUCTURING,MEDIUM,NOT_PUBLIC_OR_PREVIEW
2672,Koryushka (Корюшка &#8211; Dimljena mala riba),koryushka-%d0%ba%d0%be%d1%80%d1%8e%d1%88%d0%ba%d0%b0-dimljena-mala-riba,draft,https://drycured.com/?post_type=dry_recipe&p=2672,6,0,0,0,1,0,0,0,0,1,0,,LEGACY_NEEDS_SOURCE_OR_STRUCTURING,MEDIUM,NOT_PUBLIC_OR_PREVIEW
2673,Svinaya Vyrezka (Свиная вырезка &#8211; Sušeni svinjski file),svinaya-vyrezka-%d1%81%d0%b2%d0%b8%d0%bd%d0%b0%d1%8f-%d0%b2%d1%8b%d1%80%d0%b5%d0%b7%d0%ba%d0%b0-suseni-svinjski-file,draft,https://drycured.com/?post_type=dry_recipe&p=2673,6,0,0,0,1,0,0,0,1,1,0,,LEGACY_NEEDS_SOURCE_OR_STRUCTURING,MEDIUM,NOT_PUBLIC_OR_PREVIEW
2674,Vetchina (Ветчина &#8211; Domaća kuhana šunka),vetchina-%d0%b2%d0%b5%d1%82%d1%87%d0%b8%d0%bd%d0%b0-domaca-kuhana-sunka,draft,https://drycured.com/?post_type=dry_recipe&p=2674,6,0,0,0,1,0,0,0,1,1,0,,LEGACY_NEEDS_SOURCE_OR_STRUCTURING,MEDIUM,NOT_PUBLIC_OR_PREVIEW
2675,Sadržaj,,pending,https://drycured.com/?post_type=dry_recipe&p=2675,5,0,0,0,1,0,0,0,0,1,0,,LEGACY_NEEDS_SOURCE_OR_STRUCTURING,MEDIUM,NOT_PUBLIC_OR_PREVIEW
2676,Napomena o danskoj Medister kobasici,,pending,https://drycured.com/?post_type=dry_recipe&p=2676,5,0,0,0,1,0,0,0,0,1,0,,LEGACY_NEEDS_SOURCE_OR_STRUCTURING,MEDIUM,NOT_PUBLIC_OR_PREVIEW
2677,? Savjeti za serviranje:,,pending,https://drycured.com/?post_type=dry_recipe&p=2677,5,0,0,0,1,0,0,0,0,1,0,,LEGACY_NEEDS_SOURCE_OR_STRUCTURING,MEDIUM,NOT_PUBLIC_OR_PREVIEW
2678,Sastojci za 4 kg smjese:,sastojci-za-4-kg-smjese,draft,https://drycured.com/?post_type=dry_recipe&p=2678,6,0,0,0,1,0,1,1,0,1,0,,LEGACY_NEEDS_SOURCE_OR_STRUCTURING,LOW_TO_MEDIUM,NOT_PUBLIC_OR_PREVIEW
2679,Napomena o belgijskom Boudin Blanc,,pending,https://drycured.com/?post_type=dry_recipe&p=2679,5,0,0,0,1,0,0,0,0,1,0,,LEGACY_NEEDS_SOURCE_OR_STRUCTURING,MEDIUM,NOT_PUBLIC_OR_PREVIEW
2680,ŠKOTSKI STOVIES MEAT (KONZERVIRANO USOLJENO MESO),skotski-stovies-meat-konzervirano-usoljeno-meso,draft,https://drycured.com/?post_type=dry_recipe&p=2680,6,0,0,0,1,0,0,0,1,1,0,,LEGACY_NEEDS_SOURCE_OR_STRUCTURING,MEDIUM,NOT_PUBLIC_OR_PREVIEW
2681,Privatno: FORFAR BRIDIE (ŠKOTSKA MESNA PAŠTETA),forfar-bridie-skotska-mesna-pasteta,private,https://drycured.com/?post_type=dry_recipe&p=2681,15,1,0,0,1,0,1,1,1,1,0,,CONTRACT_BUILD_CANDIDATE_MARKDOWN_ONLY,LOW_TO_MEDIUM,NOT_PUBLIC_OR_PREVIEW
2682,HIGHLAND VENISON HAM (DIMLJENA ŠUNKA OD JELENA),highland-venison-ham-dimljena-sunka-od-jelena,publish,https://drycured.com/recepti-baza/highland-venison-ham-dimljena-sunka-od-jelena/,17,1,0,0,1,0,1,1,1,1,0,,CONTRACT_BUILD_CANDIDATE_MARKDOWN_ONLY,LOW_TO_MEDIUM,PUBLIC_NO_META_FALLBACK_FOUND
2683,EDINBURGH POTTED HOG (KONZERVIRANO SVINJSKO MESO),edinburgh-potted-hog-konzervirano-svinjsko-meso,publish,https://drycured.com/recepti-baza/edinburgh-potted-hog-konzervirano-svinjsko-meso/,17,1,0,0,1,0,1,1,1,1,0,,CONTRACT_BUILD_CANDIDATE_MARKDOWN_ONLY,LOW_TO_MEDIUM,PUBLIC_NO_META_FALLBACK_FOUND
2684,ŠKOTSKI HAGGIS,skotski-haggis,publish,https://drycured.com/recepti-baza/skotski-haggis/,17,1,0,0,1,0,1,1,1,1,0,,CONTRACT_BUILD_CANDIDATE_MARKDOWN_ONLY,LOW_TO_MEDIUM,PUBLIC_NO_META_FALLBACK_FOUND
2685,Privatno: ŠKOTSKI BLACK PUDDING (KRVAVICA),skotski-black-pudding-krvavica,private,https://drycured.com/?post_type=dry_recipe&p=2685,15,1,0,0,1,0,1,1,1,1,0,,CONTRACT_BUILD_CANDIDATE_MARKDOWN_ONLY,LOW_TO_MEDIUM,NOT_PUBLIC_OR_PREVIEW
2687,AYRSHIRE PRESAVICA (AYRSHIRE MIDDLE CUT),ayrshire-presavica-ayrshire-middle-cut,publish,https://drycured.com/recepti-baza/ayrshire-presavica-ayrshire-middle-cut/,17,1,0,0,1,0,1,1,1,1,0,,CONTRACT_BUILD_CANDIDATE_MARKDOWN_ONLY,LOW_TO_MEDIUM,PUBLIC_NO_META_FALLBACK_FOUND
2688,HIGHLANDS JERKY (SUŠENA DIVLJAČ),highlands-jerky-susena-divljac,publish,https://drycured.com/recepti-baza/highlands-jerky-susena-divljac/,17,1,0,0,1,0,1,1,1,1,0,,CONTRACT_BUILD_CANDIDATE_MARKDOWN_ONLY,LOW_TO_MEDIUM,PUBLIC_NO_META_FALLBACK_FOUND
2689,KopačkiRib Začinska Štruca,kopackirib-zacinska-struca,publish,https://drycured.com/recepti-baza/kopackirib-zacinska-struca/,17,1,0,0,1,0,1,1,1,1,0,,CONTRACT_BUILD_CANDIDATE_MARKDOWN_ONLY,LOW_TO_MEDIUM,PUBLIC_NO_META_FALLBACK_FOUND
2690,Đakovačka Pihtijana Kobasica,,pending,https://drycured.com/?post_type=dry_recipe&p=2690,5,0,0,0,1,0,0,0,0,1,0,,LEGACY_NEEDS_SOURCE_OR_STRUCTURING,MEDIUM,NOT_PUBLIC_OR_PREVIEW
2691,Valpovačka Zimska Devenica,valpovacka-zimska-devenica,publish,https://drycured.com/recepti-baza/valpovacka-zimska-devenica/,17,1,0,0,1,0,1,1,1,1,0,,CONTRACT_BUILD_CANDIDATE_MARKDOWN_ONLY,LOW_TO_MEDIUM,PUBLIC_NO_META_FALLBACK_FOUND
2692,Požeška Začinska Štruca,pozeska-zacinska-struca,publish,https://drycured.com/recepti-baza/pozeska-zacinska-struca/,17,1,0,0,1,0,1,1,1,1,0,,CONTRACT_BUILD_CANDIDATE_MARKDOWN_ONLY,LOW_TO_MEDIUM,PUBLIC_NO_META_FALLBACK_FOUND
2693,Osječki Začinski Špek,osjecki-zacinski-spek,publish,https://drycured.com/recepti-baza/osjecki-zacinski-spek/,17,1,0,0,1,0,1,1,1,1,0,,CONTRACT_BUILD_CANDIDATE_MARKDOWN_ONLY,LOW_TO_MEDIUM,PUBLIC_NO_META_FALLBACK_FOUND
2694,Požeški Pikantni Vrat,pozeski-pikantni-vrat,publish,https://drycured.com/recepti-baza/pozeski-pikantni-vrat/,17,1,0,0,1,0,1,1,1,1,0,,CONTRACT_BUILD_CANDIDATE_MARKDOWN_ONLY,LOW_TO_MEDIUM,PUBLIC_NO_META_FALLBACK_FOUND
2695,Slavonsko-Brodski Ljuti Čvarci,slavonsko-brodski-ljuti-cvarci,publish,https://drycured.com/recepti-baza/slavonsko-brodski-ljuti-cvarci/,17,1,0,0,1,0,1,1,1,1,0,,CONTRACT_BUILD_CANDIDATE_MARKDOWN_ONLY,LOW_TO_MEDIUM,PUBLIC_NO_META_FALLBACK_FOUND
2696,Nasički Fermentirani Vrat,nasicki-fermentirani-vrat,publish,https://drycured.com/recepti-baza/nasicki-fermentirani-vrat/,17,1,0,0,1,0,1,1,1,1,0,,CONTRACT_BUILD_CANDIDATE_MARKDOWN_ONLY,LOW_TO_MEDIUM,PUBLIC_NO_META_FALLBACK_FOUND
2697,Baranjska Ljuta Slavonska Kobasica,baranjska-ljuta-slavonska-kobasica,publish,https://drycured.com/recepti-baza/baranjska-ljuta-slavonska-kobasica/,17,1,0,0,1,0,1,1,1,1,0,,CONTRACT_BUILD_CANDIDATE_MARKDOWN_ONLY,LOW_TO_MEDIUM,PUBLIC_NO_META_FALLBACK_FOUND
2698,Slavonska Domaća Suhomesnata Salama,slavonska-domaca-suhomesnata-salama,publish,https://drycured.com/recepti-baza/slavonska-domaca-suhomesnata-salama/,17,1,0,0,1,0,1,1,1,1,0,,CONTRACT_BUILD_CANDIDATE_MARKDOWN_ONLY,LOW_TO_MEDIUM,PUBLIC_NO_META_FALLBACK_FOUND
2699,Baranjska Fermenetirana Kobasica,baranjska-fermenetirana-kobasica,publish,https://drycured.com/recepti-baza/baranjska-fermenetirana-kobasica/,17,1,0,0,1,0,1,1,1,1,0,,CONTRACT_BUILD_CANDIDATE_MARKDOWN_ONLY,LOW_TO_MEDIUM,PUBLIC_NO_META_FALLBACK_FOUND
2700,Privatno: Osječka Specijalna Suhomesnata Salama,osjecka-specijalna-suhomesnata-salama,private,https://drycured.com/?post_type=dry_recipe&p=2700,15,1,0,0,1,0,1,1,1,1,0,,CONTRACT_BUILD_CANDIDATE_MARKDOWN_ONLY,LOW_TO_MEDIUM,NOT_PUBLIC_OR_PREVIEW
2701,Vukovarska Tradicionalna Kobasica,vukovarska-tradicionalna-kobasica,publish,https://drycured.com/recepti-baza/vukovarska-tradicionalna-kobasica/,17,1,0,0,1,0,1,1,1,1,0,,CONTRACT_BUILD_CANDIDATE_MARKDOWN_ONLY,LOW_TO_MEDIUM,PUBLIC_NO_META_FALLBACK_FOUND
2702,Baranjski Začinski Špek s Pustara Začinima,baranjski-zacinski-spek-s-pustara-zacinima,publish,https://drycured.com/recepti-baza/baranjski-zacinski-spek-s-pustara-zacinima/,17,1,0,0,1,0,1,1,1,1,0,,CONTRACT_BUILD_CANDIDATE_MARKDOWN_ONLY,LOW_TO_MEDIUM,PUBLIC_NO_META_FALLBACK_FOUND
2703,Erdutski Fermentirani Vrat s Podunavskim Začinima,erdutski-fermentirani-vrat-s-podunavskim-zacinima,publish,https://drycured.com/recepti-baza/erdutski-fermentirani-vrat-s-podunavskim-zacinima/,17,1,0,0,1,0,1,1,1,1,0,,CONTRACT_BUILD_CANDIDATE_MARKDOWN_ONLY,LOW_TO_MEDIUM,PUBLIC_NO_META_FALLBACK_FOUND
2704,Osječko-Baranjski Ljuti Špek s Divljim Travama,osjecko-baranjski-ljuti-spek-s-divljim-travama,publish,https://drycured.com/recepti-baza/osjecko-baranjski-ljuti-spek-s-divljim-travama/,17,1,0,0,1,0,1,1,1,1,0,,CONTRACT_BUILD_CANDIDATE_MARKDOWN_ONLY,LOW_TO_MEDIUM,PUBLIC_NO_META_FALLBACK_FOUND
2705,Vukovarski Fermentirani Vrat s Podunavskim Začinima,vukovarski-fermentirani-vrat-s-podunavskim-zacinima,publish,https://drycured.com/recepti-baza/vukovarski-fermentirani-vrat-s-podunavskim-zacinima/,17,1,0,0,1,0,1,1,1,1,0,,CONTRACT_BUILD_CANDIDATE_MARKDOWN_ONLY,LOW_TO_MEDIUM,PUBLIC_NO_META_FALLBACK_FOUND
2706,Privatno: Tradicijski Baranjski Specijalni Fermentirani Špek,tradicijski-baranjski-specijalni-fermentirani-spek,private,https://drycured.com/?post_type=dry_recipe&p=2706,15,1,0,0,1,0,1,1,1,1,0,,CONTRACT_BUILD_CANDIDATE_MARKDOWN_ONLY,LOW_TO_MEDIUM,NOT_PUBLIC_OR_PREVIEW
2707,Klobása (slovačka kobasica),klobasa-slovacka-kobasica,publish,https://drycured.com/recepti-baza/klobasa-slovacka-kobasica/,17,1,0,0,1,0,1,1,1,1,0,,CONTRACT_BUILD_CANDIDATE_MARKDOWN_ONLY,LOW_TO_MEDIUM,PUBLIC_NO_META_FALLBACK_FOUND
2708,Údené mäso (dimljeno meso),udene-maso-dimljeno-meso,publish,https://drycured.com/recepti-baza/udene-maso-dimljeno-meso/,17,1,0,0,1,0,1,1,1,1,0,,CONTRACT_BUILD_CANDIDATE_MARKDOWN_ONLY,LOW_TO_MEDIUM,PUBLIC_NO_META_FALLBACK_FOUND
2709,Privatno: Huspenina (slovačka hladetina),huspenina-slovacka-hladetina,private,https://drycured.com/?post_type=dry_recipe&p=2709,15,1,0,0,1,0,1,0,1,1,0,,CONTRACT_BUILD_CANDIDATE_MARKDOWN_ONLY,MEDIUM,NOT_PUBLIC_OR_PREVIEW
2710,Privatno: Jaternice (slovačke krvavice),jaternice-slovacke-krvavice,private,https://drycured.com/?post_type=dry_recipe&p=2710,15,1,0,0,1,0,1,1,1,1,0,,CONTRACT_BUILD_CANDIDATE_MARKDOWN_ONLY,LOW_TO_MEDIUM,NOT_PUBLIC_OR_PREVIEW
2711,Privatno: Posoška bunka,pososka-bunka,private,https://drycured.com/?post_type=dry_recipe&p=2711,15,1,0,0,1,0,1,1,1,1,0,,CONTRACT_BUILD_CANDIDATE_MARKDOWN_ONLY,LOW_TO_MEDIUM,NOT_PUBLIC_OR_PREVIEW
2712,Koroška tunka,koroska-tunka,publish,https://drycured.com/recepti-baza/koroska-tunka/,17,1,0,0,1,0,1,1,1,1,0,,CONTRACT_BUILD_CANDIDATE_MARKDOWN_ONLY,LOW_TO_MEDIUM,PUBLIC_NO_META_FALLBACK_FOUND
2713,Zasavska klobasa (Zasavska kobasica),zasavska-klobasa-zasavska-kobasica,publish,https://drycured.com/recepti-baza/zasavska-klobasa-zasavska-kobasica/,17,1,0,0,1,0,1,1,1,1,0,,CONTRACT_BUILD_CANDIDATE_MARKDOWN_ONLY,LOW_TO_MEDIUM,PUBLIC_NO_META_FALLBACK_FOUND
2714,Prleška tünka,prleska-tunka,publish,https://drycured.com/recepti-baza/prleska-tunka/,17,1,0,0,1,0,1,1,1,1,0,,CONTRACT_BUILD_CANDIDATE_MARKDOWN_ONLY,LOW_TO_MEDIUM,PUBLIC_NO_META_FALLBACK_FOUND
2715,Idrijsko kosilo,idrijsko-kosilo,publish,https://drycured.com/recepti-baza/idrijsko-kosilo/,17,1,0,0,1,0,1,1,1,1,0,,CONTRACT_BUILD_CANDIDATE_MARKDOWN_ONLY,LOW_TO_MEDIUM,PUBLIC_NO_META_FALLBACK_FOUND
2716,Privatno: Dolenjska tlačenka (prezvuršt),dolenjska-tlacenka-prezvurst,private,https://drycured.com/?post_type=dry_recipe&p=2716,15,1,0,0,1,0,1,0,1,1,0,,CONTRACT_BUILD_CANDIDATE_MARKDOWN_ONLY,MEDIUM,NOT_PUBLIC_OR_PREVIEW
2717,Savinjski želodec (Savinjski želudac),savinjski-zelodec-savinjski-zeludac,publish,https://drycured.com/recepti-baza/savinjski-zelodec-savinjski-zeludac/,17,1,0,0,1,0,1,1,1,1,0,,CONTRACT_BUILD_CANDIDATE_MARKDOWN_ONLY,LOW_TO_MEDIUM,PUBLIC_NO_META_FALLBACK_FOUND
2718,Prekmurska šunka,prekmurska-sunka,publish,https://drycured.com/recepti-baza/prekmurska-sunka/,17,1,0,0,1,0,1,1,1,1,0,,CONTRACT_BUILD_CANDIDATE_MARKDOWN_ONLY,LOW_TO_MEDIUM,PUBLIC_NO_META_FALLBACK_FOUND
2719,Zgornjesavinjski želodec,,pending,https://drycured.com/?post_type=dry_recipe&p=2719,5,0,0,0,1,0,0,0,1,1,0,,LEGACY_NEEDS_SOURCE_OR_STRUCTURING,MEDIUM,NOT_PUBLIC_OR_PREVIEW
2720,Lomo Embuchado &#8211; Začinjena Suha Svinjska Leđa,lomo-embuchado-zacinjena-suha-svinjska-leda,draft,https://drycured.com/?post_type=dry_recipe&p=2720,6,0,0,0,1,0,1,1,1,1,0,,LEGACY_NEEDS_SOURCE_OR_STRUCTURING,LOW_TO_MEDIUM,NOT_PUBLIC_OR_PREVIEW
2721,Cecina de León &#8211; Sušena Goveđa Cecina,,pending,https://drycured.com/?post_type=dry_recipe&p=2721,5,0,0,0,1,0,0,0,1,1,0,,LEGACY_NEEDS_SOURCE_OR_STRUCTURING,MEDIUM,NOT_PUBLIC_OR_PREVIEW
2722,Crnogorska Pršuta (Njeguška pršuta),crnogorska-prsuta-njeguska-prsuta,publish,https://drycured.com/recepti-baza/crnogorska-prsuta-njeguska-prsuta/,17,1,0,0,1,0,1,1,1,1,0,,CONTRACT_BUILD_CANDIDATE_MARKDOWN_ONLY,LOW_TO_MEDIUM,PUBLIC_NO_META_FALLBACK_FOUND
2723,Crnogorska Kastradina,crnogorska-kastradina,publish,https://drycured.com/recepti-baza/crnogorska-kastradina/,17,1,0,0,1,0,1,1,1,1,0,,CONTRACT_BUILD_CANDIDATE_MARKDOWN_ONLY,LOW_TO_MEDIUM,PUBLIC_NO_META_FALLBACK_FOUND
2724,PRINSKORV (ŠVEDSKE TANKE DIMLJENE KOBASICE),prinskorv-svedske-tanke-dimljene-kobasice,publish,https://drycured.com/recepti-baza/prinskorv-svedske-tanke-dimljene-kobasice/,17,1,0,0,1,0,1,1,1,1,0,,CONTRACT_BUILD_CANDIDATE_MARKDOWN_ONLY,LOW_TO_MEDIUM,PUBLIC_NO_META_FALLBACK_FOUND
2725,FLÄSKLÄGG (DIMLJENA SVINJSKA KOLJENICA),flasklagg-dimljena-svinjska-koljenica,publish,https://drycured.com/recepti-baza/flasklagg-dimljena-svinjska-koljenica/,17,1,0,0,1,0,1,1,1,1,0,,CONTRACT_BUILD_CANDIDATE_MARKDOWN_ONLY,LOW_TO_MEDIUM,PUBLIC_NO_META_FALLBACK_FOUND
2726,ÖLÄNDSK GETKORV (ÖLANDSKA KOZJA KOBASICA),olandsk-getkorv-olandska-kozja-kobasica,publish,https://drycured.com/recepti-baza/olandsk-getkorv-olandska-kozja-kobasica/,17,1,0,0,1,0,1,1,1,1,0,,CONTRACT_BUILD_CANDIDATE_MARKDOWN_ONLY,LOW_TO_MEDIUM,PUBLIC_NO_META_FALLBACK_FOUND
2727,KRONOBERGSKORV (KRONOBERGŠKA KOBASICA),kronobergskorv-kronobergska-kobasica,publish,https://drycured.com/recepti-baza/kronobergskorv-kronobergska-kobasica/,17,1,0,0,1,0,1,1,1,1,0,,CONTRACT_BUILD_CANDIDATE_MARKDOWN_ONLY,LOW_TO_MEDIUM,PUBLIC_NO_META_FALLBACK_FOUND
2728,VÄRMLANDSKORV (VÄRMLANDSKA DIMLJENA KOBASICA),varmlandskorv-varmlandska-dimljena-kobasica,publish,https://drycured.com/recepti-baza/varmlandskorv-varmlandska-dimljena-kobasica/,17,1,0,0,1,0,1,1,1,1,0,,CONTRACT_BUILD_CANDIDATE_MARKDOWN_ONLY,LOW_TO_MEDIUM,PUBLIC_NO_META_FALLBACK_FOUND
2729,FALUKORV (TRADICIONALNA ŠVEDSKA KOBASICA),falukorv-tradicionalna-svedska-kobasica,publish,https://drycured.com/recepti-baza/falukorv-tradicionalna-svedska-kobasica/,17,1,0,0,1,0,1,1,1,1,0,,CONTRACT_BUILD_CANDIDATE_MARKDOWN_ONLY,LOW_TO_MEDIUM,PUBLIC_NO_META_FALLBACK_FOUND
2730,GRAVAD LAX (ŠVEDSKI GRAVLJENI LOSOS),gravad-lax-svedski-gravljeni-losos,publish,https://drycured.com/recepti-baza/gravad-lax-svedski-gravljeni-losos/,16,1,0,0,1,0,1,1,1,1,0,,CONTRACT_BUILD_CANDIDATE_MARKDOWN_ONLY,LOW_TO_MEDIUM,PUBLIC_NO_META_FALLBACK_FOUND
2731,JULSKINKA (ŠVEDSKA BOŽIĆNA ŠUNKA),julskinka-svedska-bozicna-sunka,draft,https://drycured.com/?post_type=dry_recipe&p=2731,6,0,0,0,1,0,0,0,0,1,0,,LEGACY_NEEDS_SOURCE_OR_STRUCTURING,MEDIUM,NOT_PUBLIC_OR_PREVIEW
2732,ISTERBAND (ŠVEDSKA FERMENTIRANA KOBASICA),isterband-svedska-fermentirana-kobasica,publish,https://drycured.com/recepti-baza/isterband-svedska-fermentirana-kobasica/,17,1,0,0,1,0,1,1,1,1,0,,CONTRACT_BUILD_CANDIDATE_MARKDOWN_ONLY,LOW_TO_MEDIUM,PUBLIC_NO_META_FALLBACK_FOUND
2733,SPICKESKINKA (ŠVEDSKA SUHA ŠUNKA),spickeskinka-svedska-suha-sunka,publish,https://drycured.com/recepti-baza/spickeskinka-svedska-suha-sunka/,17,1,0,0,1,0,1,1,1,1,0,,CONTRACT_BUILD_CANDIDATE_MARKDOWN_ONLY,LOW_TO_MEDIUM,PUBLIC_NO_META_FALLBACK_FOUND
2734,ENGADINER HATECLETT (SUŠENI KOZJI BUT),engadiner-hateclett-suseni-kozji-but,draft,https://drycured.com/?post_type=dry_recipe&p=2734,6,0,0,0,1,0,0,0,1,1,0,,LEGACY_NEEDS_SOURCE_OR_STRUCTURING,MEDIUM,NOT_PUBLIC_OR_PREVIEW
2735,Privatno: BASLER LÄBERLI (SUHA JETRENA KOBASICA IZ BASELA),basler-laberli-suha-jetrena-kobasica-iz-basela,private,https://drycured.com/?post_type=dry_recipe&p=2735,15,1,0,0,1,0,1,1,1,1,0,,CONTRACT_BUILD_CANDIDATE_MARKDOWN_ONLY,LOW_TO_MEDIUM,NOT_PUBLIC_OR_PREVIEW
2736,GLARNER KALBERWURST (TELEĆA KOBASICA IZ GLARUSA),glarner-kalberwurst-teleca-kobasica-iz-glarusa,publish,https://drycured.com/recepti-baza/glarner-kalberwurst-teleca-kobasica-iz-glarusa/,17,1,0,0,1,0,1,1,1,1,0,,CONTRACT_BUILD_CANDIDATE_MARKDOWN_ONLY,LOW_TO_MEDIUM,PUBLIC_NO_META_FALLBACK_FOUND
2737,CHURER SALSIZ (DIVLJAČKA KOBASICA IZ CHURA),churer-salsiz-divljacka-kobasica-iz-chura,publish,https://drycured.com/recepti-baza/churer-salsiz-divljacka-kobasica-iz-chura/,17,1,0,0,1,0,1,1,1,1,0,,CONTRACT_BUILD_CANDIDATE_MARKDOWN_ONLY,LOW_TO_MEDIUM,PUBLIC_NO_META_FALLBACK_FOUND
2738,Privatno: TESSINER LUGANIGHETTA (SVJEŽA KOBASICA IZ TICINA),tessiner-luganighetta-svjeza-kobasica-iz-ticina,private,https://drycured.com/?post_type=dry_recipe&p=2738,15,1,0,0,1,0,1,1,1,1,0,,CONTRACT_BUILD_CANDIDATE_MARKDOWN_ONLY,LOW_TO_MEDIUM,NOT_PUBLIC_OR_PREVIEW
2739,ZUGER HIRSCHTROCKENWURST (KOBASICA OD JELENA IZ ZUGA),zuger-hirschtrockenwurst-kobasica-od-jelena-iz-zuga,draft,https://drycured.com/?post_type=dry_recipe&p=2739,6,0,0,0,1,0,1,1,0,1,0,,LEGACY_NEEDS_SOURCE_OR_STRUCTURING,LOW_TO_MEDIUM,NOT_PUBLIC_OR_PREVIEW
2740,SCHAFFHAUSER SCHÜBLIG (DIMLJENA GOVEĐA KOBASICA),schaffhauser-schublig-dimljena-goveda-kobasica,draft,https://drycured.com/?post_type=dry_recipe&p=2740,6,0,0,0,1,0,1,1,1,1,0,,LEGACY_NEEDS_SOURCE_OR_STRUCTURING,LOW_TO_MEDIUM,NOT_PUBLIC_OR_PREVIEW
2741,AARGAUER RÜEBLIWURST (MESNATA KOBASICA S MRKVOM),aargauer-ruebliwurst-mesnata-kobasica-s-mrkvom,publish,https://drycured.com/recepti-baza/aargauer-ruebliwurst-mesnata-kobasica-s-mrkvom/,17,1,0,0,1,0,1,1,1,1,0,,CONTRACT_BUILD_CANDIDATE_MARKDOWN_ONLY,LOW_TO_MEDIUM,PUBLIC_NO_META_FALLBACK_FOUND
2742,BÜNDNERFLEISCH (GRAUBÜNDENSKI SUŠENI GOVEĐI BUT),bundnerfleisch-graubundenski-suseni-govedi-but,draft,https://drycured.com/?post_type=dry_recipe&p=2742,6,0,0,0,1,0,0,0,1,1,0,,LEGACY_NEEDS_SOURCE_OR_STRUCTURING,MEDIUM,NOT_PUBLIC_OR_PREVIEW
2743,APPENZELLER MOSTBRÖCKLI (DIMLJENA GOVEDINA),,pending,https://drycured.com/?post_type=dry_recipe&p=2743,5,0,0,0,1,0,0,0,1,1,0,,LEGACY_NEEDS_SOURCE_OR_STRUCTURING,MEDIUM,NOT_PUBLIC_OR_PREVIEW
2744,WALLISER TROCKENFLEISCH (SUŠENA GOVEDINA IZ VALAISA),walliser-trockenfleisch-susena-govedina-iz-valaisa,publish,https://drycured.com/recepti-baza/walliser-trockenfleisch-susena-govedina-iz-valaisa/,17,1,0,0,1,0,1,1,1,1,0,,CONTRACT_BUILD_CANDIDATE_MARKDOWN_ONLY,LOW_TO_MEDIUM,PUBLIC_NO_META_FALLBACK_FOUND
2745,SALSIZ (ALPSKA SUHA KOBASICA),salsiz-alpska-suha-kobasica,publish,https://drycured.com/recepti-baza/salsiz-alpska-suha-kobasica/,17,1,0,0,1,0,1,1,1,1,0,,CONTRACT_BUILD_CANDIDATE_MARKDOWN_ONLY,LOW_TO_MEDIUM,PUBLIC_NO_META_FALLBACK_FOUND
2746,CULATELLO DI ZIBELLO,culatello-di-zibello,publish,https://drycured.com/recepti-baza/culatello-di-zibello/,17,1,0,0,1,0,1,1,1,1,0,,CONTRACT_BUILD_CANDIDATE_MARKDOWN_ONLY,LOW_TO_MEDIUM,PUBLIC_NO_META_FALLBACK_FOUND
2747,LONZINO (LOMBO),lonzino-lombo,publish,https://drycured.com/recepti-baza/lonzino-lombo/,17,1,0,0,1,0,1,1,1,1,0,,CONTRACT_BUILD_CANDIDATE_MARKDOWN_ONLY,LOW_TO_MEDIUM,PUBLIC_NO_META_FALLBACK_FOUND
2748,Napomena o posebnosti Lorne kobasice,,pending,https://drycured.com/?post_type=dry_recipe&p=2748,5,0,0,0,1,0,0,0,0,1,0,,LEGACY_NEEDS_SOURCE_OR_STRUCTURING,MEDIUM,NOT_PUBLIC_OR_PREVIEW
2749,? Savjeti za konzumaciju:,,pending,https://drycured.com/?post_type=dry_recipe&p=2749,5,0,0,0,1,0,0,0,0,1,0,,LEGACY_NEEDS_SOURCE_OR_STRUCTURING,MEDIUM,NOT_PUBLIC_OR_PREVIEW
2750,Herzegovina Livanjska Devenica,,pending,https://drycured.com/?post_type=dry_recipe&p=2750,5,0,0,0,1,0,1,0,0,1,0,,LEGACY_NEEDS_SOURCE_OR_STRUCTURING,MEDIUM,NOT_PUBLIC_OR_PREVIEW
2751,Tuzlanski Švargli,,pending,https://drycured.com/?post_type=dry_recipe&p=2751,5,0,0,0,1,0,1,0,0,1,0,,LEGACY_NEEDS_SOURCE_OR_STRUCTURING,MEDIUM,NOT_PUBLIC_OR_PREVIEW
2752,Zeleni Burek Kobasica (Specifičnost Cazinske doline),,pending,https://drycured.com/?post_type=dry_recipe&p=2752,5,0,0,0,1,0,0,0,0,1,0,,LEGACY_NEEDS_SOURCE_OR_STRUCTURING,MEDIUM,NOT_PUBLIC_OR_PREVIEW
2753,Mostarsko Zrno &#8211; Unikatna Mesna Kombinacija,,pending,https://drycured.com/?post_type=dry_recipe&p=2753,5,0,0,0,1,0,0,0,0,1,0,,LEGACY_NEEDS_SOURCE_OR_STRUCTURING,MEDIUM,NOT_PUBLIC_OR_PREVIEW
2754,Regije i Status Istraživanja,,pending,https://drycured.com/?post_type=dry_recipe&p=2754,5,0,0,0,1,0,0,0,0,1,0,,LEGACY_NEEDS_SOURCE_OR_STRUCTURING,MEDIUM,NOT_PUBLIC_OR_PREVIEW
2755,Metodologija Istraživanja,,pending,https://drycured.com/?post_type=dry_recipe&p=2755,5,0,0,0,1,0,0,0,0,1,0,,LEGACY_NEEDS_SOURCE_OR_STRUCTURING,MEDIUM,NOT_PUBLIC_OR_PREVIEW
2756,Ciljevi Projekta,,pending,https://drycured.com/?post_type=dry_recipe&p=2756,5,0,0,0,1,0,0,0,0,1,0,,LEGACY_NEEDS_SOURCE_OR_STRUCTURING,MEDIUM,NOT_PUBLIC_OR_PREVIEW
2757,Kontakt i Suradnja,,pending,https://drycured.com/?post_type=dry_recipe&p=2757,5,0,0,0,1,0,0,0,0,1,0,,LEGACY_NEEDS_SOURCE_OR_STRUCTURING,MEDIUM,NOT_PUBLIC_OR_PREVIEW
2758,Polendvytsia (Полендвиця) &#8211; Sušeni svinjski file,polendvytsia-%d0%bf%d0%be%d0%bb%d0%b5%d0%bd%d0%b4%d0%b2%d0%b8%d1%86%d1%8f-suseni-svinjski-file,draft,https://drycured.com/?post_type=dry_recipe&p=2758,6,0,0,0,1,0,0,0,1,1,0,,LEGACY_NEEDS_SOURCE_OR_STRUCTURING,MEDIUM,NOT_PUBLIC_OR_PREVIEW
2759,Pashtetna (Паштетна) &#8211; Pečena mesna pašteta,pashtetna-%d0%bf%d0%b0%d1%88%d1%82%d0%b5%d1%82%d0%bd%d0%b0-pecena-mesna-pasteta-2,draft,https://drycured.com/?post_type=dry_recipe&p=2759,6,0,0,0,1,0,0,0,0,1,0,,LEGACY_NEEDS_SOURCE_OR_STRUCTURING,MEDIUM,NOT_PUBLIC_OR_PREVIEW
2760,Miasnyi Khlib (М&#8217;ясний хліб) &#8211; Mesni kruh,miasnyi-khlib-%d0%bc%d1%8f%d1%81%d0%bd%d0%b8%d0%b9-%d1%85%d0%bb%d1%96%d0%b1-mesni-kruh,draft,https://drycured.com/?post_type=dry_recipe&p=2760,6,0,0,0,1,0,0,0,1,1,0,,LEGACY_NEEDS_SOURCE_OR_STRUCTURING,MEDIUM,NOT_PUBLIC_OR_PREVIEW
2761,Dimlenyi Yazyk (Димлений язик) &#8211; Dimljeni goveđi jezik,dimlenyi-yazyk-%d0%b4%d0%b8%d0%bc%d0%bb%d0%b5%d0%bd%d0%b8%d0%b9-%d1%8f%d0%b7%d0%b8%d0%ba-dimljeni-govedi-jezik,draft,https://drycured.com/?post_type=dry_recipe&p=2761,6,0,0,0,1,0,0,0,0,1,0,,LEGACY_NEEDS_SOURCE_OR_STRUCTURING,MEDIUM,NOT_PUBLIC_OR_PREVIEW
2762,Salo (Сало) &#8211; Ukrajinska slanina,salo-%d1%81%d0%b0%d0%bb%d0%be-ukrajinska-slanina-2,draft,https://drycured.com/?post_type=dry_recipe&p=2762,6,0,0,0,1,0,0,0,1,1,0,,LEGACY_NEEDS_SOURCE_OR_STRUCTURING,MEDIUM,NOT_PUBLIC_OR_PREVIEW
2763,Domašnja Kovbasa (Домашня ковбаса) &#8211; Domaća kobasica,domasnja-kovbasa-%d0%b4%d0%be%d0%bc%d0%b0%d1%88%d0%bd%d1%8f-%d0%ba%d0%be%d0%b2%d0%b1%d0%b0%d1%81%d0%b0-domaca-kobasica-2,draft,https://drycured.com/?post_type=dry_recipe&p=2763,6,0,0,0,1,0,1,0,1,1,0,,LEGACY_NEEDS_SOURCE_OR_STRUCTURING,MEDIUM,NOT_PUBLIC_OR_PREVIEW
2764,Buženina (Буженина) &#8211; Pečena i sušena svinjetina,buzenina-%d0%b1%d1%83%d0%b6%d0%b5%d0%bd%d0%b8%d0%bd%d0%b0-pecena-i-susena-svinjetina,draft,https://drycured.com/?post_type=dry_recipe&p=2764,6,0,0,0,1,0,0,0,1,1,0,,LEGACY_NEEDS_SOURCE_OR_STRUCTURING,MEDIUM,NOT_PUBLIC_OR_PREVIEW
2765,Kholodets (Холодець) &#8211; Hladetina od mesa,kholodets-%d1%85%d0%be%d0%bb%d0%be%d0%b4%d0%b5%d1%86%d1%8c-hladetina-od-mesa-2,draft,https://drycured.com/?post_type=dry_recipe&p=2765,6,0,0,0,1,0,0,0,1,1,0,,LEGACY_NEEDS_SOURCE_OR_STRUCTURING,MEDIUM,NOT_PUBLIC_OR_PREVIEW
2766,Solonina (Солонина) &#8211; Salamurena govedina,solonina-%d1%81%d0%be%d0%bb%d0%be%d0%bd%d0%b8%d0%bd%d0%b0-salamurena-govedina-2,draft,https://drycured.com/?post_type=dry_recipe&p=2766,6,0,0,0,1,0,0,0,0,1,0,,LEGACY_NEEDS_SOURCE_OR_STRUCTURING,MEDIUM,NOT_PUBLIC_OR_PREVIEW
2767,Geografski i klimatski kontekst,,pending,https://drycured.com/?post_type=dry_recipe&p=2767,5,0,0,0,1,0,0,0,0,1,0,,LEGACY_NEEDS_SOURCE_OR_STRUCTURING,MEDIUM,NOT_PUBLIC_OR_PREVIEW
2768,Najznačajniji suhomesnati proizvodi,,pending,https://drycured.com/?post_type=dry_recipe&p=2768,5,0,0,0,1,0,0,0,0,1,0,,LEGACY_NEEDS_SOURCE_OR_STRUCTURING,MEDIUM,NOT_PUBLIC_OR_PREVIEW
2769,Kulturni značaj,,pending,https://drycured.com/?post_type=dry_recipe&p=2769,5,0,0,0,1,0,0,0,0,1,0,,LEGACY_NEEDS_SOURCE_OR_STRUCTURING,MEDIUM,NOT_PUBLIC_OR_PREVIEW
2770,Izazovi i budućnost,,pending,https://drycured.com/?post_type=dry_recipe&p=2770,5,0,0,0,1,0,0,0,0,1,0,,LEGACY_NEEDS_SOURCE_OR_STRUCTURING,MEDIUM,NOT_PUBLIC_OR_PREVIEW
2771,Zaključak,,pending,https://drycured.com/?post_type=dry_recipe&p=2771,5,0,0,0,1,0,0,0,0,1,0,,LEGACY_NEEDS_SOURCE_OR_STRUCTURING,MEDIUM,NOT_PUBLIC_OR_PREVIEW
2772,Privatno: Pâté de Campagne (Seljački pašteta),pate-de-campagne-seljacki-pasteta,private,https://drycured.com/?post_type=dry_recipe&p=2772,15,1,0,0,1,0,1,1,1,1,0,,CONTRACT_BUILD_CANDIDATE_MARKDOWN_ONLY,LOW_TO_MEDIUM,NOT_PUBLIC_OR_PREVIEW
2773,Privatno: Boudin Noir (Krvavica),boudin-noir-krvavica,private,https://drycured.com/?post_type=dry_recipe&p=2773,15,1,0,0,1,0,1,1,1,1,0,,CONTRACT_BUILD_CANDIDATE_MARKDOWN_ONLY,LOW_TO_MEDIUM,NOT_PUBLIC_OR_PREVIEW
2774,Jambon Persillé (Šunka u želeu s peršinom),jambon-persille-sunka-u-zeleu-s-persinom,publish,https://drycured.com/recepti-baza/jambon-persille-sunka-u-zeleu-s-persinom/,17,1,0,0,1,0,1,1,1,1,0,,CONTRACT_BUILD_CANDIDATE_MARKDOWN_ONLY,LOW_TO_MEDIUM,PUBLIC_NO_META_FALLBACK_FOUND
2775,Cervelas de Lyon (Lionska kobasica),,pending,https://drycured.com/?post_type=dry_recipe&p=2775,5,0,0,0,1,0,1,1,1,1,0,,LEGACY_NEEDS_SOURCE_OR_STRUCTURING,LOW_TO_MEDIUM,NOT_PUBLIC_OR_PREVIEW
2776,Privatno: Kepeninė dešra (Litavska jetrena kobasica),kepenine-desra-litavska-jetrena-kobasica,private,https://drycured.com/?post_type=dry_recipe&p=2776,15,1,0,0,1,0,1,1,1,1,0,,CONTRACT_BUILD_CANDIDATE_MARKDOWN_ONLY,LOW_TO_MEDIUM,NOT_PUBLIC_OR_PREVIEW
2777,Privatno: Kulen iz Požeške doline &#8211; Specijalna varijanta s divljim začinima,kulen-iz-pozeske-doline-specijalna-varijanta-s-divljim-zacinima,private,https://drycured.com/?post_type=dry_recipe&p=2777,15,1,0,0,1,0,1,1,1,1,0,,CONTRACT_BUILD_CANDIDATE_MARKDOWN_ONLY,LOW_TO_MEDIUM,NOT_PUBLIC_OR_PREVIEW
2778,Čvarci s Papuka &#8211; Planinski recept,cvarci-s-papuka-planinski-recept,publish,https://drycured.com/recepti-baza/cvarci-s-papuka-planinski-recept/,17,1,0,0,1,0,1,1,1,1,0,,CONTRACT_BUILD_CANDIDATE_MARKDOWN_ONLY,LOW_TO_MEDIUM,PUBLIC_NO_META_FALLBACK_FOUND
2779,Slavonski cviček (suhomesnati narez),slavonski-cvicek-suhomesnati-narez,publish,https://drycured.com/recepti-baza/slavonski-cvicek-suhomesnati-narez/,17,1,0,0,1,0,1,1,1,1,0,,CONTRACT_BUILD_CANDIDATE_MARKDOWN_ONLY,LOW_TO_MEDIUM,PUBLIC_NO_META_FALLBACK_FOUND
2780,Slavonski pikantni vrat,slavonski-pikantni-vrat,publish,https://drycured.com/recepti-baza/slavonski-pikantni-vrat/,17,1,0,0,1,0,1,1,1,1,0,,CONTRACT_BUILD_CANDIDATE_MARKDOWN_ONLY,LOW_TO_MEDIUM,PUBLIC_NO_META_FALLBACK_FOUND
2781,Esencijalni slavonski sušeni vrat s divljim začinima,esencijalni-slavonski-suseni-vrat-s-divljim-zacinima,publish,https://drycured.com/recepti-baza/esencijalni-slavonski-suseni-vrat-s-divljim-zacinima/,17,1,0,0,1,0,1,1,1,1,0,,CONTRACT_BUILD_CANDIDATE_MARKDOWN_ONLY,LOW_TO_MEDIUM,PUBLIC_NO_META_FALLBACK_FOUND
2782,Coppa Piacentina &#8211; Piacentinska Coppa,,pending,https://drycured.com/?post_type=dry_recipe&p=2782,5,0,0,0,1,0,0,0,1,1,0,,LEGACY_NEEDS_SOURCE_OR_STRUCTURING,MEDIUM,NOT_PUBLIC_OR_PREVIEW
2783,Nduja Calabrese &#8211; Kalabrijska Nduja,nduja-calabrese-kalabrijska-nduja-2,draft,https://drycured.com/?post_type=dry_recipe&p=2783,6,0,0,0,1,0,1,1,1,1,0,,LEGACY_NEEDS_SOURCE_OR_STRUCTURING,LOW_TO_MEDIUM,NOT_PUBLIC_OR_PREVIEW
2784,Guanciale Romano &#8211; Rimski Guanciale,guanciale-romano-rimski-guanciale-2,draft,https://drycured.com/?post_type=dry_recipe&p=2784,6,0,0,0,1,0,0,0,1,1,0,,LEGACY_NEEDS_SOURCE_OR_STRUCTURING,MEDIUM,NOT_PUBLIC_OR_PREVIEW
2785,SALAME MILANO &#8211; MILANSKA SALAMA,salame-milano-milanska-salama-2,draft,https://drycured.com/?post_type=dry_recipe&p=2785,6,0,0,0,1,0,1,1,1,1,0,,LEGACY_NEEDS_SOURCE_OR_STRUCTURING,LOW_TO_MEDIUM,NOT_PUBLIC_OR_PREVIEW
2786,COPPA (CAPOCOLLO) &#8211; TALIJANSKA VRATINA,coppa-capocollo-talijanska-vratina-2,draft,https://drycured.com/?post_type=dry_recipe&p=2786,6,0,0,0,1,0,1,0,1,1,0,,LEGACY_NEEDS_SOURCE_OR_STRUCTURING,MEDIUM,NOT_PUBLIC_OR_PREVIEW
2859,IstARSKA KOBASICA,istarska-kobasica-2,draft,https://drycured.com/?post_type=dry_recipe&p=2859,7,0,0,0,1,0,1,0,0,1,0,,LEGACY_NEEDS_SOURCE_OR_STRUCTURING,MEDIUM,NOT_PUBLIC_OR_PREVIEW
2860,Šokačka kobasica by Davor,sokacka-kobasica-by-davor,draft,https://drycured.com/?post_type=dry_recipe&p=2860,7,0,0,0,1,0,1,0,1,1,0,,LEGACY_NEEDS_SOURCE_OR_STRUCTURING,MEDIUM,NOT_PUBLIC_OR_PREVIEW
2972,Slavonski kulen (PDO EU),hr-sl-001-slavonski-kulen-pdo-eu,publish,https://drycured.com/recepti-baza/hr-sl-001-slavonski-kulen-pdo-eu/,36,1,1,1,0,0,1,1,1,1,0,,CONTRACT_BUILD_CANDIDATE_HIGH,LOW_TO_MEDIUM,PUBLIC_NO_META_FALLBACK_FOUND
2973,Kulenova seka,hr-sl-002-kulenova-seka,publish,https://drycured.com/recepti-baza/hr-sl-002-kulenova-seka/,50,1,1,1,0,0,1,1,1,1,0,,CONTRACT_BUILD_CANDIDATE_HIGH,LOW_TO_MEDIUM,PUBLIC_NO_META_FALLBACK_FOUND
2974,Baranjski kulen (ZOZP EU),hr-sl-003-baranjski-kulen-zozp-eu,publish,https://drycured.com/recepti-baza/hr-sl-003-baranjski-kulen-zozp-eu/,39,1,1,1,0,0,1,1,1,1,0,,CONTRACT_BUILD_CANDIDATE_HIGH,LOW_TO_MEDIUM,PUBLIC_NO_META_FALLBACK_FOUND
2975,Đakovački kulen,hr-sl-004-dakovacki-kulen,publish,https://drycured.com/recepti-baza/hr-sl-004-dakovacki-kulen/,39,1,1,1,0,0,1,1,1,1,0,,CONTRACT_BUILD_CANDIDATE_HIGH,LOW_TO_MEDIUM,PUBLIC_NO_META_FALLBACK_FOUND
2976,Slavonska domaća kobasica,hr-sl-005-slavonska-domaca-kobasica,publish,https://drycured.com/recepti-baza/hr-sl-005-slavonska-domaca-kobasica/,39,1,1,1,0,0,1,1,1,1,0,,CONTRACT_BUILD_CANDIDATE_HIGH,LOW_TO_MEDIUM,PUBLIC_NO_META_FALLBACK_FOUND
2977,Srijemska kobasica (OGP),hr-sl-006-srijemska-kobasica-ogp,publish,https://drycured.com/recepti-baza/hr-sl-006-srijemska-kobasica-ogp/,39,1,1,1,0,0,1,1,1,1,0,,CONTRACT_BUILD_CANDIDATE_HIGH,LOW_TO_MEDIUM,PUBLIC_NO_META_FALLBACK_FOUND
2978,Privatno: Ratarske kobasice,hr-sl-007-ratarske-kobasice,private,https://drycured.com/?post_type=dry_recipe&p=2978,20,1,1,0,0,0,1,1,1,1,0,,CONTRACT_BUILD_CANDIDATE_MEDIUM,LOW_TO_MEDIUM,NOT_PUBLIC_OR_PREVIEW
2979,Baranjska kobasica,hr-sl-008-baranjska-kobasica,publish,https://drycured.com/recepti-baza/hr-sl-008-baranjska-kobasica/,39,1,1,1,0,0,1,1,1,1,0,,CONTRACT_BUILD_CANDIDATE_HIGH,LOW_TO_MEDIUM,PUBLIC_NO_META_FALLBACK_FOUND
2980,Privatno: Baranjska salama,hr-sl-009-baranjska-salama,private,https://drycured.com/?post_type=dry_recipe&p=2980,29,1,1,0,0,0,1,1,1,1,0,,CONTRACT_BUILD_CANDIDATE_MEDIUM,LOW_TO_MEDIUM,NOT_PUBLIC_OR_PREVIEW
2981,Slavonska kobasica (ZOI EU 2023),hr-sl-010-slavonska-kobasica-zoi-eu-2023,publish,https://drycured.com/recepti-baza/hr-sl-010-slavonska-kobasica-zoi-eu-2023/,39,1,1,1,0,0,1,1,1,1,0,,CONTRACT_BUILD_CANDIDATE_HIGH,LOW_TO_MEDIUM,PUBLIC_NO_META_FALLBACK_FOUND
2982,Privatno: Slavonska dimljena slanina,hr-sl-012-slavonska-dimljena-slanina,private,https://drycured.com/?post_type=dry_recipe&p=2982,27,1,1,0,0,0,1,1,1,1,0,,CONTRACT_BUILD_CANDIDATE_MEDIUM,LOW_TO_MEDIUM,NOT_PUBLIC_OR_PREVIEW
2983,Privatno: Slavonska dimljena šunka,hr-sl-014-slavonska-dimljena-sunka,private,https://drycured.com/?post_type=dry_recipe&p=2983,27,1,1,0,0,0,1,1,1,1,4,prema receptu,CONTRACT_BUILD_CANDIDATE_MEDIUM,LOW_TO_MEDIUM,NOT_PUBLIC_OR_PREVIEW
2984,Privatno: Suha plećka slavonska,hr-sl-015-suha-plecka-slavonska,private,https://drycured.com/?post_type=dry_recipe&p=2984,18,1,1,0,0,0,1,1,1,1,0,,CONTRACT_BUILD_CANDIDATE_MEDIUM,LOW_TO_MEDIUM,NOT_PUBLIC_OR_PREVIEW
2985,Privatno: Suha rebra slavonska,hr-sl-016-suha-rebra-slavonska,private,https://drycured.com/?post_type=dry_recipe&p=2985,18,1,1,0,0,0,1,1,1,1,0,,CONTRACT_BUILD_CANDIDATE_MEDIUM,LOW_TO_MEDIUM,NOT_PUBLIC_OR_PREVIEW
2986,Privatno: Slavonska jetrena kobasica,hr-sl-017-slavonska-jetrena-kobasica,private,https://drycured.com/?post_type=dry_recipe&p=2986,27,1,1,0,0,0,1,1,1,1,0,,CONTRACT_BUILD_CANDIDATE_MEDIUM,LOW_TO_MEDIUM,NOT_PUBLIC_OR_PREVIEW
2987,Privatno: Krvavica slavonska,hr-sl-018-krvavica-slavonska,private,https://drycured.com/?post_type=dry_recipe&p=2987,27,1,1,0,0,0,1,1,1,1,4,prema receptu,CONTRACT_BUILD_CANDIDATE_MEDIUM,LOW_TO_MEDIUM,NOT_PUBLIC_OR_PREVIEW
2988,Privatno: Tlačenica slavonska (švargl),hr-sl-019-tlacenica-slavonska-svargl,private,https://drycured.com/?post_type=dry_recipe&p=2988,27,1,1,0,0,0,1,1,1,1,2,prema receptu,CONTRACT_BUILD_CANDIDATE_MEDIUM,LOW_TO_MEDIUM,NOT_PUBLIC_OR_PREVIEW
2989,Privatno: Vinkovačka šunka — suho soljena varijanta,hr-sl-020-vinkovacka-sunka-suho-soljena-varijanta,private,https://drycured.com/?post_type=dry_recipe&p=2989,17,1,1,0,0,0,1,1,1,1,4,prema receptu,CONTRACT_BUILD_CANDIDATE_MEDIUM,LOW_TO_MEDIUM,NOT_PUBLIC_OR_PREVIEW
2990,Privatno: Slavonski lovački kulen (divljač + svinjetina),hr-sl-021-slavonski-lovacki-kulen-divljac-svinjetina,private,https://drycured.com/?post_type=dry_recipe&p=2990,27,1,1,0,0,0,1,1,1,1,0,,CONTRACT_BUILD_CANDIDATE_MEDIUM,LOW_TO_MEDIUM,NOT_PUBLIC_OR_PREVIEW
2991,"Privatno: Konjska salama Ploštine (talijanska manjina, Pakrac)",hr-sl-022-konjska-salama-plostine-talijanska-manjina-pakrac,private,https://drycured.com/?post_type=dry_recipe&p=2991,18,1,1,0,0,0,1,1,1,1,0,,CONTRACT_BUILD_CANDIDATE_MEDIUM,LOW_TO_MEDIUM,NOT_PUBLIC_OR_PREVIEW
2992,Privatno: Slavonski dimljeni svinjski vrat,hr-sl-024-slavonski-dimljeni-svinjski-vrat,private,https://drycured.com/?post_type=dry_recipe&p=2992,27,1,1,0,0,0,1,1,1,1,0,,CONTRACT_BUILD_CANDIDATE_MEDIUM,LOW_TO_MEDIUM,NOT_PUBLIC_OR_PREVIEW
2993,Privatno: Slavonski suhi vrat (ovratina),hr-sl-027-slavonski-suhi-vrat-ovratina,private,https://drycured.com/?post_type=dry_recipe&p=2993,18,1,1,0,0,0,1,1,1,1,0,,CONTRACT_BUILD_CANDIDATE_MEDIUM,LOW_TO_MEDIUM,NOT_PUBLIC_OR_PREVIEW
2994,Privatno: Baranjska šunka,hr-sl-028-baranjska-sunka,private,https://drycured.com/?post_type=dry_recipe&p=2994,18,1,1,0,0,0,1,1,1,1,4,prema receptu,CONTRACT_BUILD_CANDIDATE_MEDIUM,LOW_TO_MEDIUM,NOT_PUBLIC_OR_PREVIEW
2995,Privatno: Đakovačka šunka,hr-sl-029-dakovacka-sunka,private,https://drycured.com/?post_type=dry_recipe&p=2995,18,1,1,0,0,0,1,1,1,1,4,prema receptu,CONTRACT_BUILD_CANDIDATE_MEDIUM,LOW_TO_MEDIUM,NOT_PUBLIC_OR_PREVIEW
2996,Brodska kobasica (Slavonski Brod),hr-sl-030-brodska-kobasica-slavonski-brod,publish,https://drycured.com/recepti-baza/hr-sl-030-brodska-kobasica-slavonski-brod/,30,1,1,1,0,0,1,1,1,1,0,,CONTRACT_BUILD_CANDIDATE_HIGH,LOW_TO_MEDIUM,PUBLIC_NO_META_FALLBACK_FOUND
2997,Osječka kobasica,hr-sl-031-osjecka-kobasica,publish,https://drycured.com/recepti-baza/hr-sl-031-osjecka-kobasica/,30,1,1,1,0,0,1,1,1,1,0,,CONTRACT_BUILD_CANDIDATE_HIGH,LOW_TO_MEDIUM,PUBLIC_NO_META_FALLBACK_FOUND
2998,Privatno: Slavonska krvavica od prosa (bijela),hr-sl-032-slavonska-krvavica-od-prosa-bijela,private,https://drycured.com/?post_type=dry_recipe&p=2998,18,1,1,0,0,0,1,1,1,1,4,prema receptu,CONTRACT_BUILD_CANDIDATE_MEDIUM,LOW_TO_MEDIUM,NOT_PUBLIC_OR_PREVIEW
2999,Privatno: Slavonska šunka od crne slavonske svinje,hr-sl-033-slavonska-sunka-od-crne-slavonske-svinje,private,https://drycured.com/?post_type=dry_recipe&p=2999,18,1,1,0,0,0,1,1,1,1,4,prema receptu,CONTRACT_BUILD_CANDIDATE_MEDIUM,LOW_TO_MEDIUM,NOT_PUBLIC_OR_PREVIEW
3000,Slavonska domaća salama,hr-sl-034-slavonska-domaca-salama,publish,https://drycured.com/recepti-baza/hr-sl-034-slavonska-domaca-salama/,30,1,1,1,0,0,1,1,1,1,0,,CONTRACT_BUILD_CANDIDATE_HIGH,LOW_TO_MEDIUM,PUBLIC_NO_META_FALLBACK_FOUND
3001,Slavonska čvarkovača (kobasica od čvaraka),hr-sl-036-slavonska-cvarkovaca-kobasica-od-cvaraka,publish,https://drycured.com/recepti-baza/hr-sl-036-slavonska-cvarkovaca-kobasica-od-cvaraka/,30,1,1,1,0,0,1,1,1,1,0,,CONTRACT_BUILD_CANDIDATE_HIGH,LOW_TO_MEDIUM,PUBLIC_NO_META_FALLBACK_FOUND
3002,Vinkovačka kobasica,hr-sl-037-vinkovacka-kobasica,publish,https://drycured.com/recepti-baza/hr-sl-037-vinkovacka-kobasica/,30,1,1,1,0,0,1,1,1,1,0,,CONTRACT_BUILD_CANDIDATE_HIGH,LOW_TO_MEDIUM,PUBLIC_NO_META_FALLBACK_FOUND
3003,Slavonska lovačka kobasica (divljač + svinjetina),hr-sl-038-slavonska-lovacka-kobasica-divljac-svinjetina,publish,https://drycured.com/recepti-baza/hr-sl-038-slavonska-lovacka-kobasica-divljac-svinjetina/,30,1,1,1,0,0,1,1,1,1,0,,CONTRACT_BUILD_CANDIDATE_HIGH,LOW_TO_MEDIUM,PUBLIC_NO_META_FALLBACK_FOUND
3005,Privatno: Cvelferija kulen — varijanta bez slanine,hr-sl-003,private,https://drycured.com/?post_type=dry_recipe&p=3005,20,0,0,0,0,0,0,0,0,0,0,,LEGACY_NEEDS_SOURCE_OR_STRUCTURING,HIGH,NOT_PUBLIC_OR_PREVIEW
3006,Privatno: Vinkovačka šunka,hr-sl-022,private,https://drycured.com/?post_type=dry_recipe&p=3006,20,0,0,0,0,0,0,0,0,0,0,,LEGACY_NEEDS_SOURCE_OR_STRUCTURING,HIGH,NOT_PUBLIC_OR_PREVIEW
3007,Privatno: Samoborska salama (županijska robna marka),hr-sl-025,private,https://drycured.com/?post_type=dry_recipe&p=3007,20,0,0,0,0,0,0,0,0,0,0,,LEGACY_NEEDS_SOURCE_OR_STRUCTURING,HIGH,NOT_PUBLIC_OR_PREVIEW
3008,Privatno: Dalmatinska suha šunka,hr-sl-034,private,https://drycured.com/?post_type=dry_recipe&p=3008,20,0,0,0,0,0,0,0,0,0,0,,LEGACY_NEEDS_SOURCE_OR_STRUCTURING,HIGH,NOT_PUBLIC_OR_PREVIEW
3009,Privatno: Dalmatinska suha kobasica,hr-sl-038,private,https://drycured.com/?post_type=dry_recipe&p=3009,20,0,0,0,0,0,0,0,0,0,0,,LEGACY_NEEDS_SOURCE_OR_STRUCTURING,HIGH,NOT_PUBLIC_OR_PREVIEW
3010,Privatno: Hvarska prstena kobasica,hr-sl-039,private,https://drycured.com/?post_type=dry_recipe&p=3010,20,0,0,0,0,0,0,0,0,0,0,,LEGACY_NEEDS_SOURCE_OR_STRUCTURING,HIGH,NOT_PUBLIC_OR_PREVIEW
3011,Privatno: Sinjaška kobasica (Cetinska krajina),hr-sl-040,private,https://drycured.com/?post_type=dry_recipe&p=3011,20,0,0,0,0,0,0,0,0,0,0,,LEGACY_NEEDS_SOURCE_OR_STRUCTURING,HIGH,NOT_PUBLIC_OR_PREVIEW
3012,Privatno: Dalmatinska dimljena slanina,hr-sl-043,private,https://drycured.com/?post_type=dry_recipe&p=3012,20,0,0,0,0,0,0,0,0,0,0,,LEGACY_NEEDS_SOURCE_OR_STRUCTURING,HIGH,NOT_PUBLIC_OR_PREVIEW
3013,Privatno: Istarska špaleta (suha plećka),hr-sl-067,private,https://drycured.com/?post_type=dry_recipe&p=3013,20,0,0,0,0,0,0,0,0,0,0,,LEGACY_NEEDS_SOURCE_OR_STRUCTURING,HIGH,NOT_PUBLIC_OR_PREVIEW
3014,Privatno: Zagorska dimljena šunka,hr-sl-083,private,https://drycured.com/?post_type=dry_recipe&p=3014,20,0,0,0,0,0,0,0,0,0,0,,LEGACY_NEEDS_SOURCE_OR_STRUCTURING,HIGH,NOT_PUBLIC_OR_PREVIEW
3015,Privatno: Međimurska šunka,hr-sl-084,private,https://drycured.com/?post_type=dry_recipe&p=3015,20,0,0,0,0,0,0,0,0,0,0,,LEGACY_NEEDS_SOURCE_OR_STRUCTURING,HIGH,NOT_PUBLIC_OR_PREVIEW
3016,Privatno: Zagorska tlačenica,hr-sl-091,private,https://drycured.com/?post_type=dry_recipe&p=3016,20,0,0,0,0,0,0,0,0,0,0,,LEGACY_NEEDS_SOURCE_OR_STRUCTURING,HIGH,NOT_PUBLIC_OR_PREVIEW
3017,Privatno: Gospićka suha plećka,hr-sl-109,private,https://drycured.com/?post_type=dry_recipe&p=3017,20,0,0,0,0,0,0,0,0,0,0,,LEGACY_NEEDS_SOURCE_OR_STRUCTURING,HIGH,NOT_PUBLIC_OR_PREVIEW
3018,Privatno: Banovinska tlačenica,hr-sl-115,private,https://drycured.com/?post_type=dry_recipe&p=3018,20,0,0,0,0,0,0,0,0,0,0,,LEGACY_NEEDS_SOURCE_OR_STRUCTURING,HIGH,NOT_PUBLIC_OR_PREVIEW
3020,Privatno: Albanska proshutë / sušena šunka – kategorijski radni zapis,albanska-proshute-susena-sunka-radni-zapis,private,https://drycured.com/?post_type=dry_recipe&p=3020,37,1,1,0,0,0,1,1,1,1,0,,CONTRACT_BUILD_CANDIDATE_MEDIUM,LOW_TO_MEDIUM,NOT_PUBLIC_OR_PREVIEW
3021,Privatno: Vorarlberger Mostbröckle – sušena i dimljena govedina,vorarlberger-mostbroeckle-susena-dimljena-govedina,private,https://drycured.com/?post_type=dry_recipe&p=3021,36,1,1,0,0,0,1,1,1,1,4,privatni radni recept; radni recept,CONTRACT_BUILD_CANDIDATE_MEDIUM,LOW_TO_MEDIUM,NOT_PUBLIC_OR_PREVIEW
3022,Privatno: Westfälischer Schinken s krumpirom u ljusci i hrenom,westfalischer-schinken-s-krumpirom-u-ljusci-i-hrenom,private,https://drycured.com/?post_type=dry_recipe&p=3022,40,1,1,0,0,0,1,1,1,1,0,,CONTRACT_BUILD_CANDIDATE_MEDIUM,LOW_TO_MEDIUM,NOT_PUBLIC_OR_PREVIEW
3023,Privatno: Bonus: Pfefferbeis s prženim krumpirom i umkom od kiselog vrhnja,bonus-pfefferbeis-s-przenim-krumpirom-i-umkom-od-kiselog-vrhnja,private,https://drycured.com/?post_type=dry_recipe&p=3023,40,1,1,0,0,0,1,1,1,1,0,,CONTRACT_BUILD_CANDIDATE_MEDIUM,LOW_TO_MEDIUM,NOT_PUBLIC_OR_PREVIEW
3024,Irska dimljena kobasica (Smoked Sausage),irska-dimljena-kobasica-smoked-sausage,publish,https://drycured.com/recepti-baza/irska-dimljena-kobasica-smoked-sausage/,42,1,1,0,0,0,1,1,1,1,0,,CONTRACT_BUILD_CANDIDATE_MEDIUM,LOW_TO_MEDIUM,PUBLIC_NO_META_FALLBACK_FOUND
3025,Pršuta e Kosovës (Kosovska pršuta),prsuta-e-kosoves-kosovska-prsuta-2,publish,https://drycured.com/recepti-baza/prsuta-e-kosoves-kosovska-prsuta-2/,42,1,1,0,0,0,1,1,1,1,0,,CONTRACT_BUILD_CANDIDATE_MEDIUM,LOW_TO_MEDIUM,PUBLIC_NO_META_FALLBACK_FOUND
3026,Scharfe Edelrohwurst s povrćem na žaru,scharfe-edelrohwurst-s-povrcem-na-zaru,publish,https://drycured.com/recepti-baza/scharfe-edelrohwurst-s-povrcem-na-zaru/,42,1,1,0,0,0,1,1,1,1,3,prema receptu,CONTRACT_BUILD_CANDIDATE_MEDIUM,LOW_TO_MEDIUM,PUBLIC_FALLBACK_RISK
3027,ENGADINER HATECLETT (SUŠENI KOZJI BUT),engadiner-hateclett-suseni-kozji-but-2,publish,https://drycured.com/recepti-baza/engadiner-hateclett-suseni-kozji-but-2/,42,1,1,0,0,0,1,1,1,1,1,prema receptu,CONTRACT_BUILD_CANDIDATE_MEDIUM,LOW_TO_MEDIUM,PUBLIC_FALLBACK_RISK
3028,ZUGER HIRSCHTROCKENWURST (KOBASICA OD JELENA IZ ZUGA),zuger-hirschtrockenwurst-kobasica-od-jelena-iz-zuga-2,publish,https://drycured.com/recepti-baza/zuger-hirschtrockenwurst-kobasica-od-jelena-iz-zuga-2/,42,1,1,0,0,0,1,1,1,1,0,,CONTRACT_BUILD_CANDIDATE_MEDIUM,LOW_TO_MEDIUM,PUBLIC_NO_META_FALLBACK_FOUND
3029,Tiroler Speck – tirolski sušeni dimljeni svinjski but,tiroler-speck-tirolska-slanina-2,publish,https://drycured.com/recepti-baza/tiroler-speck-tirolska-slanina-2/,32,1,1,0,0,0,1,1,1,1,0,,CONTRACT_BUILD_CANDIDATE_MEDIUM,LOW_TO_MEDIUM,PUBLIC_NO_META_FALLBACK_FOUND
3030,Waldviertler Hirschsalami – salama od jelena iz Waldviertela,waldviertler-hirschsalami-salama-od-jelena-iz-waldviertela-2,publish,https://drycured.com/recepti-baza/waldviertler-hirschsalami-salama-od-jelena-iz-waldviertela-2/,27,1,1,0,0,0,1,1,1,1,0,,CONTRACT_BUILD_CANDIDATE_MEDIUM,LOW_TO_MEDIUM,PUBLIC_NO_META_FALLBACK_FOUND
3031,Privatno: Austrijska Käsekrainer – kobasica sa sirom,austrijska-kasekrainer-kobasica-sa-sirom-2,private,https://drycured.com/?post_type=dry_recipe&p=3031,36,1,1,0,0,0,1,1,1,1,0,,CONTRACT_BUILD_CANDIDATE_MEDIUM,LOW_TO_MEDIUM,NOT_PUBLIC_OR_PREVIEW
3032,Mađarska Gyulai Kolbász – Gyulai kobasica,maarska-gyulai-kolbasz-gyulai-kobasica,publish,https://drycured.com/recepti-baza/maarska-gyulai-kolbasz-gyulai-kobasica/,27,1,1,0,0,0,1,1,1,1,0,,CONTRACT_BUILD_CANDIDATE_MEDIUM,LOW_TO_MEDIUM,PUBLIC_NO_META_FALLBACK_FOUND
3033,Lukanka iz Panagyurishte – bugarska prešana suha kobasica,lukanka-iz-panagyurishte,publish,https://drycured.com/recepti-baza/lukanka-iz-panagyurishte/,38,1,1,0,0,0,1,1,1,1,0,,CONTRACT_BUILD_CANDIDATE_MEDIUM,LOW_TO_MEDIUM,PUBLIC_NO_META_FALLBACK_FOUND
3034,Privatno: Banska Kapama – bugarski mesni specijalitet,banska-kapama,private,https://drycured.com/?post_type=dry_recipe&p=3034,25,1,1,0,0,0,1,1,1,1,0,,CONTRACT_BUILD_CANDIDATE_MEDIUM,LOW_TO_MEDIUM,NOT_PUBLIC_OR_PREVIEW
3035,Strandzhansko Dyado – bugarski sušeni punjeni proizvod,strandzhansko-dyado,publish,https://drycured.com/recepti-baza/strandzhansko-dyado/,27,1,1,0,0,0,1,1,1,1,0,,CONTRACT_BUILD_CANDIDATE_MEDIUM,LOW_TO_MEDIUM,PUBLIC_NO_META_FALLBACK_FOUND
3036,Privatno: Srednogorska Kaska – bugarski punjeni mesni proizvod,srednogorska-kaska,private,https://drycured.com/?post_type=dry_recipe&p=3036,25,1,1,0,0,0,1,1,1,1,0,,CONTRACT_BUILD_CANDIDATE_MEDIUM,LOW_TO_MEDIUM,NOT_PUBLIC_OR_PREVIEW
3037,Dobrudzhanski Babek – bugarski sušeni babek,dobrudzhanski-babek,publish,https://drycured.com/recepti-baza/dobrudzhanski-babek/,27,1,1,0,0,0,1,1,1,1,0,,CONTRACT_BUILD_CANDIDATE_MEDIUM,LOW_TO_MEDIUM,PUBLIC_NO_META_FALLBACK_FOUND
3038,Grčki Loukaniko – tradicionalna grčka kobasica,grcka-tradicionalni-recepti-za-loukaniko-2,publish,https://drycured.com/recepti-baza/grcka-tradicionalni-recepti-za-loukaniko-2/,38,1,1,0,0,0,1,1,1,1,0,,CONTRACT_BUILD_CANDIDATE_MEDIUM,LOW_TO_MEDIUM,PUBLIC_NO_META_FALLBACK_FOUND
3039,Joulukinkku – finska božićna šunka,joulukinkku-bozicna-sunka-2,publish,https://drycured.com/recepti-baza/joulukinkku-bozicna-sunka-2/,27,1,1,0,0,0,1,1,1,1,0,,CONTRACT_BUILD_CANDIDATE_MEDIUM,LOW_TO_MEDIUM,PUBLIC_NO_META_FALLBACK_FOUND
3040,Privatno: Palvikinkku – finska dimljena šunka,palvikinkku-dimljena-sunka-2,private,https://drycured.com/?post_type=dry_recipe&p=3040,25,1,1,0,0,0,1,1,1,1,0,,CONTRACT_BUILD_CANDIDATE_MEDIUM,LOW_TO_MEDIUM,NOT_PUBLIC_OR_PREVIEW
3041,Saucisson Sec – francuska suha kobasica,saucisson-sec-suha-kobasica-2,publish,https://drycured.com/recepti-baza/saucisson-sec-suha-kobasica-2/,27,1,1,0,0,0,1,1,1,1,0,,CONTRACT_BUILD_CANDIDATE_MEDIUM,LOW_TO_MEDIUM,PUBLIC_NO_META_FALLBACK_FOUND
3042,Jésus de Lyon – debela suha kobasica,jesus-de-lyon-debela-suha-kobasica,publish,https://drycured.com/recepti-baza/jesus-de-lyon-debela-suha-kobasica/,38,1,1,0,0,0,1,1,1,1,0,,CONTRACT_BUILD_CANDIDATE_MEDIUM,LOW_TO_MEDIUM,PUBLIC_NO_META_FALLBACK_FOUND
3043,Privatno: Cervelas de Lyon – lionska kobasica,cervelas-de-lyon-lionska-kobasica,private,https://drycured.com/?post_type=dry_recipe&p=3043,36,1,1,0,0,0,1,1,1,1,0,,CONTRACT_BUILD_CANDIDATE_MEDIUM,LOW_TO_MEDIUM,NOT_PUBLIC_OR_PREVIEW
3044,Jésus de Lyon – velika lionska suha kobasica,jesus-de-lyon-2,publish,https://drycured.com/recepti-baza/jesus-de-lyon-2/,38,1,1,0,0,0,1,1,1,1,0,,CONTRACT_BUILD_CANDIDATE_MEDIUM,LOW_TO_MEDIUM,PUBLIC_NO_META_FALLBACK_FOUND
3045,Rosette de Lyon – lionska suha kobasica,rosette-de-lyon-2,publish,https://drycured.com/recepti-baza/rosette-de-lyon-2/,38,1,1,0,0,0,1,1,1,1,0,,CONTRACT_BUILD_CANDIDATE_MEDIUM,LOW_TO_MEDIUM,PUBLIC_NO_META_FALLBACK_FOUND
3046,Privatno: Rillettes du Mans – kuhani mesni namaz,rillettes-du-mans-2,private,https://drycured.com/?post_type=dry_recipe&p=3046,36,1,1,0,0,0,1,1,1,1,0,,CONTRACT_BUILD_CANDIDATE_MEDIUM,LOW_TO_MEDIUM,NOT_PUBLIC_OR_PREVIEW
3047,Siglino Messinias – grčka dimljena svinjetina,siglino-messinias,publish,https://drycured.com/recepti-baza/siglino-messinias/,38,1,1,0,0,0,1,1,1,1,0,,CONTRACT_BUILD_CANDIDATE_MEDIUM,LOW_TO_MEDIUM,PUBLIC_NO_META_FALLBACK_FOUND
3048,Privatno: Tsigarides – grčki čvarci / mesni pripravak,tsigarides,private,https://drycured.com/?post_type=dry_recipe&p=3048,36,1,1,0,0,0,1,1,1,1,0,,CONTRACT_BUILD_CANDIDATE_MEDIUM,LOW_TO_MEDIUM,NOT_PUBLIC_OR_PREVIEW
3049,Privatno: Llokum Kosove – kosovski mesni delikates,llokum-kosove-kosovski-delikates-2,private,https://drycured.com/?post_type=dry_recipe&p=3049,36,1,1,0,0,0,1,1,1,1,0,,CONTRACT_BUILD_CANDIDATE_MEDIUM,LOW_TO_MEDIUM,NOT_PUBLIC_OR_PREVIEW
3050,Pancetta Maltija – malteška panceta,maltezanska-panceta-pancetta-maltija-2,publish,https://drycured.com/recepti-baza/maltezanska-panceta-pancetta-maltija-2/,38,1,1,0,0,0,1,1,1,1,0,,CONTRACT_BUILD_CANDIDATE_MEDIUM,LOW_TO_MEDIUM,PUBLIC_NO_META_FALLBACK_FOUND
3051,Pick Szalámi – mađarski Pick salami,maarski-pick-salami-pick-szalami,publish,https://drycured.com/recepti-baza/maarski-pick-salami-pick-szalami/,38,1,1,0,0,0,1,1,1,1,0,,CONTRACT_BUILD_CANDIDATE_MEDIUM,LOW_TO_MEDIUM,PUBLIC_NO_META_FALLBACK_FOUND
3052,Mađarska Kolbász – mađarska kobasica,maarska-kobasica-kolbasz,publish,https://drycured.com/recepti-baza/maarska-kobasica-kolbasz/,38,1,1,0,0,0,1,1,1,1,0,,CONTRACT_BUILD_CANDIDATE_MEDIUM,LOW_TO_MEDIUM,PUBLIC_NO_META_FALLBACK_FOUND
3053,Westfälischer Knochenschinken – vestfalska šunka s kosti,westfalischer-knochenschinken-vestfalska-sunka-s-kosti,publish,https://drycured.com/recepti-baza/westfalischer-knochenschinken-vestfalska-sunka-s-kosti/,27,1,1,0,0,0,1,1,1,1,0,,CONTRACT_BUILD_CANDIDATE_MEDIUM,LOW_TO_MEDIUM,PUBLIC_NO_META_FALLBACK_FOUND
3054,Privatno: Rovinjska kobasica,0306-rovinjska-kobasica,private,https://drycured.com/?post_type=dry_recipe&p=3054,10,1,0,0,0,0,1,1,1,1,1,radni recept,CONTRACT_BUILD_CANDIDATE_MARKDOWN_ONLY,LOW_TO_MEDIUM,NOT_PUBLIC_OR_PREVIEW
3055,Salo – ukrajinska slana svinjska slanina,salo-slana-svinjeca-slanina,publish,https://drycured.com/recepti-baza/salo-slana-svinjeca-slanina/,38,1,1,0,0,0,1,1,1,1,0,,CONTRACT_BUILD_CANDIDATE_MEDIUM,LOW_TO_MEDIUM,PUBLIC_NO_META_FALLBACK_FOUND
3056,Privatno: Škotski stovies meat – usoljeno kuhano meso,skotski-stovies-meat-konzervirano-usoljeno-meso-2,private,https://drycured.com/?post_type=dry_recipe&p=3056,36,1,1,0,0,0,1,0,1,1,0,,CONTRACT_BUILD_CANDIDATE_MEDIUM,MEDIUM,NOT_PUBLIC_OR_PREVIEW
3057,Belokranjska jagenjčara,belokranjska-jagenjcara-2,publish,https://drycured.com/recepti-baza/belokranjska-jagenjcara-2/,27,1,1,0,0,0,1,1,1,1,0,,CONTRACT_BUILD_CANDIDATE_MEDIUM,LOW_TO_MEDIUM,PUBLIC_NO_META_FALLBACK_FOUND
3058,Sobrasada Mallorquina – majorška sobrasada,sobrasada-mallorquina-majorska-sobrasada-2,publish,https://drycured.com/recepti-baza/sobrasada-mallorquina-majorska-sobrasada-2/,27,1,1,0,0,0,1,1,1,1,0,,CONTRACT_BUILD_CANDIDATE_MEDIUM,LOW_TO_MEDIUM,PUBLIC_NO_META_FALLBACK_FOUND
3059,Privatno: Julskinka – švedska božićna šunka,julskinka-svedska-bozicna-sunka-2,private,https://drycured.com/?post_type=dry_recipe&p=3059,35,1,1,0,0,0,1,1,1,1,0,,CONTRACT_BUILD_CANDIDATE_MEDIUM,LOW_TO_MEDIUM,NOT_PUBLIC_OR_PREVIEW
3060,Appenzeller Mostbröckli – švicarska sušena dimljena govedina,appenzeller-mostbrockli-dimljena-govedina,publish,https://drycured.com/recepti-baza/appenzeller-mostbrockli-dimljena-govedina/,38,1,1,0,0,0,1,1,1,1,0,,CONTRACT_BUILD_CANDIDATE_MEDIUM,LOW_TO_MEDIUM,PUBLIC_NO_META_FALLBACK_FOUND
3061,Speck Alto Adige – južnotirolski sušeni dimljeni but,speck-alto-adige-2,publish,https://drycured.com/recepti-baza/speck-alto-adige-2/,27,1,1,0,0,0,1,1,1,1,0,,CONTRACT_BUILD_CANDIDATE_MEDIUM,LOW_TO_MEDIUM,PUBLIC_NO_META_FALLBACK_FOUND
3062,Privatno: Pashtetna – pečena mesna pašteta,pashtetna-pecena-mesna-pasteta,private,https://drycured.com/?post_type=dry_recipe&p=3062,25,1,1,0,0,0,1,1,1,1,0,,CONTRACT_BUILD_CANDIDATE_MEDIUM,LOW_TO_MEDIUM,NOT_PUBLIC_OR_PREVIEW
3063,Suxhuk – albanska suha kobasica,suxhuk-albanska-suha-kobasica-2,publish,https://drycured.com/recepti-baza/suxhuk-albanska-suha-kobasica-2/,27,1,1,0,0,0,1,1,1,1,0,,CONTRACT_BUILD_CANDIDATE_MEDIUM,LOW_TO_MEDIUM,PUBLIC_NO_META_FALLBACK_FOUND
3064,Proshuta Shqiptare – albanska pršuta,0003-proshuta-shqiptare-albanska-prsuta,publish,https://drycured.com/recepti-baza/0003-proshuta-shqiptare-albanska-prsuta/,23,1,1,0,0,0,1,0,1,1,1,radni recept,CONTRACT_BUILD_CANDIDATE_MEDIUM,MEDIUM,PUBLIC_FALLBACK_RISK
3065,Mish i thatë – albanska suha janjetina,mish-i-thate-albanska-suha-janjetina-2,publish,https://drycured.com/recepti-baza/mish-i-thate-albanska-suha-janjetina-2/,27,1,1,0,0,0,1,1,1,1,0,,CONTRACT_BUILD_CANDIDATE_MEDIUM,LOW_TO_MEDIUM,PUBLIC_NO_META_FALLBACK_FOUND
3066,Kärntner Wurzelspeck – koruški sušeni dimljeni vrat,karntner-wurzelspeck-koruska-korijenska-slanina-2,publish,https://drycured.com/recepti-baza/karntner-wurzelspeck-koruska-korijenska-slanina-2/,27,1,1,0,0,0,1,1,1,1,0,,CONTRACT_BUILD_CANDIDATE_MEDIUM,LOW_TO_MEDIUM,PUBLIC_NO_META_FALLBACK_FOUND
3067,Steirischer Rohschinken – štajerska sirova šunka,steirischer-rohschinken-stajerska-sirova-sunka-2,publish,https://drycured.com/recepti-baza/steirischer-rohschinken-stajerska-sirova-sunka-2/,28,1,1,0,0,0,1,1,1,1,0,,CONTRACT_BUILD_CANDIDATE_MEDIUM,LOW_TO_MEDIUM,PUBLIC_NO_META_FALLBACK_FOUND
3068,Vorarlberger Mostbröckle – vorarlberška dimljena govedina,0010-vorarlberger-mostbrockle-vorarlberska-dimljena-govedina,publish,https://drycured.com/recepti-baza/0010-vorarlberger-mostbrockle-vorarlberska-dimljena-govedina/,23,1,1,0,0,0,1,0,1,1,1,radni recept,CONTRACT_BUILD_CANDIDATE_MEDIUM,MEDIUM,PUBLIC_FALLBACK_RISK
3069,Finska Meetvursti – suha kobasica,finska-meetvursti-suha-kobasica-2,publish,https://drycured.com/recepti-baza/finska-meetvursti-suha-kobasica-2/,27,1,1,0,0,0,1,1,1,1,0,,CONTRACT_BUILD_CANDIDATE_MEDIUM,LOW_TO_MEDIUM,PUBLIC_NO_META_FALLBACK_FOUND
3070,Filet d’Anvers – antverpski file,filet-d-anvers-antverpski-file,publish,https://drycured.com/recepti-baza/filet-d-anvers-antverpski-file/,27,1,1,0,0,0,1,1,1,1,0,,CONTRACT_BUILD_CANDIDATE_MEDIUM,LOW_TO_MEDIUM,PUBLIC_NO_META_FALLBACK_FOUND
3071,Lard fumé de Flandre – flamanska dimljena slanina,lard-fume-de-flandre-flamansko-dimljeno-salo-2,publish,https://drycured.com/recepti-baza/lard-fume-de-flandre-flamansko-dimljeno-salo-2/,27,1,1,0,0,0,1,1,1,1,0,,CONTRACT_BUILD_CANDIDATE_MEDIUM,LOW_TO_MEDIUM,PUBLIC_NO_META_FALLBACK_FOUND
3072,Privatno: Saucisse au fromage de Herve – kobasica sa sirom Herve,saucisse-au-fromage-de-herve-kobasica-sa-sirom-herve-2,private,https://drycured.com/?post_type=dry_recipe&p=3072,25,1,1,0,0,0,1,1,1,1,0,,CONTRACT_BUILD_CANDIDATE_MEDIUM,LOW_TO_MEDIUM,NOT_PUBLIC_OR_PREVIEW
3073,Collier fumé de Wallonie – dimljeni svinjski vrat iz Valonije,collier-fume-de-wallonie-dimljeni-svinjski-vrat-iz-valonije-2,publish,https://drycured.com/recepti-baza/collier-fume-de-wallonie-dimljeni-svinjski-vrat-iz-valonije-2/,27,1,1,0,0,0,1,1,1,1,0,,CONTRACT_BUILD_CANDIDATE_MEDIUM,LOW_TO_MEDIUM,PUBLIC_NO_META_FALLBACK_FOUND
3074,Privatno: Boudin blanc de Bruxelles – bijela kuhana kobasica iz Bruxellesa,boudin-blanc-de-bruxelles-bijela-krvavica-iz-bruxellesa-2,private,https://drycured.com/?post_type=dry_recipe&p=3074,25,1,1,0,0,0,1,1,1,1,0,,CONTRACT_BUILD_CANDIDATE_MEDIUM,LOW_TO_MEDIUM,NOT_PUBLIC_OR_PREVIEW
3075,Jambon d’Ardenne – ardenska šunka,jambon-d-ardenne-ardenski-prsut,publish,https://drycured.com/recepti-baza/jambon-d-ardenne-ardenski-prsut/,27,1,1,0,0,0,1,1,1,1,0,,CONTRACT_BUILD_CANDIDATE_MEDIUM,LOW_TO_MEDIUM,PUBLIC_NO_META_FALLBACK_FOUND
3076,Privatno: Pâté gaumais – gaume pašteta,pate-gaumais-gaume-pasteta-2,private,https://drycured.com/?post_type=dry_recipe&p=3076,25,1,1,0,0,0,1,1,1,1,0,,CONTRACT_BUILD_CANDIDATE_MEDIUM,LOW_TO_MEDIUM,NOT_PUBLIC_OR_PREVIEW
3077,Privatno: Tête pressée – prešana svinjska glava / prezvuršt,tete-pressee-prezvurst-2,private,https://drycured.com/?post_type=dry_recipe&p=3077,25,1,1,0,0,0,1,0,1,1,0,,CONTRACT_BUILD_CANDIDATE_MEDIUM,MEDIUM,NOT_PUBLIC_OR_PREVIEW
3078,Privatno: Boulette de Liège – lieške mesne okruglice,boulette-de-liege-lieska-mesna-kobasica-2,private,https://drycured.com/?post_type=dry_recipe&p=3078,36,1,1,0,0,0,1,1,1,1,0,,CONTRACT_BUILD_CANDIDATE_MEDIUM,LOW_TO_MEDIUM,NOT_PUBLIC_OR_PREVIEW
3081,SAUCISSON D&#8217;ARDENNE (ARDENSKI KULEN),saucisson-d-ardenne-ardenski-kulen,publish,https://drycured.com/recepti-baza/saucisson-d-ardenne-ardenski-kulen/,13,1,0,0,0,0,1,1,1,1,0,,CONTRACT_BUILD_CANDIDATE_MARKDOWN_ONLY,LOW_TO_MEDIUM,PUBLIC_NO_META_FALLBACK_FOUND
3082,НАНИЖЕН СУДЖУК (Nanižen Sudžuk),nanizen-sudzuk,publish,https://drycured.com/recepti-baza/nanizen-sudzuk/,13,1,0,0,0,0,1,1,1,1,0,,CONTRACT_BUILD_CANDIDATE_MARKDOWN_ONLY,LOW_TO_MEDIUM,PUBLIC_NO_META_FALLBACK_FOUND
3083,ЕЛЕНСКИ БУТ (Elenski but),elenski-but,publish,https://drycured.com/recepti-baza/elenski-but/,13,1,0,0,0,0,1,1,1,1,0,,CONTRACT_BUILD_CANDIDATE_MARKDOWN_ONLY,LOW_TO_MEDIUM,PUBLIC_NO_META_FALLBACK_FOUND
3084,СМЯДОВСКА ЛУКАНКА (Smyadovska lukanka),smyadovska-lukanka,publish,https://drycured.com/recepti-baza/smyadovska-lukanka/,13,1,0,0,0,0,1,1,1,1,0,,CONTRACT_BUILD_CANDIDATE_MARKDOWN_ONLY,LOW_TO_MEDIUM,PUBLIC_NO_META_FALLBACK_FOUND
3085,СТАРОПЛАНИНСКИ ПАСТЪРМА (Staroplaninska pastrma),staroplaninska-pastrma,publish,https://drycured.com/recepti-baza/staroplaninska-pastrma/,13,1,0,0,0,0,1,1,1,1,0,,CONTRACT_BUILD_CANDIDATE_MARKDOWN_ONLY,LOW_TO_MEDIUM,PUBLIC_NO_META_FALLBACK_FOUND
3086,Nadenitsa (Наденица),nadenitsa,publish,https://drycured.com/recepti-baza/nadenitsa/,13,1,0,0,0,0,1,1,1,1,0,,CONTRACT_BUILD_CANDIDATE_MARKDOWN_ONLY,LOW_TO_MEDIUM,PUBLIC_NO_META_FALLBACK_FOUND
3087,Rulopep (Рулопеп),rulopep,publish,https://drycured.com/recepti-baza/rulopep/,13,1,0,0,0,0,1,1,1,1,0,,CONTRACT_BUILD_CANDIDATE_MARKDOWN_ONLY,LOW_TO_MEDIUM,PUBLIC_NO_META_FALLBACK_FOUND
3088,Katino Meze (Катино мезе),katino-meze,publish,https://drycured.com/recepti-baza/katino-meze/,13,1,0,0,0,0,1,1,1,1,0,,CONTRACT_BUILD_CANDIDATE_MARKDOWN_ONLY,LOW_TO_MEDIUM,PUBLIC_NO_META_FALLBACK_FOUND
3089,Drobsarma (Дробсарма),drobsarma,publish,https://drycured.com/recepti-baza/drobsarma/,13,1,0,0,0,0,1,1,1,1,0,,CONTRACT_BUILD_CANDIDATE_MARKDOWN_ONLY,LOW_TO_MEDIUM,PUBLIC_NO_META_FALLBACK_FOUND
3090,Maleshevska Babichka (Малешевска бабичка),maleshevska-babichka,publish,https://drycured.com/recepti-baza/maleshevska-babichka/,13,1,0,0,0,0,1,1,1,1,0,,CONTRACT_BUILD_CANDIDATE_MARKDOWN_ONLY,LOW_TO_MEDIUM,PUBLIC_NO_META_FALLBACK_FOUND
3091,Kraishte Pastarma (Краищенска пастърма),kraishte-pastarma,publish,https://drycured.com/recepti-baza/kraishte-pastarma/,13,1,0,0,0,0,1,1,1,1,0,,CONTRACT_BUILD_CANDIDATE_MARKDOWN_ONLY,LOW_TO_MEDIUM,PUBLIC_NO_META_FALLBACK_FOUND
3092,Lukanka (Луканка),lukanka,publish,https://drycured.com/recepti-baza/lukanka/,13,1,0,0,0,0,1,1,1,1,0,,CONTRACT_BUILD_CANDIDATE_MARKDOWN_ONLY,LOW_TO_MEDIUM,PUBLIC_NO_META_FALLBACK_FOUND
3093,Sudjuk (Суджук),sudjuk,publish,https://drycured.com/recepti-baza/sudjuk/,13,1,0,0,0,0,1,1,1,1,0,,CONTRACT_BUILD_CANDIDATE_MARKDOWN_ONLY,LOW_TO_MEDIUM,PUBLIC_NO_META_FALLBACK_FOUND
3094,Elena filet (Еленски филе),elena-filet,publish,https://drycured.com/recepti-baza/elena-filet/,13,1,0,0,0,0,1,1,1,1,0,,CONTRACT_BUILD_CANDIDATE_MARKDOWN_ONLY,LOW_TO_MEDIUM,PUBLIC_NO_META_FALLBACK_FOUND
3095,Pastarma (Пастърма),pastarma,publish,https://drycured.com/recepti-baza/pastarma/,13,1,0,0,0,0,1,1,1,1,0,,CONTRACT_BUILD_CANDIDATE_MARKDOWN_ONLY,LOW_TO_MEDIUM,PUBLIC_NO_META_FALLBACK_FOUND
3096,Banski Starec (Бански старец),banski-starec,publish,https://drycured.com/recepti-baza/banski-starec/,13,1,0,0,0,0,1,1,1,1,0,,CONTRACT_BUILD_CANDIDATE_MARKDOWN_ONLY,LOW_TO_MEDIUM,PUBLIC_NO_META_FALLBACK_FOUND
3097,Lountza (Λούντζα),lountza,publish,https://drycured.com/recepti-baza/lountza/,13,1,0,0,0,0,1,1,1,1,0,,CONTRACT_BUILD_CANDIDATE_MARKDOWN_ONLY,LOW_TO_MEDIUM,PUBLIC_NO_META_FALLBACK_FOUND
3098,Hiromeri (Χοιρομέρι),hiromeri,publish,https://drycured.com/recepti-baza/hiromeri/,13,1,0,0,0,0,1,1,1,1,0,,CONTRACT_BUILD_CANDIDATE_MARKDOWN_ONLY,LOW_TO_MEDIUM,PUBLIC_NO_META_FALLBACK_FOUND
3099,Tsamarella (Τσαμαρέλλα),tsamarella,publish,https://drycured.com/recepti-baza/tsamarella/,13,1,0,0,0,0,1,1,1,1,1,prema receptu,CONTRACT_BUILD_CANDIDATE_MARKDOWN_ONLY,LOW_TO_MEDIUM,PUBLIC_FALLBACK_RISK
3100,Posyrti (Ποσυρτή),posyrti,publish,https://drycured.com/recepti-baza/posyrti/,13,1,0,0,0,0,1,1,1,1,0,,CONTRACT_BUILD_CANDIDATE_MARKDOWN_ONLY,LOW_TO_MEDIUM,PUBLIC_NO_META_FALLBACK_FOUND
3101,Apohtin (Αποχτίν),apohtin,publish,https://drycured.com/recepti-baza/apohtin/,13,1,0,0,0,0,1,1,1,1,0,,CONTRACT_BUILD_CANDIDATE_MARKDOWN_ONLY,LOW_TO_MEDIUM,PUBLIC_NO_META_FALLBACK_FOUND
3102,Lounza (Λούντζα) &#8211; Dimljena svinjska potrbušina,lounza-dimljena-svinjska-potrbusina,publish,https://drycured.com/recepti-baza/lounza-dimljena-svinjska-potrbusina/,13,1,0,0,0,0,1,1,1,1,0,,CONTRACT_BUILD_CANDIDATE_MARKDOWN_ONLY,LOW_TO_MEDIUM,PUBLIC_NO_META_FALLBACK_FOUND
3103,Tsamarella (Τσαμαρέλλα) &#8211; Sušena kozletina,tsamarella-susena-kozletina,publish,https://drycured.com/recepti-baza/tsamarella-susena-kozletina/,13,1,0,0,0,0,1,1,1,1,1,prema receptu,CONTRACT_BUILD_CANDIDATE_MARKDOWN_ONLY,LOW_TO_MEDIUM,PUBLIC_FALLBACK_RISK
3104,Hiromeri (Χοιρομέρι) &#8211; Ciparski pršut,hiromeri-ciparski-prsut,publish,https://drycured.com/recepti-baza/hiromeri-ciparski-prsut/,13,1,0,0,0,0,1,1,1,1,0,,CONTRACT_BUILD_CANDIDATE_MARKDOWN_ONLY,LOW_TO_MEDIUM,PUBLIC_NO_META_FALLBACK_FOUND
3105,Apohti (Απόχτι) &#8211; Dimljeni svinjski file,apohti-dimljeni-svinjski-file,publish,https://drycured.com/recepti-baza/apohti-dimljeni-svinjski-file/,13,1,0,0,0,0,1,1,1,1,0,,CONTRACT_BUILD_CANDIDATE_MARKDOWN_ONLY,LOW_TO_MEDIUM,PUBLIC_NO_META_FALLBACK_FOUND
3106,Pastourma (Παστουρμάς) &#8211; Ciparski začinjeni sušeni goveđi file,pastourma-ciparski-zacinjeni-suseni-govei-file,publish,https://drycured.com/recepti-baza/pastourma-ciparski-zacinjeni-suseni-govei-file/,13,1,0,0,0,0,1,1,1,1,0,,CONTRACT_BUILD_CANDIDATE_MARKDOWN_ONLY,LOW_TO_MEDIUM,PUBLIC_NO_META_FALLBACK_FOUND
3107,?? NIZOZEMSKA &#8211; Tradicionalni recepti,nizozemska-tradicionalni-recepti,publish,https://drycured.com/recepti-baza/nizozemska-tradicionalni-recepti/,13,1,0,0,0,0,1,1,1,1,0,,CONTRACT_BUILD_CANDIDATE_MARKDOWN_ONLY,LOW_TO_MEDIUM,PUBLIC_NO_META_FALLBACK_FOUND
3108,Crmničke goveđe pastrve,crmnicke-govee-pastrve,publish,https://drycured.com/recepti-baza/crmnicke-govee-pastrve/,13,1,0,0,0,0,1,1,1,1,0,,CONTRACT_BUILD_CANDIDATE_MARKDOWN_ONLY,LOW_TO_MEDIUM,PUBLIC_NO_META_FALLBACK_FOUND
3109,Privatno: Bjelopavlićka bumbar-pita,bjelopavlicka-bumbar-pita,private,https://drycured.com/?post_type=dry_recipe&p=3109,10,1,0,0,0,0,1,1,1,1,0,,CONTRACT_BUILD_CANDIDATE_MARKDOWN_ONLY,LOW_TO_MEDIUM,NOT_PUBLIC_OR_PREVIEW
3110,Crnogorski suđuk,crnogorski-suuk,publish,https://drycured.com/recepti-baza/crnogorski-suuk/,13,1,0,0,0,0,1,1,1,1,0,,CONTRACT_BUILD_CANDIDATE_MARKDOWN_ONLY,LOW_TO_MEDIUM,PUBLIC_NO_META_FALLBACK_FOUND
3111,Privatno: Pagaški sir (rijetka regionalna varijanta),pagaski-sir-rijetka-regionalna-varijanta,private,https://drycured.com/?post_type=dry_recipe&p=3111,10,1,0,0,0,0,1,1,1,1,2,prema receptu,CONTRACT_BUILD_CANDIDATE_MARKDOWN_ONLY,LOW_TO_MEDIUM,NOT_PUBLIC_OR_PREVIEW
3112,Medisterpølse (Danska svježa začinjena kobasica),medisterplse-danska-svjeza-zacinjena-kobasica,publish,https://drycured.com/recepti-baza/medisterplse-danska-svjeza-zacinjena-kobasica/,13,1,0,0,0,0,1,1,1,1,0,,CONTRACT_BUILD_CANDIDATE_MARKDOWN_ONLY,LOW_TO_MEDIUM,PUBLIC_NO_META_FALLBACK_FOUND
3113,Privatno: Blodpølse (Danska krvavica),blodplse-danska-krvavica,private,https://drycured.com/?post_type=dry_recipe&p=3113,10,1,0,0,0,0,1,1,1,1,0,,CONTRACT_BUILD_CANDIDATE_MARKDOWN_ONLY,LOW_TO_MEDIUM,NOT_PUBLIC_OR_PREVIEW
3114,Rullepølse (Danska rolana šunka),rulleplse-danska-rolana-sunka,publish,https://drycured.com/recepti-baza/rulleplse-danska-rolana-sunka/,13,1,0,0,0,0,1,1,1,1,0,,CONTRACT_BUILD_CANDIDATE_MARKDOWN_ONLY,LOW_TO_MEDIUM,PUBLIC_NO_META_FALLBACK_FOUND
3115,Flæskesteg (Danska pečena svinjetina s hrskavom kožom),flskesteg-danska-pecena-svinjetina-s-hrskavom-kozom,publish,https://drycured.com/recepti-baza/flskesteg-danska-pecena-svinjetina-s-hrskavom-kozom/,13,1,0,0,0,0,1,1,1,1,0,,CONTRACT_BUILD_CANDIDATE_MARKDOWN_ONLY,LOW_TO_MEDIUM,PUBLIC_NO_META_FALLBACK_FOUND
3116,Spegepølse (Danska fermentirana kobasica),spegeplse-danska-fermentirana-kobasica,publish,https://drycured.com/recepti-baza/spegeplse-danska-fermentirana-kobasica/,13,1,0,0,0,0,1,1,1,1,0,,CONTRACT_BUILD_CANDIDATE_MARKDOWN_ONLY,LOW_TO_MEDIUM,PUBLIC_NO_META_FALLBACK_FOUND
3117,Irski spiced beef (Začinjeno sušeno goveđe meso),irski-spiced-beef-zacinjeno-suseno-govee-meso,publish,https://drycured.com/recepti-baza/irski-spiced-beef-zacinjeno-suseno-govee-meso/,13,1,0,0,0,0,1,1,1,1,0,,CONTRACT_BUILD_CANDIDATE_MARKDOWN_ONLY,LOW_TO_MEDIUM,PUBLIC_NO_META_FALLBACK_FOUND
3118,Kasseler pečenka s pireom od jabuka i krupir knedlama,kasseler-pecenka-s-pireom-od-jabuka-i-krupir-knedlama,publish,https://drycured.com/recepti-baza/kasseler-pecenka-s-pireom-od-jabuka-i-krupir-knedlama/,13,1,0,0,0,0,1,1,1,1,0,,CONTRACT_BUILD_CANDIDATE_MARKDOWN_ONLY,LOW_TO_MEDIUM,PUBLIC_NO_META_FALLBACK_FOUND
3119,Privatno: Leberkäse s prženim jajima i bavarskim röstijem,leberkase-s-przenim-jajima-i-bavarskim-rostijem,private,https://drycured.com/?post_type=dry_recipe&p=3119,10,1,0,0,0,0,1,1,1,1,0,,CONTRACT_BUILD_CANDIDATE_MARKDOWN_ONLY,LOW_TO_MEDIUM,NOT_PUBLIC_OR_PREVIEW
3120,Rogatički Planinsko-Morski Raritet &#8220;Vjetar i More&#8221;,rogaticki-planinsko-morski-raritet-vjetar-i-more,publish,https://drycured.com/recepti-baza/rogaticki-planinsko-morski-raritet-vjetar-i-more/,13,1,0,0,0,0,1,1,1,1,1,prema receptu,CONTRACT_BUILD_CANDIDATE_MARKDOWN_ONLY,LOW_TO_MEDIUM,PUBLIC_FALLBACK_RISK
3121,Istarski Morski Pršut &#8220;Neptunov Dar&#8221;,istarski-morski-prsut-neptunov-dar,publish,https://drycured.com/recepti-baza/istarski-morski-prsut-neptunov-dar/,13,1,0,0,0,0,1,1,1,1,0,,CONTRACT_BUILD_CANDIDATE_MARKDOWN_ONLY,LOW_TO_MEDIUM,PUBLIC_NO_META_FALLBACK_FOUND
3122,Potted Beef (konzervirano goveđe meso),potted-beef-konzervirano-govee-meso,publish,https://drycured.com/recepti-baza/potted-beef-konzervirano-govee-meso/,13,1,0,0,0,0,1,1,1,1,0,,CONTRACT_BUILD_CANDIDATE_MARKDOWN_ONLY,LOW_TO_MEDIUM,PUBLIC_NO_META_FALLBACK_FOUND
3123,Privatno: Tradicionalni engleski Black Pudding (krvavica),tradicionalni-engleski-black-pudding-krvavica,private,https://drycured.com/?post_type=dry_recipe&p=3123,10,1,0,0,0,0,1,1,1,1,0,,CONTRACT_BUILD_CANDIDATE_MARKDOWN_ONLY,LOW_TO_MEDIUM,NOT_PUBLIC_OR_PREVIEW
3124,Engleski sušeni goveđi jezik (Potted Ox Tongue),engleski-suseni-govei-jezik-potted-ox-tongue,publish,https://drycured.com/recepti-baza/engleski-suseni-govei-jezik-potted-ox-tongue/,13,1,0,0,0,0,1,1,1,1,0,,CONTRACT_BUILD_CANDIDATE_MARKDOWN_ONLY,LOW_TO_MEDIUM,PUBLIC_NO_META_FALLBACK_FOUND
3125,?? Talijansko-toskanski recept za salamu (Salame Toscano),talijansko-toskanski-recept-za-salamu-salame-toscano,publish,https://drycured.com/recepti-baza/talijansko-toskanski-recept-za-salamu-salame-toscano/,13,1,0,0,0,0,1,1,1,1,0,,CONTRACT_BUILD_CANDIDATE_MARKDOWN_ONLY,LOW_TO_MEDIUM,PUBLIC_NO_META_FALLBACK_FOUND
3126,?? Austrijski recept za Kmetzelsuppe kobasicu,austrijski-recept-za-kmetzelsuppe-kobasicu,publish,https://drycured.com/recepti-baza/austrijski-recept-za-kmetzelsuppe-kobasicu/,13,1,0,0,0,0,1,1,1,1,0,,CONTRACT_BUILD_CANDIDATE_MARKDOWN_ONLY,LOW_TO_MEDIUM,PUBLIC_NO_META_FALLBACK_FOUND
3127,Poljska Kiełbasa Lisiecka (Lisiecka Kobasica),poljska-kiebasa-lisiecka-lisiecka-kobasica,publish,https://drycured.com/recepti-baza/poljska-kiebasa-lisiecka-lisiecka-kobasica/,13,1,0,0,0,0,1,1,1,1,0,,CONTRACT_BUILD_CANDIDATE_MARKDOWN_ONLY,LOW_TO_MEDIUM,PUBLIC_NO_META_FALLBACK_FOUND
3128,KYLMÄSAVULOHI (HLADNO DIMLJENI LOSOS),kylmasavulohi-hladno-dimljeni-losos,publish,https://drycured.com/recepti-baza/kylmasavulohi-hladno-dimljeni-losos/,11,1,0,0,0,0,1,1,1,1,0,,CONTRACT_BUILD_CANDIDATE_MARKDOWN_ONLY,LOW_TO_MEDIUM,PUBLIC_NO_META_FALLBACK_FOUND
3129,Jambon de Bayonne (Bajonska šunka),jambon-de-bayonne-bajonska-sunka,publish,https://drycured.com/recepti-baza/jambon-de-bayonne-bajonska-sunka/,13,1,0,0,0,0,1,1,1,1,0,,CONTRACT_BUILD_CANDIDATE_MARKDOWN_ONLY,LOW_TO_MEDIUM,PUBLIC_NO_META_FALLBACK_FOUND
3130,Privatno: Rillettes du Mans (Pašteta od konfitiranog mesa),rillettes-du-mans-pasteta-od-konfitiranog-mesa,private,https://drycured.com/?post_type=dry_recipe&p=3130,10,1,0,0,0,0,1,1,1,1,0,,CONTRACT_BUILD_CANDIDATE_MARKDOWN_ONLY,LOW_TO_MEDIUM,NOT_PUBLIC_OR_PREVIEW
3131,SAUCISSON SEC D&#8217;AUVERGNE,saucisson-sec-d-auvergne,publish,https://drycured.com/recepti-baza/saucisson-sec-d-auvergne/,13,1,0,0,0,0,1,1,1,1,0,,CONTRACT_BUILD_CANDIDATE_MARKDOWN_ONLY,LOW_TO_MEDIUM,PUBLIC_NO_META_FALLBACK_FOUND
3132,Armatia (Αρματιά),armatia,publish,https://drycured.com/recepti-baza/armatia/,13,1,0,0,0,0,1,1,1,1,0,,CONTRACT_BUILD_CANDIDATE_MARKDOWN_ONLY,LOW_TO_MEDIUM,PUBLIC_NO_META_FALLBACK_FOUND
3133,Pihti (Πηχτή),pihti,publish,https://drycured.com/recepti-baza/pihti/,13,1,0,0,0,0,1,1,1,1,0,,CONTRACT_BUILD_CANDIDATE_MARKDOWN_ONLY,LOW_TO_MEDIUM,PUBLIC_NO_META_FALLBACK_FOUND
3134,Kavourmas (Καβουρμάς),kavourmas,publish,https://drycured.com/recepti-baza/kavourmas/,13,1,0,0,0,0,1,1,1,1,0,,CONTRACT_BUILD_CANDIDATE_MARKDOWN_ONLY,LOW_TO_MEDIUM,PUBLIC_NO_META_FALLBACK_FOUND
3135,Pastourmas (Παστουρμάς),pastourmas,publish,https://drycured.com/recepti-baza/pastourmas/,13,1,0,0,0,0,1,1,1,1,0,,CONTRACT_BUILD_CANDIDATE_MARKDOWN_ONLY,LOW_TO_MEDIUM,PUBLIC_NO_META_FALLBACK_FOUND
3136,Loukaniko (Λουκάνικο),loukaniko,publish,https://drycured.com/recepti-baza/loukaniko/,13,1,0,0,0,0,1,1,1,1,0,,CONTRACT_BUILD_CANDIDATE_MARKDOWN_ONLY,LOW_TO_MEDIUM,PUBLIC_NO_META_FALLBACK_FOUND
3137,Apaki (Απάκι),apaki,publish,https://drycured.com/recepti-baza/apaki/,13,1,0,0,0,0,1,1,1,1,0,,CONTRACT_BUILD_CANDIDATE_MARKDOWN_ONLY,LOW_TO_MEDIUM,PUBLIC_NO_META_FALLBACK_FOUND
3138,Noumboulo (Νούμπουλο),noumboulo,publish,https://drycured.com/recepti-baza/noumboulo/,13,1,0,0,0,0,1,1,1,1,0,,CONTRACT_BUILD_CANDIDATE_MARKDOWN_ONLY,LOW_TO_MEDIUM,PUBLIC_NO_META_FALLBACK_FOUND
3139,Syglino (Σύγκλινο),syglino,publish,https://drycured.com/recepti-baza/syglino/,13,1,0,0,0,0,1,1,1,1,0,,CONTRACT_BUILD_CANDIDATE_MARKDOWN_ONLY,LOW_TO_MEDIUM,PUBLIC_NO_META_FALLBACK_FOUND
3140,Skirts and Kidneys (Tradicionalna irska marinirana goveđa dijafragma),skirts-and-kidneys-tradicionalna-irska-marinirana-govea-dijafragma,publish,https://drycured.com/recepti-baza/skirts-and-kidneys-tradicionalna-irska-marinirana-govea-dijafragma/,13,1,0,0,0,0,1,1,1,1,0,,CONTRACT_BUILD_CANDIDATE_MARKDOWN_ONLY,LOW_TO_MEDIUM,PUBLIC_NO_META_FALLBACK_FOUND
3141,Svið (Dimljena janjeća glava),svi-dimljena-janjeca-glava,publish,https://drycured.com/recepti-baza/svi-dimljena-janjeca-glava/,13,1,0,0,0,0,1,1,1,1,0,,CONTRACT_BUILD_CANDIDATE_MARKDOWN_ONLY,LOW_TO_MEDIUM,PUBLIC_NO_META_FALLBACK_FOUND
3142,Heilhornað Hangikjöt (Sušena janjeća rebra),heilhorna-hangikjot-susena-janjeca-rebra,publish,https://drycured.com/recepti-baza/heilhorna-hangikjot-susena-janjeca-rebra/,13,1,0,0,0,0,1,1,1,1,0,,CONTRACT_BUILD_CANDIDATE_MARKDOWN_ONLY,LOW_TO_MEDIUM,PUBLIC_NO_META_FALLBACK_FOUND
3143,Torfær​ður Lambahryggur (Zakopana janjeća leđa),torfrur-lambahryggur-zakopana-janjeca-lea,publish,https://drycured.com/recepti-baza/torfrur-lambahryggur-zakopana-janjeca-lea/,13,1,0,0,0,0,1,1,1,1,0,,CONTRACT_BUILD_CANDIDATE_MARKDOWN_ONLY,LOW_TO_MEDIUM,PUBLIC_NO_META_FALLBACK_FOUND
3144,Selshreifar (Sušeni tuljanovi peraji),selshreifar-suseni-tuljanovi-peraji,publish,https://drycured.com/recepti-baza/selshreifar-suseni-tuljanovi-peraji/,13,1,0,0,0,0,1,1,1,1,2,prema receptu,CONTRACT_BUILD_CANDIDATE_MARKDOWN_ONLY,LOW_TO_MEDIUM,PUBLIC_FALLBACK_RISK
3145,Hákarlasullur (Fermentirani trbuh grenlandskog morskog psa),hakarlasullur-fermentirani-trbuh-grenlandskog-morskog-psa,publish,https://drycured.com/recepti-baza/hakarlasullur-fermentirani-trbuh-grenlandskog-morskog-psa/,13,1,0,0,0,0,1,1,1,1,1,prema receptu,CONTRACT_BUILD_CANDIDATE_MARKDOWN_ONLY,LOW_TO_MEDIUM,PUBLIC_FALLBACK_RISK
3146,Gellur (Sušeni riblji jezici),gellur-suseni-riblji-jezici,publish,https://drycured.com/recepti-baza/gellur-suseni-riblji-jezici/,13,1,0,0,0,0,1,1,1,1,2,prema receptu,CONTRACT_BUILD_CANDIDATE_MARKDOWN_ONLY,LOW_TO_MEDIUM,PUBLIC_FALLBACK_RISK
3147,Súrsaðir Hrútspungar Með Lyngi (Fermentirani ovnovski testisi s vrijeskom),sursair-hrutspungar-me-lyngi-fermentirani-ovnovski-testisi-s-vrijeskom,publish,https://drycured.com/recepti-baza/sursair-hrutspungar-me-lyngi-fermentirani-ovnovski-testisi-s-vrijeskom/,13,1,0,0,0,0,1,1,1,1,2,prema receptu,CONTRACT_BUILD_CANDIDATE_MARKDOWN_ONLY,LOW_TO_MEDIUM,PUBLIC_FALLBACK_RISK
3148,Sviðasulta (Želatinizirano janjeće meso s glave),sviasulta-zelatinizirano-janjece-meso-s-glave,publish,https://drycured.com/recepti-baza/sviasulta-zelatinizirano-janjece-meso-s-glave/,13,1,0,0,0,0,1,1,1,1,0,,CONTRACT_BUILD_CANDIDATE_MARKDOWN_ONLY,LOW_TO_MEDIUM,PUBLIC_NO_META_FALLBACK_FOUND
3149,Harðfiskur (Sušeni oslić),harfiskur-suseni-oslic,publish,https://drycured.com/recepti-baza/harfiskur-suseni-oslic/,13,1,0,0,0,0,1,1,1,1,2,prema receptu,CONTRACT_BUILD_CANDIDATE_MARKDOWN_ONLY,LOW_TO_MEDIUM,PUBLIC_FALLBACK_RISK
3150,Kæstur Hákarl (Fermentirano meso grenlandskog morskog psa),kstur-hakarl-fermentirano-meso-grenlandskog-morskog-psa,publish,https://drycured.com/recepti-baza/kstur-hakarl-fermentirano-meso-grenlandskog-morskog-psa/,13,1,0,0,0,0,1,1,1,1,1,prema receptu,CONTRACT_BUILD_CANDIDATE_MARKDOWN_ONLY,LOW_TO_MEDIUM,PUBLIC_FALLBACK_RISK
3151,Pastërma (Sušena govedina),pasterma-susena-govedina,publish,https://drycured.com/recepti-baza/pasterma-susena-govedina/,13,1,0,0,0,0,1,1,1,1,0,,CONTRACT_BUILD_CANDIDATE_MARKDOWN_ONLY,LOW_TO_MEDIUM,PUBLIC_NO_META_FALLBACK_FOUND
3152,Skilandis (Tradicinis lietuviškas skilandis),skilandis-tradicinis-lietuviskas-skilandis,publish,https://drycured.com/recepti-baza/skilandis-tradicinis-lietuviskas-skilandis/,13,1,0,0,0,0,1,1,1,1,0,,CONTRACT_BUILD_CANDIDATE_MARKDOWN_ONLY,LOW_TO_MEDIUM,PUBLIC_NO_META_FALLBACK_FOUND
3153,Kindziukas (Kindzius),kindziukas-kindzius,publish,https://drycured.com/recepti-baza/kindziukas-kindzius/,13,1,0,0,0,0,1,1,1,1,0,,CONTRACT_BUILD_CANDIDATE_MARKDOWN_ONLY,LOW_TO_MEDIUM,PUBLIC_NO_META_FALLBACK_FOUND
3154,Lašiniai (Tradicionalna litavska slanina),lasiniai-tradicionalna-litavska-slanina,publish,https://drycured.com/recepti-baza/lasiniai-tradicionalna-litavska-slanina/,13,1,0,0,0,0,1,1,1,1,0,,CONTRACT_BUILD_CANDIDATE_MARKDOWN_ONLY,LOW_TO_MEDIUM,PUBLIC_NO_META_FALLBACK_FOUND
3155,Vytinta dešra (Sušena litavska kobasica),vytinta-desra-susena-litavska-kobasica,publish,https://drycured.com/recepti-baza/vytinta-desra-susena-litavska-kobasica/,12,1,0,0,0,0,1,1,1,1,0,,CONTRACT_BUILD_CANDIDATE_MARKDOWN_ONLY,LOW_TO_MEDIUM,PUBLIC_NO_META_FALLBACK_FOUND
3156,Lički Planinarski Navršak,licki-planinarski-navrsak,publish,https://drycured.com/recepti-baza/licki-planinarski-navrsak/,13,1,0,0,0,0,1,1,1,1,1,prema receptu,CONTRACT_BUILD_CANDIDATE_MARKDOWN_ONLY,LOW_TO_MEDIUM,PUBLIC_FALLBACK_RISK
3157,Privatno: Maltežanski sušeni ovčji sir (Ġbejna Mnixxfa),maltezanski-suseni-ovcji-sir-gbejna-mnixxfa,private,https://drycured.com/?post_type=dry_recipe&p=3157,10,1,0,0,0,0,1,1,1,1,0,,CONTRACT_BUILD_CANDIDATE_MARKDOWN_ONLY,LOW_TO_MEDIUM,NOT_PUBLIC_OR_PREVIEW
3158,Mađarska Slanina (Szalonna),maarska-slanina-szalonna,publish,https://drycured.com/recepti-baza/maarska-slanina-szalonna/,13,1,0,0,0,0,1,1,1,1,0,,CONTRACT_BUILD_CANDIDATE_MARKDOWN_ONLY,LOW_TO_MEDIUM,PUBLIC_NO_META_FALLBACK_FOUND
3159,Mađarska Dimljena Šunka (Füstölt Sonka),maarska-dimljena-sunka-fustolt-sonka,publish,https://drycured.com/recepti-baza/maarska-dimljena-sunka-fustolt-sonka/,13,1,0,0,0,0,1,1,1,1,0,,CONTRACT_BUILD_CANDIDATE_MARKDOWN_ONLY,LOW_TO_MEDIUM,PUBLIC_NO_META_FALLBACK_FOUND
3160,Mađarski Dimljeni Jezik (Füstölt Nyelv),maarski-dimljeni-jezik-fustolt-nyelv,publish,https://drycured.com/recepti-baza/maarski-dimljeni-jezik-fustolt-nyelv/,13,1,0,0,0,0,1,1,1,1,0,,CONTRACT_BUILD_CANDIDATE_MARKDOWN_ONLY,LOW_TO_MEDIUM,PUBLIC_NO_META_FALLBACK_FOUND
3161,Privatno: CHIȘCĂ (MOLDAVSKA KRVAVICA),chisca-moldavska-krvavica,private,https://drycured.com/?post_type=dry_recipe&p=3161,10,1,0,0,0,0,1,1,1,1,0,,CONTRACT_BUILD_CANDIDATE_MARKDOWN_ONLY,LOW_TO_MEDIUM,NOT_PUBLIC_OR_PREVIEW
3162,Ossenworst (Goveđa sirova kobasica),ossenworst-govea-sirova-kobasica,publish,https://drycured.com/recepti-baza/ossenworst-govea-sirova-kobasica/,13,1,0,0,0,0,1,1,1,1,0,,CONTRACT_BUILD_CANDIDATE_MARKDOWN_ONLY,LOW_TO_MEDIUM,PUBLIC_NO_META_FALLBACK_FOUND
3163,MOSTBRÖCKLI (ALPSKA SUŠENA GOVEDINA),mostbrockli-alpska-susena-govedina,publish,https://drycured.com/recepti-baza/mostbrockli-alpska-susena-govedina/,13,1,0,0,0,0,1,1,1,1,0,,CONTRACT_BUILD_CANDIDATE_MARKDOWN_ONLY,LOW_TO_MEDIUM,PUBLIC_NO_META_FALLBACK_FOUND
3164,HOLSTEINER KATENSCHINKEN (HOLŠTAJNSKA DIMLJENA ŠUNKA),holsteiner-katenschinken-holstajnska-dimljena-sunka,publish,https://drycured.com/recepti-baza/holsteiner-katenschinken-holstajnska-dimljena-sunka/,13,1,0,0,0,0,1,1,1,1,0,,CONTRACT_BUILD_CANDIDATE_MARKDOWN_ONLY,LOW_TO_MEDIUM,PUBLIC_NO_META_FALLBACK_FOUND
3165,Privatno: Schwarzwaldska šunka s kiselim kupusom i krumpirom,schwarzwaldska-sunka-s-kiselim-kupusom-i-krumpirom,private,https://drycured.com/?post_type=dry_recipe&p=3165,10,1,0,0,0,0,1,1,1,1,0,,CONTRACT_BUILD_CANDIDATE_MARKDOWN_ONLY,LOW_TO_MEDIUM,NOT_PUBLIC_OR_PREVIEW
3166,Leichter Karreeschinken s povrćem u eintopfu,leichter-karreeschinken-s-povrcem-u-eintopfu,publish,https://drycured.com/recepti-baza/leichter-karreeschinken-s-povrcem-u-eintopfu/,13,1,0,0,0,0,1,1,1,1,0,,CONTRACT_BUILD_CANDIDATE_MARKDOWN_ONLY,LOW_TO_MEDIUM,PUBLIC_NO_META_FALLBACK_FOUND
3167,Privatno: Bonus: Juha od povrća s Schinkenspeck kobasicama,bonus-juha-od-povrca-s-schinkenspeck-kobasicama,private,https://drycured.com/?post_type=dry_recipe&p=3167,10,1,0,0,0,0,1,1,1,1,0,,CONTRACT_BUILD_CANDIDATE_MARKDOWN_ONLY,LOW_TO_MEDIUM,NOT_PUBLIC_OR_PREVIEW
3168,RAKFISK (FERMENTIRANI SLATKOVODNI LOSOS),rakfisk-fermentirani-slatkovodni-losos,publish,https://drycured.com/recepti-baza/rakfisk-fermentirani-slatkovodni-losos/,11,1,0,0,0,0,1,1,1,1,0,,CONTRACT_BUILD_CANDIDATE_MARKDOWN_ONLY,LOW_TO_MEDIUM,PUBLIC_NO_META_FALLBACK_FOUND
3169,LUTEFISK (SUŠENI BAKALAR),lutefisk-suseni-bakalar,publish,https://drycured.com/recepti-baza/lutefisk-suseni-bakalar/,13,1,0,0,0,0,1,1,1,1,0,,CONTRACT_BUILD_CANDIDATE_MARKDOWN_ONLY,LOW_TO_MEDIUM,PUBLIC_NO_META_FALLBACK_FOUND
3170,SMALAHOVE (SUŠENA OVČJA GLAVA),smalahove-susena-ovcja-glava,publish,https://drycured.com/recepti-baza/smalahove-susena-ovcja-glava/,13,1,0,0,0,0,1,1,1,1,0,,CONTRACT_BUILD_CANDIDATE_MARKDOWN_ONLY,LOW_TO_MEDIUM,PUBLIC_NO_META_FALLBACK_FOUND
3171,FÅREPØLSE (TRADICIONALNA OVČJA KOBASICA),fareplse-tradicionalna-ovcja-kobasica,publish,https://drycured.com/recepti-baza/fareplse-tradicionalna-ovcja-kobasica/,13,1,0,0,0,0,1,1,1,1,0,,CONTRACT_BUILD_CANDIDATE_MARKDOWN_ONLY,LOW_TO_MEDIUM,PUBLIC_NO_META_FALLBACK_FOUND
3172,ELGKJØTT SPEKEMAT (SUHO MESO LOSA),elgkjtt-spekemat-suho-meso-losa,publish,https://drycured.com/recepti-baza/elgkjtt-spekemat-suho-meso-losa/,13,1,0,0,0,0,1,1,1,1,0,,CONTRACT_BUILD_CANDIDATE_MARKDOWN_ONLY,LOW_TO_MEDIUM,PUBLIC_NO_META_FALLBACK_FOUND
3173,TJUKKMJØLKSPØLSE (FERMENTIRANA KOBASICA S MLIJEČNOM KULTUROM),tjukkmjlksplse-fermentirana-kobasica-s-mlijecnom-kulturom,publish,https://drycured.com/recepti-baza/tjukkmjlksplse-fermentirana-kobasica-s-mlijecnom-kulturom/,13,1,0,0,0,0,1,1,1,1,0,,CONTRACT_BUILD_CANDIDATE_MARKDOWN_ONLY,LOW_TO_MEDIUM,PUBLIC_NO_META_FALLBACK_FOUND
3174,REINSDYRHJERTE (SUŠENO SRCE SOBA),reinsdyrhjerte-suseno-srce-soba,publish,https://drycured.com/recepti-baza/reinsdyrhjerte-suseno-srce-soba/,13,1,0,0,0,0,1,1,1,1,0,,CONTRACT_BUILD_CANDIDATE_MARKDOWN_ONLY,LOW_TO_MEDIUM,PUBLIC_NO_META_FALLBACK_FOUND
3175,PINNEKJØTT (SUŠENA REBRA),pinnekjtt-susena-rebra,publish,https://drycured.com/recepti-baza/pinnekjtt-susena-rebra/,13,1,0,0,0,0,1,1,1,1,0,,CONTRACT_BUILD_CANDIDATE_MARKDOWN_ONLY,LOW_TO_MEDIUM,PUBLIC_NO_META_FALLBACK_FOUND
3176,RØKELAKS (DIMLJENI LOSOS),rkelaks-dimljeni-losos,publish,https://drycured.com/recepti-baza/rkelaks-dimljeni-losos/,11,1,0,0,0,0,1,1,1,1,0,,CONTRACT_BUILD_CANDIDATE_MARKDOWN_ONLY,LOW_TO_MEDIUM,PUBLIC_NO_META_FALLBACK_FOUND
3177,Privatno: Đakovački Specijalni Fermentirani Vrat,akovacki-specijalni-fermentirani-vrat,private,https://drycured.com/?post_type=dry_recipe&p=3177,10,1,0,0,0,0,1,1,1,1,0,,CONTRACT_BUILD_CANDIDATE_MARKDOWN_ONLY,LOW_TO_MEDIUM,NOT_PUBLIC_OR_PREVIEW
3178,Kuşbaşı Jerky (Turski goveđi jerky),kusbas-jerky-turski-govei-jerky,publish,https://drycured.com/recepti-baza/kusbas-jerky-turski-govei-jerky/,13,1,0,0,0,0,1,1,1,1,0,,CONTRACT_BUILD_CANDIDATE_MARKDOWN_ONLY,LOW_TO_MEDIUM,PUBLIC_NO_META_FALLBACK_FOUND
3179,Işkembe Dolması (Punjeni goveđi burag),iskembe-dolmas-punjeni-govei-burag,publish,https://drycured.com/recepti-baza/iskembe-dolmas-punjeni-govei-burag/,13,1,0,0,0,0,1,1,1,1,0,,CONTRACT_BUILD_CANDIDATE_MARKDOWN_ONLY,LOW_TO_MEDIUM,PUBLIC_NO_META_FALLBACK_FOUND
3180,Varaždinski Š(p)ek,varazdinski-s-p-ek,publish,https://drycured.com/recepti-baza/varazdinski-s-p-ek/,13,1,0,0,0,0,1,1,1,1,0,,CONTRACT_BUILD_CANDIDATE_MARKDOWN_ONLY,LOW_TO_MEDIUM,PUBLIC_NO_META_FALLBACK_FOUND
3181,Đurđevački Zelenjak,urevacki-zelenjak,publish,https://drycured.com/recepti-baza/urevacki-zelenjak/,13,1,0,0,0,0,1,1,1,1,0,,CONTRACT_BUILD_CANDIDATE_MARKDOWN_ONLY,LOW_TO_MEDIUM,PUBLIC_NO_META_FALLBACK_FOUND
3182,KINDZIUK (POLJSKO-LITAVSKA SUHA KOBASICA),kindziuk-poljsko-litavska-suha-kobasica,publish,https://drycured.com/recepti-baza/kindziuk-poljsko-litavska-suha-kobasica/,13,1,0,0,0,0,1,1,1,1,0,,CONTRACT_BUILD_CANDIDATE_MARKDOWN_ONLY,LOW_TO_MEDIUM,PUBLIC_NO_META_FALLBACK_FOUND
3183,KIEŁBASA WĘDZONA (DIMLJENA POLJSKA KOBASICA),kiebasa-wedzona-dimljena-poljska-kobasica,publish,https://drycured.com/recepti-baza/kiebasa-wedzona-dimljena-poljska-kobasica/,13,1,0,0,0,0,1,1,1,1,0,,CONTRACT_BUILD_CANDIDATE_MARKDOWN_ONLY,LOW_TO_MEDIUM,PUBLIC_NO_META_FALLBACK_FOUND
3184,Privatno: Morcela de Assar (Portugalska krvavica za pečenje),morcela-de-assar-portugalska-krvavica-za-pecenje,private,https://drycured.com/?post_type=dry_recipe&p=3184,10,1,0,0,0,0,1,1,1,1,0,,CONTRACT_BUILD_CANDIDATE_MARKDOWN_ONLY,LOW_TO_MEDIUM,NOT_PUBLIC_OR_PREVIEW
3185,Presunto de Porco Preto (Pršut od Crne Iberijske Svinje),presunto-de-porco-preto-prsut-od-crne-iberijske-svinje,publish,https://drycured.com/recepti-baza/presunto-de-porco-preto-prsut-od-crne-iberijske-svinje/,13,1,0,0,0,0,1,1,1,1,0,,CONTRACT_BUILD_CANDIDATE_MARKDOWN_ONLY,LOW_TO_MEDIUM,PUBLIC_NO_META_FALLBACK_FOUND
3186,Privatno: Bonus: Schwarzwälder Speck (Crnogorska slanina),bonus-schwarzwalder-speck-crnogorska-slanina,private,https://drycured.com/?post_type=dry_recipe&p=3186,10,1,0,0,0,0,1,1,1,1,0,,CONTRACT_BUILD_CANDIDATE_MARKDOWN_ONLY,LOW_TO_MEDIUM,NOT_PUBLIC_OR_PREVIEW
3187,Privatno: Zalatina (Ζαλατίνα) &#8211; Ciparski hladetinasti svinjski narezak,zalatina-ciparski-hladetinasti-svinjski-narezak,private,https://drycured.com/?post_type=dry_recipe&p=3187,10,1,0,0,0,0,1,0,1,1,0,,CONTRACT_BUILD_CANDIDATE_MARKDOWN_ONLY,MEDIUM,NOT_PUBLIC_OR_PREVIEW
3188,Lountza Kafteri (Λούντζα Καυτερή) &#8211; Ljuta dimljena svinjska vratina,lountza-kafteri-ljuta-dimljena-svinjska-vratina,publish,https://drycured.com/recepti-baza/lountza-kafteri-ljuta-dimljena-svinjska-vratina/,13,1,0,0,0,0,1,1,1,1,0,,CONTRACT_BUILD_CANDIDATE_MARKDOWN_ONLY,LOW_TO_MEDIUM,PUBLIC_NO_META_FALLBACK_FOUND
3189,Posyrti (Ποσυρτή) &#8211; Ciparska suha kobasica s divljim biljem,posyrti-ciparska-suha-kobasica-s-divljim-biljem,publish,https://drycured.com/recepti-baza/posyrti-ciparska-suha-kobasica-s-divljim-biljem/,13,1,0,0,0,0,1,1,1,1,0,,CONTRACT_BUILD_CANDIDATE_MARKDOWN_ONLY,LOW_TO_MEDIUM,PUBLIC_NO_META_FALLBACK_FOUND
3190,Afelia Pastarma (Αφέλια Παστάρμα) &#8211; Ciparska marinirana goveđa pisanica,afelia-pastarma-ciparska-marinirana-govea-pisanica,publish,https://drycured.com/recepti-baza/afelia-pastarma-ciparska-marinirana-govea-pisanica/,13,1,0,0,0,0,1,1,1,1,0,,CONTRACT_BUILD_CANDIDATE_MARKDOWN_ONLY,LOW_TO_MEDIUM,PUBLIC_NO_META_FALLBACK_FOUND
3191,Ofto Lountza (Οφτή Λούντζα) &#8211; Ciparska zračno sušena janjetina,ofto-lountza-ciparska-zracno-susena-janjetina,publish,https://drycured.com/recepti-baza/ofto-lountza-ciparska-zracno-susena-janjetina/,13,1,0,0,0,0,1,1,1,1,0,,CONTRACT_BUILD_CANDIDATE_MARKDOWN_ONLY,LOW_TO_MEDIUM,PUBLIC_NO_META_FALLBACK_FOUND
3192,Virovski &#8220;Živi Čvarci&#8221;,virovski-zivi-cvarci,publish,https://drycured.com/recepti-baza/virovski-zivi-cvarci/,13,1,0,0,0,0,1,1,1,1,0,,CONTRACT_BUILD_CANDIDATE_MARKDOWN_ONLY,LOW_TO_MEDIUM,PUBLIC_NO_META_FALLBACK_FOUND
3193,Ludbreška &#8220;Tajna Kobasica&#8221;,ludbreska-tajna-kobasica,publish,https://drycured.com/recepti-baza/ludbreska-tajna-kobasica/,13,1,0,0,0,0,1,1,1,1,0,,CONTRACT_BUILD_CANDIDATE_MARKDOWN_ONLY,LOW_TO_MEDIUM,PUBLIC_NO_META_FALLBACK_FOUND
3194,Đurđevački &#8220;Zaboravljeni Š(p)ek&#8221;,urevacki-zaboravljeni-s-p-ek,publish,https://drycured.com/recepti-baza/urevacki-zaboravljeni-s-p-ek/,13,1,0,0,0,0,1,1,1,1,0,,CONTRACT_BUILD_CANDIDATE_MARKDOWN_ONLY,LOW_TO_MEDIUM,PUBLIC_NO_META_FALLBACK_FOUND
3195,Pregradski &#8220;Šumski Šaptat&#8221;,pregradski-sumski-saptat,publish,https://drycured.com/recepti-baza/pregradski-sumski-saptat/,13,1,0,0,0,0,1,1,1,1,0,,CONTRACT_BUILD_CANDIDATE_MARKDOWN_ONLY,LOW_TO_MEDIUM,PUBLIC_NO_META_FALLBACK_FOUND
3196,Križevački &#8220;Začinski Vjetar&#8221;,krizevacki-zacinski-vjetar,publish,https://drycured.com/recepti-baza/krizevacki-zacinski-vjetar/,13,1,0,0,0,0,1,1,1,1,0,,CONTRACT_BUILD_CANDIDATE_MARKDOWN_ONLY,LOW_TO_MEDIUM,PUBLIC_NO_META_FALLBACK_FOUND
3197,Našički &#8220;Ratarski Sjećaj&#8221;,nasicki-ratarski-sjecaj,publish,https://drycured.com/recepti-baza/nasicki-ratarski-sjecaj/,13,1,0,0,0,0,1,1,1,1,0,,CONTRACT_BUILD_CANDIDATE_MARKDOWN_ONLY,LOW_TO_MEDIUM,PUBLIC_NO_META_FALLBACK_FOUND
3198,Draževački &#8220;Veteranski Sjećaj&#8221;,drazevacki-veteranski-sjecaj,publish,https://drycured.com/recepti-baza/drazevacki-veteranski-sjecaj/,13,1,0,0,0,0,1,1,1,1,0,,CONTRACT_BUILD_CANDIDATE_MARKDOWN_ONLY,LOW_TO_MEDIUM,PUBLIC_NO_META_FALLBACK_FOUND
3199,Kalničkog &#8220;Gorski Trag&#8221;,kalnickog-gorski-trag,publish,https://drycured.com/recepti-baza/kalnickog-gorski-trag/,13,1,0,0,0,0,1,1,1,1,0,,CONTRACT_BUILD_CANDIDATE_MARKDOWN_ONLY,LOW_TO_MEDIUM,PUBLIC_NO_META_FALLBACK_FOUND
3200,Podravski &#8220;Zaboravljeni Vrbovec&#8221;,podravski-zaboravljeni-vrbovec,publish,https://drycured.com/recepti-baza/podravski-zaboravljeni-vrbovec/,13,1,0,0,0,0,1,1,1,1,0,,CONTRACT_BUILD_CANDIDATE_MARKDOWN_ONLY,LOW_TO_MEDIUM,PUBLIC_NO_META_FALLBACK_FOUND
3201,Koprivnički &#8220;Seoski Izvor&#8221;,koprivnicki-seoski-izvor,publish,https://drycured.com/recepti-baza/koprivnicki-seoski-izvor/,13,1,0,0,0,0,1,1,1,1,0,,CONTRACT_BUILD_CANDIDATE_MARKDOWN_ONLY,LOW_TO_MEDIUM,PUBLIC_NO_META_FALLBACK_FOUND
3202,Đurđevački &#8220;Ribarski Sjaj&#8221;,urevacki-ribarski-sjaj,publish,https://drycured.com/recepti-baza/urevacki-ribarski-sjaj/,13,1,0,0,0,0,1,1,1,1,0,,CONTRACT_BUILD_CANDIDATE_MARKDOWN_ONLY,LOW_TO_MEDIUM,PUBLIC_NO_META_FALLBACK_FOUND
3203,Ludbreški &#8220;Planinski Trag&#8221;,ludbreski-planinski-trag,publish,https://drycured.com/recepti-baza/ludbreski-planinski-trag/,13,1,0,0,0,0,1,1,1,1,0,,CONTRACT_BUILD_CANDIDATE_MARKDOWN_ONLY,LOW_TO_MEDIUM,PUBLIC_NO_META_FALLBACK_FOUND
3204,Virovski &#8220;Šumski Biseri&#8221;,virovski-sumski-biseri,publish,https://drycured.com/recepti-baza/virovski-sumski-biseri/,13,1,0,0,0,0,1,1,1,1,0,,CONTRACT_BUILD_CANDIDATE_MARKDOWN_ONLY,LOW_TO_MEDIUM,PUBLIC_NO_META_FALLBACK_FOUND
3205,PASTRAMĂ DE OAIE (Sušena ovčetina),pastrama-de-oaie-susena-ovcetina,publish,https://drycured.com/recepti-baza/pastrama-de-oaie-susena-ovcetina/,13,1,0,0,0,0,1,1,1,1,0,,CONTRACT_BUILD_CANDIDATE_MARKDOWN_ONLY,LOW_TO_MEDIUM,PUBLIC_NO_META_FALLBACK_FOUND
3206,Basturma (Бастурма &#8211; Začinjeno sušeno goveđe meso),basturma-zacinjeno-suseno-govee-meso,publish,https://drycured.com/recepti-baza/basturma-zacinjeno-suseno-govee-meso/,13,1,0,0,0,0,1,1,1,1,0,,CONTRACT_BUILD_CANDIDATE_MARKDOWN_ONLY,LOW_TO_MEDIUM,PUBLIC_NO_META_FALLBACK_FOUND
3207,Koryushka (Корюшка &#8211; Dimljena mala riba),koryushka-dimljena-mala-riba,publish,https://drycured.com/recepti-baza/koryushka-dimljena-mala-riba/,13,1,0,0,0,0,1,1,1,1,0,,CONTRACT_BUILD_CANDIDATE_MARKDOWN_ONLY,LOW_TO_MEDIUM,PUBLIC_NO_META_FALLBACK_FOUND
3208,Svinaya Vyrezka (Свиная вырезка &#8211; Sušeni svinjski file),svinaya-vyrezka-suseni-svinjski-file,publish,https://drycured.com/recepti-baza/svinaya-vyrezka-suseni-svinjski-file/,13,1,0,0,0,0,1,1,1,1,0,,CONTRACT_BUILD_CANDIDATE_MARKDOWN_ONLY,LOW_TO_MEDIUM,PUBLIC_NO_META_FALLBACK_FOUND
3209,Privatno: Vetchina (Ветчина &#8211; Domaća kuhana šunka),vetchina-domaca-kuhana-sunka,private,https://drycured.com/?post_type=dry_recipe&p=3209,10,1,0,0,0,0,1,1,1,1,0,,CONTRACT_BUILD_CANDIDATE_MARKDOWN_ONLY,LOW_TO_MEDIUM,NOT_PUBLIC_OR_PREVIEW
3210,ARBROATH SMOKIES (DIMLJENA HARINGA),arbroath-smokies-dimljena-haringa,publish,https://drycured.com/recepti-baza/arbroath-smokies-dimljena-haringa/,13,1,0,0,0,0,1,1,1,1,2,prema receptu,CONTRACT_BUILD_CANDIDATE_MARKDOWN_ONLY,LOW_TO_MEDIUM,PUBLIC_FALLBACK_RISK
3211,Zgornjesavinjski želodec,zgornjesavinjski-zelodec,publish,https://drycured.com/recepti-baza/zgornjesavinjski-zelodec/,13,1,0,0,0,0,1,1,1,1,0,,CONTRACT_BUILD_CANDIDATE_MARKDOWN_ONLY,LOW_TO_MEDIUM,PUBLIC_NO_META_FALLBACK_FOUND
3212,Lomo Embuchado &#8211; Začinjena Suha Svinjska Leđa,lomo-embuchado-zacinjena-suha-svinjska-lea,publish,https://drycured.com/recepti-baza/lomo-embuchado-zacinjena-suha-svinjska-lea/,13,1,0,0,0,0,1,1,1,1,0,,CONTRACT_BUILD_CANDIDATE_MARKDOWN_ONLY,LOW_TO_MEDIUM,PUBLIC_NO_META_FALLBACK_FOUND
3213,Cecina de León &#8211; Sušena Goveđa Cecina,cecina-de-leon-susena-govea-cecina,publish,https://drycured.com/recepti-baza/cecina-de-leon-susena-govea-cecina/,13,1,0,0,0,0,1,1,1,1,0,,CONTRACT_BUILD_CANDIDATE_MARKDOWN_ONLY,LOW_TO_MEDIUM,PUBLIC_NO_META_FALLBACK_FOUND
3214,Crnogorski Sudžuk,crnogorski-sudzuk,publish,https://drycured.com/recepti-baza/crnogorski-sudzuk/,13,1,0,0,0,0,1,1,1,1,0,,CONTRACT_BUILD_CANDIDATE_MARKDOWN_ONLY,LOW_TO_MEDIUM,PUBLIC_NO_META_FALLBACK_FOUND
3215,SCHAFFHAUSER SCHÜBLIG (DIMLJENA GOVEĐA KOBASICA),schaffhauser-schublig-dimljena-govea-kobasica,publish,https://drycured.com/recepti-baza/schaffhauser-schublig-dimljena-govea-kobasica/,13,1,0,0,0,0,1,1,1,1,0,,CONTRACT_BUILD_CANDIDATE_MARKDOWN_ONLY,LOW_TO_MEDIUM,PUBLIC_NO_META_FALLBACK_FOUND
3216,BÜNDNERFLEISCH (GRAUBÜNDENSKI SUŠENI GOVEĐI BUT),bundnerfleisch-graubundenski-suseni-govei-but,publish,https://drycured.com/recepti-baza/bundnerfleisch-graubundenski-suseni-govei-but/,13,1,0,0,0,0,1,1,1,1,0,,CONTRACT_BUILD_CANDIDATE_MARKDOWN_ONLY,LOW_TO_MEDIUM,PUBLIC_NO_META_FALLBACK_FOUND
3217,Culatello di Zibello &#8211; Kulatelo iz Zibella,culatello-di-zibello-kulatelo-iz-zibella,publish,https://drycured.com/recepti-baza/culatello-di-zibello-kulatelo-iz-zibella/,13,1,0,0,0,0,1,1,1,1,0,,CONTRACT_BUILD_CANDIDATE_MARKDOWN_ONLY,LOW_TO_MEDIUM,PUBLIC_NO_META_FALLBACK_FOUND
3218,PANCETTA ARROTOLATA,pancetta-arrotolata,publish,https://drycured.com/recepti-baza/pancetta-arrotolata/,13,1,0,0,0,0,1,1,1,1,0,,CONTRACT_BUILD_CANDIDATE_MARKDOWN_ONLY,LOW_TO_MEDIUM,PUBLIC_NO_META_FALLBACK_FOUND
3219,Herzegovina Livanjska Devenica,herzegovina-livanjska-devenica,publish,https://drycured.com/recepti-baza/herzegovina-livanjska-devenica/,13,1,0,0,0,0,1,1,1,1,0,,CONTRACT_BUILD_CANDIDATE_MARKDOWN_ONLY,LOW_TO_MEDIUM,PUBLIC_NO_META_FALLBACK_FOUND
3220,Privatno: Tuzlanski Švargli,tuzlanski-svargli,private,https://drycured.com/?post_type=dry_recipe&p=3220,10,1,0,0,0,0,1,0,1,1,0,,CONTRACT_BUILD_CANDIDATE_MARKDOWN_ONLY,MEDIUM,NOT_PUBLIC_OR_PREVIEW
3221,Privatno: Zeleni Burek Kobasica (Specifičnost Cazinske doline),zeleni-burek-kobasica-specificnost-cazinske-doline,private,https://drycured.com/?post_type=dry_recipe&p=3221,10,1,0,0,0,0,1,1,1,1,0,,CONTRACT_BUILD_CANDIDATE_MARKDOWN_ONLY,LOW_TO_MEDIUM,NOT_PUBLIC_OR_PREVIEW
3222,Mostarsko Zrno &#8211; Unikatna Mesna Kombinacija,mostarsko-zrno-unikatna-mesna-kombinacija,publish,https://drycured.com/recepti-baza/mostarsko-zrno-unikatna-mesna-kombinacija/,13,1,0,0,0,0,1,1,1,1,0,,CONTRACT_BUILD_CANDIDATE_MARKDOWN_ONLY,LOW_TO_MEDIUM,PUBLIC_NO_META_FALLBACK_FOUND
3223,Etnografska studija kulinarskog naslijeđa,etnografska-studija-kulinarskog-naslijea,publish,https://drycured.com/recepti-baza/etnografska-studija-kulinarskog-naslijea/,13,1,0,0,0,0,1,1,1,1,0,,CONTRACT_BUILD_CANDIDATE_MARKDOWN_ONLY,LOW_TO_MEDIUM,PUBLIC_NO_META_FALLBACK_FOUND
3224,Polendvytsia (Полендвиця) &#8211; Sušeni svinjski file,polendvytsia-suseni-svinjski-file,publish,https://drycured.com/recepti-baza/polendvytsia-suseni-svinjski-file/,13,1,0,0,0,0,1,1,1,1,0,,CONTRACT_BUILD_CANDIDATE_MARKDOWN_ONLY,LOW_TO_MEDIUM,PUBLIC_NO_META_FALLBACK_FOUND
3225,Shukhevychivska Kovbasa (Шухевичівська ковбаса) &#8211; Sušena kobasica s paprom,shukhevychivska-kovbasa-susena-kobasica-s-paprom,publish,https://drycured.com/recepti-baza/shukhevychivska-kovbasa-susena-kobasica-s-paprom/,13,1,0,0,0,0,1,1,1,1,0,,CONTRACT_BUILD_CANDIDATE_MARKDOWN_ONLY,LOW_TO_MEDIUM,PUBLIC_NO_META_FALLBACK_FOUND
3226,Miasnyi Khlib (М&#8217;ясний хліб) &#8211; Mesni kruh,miasnyi-khlib-mesni-kruh,publish,https://drycured.com/recepti-baza/miasnyi-khlib-mesni-kruh/,13,1,0,0,0,0,1,1,1,1,0,,CONTRACT_BUILD_CANDIDATE_MARKDOWN_ONLY,LOW_TO_MEDIUM,PUBLIC_NO_META_FALLBACK_FOUND
3227,Dimlenyi Yazyk (Димлений язик) &#8211; Dimljeni goveđi jezik,dimlenyi-yazyk-dimljeni-govei-jezik,publish,https://drycured.com/recepti-baza/dimlenyi-yazyk-dimljeni-govei-jezik/,13,1,0,0,0,0,1,1,1,1,0,,CONTRACT_BUILD_CANDIDATE_MARKDOWN_ONLY,LOW_TO_MEDIUM,PUBLIC_NO_META_FALLBACK_FOUND
3228,Salo (Сало) &#8211; Ukrajinska slanina,salo-ukrajinska-slanina,publish,https://drycured.com/recepti-baza/salo-ukrajinska-slanina/,13,1,0,0,0,0,1,1,1,1,0,,CONTRACT_BUILD_CANDIDATE_MARKDOWN_ONLY,LOW_TO_MEDIUM,PUBLIC_NO_META_FALLBACK_FOUND
3229,Domašnja Kovbasa (Домашня ковбаса) &#8211; Domaća kobasica,domasnja-kovbasa-domaca-kobasica,publish,https://drycured.com/recepti-baza/domasnja-kovbasa-domaca-kobasica/,13,1,0,0,0,0,1,1,1,1,0,,CONTRACT_BUILD_CANDIDATE_MARKDOWN_ONLY,LOW_TO_MEDIUM,PUBLIC_NO_META_FALLBACK_FOUND
3230,Buženina (Буженина) &#8211; Pečena i sušena svinjetina,buzenina-pecena-i-susena-svinjetina,publish,https://drycured.com/recepti-baza/buzenina-pecena-i-susena-svinjetina/,13,1,0,0,0,0,1,1,1,1,0,,CONTRACT_BUILD_CANDIDATE_MARKDOWN_ONLY,LOW_TO_MEDIUM,PUBLIC_NO_META_FALLBACK_FOUND
3231,Privatno: Kholodets (Холодець) &#8211; Hladetina od mesa,kholodets-hladetina-od-mesa,private,https://drycured.com/?post_type=dry_recipe&p=3231,10,1,0,0,0,0,1,0,1,1,0,,CONTRACT_BUILD_CANDIDATE_MARKDOWN_ONLY,MEDIUM,NOT_PUBLIC_OR_PREVIEW
3232,Solonina (Солонина) &#8211; Salamurena govedina,solonina-salamurena-govedina,publish,https://drycured.com/recepti-baza/solonina-salamurena-govedina/,13,1,0,0,0,0,1,1,1,1,0,,CONTRACT_BUILD_CANDIDATE_MARKDOWN_ONLY,LOW_TO_MEDIUM,PUBLIC_NO_META_FALLBACK_FOUND
3233,Češnjovke 1.2021 – domaća varijanta,e-njovke-1-2021-doma-a-varijanta,publish,https://drycured.com/recepti-baza/e-njovke-1-2021-doma-a-varijanta/,13,1,0,0,0,0,1,1,1,1,0,,CONTRACT_BUILD_CANDIDATE_MARKDOWN_ONLY,LOW_TO_MEDIUM,PUBLIC_NO_META_FALLBACK_FOUND
3234,Kranjska 1.2021 – domaća varijanta,kranjska-1-2021-doma-a-varijanta,publish,https://drycured.com/recepti-baza/kranjska-1-2021-doma-a-varijanta/,13,1,0,0,0,0,1,1,1,1,0,,CONTRACT_BUILD_CANDIDATE_MARKDOWN_ONLY,LOW_TO_MEDIUM,PUBLIC_NO_META_FALLBACK_FOUND
3235,Privatno: Pečenice 1.2021 – domaća varijanta,pe-enice-1-2021-doma-a-varijanta,private,https://drycured.com/?post_type=dry_recipe&p=3235,10,1,0,0,0,0,1,1,1,1,0,,CONTRACT_BUILD_CANDIDATE_MARKDOWN_ONLY,LOW_TO_MEDIUM,NOT_PUBLIC_OR_PREVIEW
3236,Pečena salamurena slanina s toplim dimom,pe-ena-salamurena-slanina-s-toplim-dimom,publish,https://drycured.com/recepti-baza/pe-ena-salamurena-slanina-s-toplim-dimom/,13,1,0,0,0,0,1,1,1,1,0,,CONTRACT_BUILD_CANDIDATE_MARKDOWN_ONLY,LOW_TO_MEDIUM,PUBLIC_NO_META_FALLBACK_FOUND
3308,Istarska kobasica,hr-is-001-istarska-kobasica,publish,https://drycured.com/recepti-baza/hr-is-001-istarska-kobasica/,39,1,1,1,0,0,1,1,1,1,0,,CONTRACT_BUILD_CANDIDATE_HIGH,LOW_TO_MEDIUM,PUBLIC_NO_META_FALLBACK_FOUND
3309,Rovinjska kobasica,hr-is-002-rovinjska-kobasica,publish,https://drycured.com/recepti-baza/hr-is-002-rovinjska-kobasica/,39,1,1,1,0,0,1,1,1,1,0,,CONTRACT_BUILD_CANDIDATE_HIGH,LOW_TO_MEDIUM,PUBLIC_NO_META_FALLBACK_FOUND
3310,Pazinska kobasica,hr-is-003-pazinska-kobasica,publish,https://drycured.com/recepti-baza/hr-is-003-pazinska-kobasica/,39,1,1,1,0,0,1,1,1,1,0,,CONTRACT_BUILD_CANDIDATE_HIGH,LOW_TO_MEDIUM,PUBLIC_NO_META_FALLBACK_FOUND
3311,Lička kobasica,hr-li-001-licka-kobasica,publish,https://drycured.com/recepti-baza/hr-li-001-licka-kobasica/,39,1,1,1,0,0,1,1,1,1,0,,CONTRACT_BUILD_CANDIDATE_HIGH,LOW_TO_MEDIUM,PUBLIC_NO_META_FALLBACK_FOUND
3312,Sinjska kobasica,hr-da-001-sinjska-kobasica,publish,https://drycured.com/recepti-baza/hr-da-001-sinjska-kobasica/,39,1,1,1,0,0,1,1,1,1,0,,CONTRACT_BUILD_CANDIDATE_HIGH,LOW_TO_MEDIUM,PUBLIC_NO_META_FALLBACK_FOUND
3313,Korčulanska kobasica,hr-da-002-korculanska-kobasica,publish,https://drycured.com/recepti-baza/hr-da-002-korculanska-kobasica/,39,1,1,1,0,0,1,1,1,1,0,,CONTRACT_BUILD_CANDIDATE_HIGH,LOW_TO_MEDIUM,PUBLIC_NO_META_FALLBACK_FOUND
3314,Hvarska prstena kobasica,hr-da-003-hvarska-prstena-kobasica,publish,https://drycured.com/recepti-baza/hr-da-003-hvarska-prstena-kobasica/,39,1,1,1,0,0,1,1,1,1,0,,CONTRACT_BUILD_CANDIDATE_HIGH,LOW_TO_MEDIUM,PUBLIC_NO_META_FALLBACK_FOUND
3315,Vrgorački kulen,hr-da-004-vrgoracki-kulen,publish,https://drycured.com/recepti-baza/hr-da-004-vrgoracki-kulen/,39,1,1,1,0,0,1,1,1,1,0,,CONTRACT_BUILD_CANDIDATE_HIGH,LOW_TO_MEDIUM,PUBLIC_NO_META_FALLBACK_FOUND
3524,Privatno: PREVIEW CANON — Slavonska domaća kobasica,preview-canon-preview-canon-slavonska-kobasica-src-2976,private,https://drycured.com/?post_type=dry_recipe&p=3524,63,1,1,1,0,0,1,1,1,1,0,,CONTRACT_BUILD_CANDIDATE_HIGH,LOW_TO_MEDIUM,NOT_PUBLIC_OR_PREVIEW
3525,Privatno: PREVIEW CANON — Prosciutto di Parma,preview-canon-preview-canon-prosciutto-di-parma-src-2061,private,https://drycured.com/?post_type=dry_recipe&p=3525,19,1,0,0,1,0,1,1,1,1,0,,CONTRACT_BUILD_CANDIDATE_MARKDOWN_ONLY,LOW_TO_MEDIUM,NOT_PUBLIC_OR_PREVIEW
3526,Privatno: PREVIEW CANON — Prosciutto di San Daniele,preview-canon-preview-canon-prosciutto-di-san-daniele-src-1983,private,https://drycured.com/?post_type=dry_recipe&p=3526,19,1,0,0,1,0,1,1,1,1,0,,CONTRACT_BUILD_CANDIDATE_MARKDOWN_ONLY,LOW_TO_MEDIUM,NOT_PUBLIC_OR_PREVIEW
3527,Privatno: PREVIEW CANON — Bresaola della Valtellina,preview-canon-preview-canon-bresaola-della-valtellina-src-2115,private,https://drycured.com/?post_type=dry_recipe&p=3527,19,1,0,0,1,0,1,1,1,1,0,,CONTRACT_BUILD_CANDIDATE_MARKDOWN_ONLY,LOW_TO_MEDIUM,NOT_PUBLIC_OR_PREVIEW
3528,Privatno: PREVIEW CANON — Kraški pršut,preview-canon-preview-canon-kraski-prsut-src-2104,private,https://drycured.com/?post_type=dry_recipe&p=3528,19,1,0,0,1,0,1,1,1,1,0,,CONTRACT_BUILD_CANDIDATE_MARKDOWN_ONLY,LOW_TO_MEDIUM,NOT_PUBLIC_OR_PREVIEW
3529,Privatno: PREVIEW CANON — Lardo di Colonnata,preview-canon-preview-canon-lardo-di-colonnata-src-1986,private,https://drycured.com/?post_type=dry_recipe&p=3529,19,1,0,0,1,0,1,1,1,1,0,,CONTRACT_BUILD_CANDIDATE_MARKDOWN_ONLY,LOW_TO_MEDIUM,NOT_PUBLIC_OR_PREVIEW
3530,Privatno: PREVIEW CANON — Coppa Piacentina,preview-canon-preview-canon-coppa-piacentina-src-2116,private,https://drycured.com/?post_type=dry_recipe&p=3530,19,1,0,0,1,0,1,1,1,1,0,,CONTRACT_BUILD_CANDIDATE_MARKDOWN_ONLY,LOW_TO_MEDIUM,NOT_PUBLIC_OR_PREVIEW
3531,Privatno: PREVIEW CANON — Pancetta Arrotolata,preview-canon-preview-canon-pancetta-arrotolata-src-3218,private,https://drycured.com/?post_type=dry_recipe&p=3531,19,1,0,0,0,0,1,1,1,1,0,,CONTRACT_BUILD_CANDIDATE_MARKDOWN_ONLY,LOW_TO_MEDIUM,NOT_PUBLIC_OR_PREVIEW
3532,Privatno: PREVIEW GRANULACIJA — Kulenova seka,preview-granulation-kulenova-seka-src-2973,private,https://drycured.com/?post_type=dry_recipe&p=3532,54,1,1,1,0,0,1,1,1,1,0,,CONTRACT_BUILD_CANDIDATE_HIGH,LOW_TO_MEDIUM,NOT_PUBLIC_OR_PREVIEW
