post_id,title,url,recipe_code,code_source,post_content_bytes,full_markdown_bytes,sections_bytes,data_bytes,dcv5_get_recipe_profile_exists,dcv5_profile_found,dcv5_profile_title,dcv5_profile_code,real_frontend_dcv5,visible_text_bytes,likely_gate_reason
1982,"FINOCCHIONA TOSCANA",https://drycured.com/recepti-baza/finocchiona-toscana/,MD-FINOCCHIONA_TOSCANA,_dry_recipe_id=MD-FINOCCHIONA_TOSCANA,4378,4378,0,6441,YES,NO,,,NO,1833,NO_DCV5_PROFILE
1983,"PROSCIUTTO DI SAN DANIELE",https://drycured.com/recepti-baza/prosciutto-di-san-daniele/,MD-PROSCIUTTO_DI_SAN_DANIELE,_dry_recipe_id=MD-PROSCIUTTO_DI_SAN_DANIELE,3426,3426,0,8610,YES,NO,,,NO,1833,NO_DCV5_PROFILE
1984,"NDUJA CALABRESE",https://drycured.com/recepti-baza/nduja-calabrese/,MD-NDUJA_CALABRESE,_dry_recipe_id=MD-NDUJA_CALABRESE,4217,4217,0,6332,YES,NO,,,NO,1833,NO_DCV5_PROFILE
1986,"LARDO DI COLONNATA",https://drycured.com/recepti-baza/lardo-di-colonnata/,MD-LARDO_DI_COLONNATA,_dry_recipe_id=MD-LARDO_DI_COLONNATA,3965,3965,0,6573,YES,NO,,,NO,1833,NO_DCV5_PROFILE
1988,"SOPPRESSA VICENTINA",https://drycured.com/recepti-baza/soppressa-vicentina/,MD-SOPPRESSA_VICENTINA,_dry_recipe_id=MD-SOPPRESSA_VICENTINA,3806,3806,0,6290,YES,NO,,,NO,1833,NO_DCV5_PROFILE
1990,"SALAME DI FELINO",https://drycured.com/recepti-baza/salame-di-felino/,MD-SALAME_DI_FELINO,_dry_recipe_id=MD-SALAME_DI_FELINO,4314,4314,0,6187,YES,NO,,,NO,1833,NO_DCV5_PROFILE
1991,"GUANCIALE ROMANO",https://drycured.com/recepti-baza/guanciale-romano/,MD-GUANCIALE_ROMANO,_dry_recipe_id=MD-GUANCIALE_ROMANO,3632,3632,0,6120,YES,NO,,,NO,1833,NO_DCV5_PROFILE
2018,"Irska salama (Spiced Irish Salami)",https://drycured.com/recepti-baza/irska-salama-spiced-irish-salami/,MD-IRSKA_SALAMA_SPICED_IRISH_SALAMI,_dry_recipe_id=MD-IRSKA_SALAMA_SPICED_IRISH_SALAMI,4359,4359,0,5842,YES,NO,,,NO,1833,NO_DCV5_PROFILE
2021,"Cumberland kobasica",https://drycured.com/recepti-baza/cumberland-kobasica/,MD-CUMBERLAND_KOBASICA,_dry_recipe_id=MD-CUMBERLAND_KOBASICA,4280,4280,0,6358,YES,NO,,,NO,1833,NO_DCV5_PROFILE
2023,"?? Grčki tradicionalni recept - Loukaniko",https://drycured.com/recepti-baza/grcki-tradicionalni-recept-loukaniko/,MD-GRCKI_TRADICIONALNI_RECEPT_LOUKANIKO,_dry_recipe_id=MD-GRCKI_TRADICIONALNI_RECEPT_LOUKANIKO,3437,3437,0,4194,YES,NO,,,NO,1833,NO_DCV5_PROFILE
2026,"?? Španjolski recept za chorizo",https://drycured.com/recepti-baza/spanjolski-recept-za-chorizo/,MD-SPANJOLSKI_RECEPT_ZA_CHORIZO,_dry_recipe_id=MD-SPANJOLSKI_RECEPT_ZA_CHORIZO,3790,3790,0,4175,YES,NO,,,NO,1833,NO_DCV5_PROFILE
2028,"Češki Špekáček (Špek Kobasica)",https://drycured.com/recepti-baza/ceski-spekacek-spek-kobasica/,MD-CESKI_SPEKACEK_SPEK_KOBASICA,_dry_recipe_id=MD-CESKI_SPEKACEK_SPEK_KOBASICA,4378,4378,0,3285,YES,NO,,,NO,1833,NO_DCV5_PROFILE
2029,"JAMBON DE BAYONNE",https://drycured.com/recepti-baza/jambon-de-bayonne/,MD-JAMBON_DE_BAYONNE,_dry_recipe_id=MD-JAMBON_DE_BAYONNE,3482,3482,0,6121,YES,NO,,,NO,1833,NO_DCV5_PROFILE
2032,"Coppa (Kapula)",https://drycured.com/recepti-baza/coppa-kapula/,MD-COPPA_KAPULA,_dry_recipe_id=MD-COPPA_KAPULA,3683,3683,0,6182,YES,NO,,,NO,1833,NO_DCV5_PROFILE
2033,"Andouille de Guémené",https://drycured.com/recepti-baza/andouille-de-guemene/,MD-ANDOUILLE_DE_GUEMENE,_dry_recipe_id=MD-ANDOUILLE_DE_GUEMENE,3761,3761,0,6098,YES,NO,,,NO,1833,NO_DCV5_PROFILE
2037,"Hangikjöt (Dimljeni janjeti but)",https://drycured.com/recepti-baza/hangikjot-dimljeni-janjeti-but/,MD-HANGIKJOT_DIMLJENI_JANJETI_BUT,_dry_recipe_id=MD-HANGIKJOT_DIMLJENI_JANJETI_BUT,3564,3564,0,6140,YES,YES,"Hangikjöt (Dimljeni janjeti but)",MD-HANGIKJOT_DIMLJENI_JANJETI_BUT,YES,10291,OK_REAL_DCV5
2039,"Ukrajinska Domashnia Kovbasa (Domaća Kobasica)",https://drycured.com/recepti-baza/ukrajinska-domashnia-kovbasa-domaca-kobasica/,MD-UKRAJINSKA_DOMASHNIA_KOVBASA_DOMACA_KOBASICA,_dry_recipe_id=MD-UKRAJINSKA_DOMASHNIA_KOVBASA_DOMACA_KOBASICA,4281,4281,0,3623,YES,NO,,,NO,1833,NO_DCV5_PROFILE
2042,"BALMOȘ CU SLANINĂ (PALENTA SA SLANINOM)",https://drycured.com/recepti-baza/balmos-cu-slanina-palenta-sa-slaninom/,MD-BALMO_CU_SLANIN_PALENTA_SA_SLANINOM,_dry_recipe_id=MD-BALMO_CU_SLANIN_PALENTA_SA_SLANINOM,3503,3503,0,4814,YES,NO,,,NO,1833,NO_DCV5_PROFILE
2043,"PFÄLZER SAUMAGEN (FALAČKA SVINJSKA ŽELUDAC-KOBASICA)",https://drycured.com/recepti-baza/pfalzer-saumagen-falacka-svinjska-zeludac-kobasica/,MD-PFALZER_SAUMAGEN_FALACKA_SVINJSKA_ZELUDAC_KOBASICA,_dry_recipe_id=MD-PFALZER_SAUMAGEN_FALACKA_SVINJSKA_ZELUDAC_KOBASICA,4741,4741,0,8906,YES,NO,,,NO,1833,NO_DCV5_PROFILE
2047,"Domaći Bratwurst",https://drycured.com/recepti-baza/domaci-bratwurst/,MD-DOMACI_BRATWURST,_dry_recipe_id=MD-DOMACI_BRATWURST,3704,3704,0,6722,YES,NO,,,NO,1833,NO_DCV5_PROFILE
2049,"Hausmacher Mettwurst (Domaća dimljena kobasica za mazanje)",https://drycured.com/recepti-baza/hausmacher-mettwurst-domaca-dimljena-kobasica-za-mazanje/,MD-HAUSMACHER_METTWURST_DOMACA_DIMLJENA_KOBASICA_ZA_MAZANJE,_dry_recipe_id=MD-HAUSMACHER_METTWURST_DOMACA_DIMLJENA_KOBASICA_ZA_MAZANJE,4079,4079,0,6722,YES,NO,,,NO,1833,NO_DCV5_PROFILE
2051,"ŠKOTSKI LORNE SAUSAGE (ČETVRTASTI KOBASIČASTI ODREZAK)",https://drycured.com/recepti-baza/skotski-lorne-sausage-cetvrtasti-kobasicasti-odrezak/,MD-SKOTSKI_LORNE_SAUSAGE_CETVRTASTI_KOBASICASTI_ODREZAK,_dry_recipe_id=MD-SKOTSKI_LORNE_SAUSAGE_CETVRTASTI_KOBASICASTI_ODREZAK,4267,4267,0,6914,YES,NO,,,NO,1833,NO_DCV5_PROFILE
2052,"Jamón Ibérico de Bellota - Iberijski Pršut od Žira",https://drycured.com/recepti-baza/jamon-iberico-de-bellota-iberijski-prsut-od-zira/,MD-JAMON_IBERICO_DE_BELLOTA_IBERIJSKI_PRSUT_OD_ZIRA,_dry_recipe_id=MD-JAMON_IBERICO_DE_BELLOTA_IBERIJSKI_PRSUT_OD_ZIRA,3757,3757,0,8247,YES,NO,,,NO,1833,NO_DCV5_PROFILE
2053,"Chorizo de Pamplona - Čorizo iz Pamplone",https://drycured.com/recepti-baza/chorizo-de-pamplona-corizo-iz-pamplone/,MD-CHORIZO_DE_PAMPLONA_CORIZO_IZ_PAMPLONE,_dry_recipe_id=MD-CHORIZO_DE_PAMPLONA_CORIZO_IZ_PAMPLONE,4504,4504,0,5476,YES,NO,,,NO,1833,NO_DCV5_PROFILE
2055,"Coppa Piacentina - Piacentinska Coppa",https://drycured.com/recepti-baza/coppa-piacentina-piacentinska-coppa/,MD-COPPA_PIACENTINA_PIACENTINSKA_COPPA,_dry_recipe_id=MD-COPPA_PIACENTINA_PIACENTINSKA_COPPA,3950,3950,0,5027,YES,NO,,,NO,1833,NO_DCV5_PROFILE
2056,"Nduja Calabrese - Kalabrijska Nduja",https://drycured.com/recepti-baza/nduja-calabrese-kalabrijska-nduja/,MD-NDUJA_CALABRESE_KALABRIJSKA_NDUJA,_dry_recipe_id=MD-NDUJA_CALABRESE_KALABRIJSKA_NDUJA,3775,3775,0,5130,YES,NO,,,NO,1833,NO_DCV5_PROFILE
2057,"Bresaola Valtellinese - Valtelinska Bresaola",https://drycured.com/recepti-baza/bresaola-valtellinese-valtelinska-bresaola/,MD-BRESAOLA_VALTELLINESE_VALTELINSKA_BRESAOLA,_dry_recipe_id=MD-BRESAOLA_VALTELLINESE_VALTELINSKA_BRESAOLA,3710,3710,0,8106,YES,NO,,,NO,1833,NO_DCV5_PROFILE
2058,"Guanciale Romano - Rimski Guanciale",https://drycured.com/recepti-baza/guanciale-romano-rimski-guanciale/,MD-GUANCIALE_ROMANO_RIMSKI_GUANCIALE,_dry_recipe_id=MD-GUANCIALE_ROMANO_RIMSKI_GUANCIALE,3831,3831,0,5316,YES,NO,,,NO,1833,NO_DCV5_PROFILE
2059,"SALAME MILANO - MILANSKA SALAMA",https://drycured.com/recepti-baza/salame-milano-milanska-salama/,MD-SALAME_MILANO_MILANSKA_SALAMA,_dry_recipe_id=MD-SALAME_MILANO_MILANSKA_SALAMA,4400,4400,0,3474,YES,NO,,,NO,1833,NO_DCV5_PROFILE
2060,"SOPPRESSATA CALABRESE - KALABRIJSKA SOPPRESSATA",https://drycured.com/recepti-baza/soppressata-calabrese-kalabrijska-soppressata/,MD-SOPPRESSATA_CALABRESE_KALABRIJSKA_SOPPRESSATA,_dry_recipe_id=MD-SOPPRESSATA_CALABRESE_KALABRIJSKA_SOPPRESSATA,4071,4071,0,3416,YES,NO,,,NO,1833,NO_DCV5_PROFILE
2061,"PROSCIUTTO DI PARMA - PARMSKA ŠUNKA",https://drycured.com/recepti-baza/prosciutto-di-parma-parmska-sunka/,MD-PROSCIUTTO_DI_PARMA_PARMSKA_SUNKA,_dry_recipe_id=MD-PROSCIUTTO_DI_PARMA_PARMSKA_SUNKA,3344,3344,0,2529,YES,NO,,,NO,1833,NO_DCV5_PROFILE
2062,"PANCETTA ARROTOLATA - ROLANA PANCETA",https://drycured.com/recepti-baza/pancetta-arrotolata-rolana-panceta/,MD-PANCETTA_ARROTOLATA_ROLANA_PANCETA,_dry_recipe_id=MD-PANCETTA_ARROTOLATA_ROLANA_PANCETA,3816,3816,0,3151,YES,NO,,,NO,1833,NO_DCV5_PROFILE
2063,"FINOCCHIONA TOSCANA - TOSKANSKA KOBASICA S KOMORAČEM",https://drycured.com/recepti-baza/finocchiona-toscana-toskanska-kobasica-s-komoracem/,MD-FINOCCHIONA_TOSCANA_TOSKANSKA_KOBASICA_S_KOMORACEM,_dry_recipe_id=MD-FINOCCHIONA_TOSCANA_TOSKANSKA_KOBASICA_S_KOMORACEM,4344,4344,0,3296,YES,NO,,,NO,1833,NO_DCV5_PROFILE
2064,"COPPA (CAPOCOLLO) - TALIJANSKA VRATINA",https://drycured.com/recepti-baza/coppa-capocollo-talijanska-vratina/,MD-COPPA_CAPOCOLLO_TALIJANSKA_VRATINA,_dry_recipe_id=MD-COPPA_CAPOCOLLO_TALIJANSKA_VRATINA,3766,3766,0,3273,YES,YES,"COPPA (CAPOCOLLO) – TALIJANSKA VRATINA",MD-COPPA_CAPOCOLLO_TALIJANSKA_VRATINA,YES,10351,OK_REAL_DCV5
2072,"Njeguški pršut",https://drycured.com/recepti-baza/njeguski-prsut/,MD-NJEGUSKI_PRSUT,_dry_recipe_id=MD-NJEGUSKI_PRSUT,3257,3257,0,4959,YES,NO,,,NO,1833,NO_DCV5_PROFILE
2075,"Vrgorački kulen iz zaboravljenih recepata",https://drycured.com/recepti-baza/vrgoracki-kulen-iz-zaboravljenih-recepata/,MD-VRGORACKI_KULEN_IZ_ZABORAVLJENIH_RECEPATA,_dry_recipe_id=MD-VRGORACKI_KULEN_IZ_ZABORAVLJENIH_RECEPATA,3995,3995,0,4065,YES,NO,,,NO,1833,NO_DCV5_PROFILE
2076,"Senjska Morska Panceta ""Bura Intenzitet""",https://drycured.com/recepti-baza/senjska-morska-panceta-bura-intenzitet/,MD-SENJSKA_MORSKA_PANCETA_BURA_INTENZITET,_dry_recipe_id=MD-SENJSKA_MORSKA_PANCETA_BURA_INTENZITET,3370,3370,0,5905,YES,NO,,,NO,1833,NO_DCV5_PROFILE
2078,"ANDOUILLE DE VIRE",https://drycured.com/recepti-baza/andouille-de-vire/,MD-ANDOUILLE_DE_VIRE,_dry_recipe_id=MD-ANDOUILLE_DE_VIRE,4161,4161,0,6770,YES,NO,,,NO,1833,NO_DCV5_PROFILE
2079,"COPPA CORSE",https://drycured.com/recepti-baza/coppa-corse/,MD-COPPA_CORSE,_dry_recipe_id=MD-COPPA_CORSE,3900,3900,0,7030,YES,NO,,,NO,1833,NO_DCV5_PROFILE
2080,"SAUCISSE DE MORTEAU",https://drycured.com/recepti-baza/saucisse-de-morteau/,MD-SAUCISSE_DE_MORTEAU,_dry_recipe_id=MD-SAUCISSE_DE_MORTEAU,4163,4163,0,6813,YES,NO,,,NO,1833,NO_DCV5_PROFILE
2086,"Prekomurska Slaninska Rolada ""Trnčova""",https://drycured.com/recepti-baza/prekomurska-slaninska-rolada-trncova/,MD-PREKOMURSKA_SLANINSKA_ROLADA_TRNCOVA,_dry_recipe_id=MD-PREKOMURSKA_SLANINSKA_ROLADA_TRNCOVA,3340,3340,0,6587,YES,NO,,,NO,1833,NO_DCV5_PROFILE
2088,"Koprivnička Kulen",https://drycured.com/recepti-baza/koprivnicka-kulen/,MD-KOPRIVNICKA_KULEN,_dry_recipe_id=MD-KOPRIVNICKA_KULEN,3955,3955,0,4121,YES,NO,,,NO,1833,NO_DCV5_PROFILE
2089,"KABANOSY (TANKE SUHE KOBASICE)",https://drycured.com/recepti-baza/kabanosy-tanke-suhe-kobasice/,MD-KABANOSY_TANKE_SUHE_KOBASICE,_dry_recipe_id=MD-KABANOSY_TANKE_SUHE_KOBASICE,4151,4151,0,4164,YES,NO,,,NO,1833,NO_DCV5_PROFILE
2092,"Crikvenička Panceta",https://drycured.com/recepti-baza/crikvenicka-panceta/,MD-CRIKVENICKA_PANCETA,_dry_recipe_id=MD-CRIKVENICKA_PANCETA,3249,3249,0,3585,YES,NO,,,NO,1833,NO_DCV5_PROFILE
2093,"Stara Koprivnička Salama ""Šokačka Priča""",https://drycured.com/recepti-baza/stara-koprivnicka-salama-sokacka-prica/,MD-STARA_KOPRIVNICKA_SALAMA_SOKACKA_PRICA,_dry_recipe_id=MD-STARA_KOPRIVNICKA_SALAMA_SOKACKA_PRICA,4115,4115,0,7173,YES,NO,,,NO,1833,NO_DCV5_PROFILE
2094,"Pitomački ""Divlji Kulen""",https://drycured.com/recepti-baza/pitomacki-divlji-kulen/,MD-PITOMACKI_DIVLJI_KULEN,_dry_recipe_id=MD-PITOMACKI_DIVLJI_KULEN,3995,3995,0,6784,YES,NO,,,NO,1833,NO_DCV5_PROFILE
2096,"SLĂNINĂ AFUMATĂ (Dimljena slanina)",https://drycured.com/recepti-baza/slanina-afumata-dimljena-slanina/,MD-SL_NIN_AFUMAT_DIMLJENA_SLANINA,_dry_recipe_id=MD-SL_NIN_AFUMAT_DIMLJENA_SLANINA,3643,3643,0,6530,YES,NO,,,NO,1833,NO_DCV5_PROFILE
2097,"CHIȘCĂ (Puhana želuca s krvlju)",https://drycured.com/recepti-baza/chisca-puhana-zeluca-s-krvlju/,MD-CHI_C_PUHANA_ZELUCA_S_KRVLJU,_dry_recipe_id=MD-CHI_C_PUHANA_ZELUCA_S_KRVLJU,3895,3895,0,7169,YES,NO,,,NO,1833,NO_DCV5_PROFILE
2100,"Miholjačka Začinska Salama",https://drycured.com/recepti-baza/miholjacka-zacinska-salama/,MD-MIHOLJACKA_ZACINSKA_SALAMA,_dry_recipe_id=MD-MIHOLJACKA_ZACINSKA_SALAMA,3963,3963,0,5252,YES,NO,,,NO,1833,NO_DCV5_PROFILE
2101,"Vinkovački Slavonski Kulen - Stara obiteljska receptura",https://drycured.com/recepti-baza/vinkovacki-slavonski-kulen-stara-obiteljska-receptura/,MD-VINKOVACKI_SLAVONSKI_KULEN_STARA_OBITELJSKA_RECEPTURA,_dry_recipe_id=MD-VINKOVACKI_SLAVONSKI_KULEN_STARA_OBITELJSKA_RECEPTURA,4105,4105,0,5326,YES,YES,,,NO,1833,PROFILE_EXISTS_BUT_NOT_RENDERED
2102,"Slovačka slanina (Slovenská slanina)",https://drycured.com/recepti-baza/slovacka-slanina-slovenska-slanina/,MD-SLOVACKA_SLANINA_SLOVENSKA_SLANINA,_dry_recipe_id=MD-SLOVACKA_SLANINA_SLOVENSKA_SLANINA,3485,3485,0,6814,YES,NO,,,NO,1833,NO_DCV5_PROFILE
2103,"Kranjska klobasa (Kranjska kobasica)",https://drycured.com/recepti-baza/kranjska-klobasa-kranjska-kobasica/,MD-KRANJSKA_KLOBASA_KRANJSKA_KOBASICA,_dry_recipe_id=MD-KRANJSKA_KLOBASA_KRANJSKA_KOBASICA,4072,4072,0,6466,YES,NO,,,NO,1833,NO_DCV5_PROFILE
2104,"Kraški pršut",https://drycured.com/recepti-baza/kraski-prsut/,MD-KRASKI_PRSUT,_dry_recipe_id=MD-KRASKI_PRSUT,3270,3270,0,6153,YES,NO,,,NO,1833,NO_DCV5_PROFILE
2106,"Gorenjska zaseka",https://drycured.com/recepti-baza/gorenjska-zaseka/,MD-GORENJSKA_ZASEKA,_dry_recipe_id=MD-GORENJSKA_ZASEKA,3534,3534,0,6511,YES,NO,,,NO,1833,NO_DCV5_PROFILE
2107,"Vipavska panceta",https://drycured.com/recepti-baza/vipavska-panceta/,MD-VIPAVSKA_PANCETA,_dry_recipe_id=MD-VIPAVSKA_PANCETA,3704,3704,0,6887,YES,NO,,,NO,1833,NO_DCV5_PROFILE
2108,"Tolminska salama",https://drycured.com/recepti-baza/tolminska-salama/,MD-TOLMINSKA_SALAMA,_dry_recipe_id=MD-TOLMINSKA_SALAMA,4277,4277,0,6861,YES,NO,,,NO,1833,NO_DCV5_PROFILE
2110,"Crnogorska Slanina (Durmitorska panćeta)",https://drycured.com/recepti-baza/crnogorska-slanina-durmitorska-panceta/,MD-CRNOGORSKA_SLANINA_DURMITORSKA_PANCETA,_dry_recipe_id=MD-CRNOGORSKA_SLANINA_DURMITORSKA_PANCETA,3320,3320,0,5839,YES,NO,,,NO,1833,NO_DCV5_PROFILE
2111,"LANDJÄGER (TRADICIONALNE DIMLJENE KOBASICE)",https://drycured.com/recepti-baza/landjager-tradicionalne-dimljene-kobasice/,MD-LANDJAGER_TRADICIONALNE_DIMLJENE_KOBASICE,_dry_recipe_id=MD-LANDJAGER_TRADICIONALNE_DIMLJENE_KOBASICE,4138,4138,0,6576,YES,NO,,,NO,1833,NO_DCV5_PROFILE
2113,"VACHERIN FRIBOURGEOIS METTWURST (DIMLJENA KOBASICA S ALPSKIM SIROM)",https://drycured.com/recepti-baza/vacherin-fribourgeois-mettwurst-dimljena-kobasica-s-alpskim-sirom/,MD-VACHERIN_FRIBOURGEOIS_METTWURST_DIMLJENA_KOBASICA_S_ALPSKIM_SIROM,_dry_recipe_id=MD-VACHERIN_FRIBOURGEOIS_METTWURST_DIMLJENA_KOBASICA_S_ALPSKIM_SIROM,4251,4251,0,6763,YES,NO,,,NO,1833,NO_DCV5_PROFILE
2115,"BRESAOLA DELLA VALTELLINA",https://drycured.com/recepti-baza/bresaola-della-valtellina/,MD-BRESAOLA_DELLA_VALTELLINA,_dry_recipe_id=MD-BRESAOLA_DELLA_VALTELLINA,3511,3511,0,9444,YES,NO,,,NO,1833,NO_DCV5_PROFILE
2116,"COPPA PIACENTINA",https://drycured.com/recepti-baza/coppa-piacentina/,MD-COPPA_PIACENTINA,_dry_recipe_id=MD-COPPA_PIACENTINA,3777,3777,0,6027,YES,NO,,,NO,1833,NO_DCV5_PROFILE
2353,"Pastërma (Albansko suho meso)",https://drycured.com/recepti-baza/pasterma-albansko-suho-meso/,MD-PASTERMA_ALBANSKO_SUHO_MESO,_dry_recipe_id=MD-PASTERMA_ALBANSKO_SUHO_MESO,3504,3504,0,1080,YES,NO,,,NO,1833,NO_DCV5_PROFILE
2355,"Proshuta Shqiptare – albanska pršuta",https://drycured.com/recepti-baza/proshuta-shqiptare-albanska-prsuta/,MD-PROSHUTA_SHQIPTARE_ALBANSKA_PRSUTA,_dry_recipe_id=MD-PROSHUTA_SHQIPTARE_ALBANSKA_PRSUTA,3494,3494,0,1013,YES,NO,,,NO,1833,NO_DCV5_PROFILE
2359,"Vorarlberger Mostbröckle – vorarlberška dimljena govedina",https://drycured.com/recepti-baza/vorarlberger-mostbrockle-vorarlberska-dimljena-govedina/,MD-VORARLBERGER_MOSTBROCKLE_VORARLBERSKA_DIMLJENA_GOVEDINA,_dry_recipe_id=MD-VORARLBERGER_MOSTBROCKLE_VORARLBERSKA_DIMLJENA_GOVEDINA,3466,3466,0,2550,YES,NO,,,NO,1833,NO_DCV5_PROFILE
2398,"Traditionele Droge Worst (Klasična suha kobasica)",https://drycured.com/recepti-baza/traditionele-droge-worst-klasicna-suha-kobasica/,MD-TRADITIONELE_DROGE_WORST_KLASICNA_SUHA_KOBASICA,_dry_recipe_id=MD-TRADITIONELE_DROGE_WORST_KLASICNA_SUHA_KOBASICA,4004,4004,0,1204,YES,NO,,,NO,1833,NO_DCV5_PROFILE
2399,"Rookworst (Dimljena kobasica)",https://drycured.com/recepti-baza/rookworst-dimljena-kobasica/,MD-ROOKWORST_DIMLJENA_KOBASICA,_dry_recipe_id=MD-ROOKWORST_DIMLJENA_KOBASICA,3958,3958,0,1166,YES,NO,,,NO,1833,NO_DCV5_PROFILE
2428,"Durmitorska kastradina",https://drycured.com/recepti-baza/durmitorska-kastradina/,MD-DURMITORSKA_KASTRADINA,_dry_recipe_id=MD-DURMITORSKA_KASTRADINA,3504,3504,0,2349,YES,NO,,,NO,1833,NO_DCV5_PROFILE
2430,"Vasojevićka preukuša",https://drycured.com/recepti-baza/vasojevicka-preukusa/,MD-VASOJEVICKA_PREUKUSA,_dry_recipe_id=MD-VASOJEVICKA_PREUKUSA,4092,4092,0,2423,YES,NO,,,NO,1833,NO_DCV5_PROFILE
2432,"Kučka pršura",https://drycured.com/recepti-baza/kucka-prsura/,MD-KUCKA_PRSURA,_dry_recipe_id=MD-KUCKA_PRSURA,3730,3730,0,2426,YES,NO,,,NO,1833,NO_DCV5_PROFILE
2434,"Crnogorska kobasica",https://drycured.com/recepti-baza/crnogorska-kobasica/,MD-CRNOGORSKA_KOBASICA,_dry_recipe_id=MD-CRNOGORSKA_KOBASICA,3959,3959,0,2192,YES,NO,,,NO,1833,NO_DCV5_PROFILE
2435,"Crnogorska stelja",https://drycured.com/recepti-baza/crnogorska-stelja/,MD-CRNOGORSKA_STELJA,_dry_recipe_id=MD-CRNOGORSKA_STELJA,3453,3453,0,1853,YES,NO,,,NO,1833,NO_DCV5_PROFILE
2440,"Splitski Maestral Narezak",https://drycured.com/recepti-baza/splitski-maestral-narezak/,MD-SPLITSKI_MAESTRAL_NAREZAK,_dry_recipe_id=MD-SPLITSKI_MAESTRAL_NAREZAK,3485,3485,0,1025,YES,NO,,,NO,1833,NO_DCV5_PROFILE
2441,"Trogirski Zephyr",https://drycured.com/recepti-baza/trogirski-zephyr/,MD-TROGIRSKI_ZEPHYR,_dry_recipe_id=MD-TROGIRSKI_ZEPHYR,3442,3442,0,993,YES,NO,,,NO,1833,NO_DCV5_PROFILE
2442,"Makarski Jugo Narezak",https://drycured.com/recepti-baza/makarski-jugo-narezak/,MD-MAKARSKI_JUGO_NAREZAK,_dry_recipe_id=MD-MAKARSKI_JUGO_NAREZAK,3474,3474,0,1010,YES,NO,,,NO,1833,NO_DCV5_PROFILE
2445,"Hvarski stolen (zaboravljena delicija)",https://drycured.com/recepti-baza/hvarski-stolen-zaboravljena-delicija/,MD-HVARSKI_STOLEN_ZABORAVLJENA_DELICIJA,_dry_recipe_id=MD-HVARSKI_STOLEN_ZABORAVLJENA_DELICIJA,3461,3461,0,862,YES,NO,,,NO,1833,NO_DCV5_PROFILE
2449,"Ribbenssteg (Danska dimljena svinjska rebra)",https://drycured.com/recepti-baza/ribbenssteg-danska-dimljena-svinjska-rebra/,MD-RIBBENSSTEG_DANSKA_DIMLJENA_SVINJSKA_REBRA,_dry_recipe_id=MD-RIBBENSSTEG_DANSKA_DIMLJENA_SVINJSKA_REBRA,3735,3735,0,2949,YES,NO,,,NO,1833,NO_DCV5_PROFILE
2450,"Bayonneskinke (Danska zasoljena i dimljena šunka)",https://drycured.com/recepti-baza/bayonneskinke-danska-zasoljena-i-dimljena-sunka/,MD-BAYONNESKINKE_DANSKA_ZASOLJENA_I_DIMLJENA_SUNKA,_dry_recipe_id=MD-BAYONNESKINKE_DANSKA_ZASOLJENA_I_DIMLJENA_SUNKA,3729,3729,0,3249,YES,NO,,,NO,1833,NO_DCV5_PROFILE
2456,"Spegeskinke (Danska sušena šunka)",https://drycured.com/recepti-baza/spegeskinke-danska-susena-sunka/,MD-SPEGESKINKE_DANSKA_SUSENA_SUNKA,_dry_recipe_id=MD-SPEGESKINKE_DANSKA_SUSENA_SUNKA,3551,3551,0,2854,YES,NO,,,NO,1833,NO_DCV5_PROFILE
2458,"Crubeens (Salamurena i dimljena svinjska stopala)",https://drycured.com/recepti-baza/crubeens-salamurena-i-dimljena-svinjska-stopala/,MD-CRUBEENS_SALAMURENA_I_DIMLJENA_SVINJSKA_STOPALA,_dry_recipe_id=MD-CRUBEENS_SALAMURENA_I_DIMLJENA_SVINJSKA_STOPALA,4131,4131,0,2984,YES,NO,,,NO,1833,NO_DCV5_PROFILE
2464,"StarohrvatskiMore-Kopno Salamet (Salama Maritima)",https://drycured.com/recepti-baza/starohrvatskimore-kopno-salamet-salama-maritima/,MD-STAROHRVATSKIMORE_KOPNO_SALAMET_SALAMA_MARITIMA,_dry_recipe_id=MD-STAROHRVATSKIMORE_KOPNO_SALAMET_SALAMA_MARITIMA,4075,4075,0,1125,YES,NO,,,NO,1833,NO_DCV5_PROFILE
2465,"Krčki Ovčji Dimljeni Raritet",https://drycured.com/recepti-baza/krcki-ovcji-dimljeni-raritet/,MD-KRCKI_OVCJI_DIMLJENI_RARITET,_dry_recipe_id=MD-KRCKI_OVCJI_DIMLJENI_RARITET,3483,3483,0,1062,YES,NO,,,NO,1833,NO_DCV5_PROFILE
2466,"Kvarnerski Divovski Salamet",https://drycured.com/recepti-baza/kvarnerski-divovski-salamet/,MD-KVARNERSKI_DIVOVSKI_SALAMET,_dry_recipe_id=MD-KVARNERSKI_DIVOVSKI_SALAMET,3900,3900,0,1060,YES,NO,,,NO,1833,NO_DCV5_PROFILE
2468,"Lincolnshire kobasica",https://drycured.com/recepti-baza/lincolnshire-kobasica/,MD-LINCOLNSHIRE_KOBASICA,_dry_recipe_id=MD-LINCOLNSHIRE_KOBASICA,4313,4313,0,2910,YES,NO,,,NO,1833,NO_DCV5_PROFILE
2470,"Bath Chaps (ukiseljene svinjske obrazine)",https://drycured.com/recepti-baza/bath-chaps-ukiseljene-svinjske-obrazine/,MD-BATH_CHAPS_UKISELJENE_SVINJSKE_OBRAZINE,_dry_recipe_id=MD-BATH_CHAPS_UKISELJENE_SVINJSKE_OBRAZINE,4044,4044,0,3696,YES,NO,,,NO,1833,NO_DCV5_PROFILE
2474,"Tradicionalna engleska šunka (Wiltshire Ham)",https://drycured.com/recepti-baza/tradicionalna-engleska-sunka-wiltshire-ham/,MD-TRADICIONALNA_ENGLESKA_SUNKA_WILTSHIRE_HAM,_dry_recipe_id=MD-TRADICIONALNA_ENGLESKA_SUNKA_WILTSHIRE_HAM,3828,3828,0,3088,YES,NO,,,NO,1833,NO_DCV5_PROFILE
2476,"Engleski pork pie (svinjetina u tijestu)",https://drycured.com/recepti-baza/engleski-pork-pie-svinjetina-u-tijestu/,MD-ENGLESKI_PORK_PIE_SVINJETINA_U_TIJESTU,_dry_recipe_id=MD-ENGLESKI_PORK_PIE_SVINJETINA_U_TIJESTU,4171,4171,0,3800,YES,NO,,,NO,1833,NO_DCV5_PROFILE
2478,"Suitsink (Dimljena svinjska šunka)",https://drycured.com/recepti-baza/suitsink-dimljena-svinjska-sunka/,MD-SUITSINK_DIMLJENA_SVINJSKA_SUNKA,_dry_recipe_id=MD-SUITSINK_DIMLJENA_SVINJSKA_SUNKA,3528,3528,0,2876,YES,NO,,,NO,1833,NO_DCV5_PROFILE
2480,"Talleliha (Polutrajno sušena govedina)",https://drycured.com/recepti-baza/talleliha-polutrajno-susena-govedina/,MD-TALLELIHA_POLUTRAJNO_SUSENA_GOVEDINA,_dry_recipe_id=MD-TALLELIHA_POLUTRAJNO_SUSENA_GOVEDINA,3637,3637,0,2571,YES,NO,,,NO,1833,NO_DCV5_PROFILE
2481,"Sealiha õlis (Svinjsko meso u ulju)",https://drycured.com/recepti-baza/sealiha-olis-svinjsko-meso-u-ulju/,MD-SEALIHA_OLIS_SVINJSKO_MESO_U_ULJU,_dry_recipe_id=MD-SEALIHA_OLIS_SVINJSKO_MESO_U_ULJU,3810,3810,0,3005,YES,NO,,,NO,1833,NO_DCV5_PROFILE
2501,"Slovačka Klobása (Slovenská Klobása)",https://drycured.com/recepti-baza/slovacka-klobasa-slovenska-klobasa/,MD-SLOVACKA_KLOBASA_SLOVENSKA_KLOBASA,_dry_recipe_id=MD-SLOVACKA_KLOBASA_SLOVENSKA_KLOBASA,4324,4324,0,1610,YES,NO,,,NO,1833,NO_DCV5_PROFILE
2503,"RIIPUTETTU HIRVENLIHA (SUHO-ZRELA JELENOVINA)",https://drycured.com/recepti-baza/riiputettu-hirvenliha-suho-zrela-jelenovina/,MD-RIIPUTETTU_HIRVENLIHA_SUHO_ZRELA_JELENOVINA,_dry_recipe_id=MD-RIIPUTETTU_HIRVENLIHA_SUHO_ZRELA_JELENOVINA,3535,3535,0,2827,YES,NO,,,NO,1833,NO_DCV5_PROFILE
2504,"SAVUSIIKA (DIMLJENI SIIKA - BIJELA RIBA)",https://drycured.com/recepti-baza/savusiika-dimljeni-siika-bijela-riba/,MD-SAVUSIIKA_DIMLJENI_SIIKA_BIJELA_RIBA,_dry_recipe_id=MD-SAVUSIIKA_DIMLJENI_SIIKA_BIJELA_RIBA,3568,3568,0,2903,YES,NO,,,NO,1833,NO_DCV5_PROFILE
2505,"METSOPAISTI (SUHO-SALAMURENI TETRIJEB)",https://drycured.com/recepti-baza/metsopaisti-suho-salamureni-tetrijeb/,MD-METSOPAISTI_SUHO_SALAMURENI_TETRIJEB,_dry_recipe_id=MD-METSOPAISTI_SUHO_SALAMURENI_TETRIJEB,4003,4003,0,2971,YES,NO,,,NO,1833,NO_DCV5_PROFILE
2506,"LAMPAAN ILMAKUIVATTU KYLKI (ZRAČNO-SUŠENA JANJEĆJA PRSA)",https://drycured.com/recepti-baza/lampaan-ilmakuivattu-kylki-zracno-susena-janjecja-prsa/,MD-LAMPAAN_ILMAKUIVATTU_KYLKI_ZRACNO_SUSENA_JANJECJA_PRSA,_dry_recipe_id=MD-LAMPAAN_ILMAKUIVATTU_KYLKI_ZRACNO_SUSENA_JANJECJA_PRSA,3604,3604,0,2945,YES,NO,,,NO,1833,NO_DCV5_PROFILE
2508,"SAVUPORONLIHA (DIMLJENO SOBOVO MESO)",https://drycured.com/recepti-baza/savuporonliha-dimljeno-sobovo-meso/,MD-SAVUPORONLIHA_DIMLJENO_SOBOVO_MESO,_dry_recipe_id=MD-SAVUPORONLIHA_DIMLJENO_SOBOVO_MESO,3508,3508,0,2545,YES,NO,,,NO,1833,NO_DCV5_PROFILE
2510,"ILMAKUIVATTU PORONPAISTI (ZRAČNO-SUŠENI SOBOV BUT)",https://drycured.com/recepti-baza/ilmakuivattu-poronpaisti-zracno-suseni-sobov-but/,MD-ILMAKUIVATTU_PORONPAISTI_ZRACNO_SUSENI_SOBOV_BUT,_dry_recipe_id=MD-ILMAKUIVATTU_PORONPAISTI_ZRACNO_SUSENI_SOBOV_BUT,3540,3540,0,2784,YES,NO,,,NO,1833,NO_DCV5_PROFILE
2511,"GRAAVILOHI (GRAVLAX - FINSKI MARINIRANI LOSOS)",https://drycured.com/recepti-baza/graavilohi-gravlax-finski-marinirani-losos/,MD-GRAAVILOHI_GRAVLAX_FINSKI_MARINIRANI_LOSOS,_dry_recipe_id=MD-GRAAVILOHI_GRAVLAX_FINSKI_MARINIRANI_LOSOS,3601,3601,0,2339,YES,NO,,,NO,1833,NO_DCV5_PROFILE
2513,"LONZO CORSE",https://drycured.com/recepti-baza/lonzo-corse/,MD-LONZO_CORSE,_dry_recipe_id=MD-LONZO_CORSE,4156,4156,0,1596,YES,NO,,,NO,1833,NO_DCV5_PROFILE
2525,"Dulse and Yellowman Bacon (Slanina s morskom travom)",https://drycured.com/recepti-baza/dulse-and-yellowman-bacon-slanina-s-morskom-travom/,MD-DULSE_AND_YELLOWMAN_BACON_SLANINA_S_MORSKOM_TRAVOM,_dry_recipe_id=MD-DULSE_AND_YELLOWMAN_BACON_SLANINA_S_MORSKOM_TRAVOM,3578,3578,0,3082,YES,NO,,,NO,1833,NO_DCV5_PROFILE
2526,"Caillín Báin (Bieli spek - Irska verzija slanine sa začinima)",https://drycured.com/recepti-baza/caillin-bain-bieli-spek-irska-verzija-slanine-sa-zacinima/,MD-CAILLIN_BAIN_BIELI_SPEK_IRSKA_VERZIJA_SLANINE_SA_ZACINIMA,_dry_recipe_id=MD-CAILLIN_BAIN_BIELI_SPEK_IRSKA_VERZIJA_SLANINE_SA_ZACINIMA,3800,3800,0,3178,YES,NO,,,NO,1833,NO_DCV5_PROFILE
2527,"Marrowbone Roll (Rolana kobasica s koštanom srži)",https://drycured.com/recepti-baza/marrowbone-roll-rolana-kobasica-s-kostanom-srzi/,MD-MARROWBONE_ROLL_ROLANA_KOBASICA_S_KOSTANOM_SRZI,_dry_recipe_id=MD-MARROWBONE_ROLL_ROLANA_KOBASICA_S_KOSTANOM_SRZI,4217,4217,0,3660,YES,NO,,,NO,1833,NO_DCV5_PROFILE
2529,"Irski soljena govedina (Corned Beef)",https://drycured.com/recepti-baza/irski-soljena-govedina-corned-beef/,MD-IRSKI_SOLJENA_GOVEDINA_CORNED_BEEF,_dry_recipe_id=MD-IRSKI_SOLJENA_GOVEDINA_CORNED_BEEF,3501,3501,0,2432,YES,NO,,,NO,1833,NO_DCV5_PROFILE
2530,"Irska šunka u pivu (Beer-Cured Ham)",https://drycured.com/recepti-baza/irska-sunka-u-pivu-beer-cured-ham/,MD-IRSKA_SUNKA_U_PIVU_BEER_CURED_HAM,_dry_recipe_id=MD-IRSKA_SUNKA_U_PIVU_BEER_CURED_HAM,3557,3557,0,2591,YES,NO,,,NO,1833,NO_DCV5_PROFILE
2533,"Bjúgu (Islandska dimljena kobasica)",https://drycured.com/recepti-baza/bjugu-islandska-dimljena-kobasica/,MD-BJUGU_ISLANDSKA_DIMLJENA_KOBASICA,_dry_recipe_id=MD-BJUGU_ISLANDSKA_DIMLJENA_KOBASICA,4144,4144,0,1410,YES,NO,,,NO,1833,NO_DCV5_PROFILE
2540,"Hrútspungar (Prešana janjeća muda)",https://drycured.com/recepti-baza/hrutspungar-presana-janjeca-muda/,MD-HRUTSPUNGAR_PRESANA_JANJECA_MUDA,_dry_recipe_id=MD-HRUTSPUNGAR_PRESANA_JANJECA_MUDA,3601,3601,0,1075,YES,NO,,,NO,1833,NO_DCV5_PROFILE
2543,"Lundabaggar (Dimljena prskalina od janjetine)",https://drycured.com/recepti-baza/lundabaggar-dimljena-prskalina-od-janjetine/,MD-LUNDABAGGAR_DIMLJENA_PRSKALINA_OD_JANJETINE,_dry_recipe_id=MD-LUNDABAGGAR_DIMLJENA_PRSKALINA_OD_JANJETINE,3653,3653,0,1171,YES,NO,,,NO,1833,NO_DCV5_PROFILE
2544,"Moldavska Cârnaţi de Oaie (Kobasica od Ovčetine)",https://drycured.com/recepti-baza/moldavska-carnati-de-oaie-kobasica-od-ovcetine/,MD-MOLDAVSKA_CARNA_I_DE_OAIE_KOBASICA_OD_OVCETINE,_dry_recipe_id=MD-MOLDAVSKA_CARNA_I_DE_OAIE_KOBASICA_OD_OVCETINE,4463,4463,0,1782,YES,NO,,,NO,1833,NO_DCV5_PROFILE
2545,"Estonska Suitsusink (Dimljena Šunka)",https://drycured.com/recepti-baza/estonska-suitsusink-dimljena-sunka/,MD-ESTONSKA_SUITSUSINK_DIMLJENA_SUNKA,_dry_recipe_id=MD-ESTONSKA_SUITSUSINK_DIMLJENA_SUNKA,3631,3631,0,1562,YES,NO,,,NO,1833,NO_DCV5_PROFILE
2546,"Sudžuk (Sudžuk Kosovar)",https://drycured.com/recepti-baza/sudzuk-sudzuk-kosovar/,MD-SUDZUK_SUDZUK_KOSOVAR,_dry_recipe_id=MD-SUDZUK_SUDZUK_KOSOVAR,4067,4067,0,1249,YES,NO,,,NO,1833,NO_DCV5_PROFILE
2549,"Suxhuk me Spec (Sudžuk s paprikom)",https://drycured.com/recepti-baza/suxhuk-me-spec-sudzuk-s-paprikom/,MD-SUXHUK_ME_SPEC_SUDZUK_S_PAPRIKOM,_dry_recipe_id=MD-SUXHUK_ME_SPEC_SUDZUK_S_PAPRIKOM,4076,4076,0,1300,YES,NO,,,NO,1833,NO_DCV5_PROFILE
2552,"Otočac Začinski Vrat s Planine (Mountainski naresak)",https://drycured.com/recepti-baza/otocac-zacinski-vrat-s-planine-mountainski-naresak/,MD-OTOCAC_ZACINSKI_VRAT_S_PLANINE_MOUNTAINSKI_NARESAK,_dry_recipe_id=MD-OTOCAC_ZACINSKI_VRAT_S_PLANINE_MOUNTAINSKI_NARESAK,3541,3541,0,1145,YES,YES,"Otočac Začinski Vrat s Planine (Mountainski naresak)",MD-OTOCAC_ZACINSKI_VRAT_S_PLANINE_MOUNTAINSKI_NARESAK,YES,9960,OK_REAL_DCV5
2553,"Skilandis (litavska dimljena kobasica)",https://drycured.com/recepti-baza/skilandis-litavska-dimljena-kobasica/,MD-SKILANDIS_LITAVSKA_DIMLJENA_KOBASICA,_dry_recipe_id=MD-SKILANDIS_LITAVSKA_DIMLJENA_KOBASICA,4381,4381,0,2813,YES,NO,,,NO,1833,NO_DCV5_PROFILE
2554,"Kindziukas (litavska dimljena šunka)",https://drycured.com/recepti-baza/kindziukas-litavska-dimljena-sunka/,MD-KINDZIUKAS_LITAVSKA_DIMLJENA_SUNKA,_dry_recipe_id=MD-KINDZIUKAS_LITAVSKA_DIMLJENA_SUNKA,3691,3691,0,2625,YES,NO,,,NO,1833,NO_DCV5_PROFILE
2555,"Lašiniai (litavska slanina)",https://drycured.com/recepti-baza/lasiniai-litavska-slanina/,MD-LASINIAI_LITAVSKA_SLANINA,_dry_recipe_id=MD-LASINIAI_LITAVSKA_SLANINA,3470,3470,0,2632,YES,NO,,,NO,1833,NO_DCV5_PROFILE
2556,"Vytinta dešra (litavska suha kobasica)",https://drycured.com/recepti-baza/vytinta-desra-litavska-suha-kobasica/,MD-VYTINTA_DESRA_LITAVSKA_SUHA_KOBASICA,_dry_recipe_id=MD-VYTINTA_DESRA_LITAVSKA_SUHA_KOBASICA,4361,4361,0,2868,YES,NO,,,NO,1833,NO_DCV5_PROFILE
2557,"Rūkyti lašišos (dimljen losos na litavski način)",https://drycured.com/recepti-baza/rukyti-lasisos-dimljen-losos-na-litavski-nacin/,MD-R_KYTI_LASISOS_DIMLJEN_LOSOS_NA_LITAVSKI_NACIN,_dry_recipe_id=MD-R_KYTI_LASISOS_DIMLJEN_LOSOS_NA_LITAVSKI_NACIN,3683,3683,0,2773,YES,NO,,,NO,1833,NO_DCV5_PROFILE
2558,"Pounje Planinski Vrtlog",https://drycured.com/recepti-baza/pounje-planinski-vrtlog/,MD-POUNJE_PLANINSKI_VRTLOG,_dry_recipe_id=MD-POUNJE_PLANINSKI_VRTLOG,3529,3529,0,1063,YES,NO,,,NO,1833,NO_DCV5_PROFILE
2560,"Drežnički Šušanj",https://drycured.com/recepti-baza/dreznicki-susanj/,MD-DREZNICKI_SUSANJ,_dry_recipe_id=MD-DREZNICKI_SUSANJ,3481,3481,0,1014,YES,NO,,,NO,1833,NO_DCV5_PROFILE
2561,"Gospićki Vjetar",https://drycured.com/recepti-baza/gospicki-vjetar/,MD-GOSPICKI_VJETAR,_dry_recipe_id=MD-GOSPICKI_VJETAR,3451,3451,0,975,YES,NO,,,NO,1833,NO_DCV5_PROFILE
2563,"Maltežanska kobasica (Zalzett Malti)",https://drycured.com/recepti-baza/maltezanska-kobasica-zalzett-malti/,MD-MALTEZANSKA_KOBASICA_ZALZETT_MALTI,_dry_recipe_id=MD-MALTEZANSKA_KOBASICA_ZALZETT_MALTI,4000,4000,0,1219,YES,NO,,,NO,1833,NO_DCV5_PROFILE
2564,"Maltežanski pršut (Prosciutto Malti)",https://drycured.com/recepti-baza/maltezanski-prsut-prosciutto-malti/,MD-MALTEZANSKI_PRSUT_PROSCIUTTO_MALTI,_dry_recipe_id=MD-MALTEZANSKI_PRSUT_PROSCIUTTO_MALTI,3502,3502,0,1379,YES,NO,,,NO,1833,NO_DCV5_PROFILE
2565,"Maltežanska suha govedina (Carne Secca Maltija)",https://drycured.com/recepti-baza/maltezanska-suha-govedina-carne-secca-maltija/,MD-MALTEZANSKA_SUHA_GOVEDINA_CARNE_SECCA_MALTIJA,_dry_recipe_id=MD-MALTEZANSKA_SUHA_GOVEDINA_CARNE_SECCA_MALTIJA,3469,3469,0,1308,YES,NO,,,NO,1833,NO_DCV5_PROFILE
2571,"Zaprešićki Vrganjevi Narezak",https://drycured.com/recepti-baza/zapresicki-vrganjevi-narezak/,MD-ZAPRESICKI_VRGANJEVI_NAREZAK,_dry_recipe_id=MD-ZAPRESICKI_VRGANJEVI_NAREZAK,3530,3530,0,980,YES,NO,,,NO,1833,NO_DCV5_PROFILE
2572,"Medžimurski Divljač Narezak",https://drycured.com/recepti-baza/medzimurski-divljac-narezak/,MD-MEDZIMURSKI_DIVLJAC_NAREZAK,_dry_recipe_id=MD-MEDZIMURSKI_DIVLJAC_NAREZAK,3513,3513,0,982,YES,NO,,,NO,1833,NO_DCV5_PROFILE
2573,"Gornjomurečki Začinski Narezak",https://drycured.com/recepti-baza/gornjomurecki-zacinski-narezak/,MD-GORNJOMURECKI_ZACINSKI_NAREZAK,_dry_recipe_id=MD-GORNJOMURECKI_ZACINSKI_NAREZAK,3492,3492,0,1027,YES,NO,,,NO,1833,NO_DCV5_PROFILE
2574,"ȘUNCĂ AFUMATĂ (DIMLJENA ŠUNKA)",https://drycured.com/recepti-baza/sunca-afumata-dimljena-sunka/,MD-UNC_AFUMAT_DIMLJENA_SUNKA,_dry_recipe_id=MD-UNC_AFUMAT_DIMLJENA_SUNKA,3396,3396,0,2447,YES,NO,,,NO,1833,NO_DCV5_PROFILE
2575,"PASTRAMĂ DE OAIE (OVČJA PASTRAMA)",https://drycured.com/recepti-baza/pastrama-de-oaie-ovcja-pastrama/,MD-PASTRAM_DE_OAIE_OVCJA_PASTRAMA,_dry_recipe_id=MD-PASTRAM_DE_OAIE_OVCJA_PASTRAMA,3659,3659,0,2825,YES,NO,,,NO,1833,NO_DCV5_PROFILE
2576,"CÂRNAȚ AFUMAT (DIMLJENE KOBASICE)",https://drycured.com/recepti-baza/carnat-afumat-dimljene-kobasice/,MD-CARNA_AFUMAT_DIMLJENE_KOBASICE,_dry_recipe_id=MD-CARNA_AFUMAT_DIMLJENE_KOBASICE,4263,4263,0,3165,YES,NO,,,NO,1833,NO_DCV5_PROFILE
2577,"Droge Worst (Suha kobasica)",https://drycured.com/recepti-baza/droge-worst-suha-kobasica/,MD-DROGE_WORST_SUHA_KOBASICA,_dry_recipe_id=MD-DROGE_WORST_SUHA_KOBASICA,4064,4064,0,2416,YES,NO,,,NO,1833,NO_DCV5_PROFILE
2579,"Spekdikken (Slanina s medom)",https://drycured.com/recepti-baza/spekdikken-slanina-s-medom/,MD-SPEKDIKKEN_SLANINA_S_MEDOM,_dry_recipe_id=MD-SPEKDIKKEN_SLANINA_S_MEDOM,3442,3442,0,2371,YES,NO,,,NO,1833,NO_DCV5_PROFILE
2587,"VOSSAKORV (TRADICIONALNA DIMLJENA KOBASICA IZ VOSSA)",https://drycured.com/recepti-baza/vossakorv-tradicionalna-dimljena-kobasica-iz-vossa/,MD-VOSSAKORV_TRADICIONALNA_DIMLJENA_KOBASICA_IZ_VOSSA,_dry_recipe_id=MD-VOSSAKORV_TRADICIONALNA_DIMLJENA_KOBASICA_IZ_VOSSA,4413,4413,0,1504,YES,NO,,,NO,1833,NO_DCV5_PROFILE
2589,"SPEKELÅR (SUŠENA I DIMLJENA JELEN/SRNETINA)",https://drycured.com/recepti-baza/spekelar-susena-i-dimljena-jelen-srnetina/,MD-SPEKELAR_SUSENA_I_DIMLJENA_JELEN_SRNETINA,_dry_recipe_id=MD-SPEKELAR_SUSENA_I_DIMLJENA_JELEN_SRNETINA,3819,3819,0,1328,YES,NO,,,NO,1833,NO_DCV5_PROFILE
2594,"GRAVET LAKS (GRAVLAKS - MARINIRANI LOSOS)",https://drycured.com/recepti-baza/gravet-laks-gravlaks-marinirani-losos/,MD-GRAVET_LAKS_GRAVLAKS_MARINIRANI_LOSOS,_dry_recipe_id=MD-GRAVET_LAKS_GRAVLAKS_MARINIRANI_LOSOS,3686,3686,0,1227,YES,NO,,,NO,1833,NO_DCV5_PROFILE
2597,"FENALÅR (SUŠENI BUT JANJETA)",https://drycured.com/recepti-baza/fenalar-suseni-but-janjeta/,MD-FENALAR_SUSENI_BUT_JANJETA,_dry_recipe_id=MD-FENALAR_SUSENI_BUT_JANJETA,3642,3642,0,1112,YES,NO,,,NO,1833,NO_DCV5_PROFILE
2598,"SPEKESKINKE (NORŠKA PRŠUTA)",https://drycured.com/recepti-baza/spekeskinke-norska-prsuta/,MD-SPEKESKINKE_NORSKA_PRSUTA,_dry_recipe_id=MD-SPEKESKINKE_NORSKA_PRSUTA,3571,3571,0,1173,YES,NO,,,NO,1833,NO_DCV5_PROFILE
2600,"MORR (NORVEŠKA KOBASICA)",https://drycured.com/recepti-baza/morr-norveska-kobasica/,MD-MORR_NORVESKA_KOBASICA,_dry_recipe_id=MD-MORR_NORVESKA_KOBASICA,4136,4136,0,1373,YES,NO,,,NO,1833,NO_DCV5_PROFILE
2603,"Vinkovački Aromatični Začinski Špek",https://drycured.com/recepti-baza/vinkovacki-aromaticni-zacinski-spek/,MD-VINKOVACKI_AROMATICNI_ZACINSKI_SPEK,_dry_recipe_id=MD-VINKOVACKI_AROMATICNI_ZACINSKI_SPEK,3492,3492,0,1032,YES,NO,,,NO,1833,NO_DCV5_PROFILE
2604,"Osiječki Ljuti Začinski Vrat s Divljim Travkama",https://drycured.com/recepti-baza/osijecki-ljuti-zacinski-vrat-s-divljim-travkama/,MD-OSIJECKI_LJUTI_ZACINSKI_VRAT_S_DIVLJIM_TRAVKAMA,_dry_recipe_id=MD-OSIJECKI_LJUTI_ZACINSKI_VRAT_S_DIVLJIM_TRAVKAMA,3645,3645,0,1060,YES,YES,"Osiječki Ljuti Začinski Vrat s Divljim Travkama",MD-OSIJECKI_LJUTI_ZACINSKI_VRAT_S_DIVLJIM_TRAVKAMA,YES,9827,OK_REAL_DCV5
2606,"Požeški Aromatični Sušeni Vrat s Divljim Travkama",https://drycured.com/recepti-baza/pozeski-aromaticni-suseni-vrat-s-divljim-travkama/,MD-POZESKI_AROMATICNI_SUSENI_VRAT_S_DIVLJIM_TRAVKAMA,_dry_recipe_id=MD-POZESKI_AROMATICNI_SUSENI_VRAT_S_DIVLJIM_TRAVKAMA,3642,3642,0,1054,YES,YES,"Požeški Aromatični Sušeni Vrat s Divljim Travkama",MD-POZESKI_AROMATICNI_SUSENI_VRAT_S_DIVLJIM_TRAVKAMA,YES,9818,OK_REAL_DCV5
2608,"Kuru Et (Suho meso sa smrekom)",https://drycured.com/recepti-baza/kuru-et-suho-meso-sa-smrekom/,MD-KURU_ET_SUHO_MESO_SA_SMREKOM,_dry_recipe_id=MD-KURU_ET_SUHO_MESO_SA_SMREKOM,3459,3459,0,2881,YES,NO,,,NO,1833,NO_DCV5_PROFILE
2610,"Tulum Peyniri Dolgulu Et (Meso punjeno sirom)",https://drycured.com/recepti-baza/tulum-peyniri-dolgulu-et-meso-punjeno-sirom/,MD-TULUM_PEYNIRI_DOLGULU_ET_MESO_PUNJENO_SIROM,_dry_recipe_id=MD-TULUM_PEYNIRI_DOLGULU_ET_MESO_PUNJENO_SIROM,3614,3614,0,2855,YES,NO,,,NO,1833,NO_DCV5_PROFILE
2614,"Virovski Čvarci",https://drycured.com/recepti-baza/virovski-cvarci/,MD-VIROVSKI_CVARCI,_dry_recipe_id=MD-VIROVSKI_CVARCI,3320,3320,0,732,YES,NO,,,NO,1833,NO_DCV5_PROFILE
2616,"BALERON (POLJSKA DIMLJENA VRATINA)",https://drycured.com/recepti-baza/baleron-poljska-dimljena-vratina/,MD-BALERON_POLJSKA_DIMLJENA_VRATINA,_dry_recipe_id=MD-BALERON_POLJSKA_DIMLJENA_VRATINA,3655,3655,0,2824,YES,NO,,,NO,1833,NO_DCV5_PROFILE
2620,"SZYNKA WĘDZONA (DIMLJENA ŠUNKA)",https://drycured.com/recepti-baza/szynka-wedzona-dimljena-sunka/,MD-SZYNKA_W_DZONA_DIMLJENA_SUNKA,_dry_recipe_id=MD-SZYNKA_W_DZONA_DIMLJENA_SUNKA,3470,3470,0,2782,YES,NO,,,NO,1833,NO_DCV5_PROFILE
2621,"BOCZEK WĘDZONY (DIMLJENA SLANINA)",https://drycured.com/recepti-baza/boczek-wedzony-dimljena-slanina/,MD-BOCZEK_W_DZONY_DIMLJENA_SLANINA,_dry_recipe_id=MD-BOCZEK_W_DZONY_DIMLJENA_SLANINA,3467,3467,0,2718,YES,NO,,,NO,1833,NO_DCV5_PROFILE
2622,"Chouriço Tradicional Português (Tradicionalna portugalska kobasica)",https://drycured.com/recepti-baza/chourico-tradicional-portugues-tradicionalna-portugalska-kobasica/,MD-CHOURICO_TRADICIONAL_PORTUGUES_TRADICIONALNA_PORTUGALSKA_KOBASICA,_dry_recipe_id=MD-CHOURICO_TRADICIONAL_PORTUGUES_TRADICIONALNA_PORTUGALSKA_KOBASICA,4224,4224,0,1626,YES,NO,,,NO,1833,NO_DCV5_PROFILE
2623,"Presunto Português (Portugalska pršuta)",https://drycured.com/recepti-baza/presunto-portugues-portugalska-prsuta/,MD-PRESUNTO_PORTUGUES_PORTUGALSKA_PRSUTA,_dry_recipe_id=MD-PRESUNTO_PORTUGUES_PORTUGALSKA_PRSUTA,3526,3526,0,1287,YES,NO,,,NO,1833,NO_DCV5_PROFILE
2624,"Paio Alentejano (Alentejanska kobasica)",https://drycured.com/recepti-baza/paio-alentejano-alentejanska-kobasica/,MD-PAIO_ALENTEJANO_ALENTEJANSKA_KOBASICA,_dry_recipe_id=MD-PAIO_ALENTEJANO_ALENTEJANSKA_KOBASICA,4379,4379,0,1473,YES,NO,,,NO,1833,NO_DCV5_PROFILE
2625,"Farinheira Alentejana (Kobasica s brašnom iz Alenteja)",https://drycured.com/recepti-baza/farinheira-alentejana-kobasica-s-brasnom-iz-alenteja/,MD-FARINHEIRA_ALENTEJANA_KOBASICA_S_BRASNOM_IZ_ALENTEJA,_dry_recipe_id=MD-FARINHEIRA_ALENTEJANA_KOBASICA_S_BRASNOM_IZ_ALENTEJA,4497,4497,0,1725,YES,NO,,,NO,1833,NO_DCV5_PROFILE
2627,"Chouriço de Vinho (Kobasica s Vinom)",https://drycured.com/recepti-baza/chourico-de-vinho-kobasica-s-vinom/,MD-CHOURICO_DE_VINHO_KOBASICA_S_VINOM,_dry_recipe_id=MD-CHOURICO_DE_VINHO_KOBASICA_S_VINOM,4221,4221,0,2416,YES,NO,,,NO,1833,NO_DCV5_PROFILE
2628,"Paio do Alentejo (Alentejo Dimljena Kobasica)",https://drycured.com/recepti-baza/paio-do-alentejo-alentejo-dimljena-kobasica/,MD-PAIO_DO_ALENTEJO_ALENTEJO_DIMLJENA_KOBASICA,_dry_recipe_id=MD-PAIO_DO_ALENTEJO_ALENTEJO_DIMLJENA_KOBASICA,4195,4195,0,2493,YES,NO,,,NO,1833,NO_DCV5_PROFILE
2629,"Alheira de Mirandela (Kobasica iz Mirandele)",https://drycured.com/recepti-baza/alheira-de-mirandela-kobasica-iz-mirandele/,MD-ALHEIRA_DE_MIRANDELA_KOBASICA_IZ_MIRANDELE,_dry_recipe_id=MD-ALHEIRA_DE_MIRANDELA_KOBASICA_IZ_MIRANDELE,4299,4299,0,2498,YES,NO,,,NO,1833,NO_DCV5_PROFILE
2631,"Rovinjska Kobasica",https://drycured.com/recepti-baza/rovinjska-kobasica/,MD-ROVINJSKA_KOBASICA,_dry_recipe_id=MD-ROVINJSKA_KOBASICA,3869,3869,0,912,YES,NO,,,NO,1833,NO_DCV5_PROFILE
2632,"Krčki Sir-Kobasica",https://drycured.com/recepti-baza/krcki-sir-kobasica/,MD-KRCKI_SIR_KOBASICA,_dry_recipe_id=MD-KRCKI_SIR_KOBASICA,3928,3928,0,885,YES,NO,,,NO,1833,NO_DCV5_PROFILE
2633,"Senjska Šunka",https://drycured.com/recepti-baza/senjska-sunka/,MD-SENJSKA_SUNKA,_dry_recipe_id=MD-SENJSKA_SUNKA,3242,3242,0,832,YES,NO,,,NO,1833,NO_DCV5_PROFILE
2637,"Tradicionalni Thüringer Schinken (Tirinška šunka)",https://drycured.com/recepti-baza/tradicionalni-thuringer-schinken-tirinska-sunka/,MD-TRADICIONALNI_THURINGER_SCHINKEN_TIRINSKA_SUNKA,_dry_recipe_id=MD-TRADICIONALNI_THURINGER_SCHINKEN_TIRINSKA_SUNKA,3450,3450,0,1260,YES,NO,,,NO,1833,NO_DCV5_PROFILE
2638,"Bavarski Bierschinken (Šunka od piva)",https://drycured.com/recepti-baza/bavarski-bierschinken-sunka-od-piva/,MD-BAVARSKI_BIERSCHINKEN_SUNKA_OD_PIVA,_dry_recipe_id=MD-BAVARSKI_BIERSCHINKEN_SUNKA_OD_PIVA,3510,3510,0,1405,YES,NO,,,NO,1833,NO_DCV5_PROFILE
2645,"Viganjska kobasica od divlje svinje s tavom",https://drycured.com/recepti-baza/viganjska-kobasica-od-divlje-svinje-s-tavom/,MD-VIGANJSKA_KOBASICA_OD_DIVLJE_SVINJE_S_TAVOM,_dry_recipe_id=MD-VIGANJSKA_KOBASICA_OD_DIVLJE_SVINJE_S_TAVOM,3953,3953,0,1018,YES,NO,,,NO,1833,NO_DCV5_PROFILE
2664,"BABIC (Tradicionalna babić kobasica)",https://drycured.com/recepti-baza/babic-tradicionalna-babic-kobasica/,MD-BABIC_TRADICIONALNA_BABIC_KOBASICA,_dry_recipe_id=MD-BABIC_TRADICIONALNA_BABIC_KOBASICA,4432,4432,0,2545,YES,NO,,,NO,1833,NO_DCV5_PROFILE
2665,"MUȘCHI ȚIGĂNESC (Ciganski vrat)",https://drycured.com/recepti-baza/muschi-tiganesc-ciganski-vrat/,MD-MU_CHI_IG_NESC_CIGANSKI_VRAT,_dry_recipe_id=MD-MU_CHI_IG_NESC_CIGANSKI_VRAT,3869,3869,0,2434,YES,NO,,,NO,1833,NO_DCV5_PROFILE
2666,"CÂRNAȚI DE BURDUF (Sirnate kobasice)",https://drycured.com/recepti-baza/carnati-de-burduf-sirnate-kobasice/,MD-CARNA_I_DE_BURDUF_SIRNATE_KOBASICE,_dry_recipe_id=MD-CARNA_I_DE_BURDUF_SIRNATE_KOBASICE,4285,4285,0,2289,YES,NO,,,NO,1833,NO_DCV5_PROFILE
2667,"ȘUNCĂ DE MANGALIȚA AFUMATĂ (Dimljena mangulica šunka)",https://drycured.com/recepti-baza/sunca-de-mangalita-afumata-dimljena-mangulica-sunka/,MD-UNC_DE_MANGALI_A_AFUMAT_DIMLJENA_MANGULICA_SUNKA,_dry_recipe_id=MD-UNC_DE_MANGALI_A_AFUMAT_DIMLJENA_MANGULICA_SUNKA,3829,3829,0,2518,YES,NO,,,NO,1833,NO_DCV5_PROFILE
2668,"CÂRNAŢI DE PLEŞCOI (Pleščojske kobasice)",https://drycured.com/recepti-baza/carnati-de-plescoi-plescojske-kobasice/,MD-CARNA_I_DE_PLE_COI_PLESCOJSKE_KOBASICE,_dry_recipe_id=MD-CARNA_I_DE_PLE_COI_PLESCOJSKE_KOBASICE,4270,4270,0,2387,YES,NO,,,NO,1833,NO_DCV5_PROFILE
2670,"GHIUDEM (Suha kobasica od ovčetine)",https://drycured.com/recepti-baza/ghiudem-suha-kobasica-od-ovcetine/,MD-GHIUDEM_SUHA_KOBASICA_OD_OVCETINE,_dry_recipe_id=MD-GHIUDEM_SUHA_KOBASICA_OD_OVCETINE,4177,4177,0,2387,YES,NO,,,NO,1833,NO_DCV5_PROFILE
2682,"HIGHLAND VENISON HAM (DIMLJENA ŠUNKA OD JELENA)",https://drycured.com/recepti-baza/highland-venison-ham-dimljena-sunka-od-jelena/,MD-HIGHLAND_VENISON_HAM_DIMLJENA_SUNKA_OD_JELENA,_dry_recipe_id=MD-HIGHLAND_VENISON_HAM_DIMLJENA_SUNKA_OD_JELENA,3736,3736,0,1671,YES,NO,,,NO,1833,NO_DCV5_PROFILE
2683,"EDINBURGH POTTED HOG (KONZERVIRANO SVINJSKO MESO)",https://drycured.com/recepti-baza/edinburgh-potted-hog-konzervirano-svinjsko-meso/,MD-EDINBURGH_POTTED_HOG_KONZERVIRANO_SVINJSKO_MESO,_dry_recipe_id=MD-EDINBURGH_POTTED_HOG_KONZERVIRANO_SVINJSKO_MESO,3964,3964,0,1887,YES,NO,,,NO,1833,NO_DCV5_PROFILE
2684,"ŠKOTSKI HAGGIS",https://drycured.com/recepti-baza/skotski-haggis/,MD-SKOTSKI_HAGGIS,_dry_recipe_id=MD-SKOTSKI_HAGGIS,3665,3665,0,1341,YES,NO,,,NO,1833,NO_DCV5_PROFILE
2687,"AYRSHIRE PRESAVICA (AYRSHIRE MIDDLE CUT)",https://drycured.com/recepti-baza/ayrshire-presavica-ayrshire-middle-cut/,MD-AYRSHIRE_PRESAVICA_AYRSHIRE_MIDDLE_CUT,_dry_recipe_id=MD-AYRSHIRE_PRESAVICA_AYRSHIRE_MIDDLE_CUT,3761,3761,0,1286,YES,NO,,,NO,1833,NO_DCV5_PROFILE
2688,"HIGHLANDS JERKY (SUŠENA DIVLJAČ)",https://drycured.com/recepti-baza/highlands-jerky-susena-divljac/,MD-HIGHLANDS_JERKY_SUSENA_DIVLJAC,_dry_recipe_id=MD-HIGHLANDS_JERKY_SUSENA_DIVLJAC,3760,3760,0,2200,YES,NO,,,NO,1833,NO_DCV5_PROFILE
2689,"KopačkiRib Začinska Štruca",https://drycured.com/recepti-baza/kopackirib-zacinska-struca/,MD-KOPACKIRIB_ZACINSKA_STRUCA,_dry_recipe_id=MD-KOPACKIRIB_ZACINSKA_STRUCA,3544,3544,0,1185,YES,NO,,,NO,1833,NO_DCV5_PROFILE
2691,"Valpovačka Zimska Devenica",https://drycured.com/recepti-baza/valpovacka-zimska-devenica/,MD-VALPOVACKA_ZIMSKA_DEVENICA,_dry_recipe_id=MD-VALPOVACKA_ZIMSKA_DEVENICA,3487,3487,0,1079,YES,NO,,,NO,1833,NO_DCV5_PROFILE
2692,"Požeška Začinska Štruca",https://drycured.com/recepti-baza/pozeska-zacinska-struca/,MD-POZESKA_ZACINSKA_STRUCA,_dry_recipe_id=MD-POZESKA_ZACINSKA_STRUCA,3486,3486,0,1114,YES,NO,,,NO,1833,NO_DCV5_PROFILE
2693,"Osječki Začinski Špek",https://drycured.com/recepti-baza/osjecki-zacinski-spek/,MD-OSJECKI_ZACINSKI_SPEK,_dry_recipe_id=MD-OSJECKI_ZACINSKI_SPEK,3442,3442,0,973,YES,NO,,,NO,1833,NO_DCV5_PROFILE
2694,"Požeški Pikantni Vrat",https://drycured.com/recepti-baza/pozeski-pikantni-vrat/,MD-POZESKI_PIKANTNI_VRAT,_dry_recipe_id=MD-POZESKI_PIKANTNI_VRAT,3573,3573,0,977,YES,YES,"Požeški Pikantni Vrat",MD-POZESKI_PIKANTNI_VRAT,YES,9750,OK_REAL_DCV5
2695,"Slavonsko-Brodski Ljuti Čvarci",https://drycured.com/recepti-baza/slavonsko-brodski-ljuti-cvarci/,MD-SLAVONSKO_BRODSKI_LJUTI_CVARCI,_dry_recipe_id=MD-SLAVONSKO_BRODSKI_LJUTI_CVARCI,3568,3568,0,935,YES,NO,,,NO,1833,NO_DCV5_PROFILE
2696,"Nasički Fermentirani Vrat",https://drycured.com/recepti-baza/nasicki-fermentirani-vrat/,MD-NASICKI_FERMENTIRANI_VRAT,_dry_recipe_id=MD-NASICKI_FERMENTIRANI_VRAT,3552,3552,0,929,YES,YES,"Nasički Fermentirani Vrat",MD-NASICKI_FERMENTIRANI_VRAT,YES,9653,OK_REAL_DCV5
2697,"Baranjska Ljuta Slavonska Kobasica",https://drycured.com/recepti-baza/baranjska-ljuta-slavonska-kobasica/,MD-BARANJSKA_LJUTA_SLAVONSKA_KOBASICA,_dry_recipe_id=MD-BARANJSKA_LJUTA_SLAVONSKA_KOBASICA,3937,3937,0,1133,YES,NO,,,NO,1833,NO_DCV5_PROFILE
2698,"Slavonska Domaća Suhomesnata Salama",https://drycured.com/recepti-baza/slavonska-domaca-suhomesnata-salama/,MD-SLAVONSKA_DOMACA_SUHOMESNATA_SALAMA,_dry_recipe_id=MD-SLAVONSKA_DOMACA_SUHOMESNATA_SALAMA,3972,3972,0,1046,YES,NO,,,NO,1833,NO_DCV5_PROFILE
2699,"Baranjska Fermenetirana Kobasica",https://drycured.com/recepti-baza/baranjska-fermenetirana-kobasica/,MD-BARANJSKA_FERMENETIRANA_KOBASICA,_dry_recipe_id=MD-BARANJSKA_FERMENETIRANA_KOBASICA,3849,3849,0,1099,YES,NO,,,NO,1833,NO_DCV5_PROFILE
2701,"Vukovarska Tradicionalna Kobasica",https://drycured.com/recepti-baza/vukovarska-tradicionalna-kobasica/,MD-VUKOVARSKA_TRADICIONALNA_KOBASICA,_dry_recipe_id=MD-VUKOVARSKA_TRADICIONALNA_KOBASICA,3823,3823,0,1024,YES,NO,,,NO,1833,NO_DCV5_PROFILE
2702,"Baranjski Začinski Špek s Pustara Začinima",https://drycured.com/recepti-baza/baranjski-zacinski-spek-s-pustara-zacinima/,MD-BARANJSKI_ZACINSKI_SPEK_S_PUSTARA_ZACINIMA,_dry_recipe_id=MD-BARANJSKI_ZACINSKI_SPEK_S_PUSTARA_ZACINIMA,3409,3409,0,1167,YES,NO,,,NO,1833,NO_DCV5_PROFILE
2703,"Erdutski Fermentirani Vrat s Podunavskim Začinima",https://drycured.com/recepti-baza/erdutski-fermentirani-vrat-s-podunavskim-zacinima/,MD-ERDUTSKI_FERMENTIRANI_VRAT_S_PODUNAVSKIM_ZACINIMA,_dry_recipe_id=MD-ERDUTSKI_FERMENTIRANI_VRAT_S_PODUNAVSKIM_ZACINIMA,3705,3705,0,1150,YES,YES,"Erdutski Fermentirani Vrat s Podunavskim Začinima",MD-ERDUTSKI_FERMENTIRANI_VRAT_S_PODUNAVSKIM_ZACINIMA,YES,9938,OK_REAL_DCV5
2704,"Osječko-Baranjski Ljuti Špek s Divljim Travama",https://drycured.com/recepti-baza/osjecko-baranjski-ljuti-spek-s-divljim-travama/,MD-OSJECKO_BARANJSKI_LJUTI_SPEK_S_DIVLJIM_TRAVAMA,_dry_recipe_id=MD-OSJECKO_BARANJSKI_LJUTI_SPEK_S_DIVLJIM_TRAVAMA,3343,3343,0,1139,YES,NO,,,NO,1833,NO_DCV5_PROFILE
2705,"Vukovarski Fermentirani Vrat s Podunavskim Začinima",https://drycured.com/recepti-baza/vukovarski-fermentirani-vrat-s-podunavskim-zacinima/,MD-VUKOVARSKI_FERMENTIRANI_VRAT_S_PODUNAVSKIM_ZACINIMA,_dry_recipe_id=MD-VUKOVARSKI_FERMENTIRANI_VRAT_S_PODUNAVSKIM_ZACINIMA,3678,3678,0,1155,YES,YES,"Vukovarski Fermentirani Vrat s Podunavskim Začinima",MD-VUKOVARSKI_FERMENTIRANI_VRAT_S_PODUNAVSKIM_ZACINIMA,YES,9944,OK_REAL_DCV5
2707,"Klobása (slovačka kobasica)",https://drycured.com/recepti-baza/klobasa-slovacka-kobasica/,MD-KLOBASA_SLOVACKA_KOBASICA,_dry_recipe_id=MD-KLOBASA_SLOVACKA_KOBASICA,4343,4343,0,2428,YES,NO,,,NO,1833,NO_DCV5_PROFILE
2708,"Údené mäso (dimljeno meso)",https://drycured.com/recepti-baza/udene-maso-dimljeno-meso/,MD-UDENE_MASO_DIMLJENO_MESO,_dry_recipe_id=MD-UDENE_MASO_DIMLJENO_MESO,3834,3834,0,2289,YES,NO,,,NO,1833,NO_DCV5_PROFILE
2712,"Koroška tunka",https://drycured.com/recepti-baza/koroska-tunka/,MD-KOROSKA_TUNKA,_dry_recipe_id=MD-KOROSKA_TUNKA,4221,4221,0,2388,YES,NO,,,NO,1833,NO_DCV5_PROFILE
2713,"Zasavska klobasa (Zasavska kobasica)",https://drycured.com/recepti-baza/zasavska-klobasa-zasavska-kobasica/,MD-ZASAVSKA_KLOBASA_ZASAVSKA_KOBASICA,_dry_recipe_id=MD-ZASAVSKA_KLOBASA_ZASAVSKA_KOBASICA,4243,4243,0,2552,YES,NO,,,NO,1833,NO_DCV5_PROFILE
2714,"Prleška tünka",https://drycured.com/recepti-baza/prleska-tunka/,MD-PRLESKA_TUNKA,_dry_recipe_id=MD-PRLESKA_TUNKA,3894,3894,0,2503,YES,NO,,,NO,1833,NO_DCV5_PROFILE
2715,"Idrijsko kosilo",https://drycured.com/recepti-baza/idrijsko-kosilo/,MD-IDRIJSKO_KOSILO,_dry_recipe_id=MD-IDRIJSKO_KOSILO,3795,3795,0,2576,YES,NO,,,NO,1833,NO_DCV5_PROFILE
2717,"Savinjski želodec (Savinjski želudac)",https://drycured.com/recepti-baza/savinjski-zelodec-savinjski-zeludac/,MD-SAVINJSKI_ZELODEC_SAVINJSKI_ZELUDAC,_dry_recipe_id=MD-SAVINJSKI_ZELODEC_SAVINJSKI_ZELUDAC,3567,3567,0,2345,YES,NO,,,NO,1833,NO_DCV5_PROFILE
2718,"Prekmurska šunka",https://drycured.com/recepti-baza/prekmurska-sunka/,MD-PREKMURSKA_SUNKA,_dry_recipe_id=MD-PREKMURSKA_SUNKA,3311,3311,0,2288,YES,NO,,,NO,1833,NO_DCV5_PROFILE
2722,"Crnogorska Pršuta (Njeguška pršuta)",https://drycured.com/recepti-baza/crnogorska-prsuta-njeguska-prsuta/,MD-CRNOGORSKA_PRSUTA_NJEGUSKA_PRSUTA,_dry_recipe_id=MD-CRNOGORSKA_PRSUTA_NJEGUSKA_PRSUTA,3330,3330,0,910,YES,NO,,,NO,1833,NO_DCV5_PROFILE
2723,"Crnogorska Kastradina",https://drycured.com/recepti-baza/crnogorska-kastradina/,MD-CRNOGORSKA_KASTRADINA,_dry_recipe_id=MD-CRNOGORSKA_KASTRADINA,3459,3459,0,987,YES,NO,,,NO,1833,NO_DCV5_PROFILE
2724,"PRINSKORV (ŠVEDSKE TANKE DIMLJENE KOBASICE)",https://drycured.com/recepti-baza/prinskorv-svedske-tanke-dimljene-kobasice/,MD-PRINSKORV_SVEDSKE_TANKE_DIMLJENE_KOBASICE,_dry_recipe_id=MD-PRINSKORV_SVEDSKE_TANKE_DIMLJENE_KOBASICE,4124,4124,0,1453,YES,NO,,,NO,1833,NO_DCV5_PROFILE
2725,"FLÄSKLÄGG (DIMLJENA SVINJSKA KOLJENICA)",https://drycured.com/recepti-baza/flasklagg-dimljena-svinjska-koljenica/,MD-FLASKLAGG_DIMLJENA_SVINJSKA_KOLJENICA,_dry_recipe_id=MD-FLASKLAGG_DIMLJENA_SVINJSKA_KOLJENICA,3704,3704,0,1358,YES,NO,,,NO,1833,NO_DCV5_PROFILE
2726,"ÖLÄNDSK GETKORV (ÖLANDSKA KOZJA KOBASICA)",https://drycured.com/recepti-baza/olandsk-getkorv-olandska-kozja-kobasica/,MD-OLANDSK_GETKORV_OLANDSKA_KOZJA_KOBASICA,_dry_recipe_id=MD-OLANDSK_GETKORV_OLANDSKA_KOZJA_KOBASICA,4059,4059,0,1376,YES,NO,,,NO,1833,NO_DCV5_PROFILE
2727,"KRONOBERGSKORV (KRONOBERGŠKA KOBASICA)",https://drycured.com/recepti-baza/kronobergskorv-kronobergska-kobasica/,MD-KRONOBERGSKORV_KRONOBERGSKA_KOBASICA,_dry_recipe_id=MD-KRONOBERGSKORV_KRONOBERGSKA_KOBASICA,4158,4158,0,1657,YES,NO,,,NO,1833,NO_DCV5_PROFILE
2728,"VÄRMLANDSKORV (VÄRMLANDSKA DIMLJENA KOBASICA)",https://drycured.com/recepti-baza/varmlandskorv-varmlandska-dimljena-kobasica/,MD-VARMLANDSKORV_VARMLANDSKA_DIMLJENA_KOBASICA,_dry_recipe_id=MD-VARMLANDSKORV_VARMLANDSKA_DIMLJENA_KOBASICA,4166,4166,0,1460,YES,NO,,,NO,1833,NO_DCV5_PROFILE
2729,"FALUKORV (TRADICIONALNA ŠVEDSKA KOBASICA)",https://drycured.com/recepti-baza/falukorv-tradicionalna-svedska-kobasica/,MD-FALUKORV_TRADICIONALNA_SVEDSKA_KOBASICA,_dry_recipe_id=MD-FALUKORV_TRADICIONALNA_SVEDSKA_KOBASICA,3977,3977,0,1327,YES,NO,,,NO,1833,NO_DCV5_PROFILE
2730,"GRAVAD LAX (ŠVEDSKI GRAVLJENI LOSOS)",https://drycured.com/recepti-baza/gravad-lax-svedski-gravljeni-losos/,MD-GRAVAD_LAX_SVEDSKI_GRAVLJENI_LOSOS,_dry_recipe_id=MD-GRAVAD_LAX_SVEDSKI_GRAVLJENI_LOSOS,3579,3579,0,1123,YES,NO,,,NO,1833,NO_DCV5_PROFILE
2732,"ISTERBAND (ŠVEDSKA FERMENTIRANA KOBASICA)",https://drycured.com/recepti-baza/isterband-svedska-fermentirana-kobasica/,MD-ISTERBAND_SVEDSKA_FERMENTIRANA_KOBASICA,_dry_recipe_id=MD-ISTERBAND_SVEDSKA_FERMENTIRANA_KOBASICA,4166,4166,0,1725,YES,NO,,,NO,1833,NO_DCV5_PROFILE
2733,"SPICKESKINKA (ŠVEDSKA SUHA ŠUNKA)",https://drycured.com/recepti-baza/spickeskinka-svedska-suha-sunka/,MD-SPICKESKINKA_SVEDSKA_SUHA_SUNKA,_dry_recipe_id=MD-SPICKESKINKA_SVEDSKA_SUHA_SUNKA,3418,3418,0,1129,YES,NO,,,NO,1833,NO_DCV5_PROFILE
2736,"GLARNER KALBERWURST (TELEĆA KOBASICA IZ GLARUSA)",https://drycured.com/recepti-baza/glarner-kalberwurst-teleca-kobasica-iz-glarusa/,MD-GLARNER_KALBERWURST_TELECA_KOBASICA_IZ_GLARUSA,_dry_recipe_id=MD-GLARNER_KALBERWURST_TELECA_KOBASICA_IZ_GLARUSA,4359,4359,0,1570,YES,NO,,,NO,1833,NO_DCV5_PROFILE
2737,"CHURER SALSIZ (DIVLJAČKA KOBASICA IZ CHURA)",https://drycured.com/recepti-baza/churer-salsiz-divljacka-kobasica-iz-chura/,MD-CHURER_SALSIZ_DIVLJACKA_KOBASICA_IZ_CHURA,_dry_recipe_id=MD-CHURER_SALSIZ_DIVLJACKA_KOBASICA_IZ_CHURA,4550,4550,0,1589,YES,NO,,,NO,1833,NO_DCV5_PROFILE
2741,"AARGAUER RÜEBLIWURST (MESNATA KOBASICA S MRKVOM)",https://drycured.com/recepti-baza/aargauer-ruebliwurst-mesnata-kobasica-s-mrkvom/,MD-AARGAUER_RUEBLIWURST_MESNATA_KOBASICA_S_MRKVOM,_dry_recipe_id=MD-AARGAUER_RUEBLIWURST_MESNATA_KOBASICA_S_MRKVOM,4277,4277,0,1564,YES,NO,,,NO,1833,NO_DCV5_PROFILE
2744,"WALLISER TROCKENFLEISCH (SUŠENA GOVEDINA IZ VALAISA)",https://drycured.com/recepti-baza/walliser-trockenfleisch-susena-govedina-iz-valaisa/,MD-WALLISER_TROCKENFLEISCH_SUSENA_GOVEDINA_IZ_VALAISA,_dry_recipe_id=MD-WALLISER_TROCKENFLEISCH_SUSENA_GOVEDINA_IZ_VALAISA,3449,3449,0,1148,YES,NO,,,NO,1833,NO_DCV5_PROFILE
2745,"SALSIZ (ALPSKA SUHA KOBASICA)",https://drycured.com/recepti-baza/salsiz-alpska-suha-kobasica/,MD-SALSIZ_ALPSKA_SUHA_KOBASICA,_dry_recipe_id=MD-SALSIZ_ALPSKA_SUHA_KOBASICA,4379,4379,0,1492,YES,NO,,,NO,1833,NO_DCV5_PROFILE
2746,"CULATELLO DI ZIBELLO",https://drycured.com/recepti-baza/culatello-di-zibello/,MD-CULATELLO_DI_ZIBELLO,_dry_recipe_id=MD-CULATELLO_DI_ZIBELLO,3706,3706,0,1011,YES,NO,,,NO,1833,NO_DCV5_PROFILE
2747,"LONZINO (LOMBO)",https://drycured.com/recepti-baza/lonzino-lombo/,MD-LONZINO_LOMBO,_dry_recipe_id=MD-LONZINO_LOMBO,3582,3582,0,1217,YES,NO,,,NO,1833,NO_DCV5_PROFILE
2774,"Jambon Persillé (Šunka u želeu s peršinom)",https://drycured.com/recepti-baza/jambon-persille-sunka-u-zeleu-s-persinom/,MD-JAMBON_PERSILLE_SUNKA_U_ZELEU_S_PERSINOM,_dry_recipe_id=MD-JAMBON_PERSILLE_SUNKA_U_ZELEU_S_PERSINOM,3638,3638,0,3641,YES,NO,,,NO,1833,NO_DCV5_PROFILE
2778,"Čvarci s Papuka - Planinski recept",https://drycured.com/recepti-baza/cvarci-s-papuka-planinski-recept/,MD-CVARCI_S_PAPUKA_PLANINSKI_RECEPT,_dry_recipe_id=MD-CVARCI_S_PAPUKA_PLANINSKI_RECEPT,3621,3621,0,942,YES,NO,,,NO,1833,NO_DCV5_PROFILE
2779,"Slavonski cviček (suhomesnati narez)",https://drycured.com/recepti-baza/slavonski-cvicek-suhomesnati-narez/,MD-SLAVONSKI_CVICEK_SUHOMESNATI_NAREZ,_dry_recipe_id=MD-SLAVONSKI_CVICEK_SUHOMESNATI_NAREZ,3420,3420,0,968,YES,NO,,,NO,1833,NO_DCV5_PROFILE
2780,"Slavonski pikantni vrat",https://drycured.com/recepti-baza/slavonski-pikantni-vrat/,MD-SLAVONSKI_PIKANTNI_VRAT,_dry_recipe_id=MD-SLAVONSKI_PIKANTNI_VRAT,3556,3556,0,932,YES,YES,"Slavonski pikantni vrat",MD-SLAVONSKI_PIKANTNI_VRAT,YES,9650,OK_REAL_DCV5
2781,"Esencijalni slavonski sušeni vrat s divljim začinima",https://drycured.com/recepti-baza/esencijalni-slavonski-suseni-vrat-s-divljim-zacinima/,MD-ESENCIJALNI_SLAVONSKI_SUSENI_VRAT_S_DIVLJIM_ZACINIMA,_dry_recipe_id=MD-ESENCIJALNI_SLAVONSKI_SUSENI_VRAT_S_DIVLJIM_ZACINIMA,3440,3440,0,977,YES,YES,"Esencijalni slavonski sušeni vrat s divljim začinima",MD-ESENCIJALNI_SLAVONSKI_SUSENI_VRAT_S_DIVLJIM_ZACINIMA,YES,9654,OK_REAL_DCV5
2972,"Slavonski kulen (PDO EU)",https://drycured.com/recepti-baza/hr-sl-001-slavonski-kulen-pdo-eu/,HR-SL-001,_dry_recipe_id=HR-SL-001,6032,6032,6315,0,YES,YES,"Slavonski kulen (PDO EU)",HR-SL-001,YES,12478,OK_REAL_DCV5
2973,"Kulenova seka",https://drycured.com/recepti-baza/hr-sl-002-kulenova-seka/,HR-SL-002,_dry_recipe_id=HR-SL-002,5471,5471,5764,0,YES,YES,"Kulenova seka",HR-SL-002,YES,9178,OK_REAL_DCV5
2974,"Baranjski kulen (ZOZP EU)",https://drycured.com/recepti-baza/hr-sl-003-baranjski-kulen-zozp-eu/,HR-SL-003,_dry_recipe_id=HR-SL-003,5743,5743,6024,0,YES,YES,"Baranjski kulen (ZOZP EU)",HR-SL-003,YES,9659,OK_REAL_DCV5
2975,"Đakovački kulen",https://drycured.com/recepti-baza/hr-sl-004-dakovacki-kulen/,HR-SL-004,_dry_recipe_id=HR-SL-004,5598,5598,5887,0,YES,YES,"Đakovački kulen",HR-SL-004,YES,9551,OK_REAL_DCV5
2976,"Slavonska domaća kobasica",https://drycured.com/recepti-baza/hr-sl-005-slavonska-domaca-kobasica/,HR-SL-005,_dry_recipe_id=HR-SL-005,5856,5856,6136,0,YES,YES,"Slavonska domaća kobasica",HR-SL-005,YES,9621,OK_REAL_DCV5
2977,"Srijemska kobasica (OGP)",https://drycured.com/recepti-baza/hr-sl-006-srijemska-kobasica-ogp/,HR-SL-006,_dry_recipe_id=HR-SL-006,5798,5798,6080,0,YES,YES,"Srijemska kobasica (OGP)",HR-SL-006,YES,9641,OK_REAL_DCV5
2979,"Baranjska kobasica",https://drycured.com/recepti-baza/hr-sl-008-baranjska-kobasica/,HR-SL-008,_dry_recipe_id=HR-SL-008,5720,5720,6008,0,YES,YES,"Baranjska kobasica",HR-SL-008,YES,9648,OK_REAL_DCV5
2981,"Slavonska kobasica (ZOI EU 2023)",https://drycured.com/recepti-baza/hr-sl-010-slavonska-kobasica-zoi-eu-2023/,HR-SL-010,_dry_recipe_id=HR-SL-010,5771,5771,6045,0,YES,YES,"Slavonska kobasica (ZOI EU 2023)",HR-SL-010,YES,9603,OK_REAL_DCV5
2996,"Brodska kobasica (Slavonski Brod)",https://drycured.com/recepti-baza/hr-sl-030-brodska-kobasica-slavonski-brod/,HR-SL-030,_dry_recipe_id=HR-SL-030,5677,5677,5950,0,YES,YES,"Brodska kobasica (Slavonski Brod)",HR-SL-030,YES,9632,OK_REAL_DCV5
2997,"Osječka kobasica",https://drycured.com/recepti-baza/hr-sl-031-osjecka-kobasica/,HR-SL-031,_dry_recipe_id=HR-SL-031,5816,5816,6105,0,YES,YES,"Osječka kobasica",HR-SL-031,YES,9599,OK_REAL_DCV5
3000,"Slavonska domaća salama",https://drycured.com/recepti-baza/hr-sl-034-slavonska-domaca-salama/,HR-SL-034,_dry_recipe_id=HR-SL-034,5611,5611,5893,0,YES,YES,"Slavonska domaća salama",HR-SL-034,YES,9719,OK_REAL_DCV5
3001,"Slavonska čvarkovača (kobasica od čvaraka)",https://drycured.com/recepti-baza/hr-sl-036-slavonska-cvarkovaca-kobasica-od-cvaraka/,HR-SL-036,_dry_recipe_id=HR-SL-036,5682,5682,5943,0,YES,YES,"Slavonska čvarkovača (kobasica od čvaraka)",HR-SL-036,YES,9119,OK_REAL_DCV5
3002,"Vinkovačka kobasica",https://drycured.com/recepti-baza/hr-sl-037-vinkovacka-kobasica/,HR-SL-037,_dry_recipe_id=HR-SL-037,5688,5688,5974,0,YES,YES,"Vinkovačka kobasica",HR-SL-037,YES,9706,OK_REAL_DCV5
3003,"Slavonska lovačka kobasica (divljač + svinjetina)",https://drycured.com/recepti-baza/hr-sl-038-slavonska-lovacka-kobasica-divljac-svinjetina/,HR-SL-038,_dry_recipe_id=HR-SL-038,6095,6095,6350,0,YES,YES,"Slavonska lovačka kobasica (divljač + svinjetina)",HR-SL-038,YES,9882,OK_REAL_DCV5
3024,"Irska dimljena kobasica (Smoked Sausage)",https://drycured.com/recepti-baza/irska-dimljena-kobasica-smoked-sausage/,MD-IRSKA_DIMLJENA_KOBASICA_SMOKED_SAUSAGE,_dry_recipe_id=MD-IRSKA_DIMLJENA_KOBASICA_SMOKED_SAUSAGE,4119,4119,6212,0,YES,NO,,,NO,1833,NO_DCV5_PROFILE
3025,"Pršuta e Kosovës (Kosovska pršuta)",https://drycured.com/recepti-baza/prsuta-e-kosoves-kosovska-prsuta-2/,MD-PRSUTA_E_KOSOVES_KOSOVSKA_PRSUTA,_dry_recipe_id=MD-PRSUTA_E_KOSOVES_KOSOVSKA_PRSUTA,3433,3433,6132,0,YES,NO,,,NO,1833,NO_DCV5_PROFILE
3026,"Scharfe Edelrohwurst s povrćem na žaru",https://drycured.com/recepti-baza/scharfe-edelrohwurst-s-povrcem-na-zaru/,MD-SCHARFE_EDELROHWURST_S_POVRCEM_NA_ZARU,_dry_recipe_id=MD-SCHARFE_EDELROHWURST_S_POVRCEM_NA_ZARU,4360,4360,5534,0,YES,NO,,,NO,1833,NO_DCV5_PROFILE
3027,"ENGADINER HATECLETT (SUŠENI KOZJI BUT)",https://drycured.com/recepti-baza/engadiner-hateclett-suseni-kozji-but-2/,MD-ENGADINER_HATECLETT_SUSENI_KOZJI_BUT,_dry_recipe_id=MD-ENGADINER_HATECLETT_SUSENI_KOZJI_BUT,3612,3612,6134,0,YES,YES,"ENGADINER HATECLETT (SUŠENI KOZJI BUT)",MD-ENGADINER_HATECLETT_SUSENI_KOZJI_BUT,YES,10210,OK_REAL_DCV5
3028,"ZUGER HIRSCHTROCKENWURST (KOBASICA OD JELENA IZ ZUGA)",https://drycured.com/recepti-baza/zuger-hirschtrockenwurst-kobasica-od-jelena-iz-zuga-2/,MD-ZUGER_HIRSCHTROCKENWURST_KOBASICA_OD_JELENA_IZ_ZUGA,_dry_recipe_id=MD-ZUGER_HIRSCHTROCKENWURST_KOBASICA_OD_JELENA_IZ_ZUGA,4442,4442,6164,0,YES,NO,,,NO,1833,NO_DCV5_PROFILE
3029,"Tiroler Speck – tirolski sušeni dimljeni svinjski but",https://drycured.com/recepti-baza/tiroler-speck-tirolska-slanina-2/,MD-TIROLER_SPECK_TIROLSKA_SLANINA,_dry_recipe_id=MD-TIROLER_SPECK_TIROLSKA_SLANINA,3385,3385,6666,0,YES,NO,,,NO,1833,NO_DCV5_PROFILE
3030,"Waldviertler Hirschsalami – salama od jelena iz Waldviertela",https://drycured.com/recepti-baza/waldviertler-hirschsalami-salama-od-jelena-iz-waldviertela-2/,MD-WALDVIERTLER_HIRSCHSALAMI_SALAMA_OD_JELENA_IZ_WALDVIERTELA,_dry_recipe_id=MD-WALDVIERTLER_HIRSCHSALAMI_SALAMA_OD_JELENA_IZ_WALDVIERTELA,4216,4216,7287,0,YES,NO,,,NO,1833,NO_DCV5_PROFILE
3032,"Mađarska Gyulai Kolbász – Gyulai kobasica",https://drycured.com/recepti-baza/maarska-gyulai-kolbasz-gyulai-kobasica/,MD-MADARSKA_GYULAI_KOLBASZ_GYULAI_KOBASICA,_dry_recipe_id=MD-MADARSKA_GYULAI_KOLBASZ_GYULAI_KOBASICA,4374,4374,11275,0,YES,NO,,,NO,1833,NO_DCV5_PROFILE
3033,"Lukanka iz Panagyurishte – bugarska prešana suha kobasica",https://drycured.com/recepti-baza/lukanka-iz-panagyurishte/,MD-LUKANKA_IZ_PANAGYURISHTE,_dry_recipe_id=MD-LUKANKA_IZ_PANAGYURISHTE,4189,4189,8430,0,YES,NO,,,NO,1833,NO_DCV5_PROFILE
3035,"Strandzhansko Dyado – bugarski sušeni punjeni proizvod",https://drycured.com/recepti-baza/strandzhansko-dyado/,MD-STRANDZHANSKO_DYADO,_dry_recipe_id=MD-STRANDZHANSKO_DYADO,4377,4377,7062,0,YES,NO,,,NO,1833,NO_DCV5_PROFILE
3037,"Dobrudzhanski Babek – bugarski sušeni babek",https://drycured.com/recepti-baza/dobrudzhanski-babek/,MD-DOBRUDZHANSKI_BABEK,_dry_recipe_id=MD-DOBRUDZHANSKI_BABEK,4296,4296,7497,0,YES,NO,,,NO,1833,NO_DCV5_PROFILE
3038,"Grčki Loukaniko – tradicionalna grčka kobasica",https://drycured.com/recepti-baza/grcka-tradicionalni-recepti-za-loukaniko-2/,MD-GRCKA_TRADICIONALNI_RECEPTI_ZA_LOUKANIKO,_dry_recipe_id=MD-GRCKA_TRADICIONALNI_RECEPTI_ZA_LOUKANIKO,3978,3978,5662,0,YES,NO,,,NO,1833,NO_DCV5_PROFILE
3039,"Joulukinkku – finska božićna šunka",https://drycured.com/recepti-baza/joulukinkku-bozicna-sunka-2/,MD-JOULUKINKKU_BOZICNA_SUNKA,_dry_recipe_id=MD-JOULUKINKKU_BOZICNA_SUNKA,3386,3386,7540,0,YES,NO,,,NO,1833,NO_DCV5_PROFILE
3041,"Saucisson Sec – francuska suha kobasica",https://drycured.com/recepti-baza/saucisson-sec-suha-kobasica-2/,MD-SAUCISSON_SEC_SUHA_KOBASICA,_dry_recipe_id=MD-SAUCISSON_SEC_SUHA_KOBASICA,4138,4138,7272,0,YES,NO,,,NO,1833,NO_DCV5_PROFILE
3042,"Jésus de Lyon – debela suha kobasica",https://drycured.com/recepti-baza/jesus-de-lyon-debela-suha-kobasica/,MD-JESUS_DE_LYON_DEBELA_SUHA_KOBASICA,_dry_recipe_id=MD-JESUS_DE_LYON_DEBELA_SUHA_KOBASICA,4123,4123,8517,0,YES,YES,"Jésus de Lyon – debela suha kobasica",MD-JESUS_DE_LYON_DEBELA_SUHA_KOBASICA,YES,10895,OK_REAL_DCV5
3044,"Jésus de Lyon – velika lionska suha kobasica",https://drycured.com/recepti-baza/jesus-de-lyon-2/,MD-JESUS_DE_LYON,_dry_recipe_id=MD-JESUS_DE_LYON,4232,4232,9420,0,YES,NO,,,NO,1833,NO_DCV5_PROFILE
3045,"Rosette de Lyon – lionska suha kobasica",https://drycured.com/recepti-baza/rosette-de-lyon-2/,MD-ROSETTE_DE_LYON,_dry_recipe_id=MD-ROSETTE_DE_LYON,4369,4369,9670,0,YES,NO,,,NO,1833,NO_DCV5_PROFILE
3047,"Siglino Messinias – grčka dimljena svinjetina",https://drycured.com/recepti-baza/siglino-messinias/,MD-SIGLINO_MESSINIAS,_dry_recipe_id=MD-SIGLINO_MESSINIAS,3596,3596,9065,0,YES,NO,,,NO,1833,NO_DCV5_PROFILE
3050,"Pancetta Maltija – malteška panceta",https://drycured.com/recepti-baza/maltezanska-panceta-pancetta-maltija-2/,MD-MALTEZANSKA_PANCETA_PANCETTA_MALTIJA,_dry_recipe_id=MD-MALTEZANSKA_PANCETA_PANCETTA_MALTIJA,3411,3411,7102,0,YES,NO,,,NO,1833,NO_DCV5_PROFILE
3051,"Pick Szalámi – mađarski Pick salami",https://drycured.com/recepti-baza/maarski-pick-salami-pick-szalami/,MD-MADARSKI_PICK_SALAMI_PICK_SZALAMI,_dry_recipe_id=MD-MADARSKI_PICK_SALAMI_PICK_SZALAMI,4076,4076,7205,0,YES,NO,,,NO,1833,NO_DCV5_PROFILE
3052,"Mađarska Kolbász – mađarska kobasica",https://drycured.com/recepti-baza/maarska-kobasica-kolbasz/,MD-MADARSKA_KOBASICA_KOLBASZ,_dry_recipe_id=MD-MADARSKA_KOBASICA_KOLBASZ,4204,4204,7090,0,YES,NO,,,NO,1833,NO_DCV5_PROFILE
3053,"Westfälischer Knochenschinken – vestfalska šunka s kosti",https://drycured.com/recepti-baza/westfalischer-knochenschinken-vestfalska-sunka-s-kosti/,MD-WESTFALISCHER_KNOCHENSCHINKEN_VESTFALSKA_SUNKA_S_KOSTI,_dry_recipe_id=MD-WESTFALISCHER_KNOCHENSCHINKEN_VESTFALSKA_SUNKA_S_KOSTI,3735,3735,10230,0,YES,NO,,,NO,1833,NO_DCV5_PROFILE
3055,"Salo – ukrajinska slana svinjska slanina",https://drycured.com/recepti-baza/salo-slana-svinjeca-slanina/,MD-SALO_SLANA_SVINJECA_SLANINA,_dry_recipe_id=MD-SALO_SLANA_SVINJECA_SLANINA,3596,3596,6132,0,YES,NO,,,NO,1833,NO_DCV5_PROFILE
3057,"Belokranjska jagenjčara",https://drycured.com/recepti-baza/belokranjska-jagenjcara-2/,MD-BELOKRANJSKA_JAGENJCARA,_dry_recipe_id=MD-BELOKRANJSKA_JAGENJCARA,4217,4217,7738,0,YES,NO,,,NO,1833,NO_DCV5_PROFILE
3058,"Sobrasada Mallorquina – majorška sobrasada",https://drycured.com/recepti-baza/sobrasada-mallorquina-majorska-sobrasada-2/,MD-SOBRASADA_MALLORQUINA_MAJORSKA_SOBRASADA,_dry_recipe_id=MD-SOBRASADA_MALLORQUINA_MAJORSKA_SOBRASADA,4399,4399,8282,0,YES,NO,,,NO,1833,NO_DCV5_PROFILE
3060,"Appenzeller Mostbröckli – švicarska sušena dimljena govedina",https://drycured.com/recepti-baza/appenzeller-mostbrockli-dimljena-govedina/,MD-APPENZELLER_MOSTBROCKLI_DIMLJENA_GOVEDINA,_dry_recipe_id=MD-APPENZELLER_MOSTBROCKLI_DIMLJENA_GOVEDINA,3473,3473,6637,0,YES,NO,,,NO,1833,NO_DCV5_PROFILE
3061,"Speck Alto Adige – južnotirolski sušeni dimljeni but",https://drycured.com/recepti-baza/speck-alto-adige-2/,MD-SPECK_ALTO_ADIGE,_dry_recipe_id=MD-SPECK_ALTO_ADIGE,3610,3610,7958,0,YES,NO,,,NO,1833,NO_DCV5_PROFILE
3063,"Suxhuk – albanska suha kobasica",https://drycured.com/recepti-baza/suxhuk-albanska-suha-kobasica-2/,MD-SUXHUK_ALBANSKA_SUHA_KOBASICA,_dry_recipe_id=MD-SUXHUK_ALBANSKA_SUHA_KOBASICA,4129,4129,5304,0,YES,NO,,,NO,1833,NO_DCV5_PROFILE
3064,"Proshuta Shqiptare – albanska pršuta",https://drycured.com/recepti-baza/0003-proshuta-shqiptare-albanska-prsuta/,MD-PROSHUTA_SHQIPTARE_ALBANSKA_PRSUTA,_dry_recipe_id=MD-PROSHUTA_SHQIPTARE_ALBANSKA_PRSUTA,2581,2581,5314,0,YES,NO,,,NO,2345,NO_DCV5_PROFILE
3065,"Mish i thatë – albanska suha janjetina",https://drycured.com/recepti-baza/mish-i-thate-albanska-suha-janjetina-2/,MD-MISH_I_THATE_ALBANSKA_SUHA_JANJETINA,_dry_recipe_id=MD-MISH_I_THATE_ALBANSKA_SUHA_JANJETINA,3521,3521,5072,0,YES,NO,,,NO,1833,NO_DCV5_PROFILE
3066,"Kärntner Wurzelspeck – koruški sušeni dimljeni vrat",https://drycured.com/recepti-baza/karntner-wurzelspeck-koruska-korijenska-slanina-2/,MD-KARNTNER_WURZELSPECK_KORUSKA_KORIJENSKA_SLANINA,_dry_recipe_id=MD-KARNTNER_WURZELSPECK_KORUSKA_KORIJENSKA_SLANINA,3448,3448,6376,0,YES,NO,,,NO,1833,NO_DCV5_PROFILE
3067,"Steirischer Rohschinken – štajerska sirova šunka",https://drycured.com/recepti-baza/steirischer-rohschinken-stajerska-sirova-sunka-2/,MD-STEIRISCHER_ROHSCHINKEN_STAJERSKA_SIROVA_SUNKA,_dry_recipe_id=MD-STEIRISCHER_ROHSCHINKEN_STAJERSKA_SIROVA_SUNKA,3393,3393,6748,0,YES,NO,,,NO,1833,NO_DCV5_PROFILE
3068,"Vorarlberger Mostbröckle – vorarlberška dimljena govedina",https://drycured.com/recepti-baza/0010-vorarlberger-mostbrockle-vorarlberska-dimljena-govedina/,MD-VORARLBERGER_MOSTBROCKLE_VORARLBERSKA_DIMLJENA_GOVEDINA,_dry_recipe_id=MD-VORARLBERGER_MOSTBROCKLE_VORARLBERSKA_DIMLJENA_GOVEDINA,2654,2654,6127,0,YES,NO,,,NO,2385,NO_DCV5_PROFILE
3069,"Finska Meetvursti – suha kobasica",https://drycured.com/recepti-baza/finska-meetvursti-suha-kobasica-2/,MD-FINSKA_MEETVURSTI_SUHA_KOBASICA,_dry_recipe_id=MD-FINSKA_MEETVURSTI_SUHA_KOBASICA,4364,4364,12173,0,YES,NO,,,NO,1833,NO_DCV5_PROFILE
3070,"Filet d’Anvers – antverpski file",https://drycured.com/recepti-baza/filet-d-anvers-antverpski-file/,MD-FILET_DANVERS_ANTVERPSKI_FILE,_dry_recipe_id=MD-FILET_DANVERS_ANTVERPSKI_FILE,3436,3436,7663,0,YES,NO,,,NO,1833,NO_DCV5_PROFILE
3071,"Lard fumé de Flandre – flamanska dimljena slanina",https://drycured.com/recepti-baza/lard-fume-de-flandre-flamansko-dimljeno-salo-2/,MD-LARD_FUME_DE_FLANDRE_FLAMANSKO_DIMLJENO_SALO,_dry_recipe_id=MD-LARD_FUME_DE_FLANDRE_FLAMANSKO_DIMLJENO_SALO,3409,3409,7719,0,YES,NO,,,NO,1833,NO_DCV5_PROFILE
3073,"Collier fumé de Wallonie – dimljeni svinjski vrat iz Valonije",https://drycured.com/recepti-baza/collier-fume-de-wallonie-dimljeni-svinjski-vrat-iz-valonije-2/,MD-COLLIER_FUME_DE_WALLONIE_DIMLJENI_SVINJSKI_VRAT_IZ_VALONIJE,_dry_recipe_id=MD-COLLIER_FUME_DE_WALLONIE_DIMLJENI_SVINJSKI_VRAT_IZ_VALONIJE,3775,3775,8344,0,YES,NO,,,NO,1833,NO_DCV5_PROFILE
3075,"Jambon d’Ardenne – ardenska šunka",https://drycured.com/recepti-baza/jambon-d-ardenne-ardenski-prsut/,MD-JAMBON_DARDENNE_ARDENSKI_PRSUT,_dry_recipe_id=MD-JAMBON_DARDENNE_ARDENSKI_PRSUT,3670,3670,7726,0,YES,NO,,,NO,1833,NO_DCV5_PROFILE
3081,"SAUCISSON D'ARDENNE (ARDENSKI KULEN)",https://drycured.com/recepti-baza/saucisson-d-ardenne-ardenski-kulen/,MD-SAUCISSON_DARDENNE_ARDENSKI_KULEN,_dry_recipe_id=MD-SAUCISSON_DARDENNE_ARDENSKI_KULEN,4238,4238,0,0,YES,NO,,,NO,1833,NO_DCV5_PROFILE
3082,"НАНИЖЕН СУДЖУК (Nanižen Sudžuk)",https://drycured.com/recepti-baza/nanizen-sudzuk/,MD-NANIZEN_SUDZUK,_dry_recipe_id=MD-NANIZEN_SUDZUK,4172,4172,0,0,YES,NO,,,NO,1833,NO_DCV5_PROFILE
3083,"ЕЛЕНСКИ БУТ (Elenski but)",https://drycured.com/recepti-baza/elenski-but/,MD-ELENSKI_BUT,_dry_recipe_id=MD-ELENSKI_BUT,3907,3907,0,0,YES,YES,"ЕЛЕНСКИ БУТ (Elenski but)",MD-ELENSKI_BUT,YES,10407,OK_REAL_DCV5
3084,"СМЯДОВСКА ЛУКАНКА (Smyadovska lukanka)",https://drycured.com/recepti-baza/smyadovska-lukanka/,MD-SMYADOVSKA_LUKANKA,_dry_recipe_id=MD-SMYADOVSKA_LUKANKA,4297,4297,0,0,YES,NO,,,NO,1833,NO_DCV5_PROFILE
3085,"СТАРОПЛАНИНСКИ ПАСТЪРМА (Staroplaninska pastrma)",https://drycured.com/recepti-baza/staroplaninska-pastrma/,MD-STAROPLANINSKA_PASTRMA,_dry_recipe_id=MD-STAROPLANINSKA_PASTRMA,3646,3646,0,0,YES,NO,,,NO,1833,NO_DCV5_PROFILE
3086,"Nadenitsa (Наденица)",https://drycured.com/recepti-baza/nadenitsa/,MD-NADENITSA,_dry_recipe_id=MD-NADENITSA,3839,3839,0,0,YES,NO,,,NO,1833,NO_DCV5_PROFILE
3087,"Rulopep (Рулопеп)",https://drycured.com/recepti-baza/rulopep/,MD-RULOPEP,_dry_recipe_id=MD-RULOPEP,3679,3679,0,0,YES,NO,,,NO,1833,NO_DCV5_PROFILE
3088,"Katino Meze (Катино мезе)",https://drycured.com/recepti-baza/katino-meze/,MD-KATINO_MEZE,_dry_recipe_id=MD-KATINO_MEZE,3678,3678,0,0,YES,NO,,,NO,1833,NO_DCV5_PROFILE
3089,"Drobsarma (Дробсарма)",https://drycured.com/recepti-baza/drobsarma/,MD-DROBSARMA,_dry_recipe_id=MD-DROBSARMA,4277,4277,0,0,YES,NO,,,NO,1833,NO_DCV5_PROFILE
3090,"Maleshevska Babichka (Малешевска бабичка)",https://drycured.com/recepti-baza/maleshevska-babichka/,MD-MALESHEVSKA_BABICHKA,_dry_recipe_id=MD-MALESHEVSKA_BABICHKA,3957,3957,0,0,YES,NO,,,NO,1833,NO_DCV5_PROFILE
3091,"Kraishte Pastarma (Краищенска пастърма)",https://drycured.com/recepti-baza/kraishte-pastarma/,MD-KRAISHTE_PASTARMA,_dry_recipe_id=MD-KRAISHTE_PASTARMA,3928,3928,0,0,YES,NO,,,NO,1833,NO_DCV5_PROFILE
3092,"Lukanka (Луканка)",https://drycured.com/recepti-baza/lukanka/,MD-LUKANKA,_dry_recipe_id=MD-LUKANKA,4035,4035,0,0,YES,NO,,,NO,1833,NO_DCV5_PROFILE
3093,"Sudjuk (Суджук)",https://drycured.com/recepti-baza/sudjuk/,MD-SUDJUK,_dry_recipe_id=MD-SUDJUK,4197,4197,0,0,YES,NO,,,NO,1833,NO_DCV5_PROFILE
3094,"Elena filet (Еленски филе)",https://drycured.com/recepti-baza/elena-filet/,MD-ELENA_FILET,_dry_recipe_id=MD-ELENA_FILET,3606,3606,0,0,YES,YES,"Elena filet (Еленски филе)",MD-ELENA_FILET,YES,9739,OK_REAL_DCV5
3095,"Pastarma (Пастърма)",https://drycured.com/recepti-baza/pastarma/,MD-PASTARMA,_dry_recipe_id=MD-PASTARMA,3457,3457,0,0,YES,NO,,,NO,1833,NO_DCV5_PROFILE
3096,"Banski Starec (Бански старец)",https://drycured.com/recepti-baza/banski-starec/,MD-BANSKI_STAREC,_dry_recipe_id=MD-BANSKI_STAREC,4147,4147,0,0,YES,NO,,,NO,1833,NO_DCV5_PROFILE
3097,"Lountza (Λούντζα)",https://drycured.com/recepti-baza/lountza/,MD-LOUNTZA,_dry_recipe_id=MD-LOUNTZA,3796,3796,0,0,YES,NO,,,NO,1833,NO_DCV5_PROFILE
3098,"Hiromeri (Χοιρομέρι)",https://drycured.com/recepti-baza/hiromeri/,MD-HIROMERI,_dry_recipe_id=MD-HIROMERI,3526,3526,0,0,YES,NO,,,NO,1833,NO_DCV5_PROFILE
3099,"Tsamarella (Τσαμαρέλλα)",https://drycured.com/recepti-baza/tsamarella/,MD-TSAMARELLA,_dry_recipe_id=MD-TSAMARELLA,3603,3603,0,0,YES,NO,,,NO,1833,NO_DCV5_PROFILE
3100,"Posyrti (Ποσυρτή)",https://drycured.com/recepti-baza/posyrti/,MD-POSYRTI,_dry_recipe_id=MD-POSYRTI,3640,3640,0,0,YES,NO,,,NO,1833,NO_DCV5_PROFILE
3101,"Apohtin (Αποχτίν)",https://drycured.com/recepti-baza/apohtin/,MD-APOHTIN,_dry_recipe_id=MD-APOHTIN,3700,3700,0,0,YES,NO,,,NO,1833,NO_DCV5_PROFILE
3102,"Lounza (Λούντζα) - Dimljena svinjska potrbušina",https://drycured.com/recepti-baza/lounza-dimljena-svinjska-potrbusina/,MD-LOUNZA_DIMLJENA_SVINJSKA_POTRBUSINA,_dry_recipe_id=MD-LOUNZA_DIMLJENA_SVINJSKA_POTRBUSINA,3623,3623,0,0,YES,NO,,,NO,1833,NO_DCV5_PROFILE
3103,"Tsamarella (Τσαμαρέλλα) - Sušena kozletina",https://drycured.com/recepti-baza/tsamarella-susena-kozletina/,MD-TSAMARELLA_SUSENA_KOZLETINA,_dry_recipe_id=MD-TSAMARELLA_SUSENA_KOZLETINA,3566,3566,0,0,YES,NO,,,NO,1833,NO_DCV5_PROFILE
3104,"Hiromeri (Χοιρομέρι) - Ciparski pršut",https://drycured.com/recepti-baza/hiromeri-ciparski-prsut/,MD-HIROMERI_CIPARSKI_PRSUT,_dry_recipe_id=MD-HIROMERI_CIPARSKI_PRSUT,3531,3531,0,0,YES,NO,,,NO,1833,NO_DCV5_PROFILE
3105,"Apohti (Απόχτι) - Dimljeni svinjski file",https://drycured.com/recepti-baza/apohti-dimljeni-svinjski-file/,MD-APOHTI_DIMLJENI_SVINJSKI_FILE,_dry_recipe_id=MD-APOHTI_DIMLJENI_SVINJSKI_FILE,3633,3633,0,0,YES,YES,"Apohti (Απόχτι) – Dimljeni svinjski file",MD-APOHTI_DIMLJENI_SVINJSKI_FILE,YES,10531,OK_REAL_DCV5
3106,"Pastourma (Παστουρμάς) - Ciparski začinjeni sušeni goveđi file",https://drycured.com/recepti-baza/pastourma-ciparski-zacinjeni-suseni-govei-file/,MD-PASTOURMA_CIPARSKI_ZACINJENI_SUSENI_GOVEDI_FILE,_dry_recipe_id=MD-PASTOURMA_CIPARSKI_ZACINJENI_SUSENI_GOVEDI_FILE,3673,3673,0,0,YES,YES,"Pastourma (Παστουρμάς) – Ciparski začinjeni sušeni goveđi file",MD-PASTOURMA_CIPARSKI_ZACINJENI_SUSENI_GOVEDI_FILE,YES,10563,OK_REAL_DCV5
3107,"?? NIZOZEMSKA - Tradicionalni recepti",https://drycured.com/recepti-baza/nizozemska-tradicionalni-recepti/,MD-NIZOZEMSKA_TRADICIONALNI_RECEPTI,_dry_recipe_id=MD-NIZOZEMSKA_TRADICIONALNI_RECEPTI,3982,3982,0,0,YES,NO,,,NO,1833,NO_DCV5_PROFILE
3108,"Crmničke goveđe pastrve",https://drycured.com/recepti-baza/crmnicke-govee-pastrve/,MD-CRMNICKE_GOVEDE_PASTRVE,_dry_recipe_id=MD-CRMNICKE_GOVEDE_PASTRVE,3640,3640,0,0,YES,NO,,,NO,1833,NO_DCV5_PROFILE
3110,"Crnogorski suđuk",https://drycured.com/recepti-baza/crnogorski-suuk/,MD-CRNOGORSKI_SUDUK,_dry_recipe_id=MD-CRNOGORSKI_SUDUK,3483,3483,0,0,YES,NO,,,NO,1833,NO_DCV5_PROFILE
3112,"Medisterpølse (Danska svježa začinjena kobasica)",https://drycured.com/recepti-baza/medisterplse-danska-svjeza-zacinjena-kobasica/,MD-MEDISTERP_LSE_DANSKA_SVJEZA_ZACINJENA_KOBASICA,_dry_recipe_id=MD-MEDISTERP_LSE_DANSKA_SVJEZA_ZACINJENA_KOBASICA,4055,4055,0,0,YES,NO,,,NO,1833,NO_DCV5_PROFILE
3114,"Rullepølse (Danska rolana šunka)",https://drycured.com/recepti-baza/rulleplse-danska-rolana-sunka/,MD-RULLEP_LSE_DANSKA_ROLANA_SUNKA,_dry_recipe_id=MD-RULLEP_LSE_DANSKA_ROLANA_SUNKA,3381,3381,0,0,YES,NO,,,NO,1833,NO_DCV5_PROFILE
3115,"Flæskesteg (Danska pečena svinjetina s hrskavom kožom)",https://drycured.com/recepti-baza/flskesteg-danska-pecena-svinjetina-s-hrskavom-kozom/,MD-FL_SKESTEG_DANSKA_PECENA_SVINJETINA_S_HRSKAVOM_KOZOM,_dry_recipe_id=MD-FL_SKESTEG_DANSKA_PECENA_SVINJETINA_S_HRSKAVOM_KOZOM,3635,3635,0,0,YES,NO,,,NO,1833,NO_DCV5_PROFILE
3116,"Spegepølse (Danska fermentirana kobasica)",https://drycured.com/recepti-baza/spegeplse-danska-fermentirana-kobasica/,MD-SPEGEP_LSE_DANSKA_FERMENTIRANA_KOBASICA,_dry_recipe_id=MD-SPEGEP_LSE_DANSKA_FERMENTIRANA_KOBASICA,4112,4112,0,0,YES,NO,,,NO,1833,NO_DCV5_PROFILE
3117,"Irski spiced beef (Začinjeno sušeno goveđe meso)",https://drycured.com/recepti-baza/irski-spiced-beef-zacinjeno-suseno-govee-meso/,MD-IRSKI_SPICED_BEEF_ZACINJENO_SUSENO_GOVEDE_MESO,_dry_recipe_id=MD-IRSKI_SPICED_BEEF_ZACINJENO_SUSENO_GOVEDE_MESO,3765,3765,0,0,YES,NO,,,NO,1833,NO_DCV5_PROFILE
3118,"Kasseler pečenka s pireom od jabuka i krupir knedlama",https://drycured.com/recepti-baza/kasseler-pecenka-s-pireom-od-jabuka-i-krupir-knedlama/,MD-KASSELER_PECENKA_S_PIREOM_OD_JABUKA_I_KRUPIR_KNEDLAMA,_dry_recipe_id=MD-KASSELER_PECENKA_S_PIREOM_OD_JABUKA_I_KRUPIR_KNEDLAMA,3865,3865,0,0,YES,NO,,,NO,1833,NO_DCV5_PROFILE
3120,"Rogatički Planinsko-Morski Raritet ""Vjetar i More""",https://drycured.com/recepti-baza/rogaticki-planinsko-morski-raritet-vjetar-i-more/,MD-ROGATICKI_PLANINSKO_MORSKI_RARITET_VJETAR_I_MORE,_dry_recipe_id=MD-ROGATICKI_PLANINSKO_MORSKI_RARITET_VJETAR_I_MORE,3662,3662,0,0,YES,NO,,,NO,1833,NO_DCV5_PROFILE
3121,"Istarski Morski Pršut ""Neptunov Dar""",https://drycured.com/recepti-baza/istarski-morski-prsut-neptunov-dar/,MD-ISTARSKI_MORSKI_PRSUT_NEPTUNOV_DAR,_dry_recipe_id=MD-ISTARSKI_MORSKI_PRSUT_NEPTUNOV_DAR,3326,3326,0,0,YES,NO,,,NO,1833,NO_DCV5_PROFILE
3122,"Potted Beef (konzervirano goveđe meso)",https://drycured.com/recepti-baza/potted-beef-konzervirano-govee-meso/,MD-POTTED_BEEF_KONZERVIRANO_GOVEDE_MESO,_dry_recipe_id=MD-POTTED_BEEF_KONZERVIRANO_GOVEDE_MESO,3789,3789,0,0,YES,NO,,,NO,1833,NO_DCV5_PROFILE
3124,"Engleski sušeni goveđi jezik (Potted Ox Tongue)",https://drycured.com/recepti-baza/engleski-suseni-govei-jezik-potted-ox-tongue/,MD-ENGLESKI_SUSENI_GOVEDI_JEZIK_POTTED_OX_TONGUE,_dry_recipe_id=MD-ENGLESKI_SUSENI_GOVEDI_JEZIK_POTTED_OX_TONGUE,3872,3872,0,0,YES,NO,,,NO,1833,NO_DCV5_PROFILE
3125,"?? Talijansko-toskanski recept za salamu (Salame Toscano)",https://drycured.com/recepti-baza/talijansko-toskanski-recept-za-salamu-salame-toscano/,MD-TALIJANSKO_TOSKANSKI_RECEPT_ZA_SALAMU_SALAME_TOSCANO,_dry_recipe_id=MD-TALIJANSKO_TOSKANSKI_RECEPT_ZA_SALAMU_SALAME_TOSCANO,3847,3847,0,0,YES,NO,,,NO,1833,NO_DCV5_PROFILE
3126,"?? Austrijski recept za Kmetzelsuppe kobasicu",https://drycured.com/recepti-baza/austrijski-recept-za-kmetzelsuppe-kobasicu/,MD-AUSTRIJSKI_RECEPT_ZA_KMETZELSUPPE_KOBASICU,_dry_recipe_id=MD-AUSTRIJSKI_RECEPT_ZA_KMETZELSUPPE_KOBASICU,3850,3850,0,0,YES,NO,,,NO,1833,NO_DCV5_PROFILE
3127,"Poljska Kiełbasa Lisiecka (Lisiecka Kobasica)",https://drycured.com/recepti-baza/poljska-kiebasa-lisiecka-lisiecka-kobasica/,MD-POLJSKA_KIE_BASA_LISIECKA_LISIECKA_KOBASICA,_dry_recipe_id=MD-POLJSKA_KIE_BASA_LISIECKA_LISIECKA_KOBASICA,4504,4504,0,0,YES,NO,,,NO,1833,NO_DCV5_PROFILE
3128,"KYLMÄSAVULOHI (HLADNO DIMLJENI LOSOS)",https://drycured.com/recepti-baza/kylmasavulohi-hladno-dimljeni-losos/,MD-KYLMASAVULOHI_HLADNO_DIMLJENI_LOSOS,_dry_recipe_id=MD-KYLMASAVULOHI_HLADNO_DIMLJENI_LOSOS,3499,3499,0,0,YES,NO,,,NO,1833,NO_DCV5_PROFILE
3129,"Jambon de Bayonne (Bajonska šunka)",https://drycured.com/recepti-baza/jambon-de-bayonne-bajonska-sunka/,MD-JAMBON_DE_BAYONNE_BAJONSKA_SUNKA,_dry_recipe_id=MD-JAMBON_DE_BAYONNE_BAJONSKA_SUNKA,3656,3656,0,0,YES,NO,,,NO,1833,NO_DCV5_PROFILE
3131,"SAUCISSON SEC D'AUVERGNE",https://drycured.com/recepti-baza/saucisson-sec-d-auvergne/,MD-SAUCISSON_SEC_DAUVERGNE,_dry_recipe_id=MD-SAUCISSON_SEC_DAUVERGNE,4281,4281,0,0,YES,NO,,,NO,1833,NO_DCV5_PROFILE
3132,"Armatia (Αρματιά)",https://drycured.com/recepti-baza/armatia/,MD-ARMATIA,_dry_recipe_id=MD-ARMATIA,3849,3849,0,0,YES,NO,,,NO,1833,NO_DCV5_PROFILE
3133,"Pihti (Πηχτή)",https://drycured.com/recepti-baza/pihti/,MD-PIHTI,_dry_recipe_id=MD-PIHTI,3707,3707,0,0,YES,NO,,,NO,1833,NO_DCV5_PROFILE
3134,"Kavourmas (Καβουρμάς)",https://drycured.com/recepti-baza/kavourmas/,MD-KAVOURMAS,_dry_recipe_id=MD-KAVOURMAS,3881,3881,0,0,YES,NO,,,NO,1833,NO_DCV5_PROFILE
3135,"Pastourmas (Παστουρμάς)",https://drycured.com/recepti-baza/pastourmas/,MD-PASTOURMAS,_dry_recipe_id=MD-PASTOURMAS,3608,3608,0,0,YES,YES,"Pastourmas (Παστουρμάς)",MD-PASTOURMAS,YES,10453,OK_REAL_DCV5
3136,"Loukaniko (Λουκάνικο)",https://drycured.com/recepti-baza/loukaniko/,MD-LOUKANIKO,_dry_recipe_id=MD-LOUKANIKO,3865,3865,0,0,YES,NO,,,NO,1833,NO_DCV5_PROFILE
3137,"Apaki (Απάκι)",https://drycured.com/recepti-baza/apaki/,MD-APAKI,_dry_recipe_id=MD-APAKI,3626,3626,0,0,YES,NO,,,NO,1833,NO_DCV5_PROFILE
3138,"Noumboulo (Νούμπουλο)",https://drycured.com/recepti-baza/noumboulo/,MD-NOUMBOULO,_dry_recipe_id=MD-NOUMBOULO,3875,3875,0,0,YES,NO,,,NO,1833,NO_DCV5_PROFILE
3139,"Syglino (Σύγκλινο)",https://drycured.com/recepti-baza/syglino/,MD-SYGLINO,_dry_recipe_id=MD-SYGLINO,3678,3678,0,0,YES,NO,,,NO,1833,NO_DCV5_PROFILE
3140,"Skirts and Kidneys (Tradicionalna irska marinirana goveđa dijafragma)",https://drycured.com/recepti-baza/skirts-and-kidneys-tradicionalna-irska-marinirana-govea-dijafragma/,MD-SKIRTS_AND_KIDNEYS_TRADICIONALNA_IRSKA_MARINIRANA_GOVEDA_DIJAFRAGMA,_dry_recipe_id=MD-SKIRTS_AND_KIDNEYS_TRADICIONALNA_IRSKA_MARINIRANA_GOVEDA_DIJAFRAGMA,3782,3782,0,0,YES,NO,,,NO,1833,NO_DCV5_PROFILE
3141,"Svið (Dimljena janjeća glava)",https://drycured.com/recepti-baza/svi-dimljena-janjeca-glava/,MD-SVI_DIMLJENA_JANJECA_GLAVA,_dry_recipe_id=MD-SVI_DIMLJENA_JANJECA_GLAVA,3567,3567,0,0,YES,NO,,,NO,1833,NO_DCV5_PROFILE
3142,"Heilhornað Hangikjöt (Sušena janjeća rebra)",https://drycured.com/recepti-baza/heilhorna-hangikjot-susena-janjeca-rebra/,MD-HEILHORNA_HANGIKJOT_SUSENA_JANJECA_REBRA,_dry_recipe_id=MD-HEILHORNA_HANGIKJOT_SUSENA_JANJECA_REBRA,3614,3614,0,0,YES,YES,"Heilhornað Hangikjöt (Sušena janjeća rebra)",MD-HEILHORNA_HANGIKJOT_SUSENA_JANJECA_REBRA,YES,10469,OK_REAL_DCV5
3143,"Torfær​ður Lambahryggur (Zakopana janjeća leđa)",https://drycured.com/recepti-baza/torfrur-lambahryggur-zakopana-janjeca-lea/,MD-TORF_R_UR_LAMBAHRYGGUR_ZAKOPANA_JANJECA_LEDA,_dry_recipe_id=MD-TORF_R_UR_LAMBAHRYGGUR_ZAKOPANA_JANJECA_LEDA,3715,3715,0,0,YES,NO,,,NO,1833,NO_DCV5_PROFILE
3144,"Selshreifar (Sušeni tuljanovi peraji)",https://drycured.com/recepti-baza/selshreifar-suseni-tuljanovi-peraji/,MD-SELSHREIFAR_SUSENI_TULJANOVI_PERAJI,_dry_recipe_id=MD-SELSHREIFAR_SUSENI_TULJANOVI_PERAJI,3692,3692,0,0,YES,NO,,,NO,1833,NO_DCV5_PROFILE
3145,"Hákarlasullur (Fermentirani trbuh grenlandskog morskog psa)",https://drycured.com/recepti-baza/hakarlasullur-fermentirani-trbuh-grenlandskog-morskog-psa/,MD-HAKARLASULLUR_FERMENTIRANI_TRBUH_GRENLANDSKOG_MORSKOG_PSA,_dry_recipe_id=MD-HAKARLASULLUR_FERMENTIRANI_TRBUH_GRENLANDSKOG_MORSKOG_PSA,3632,3632,0,0,YES,NO,,,NO,1833,NO_DCV5_PROFILE
3146,"Gellur (Sušeni riblji jezici)",https://drycured.com/recepti-baza/gellur-suseni-riblji-jezici/,MD-GELLUR_SUSENI_RIBLJI_JEZICI,_dry_recipe_id=MD-GELLUR_SUSENI_RIBLJI_JEZICI,3674,3674,0,0,YES,NO,,,NO,1833,NO_DCV5_PROFILE
3147,"Súrsaðir Hrútspungar Með Lyngi (Fermentirani ovnovski testisi s vrijeskom)",https://drycured.com/recepti-baza/sursair-hrutspungar-me-lyngi-fermentirani-ovnovski-testisi-s-vrijeskom/,MD-SURSA_IR_HRUTSPUNGAR_ME_LYNGI_FERMENTIRANI_OVNOVSKI_TESTISI_S_VRIJESKOM,_dry_recipe_id=MD-SURSA_IR_HRUTSPUNGAR_ME_LYNGI_FERMENTIRANI_OVNOVSKI_TESTISI_S_VRIJESKOM,3764,3764,0,0,YES,NO,,,NO,1833,NO_DCV5_PROFILE
3148,"Sviðasulta (Želatinizirano janjeće meso s glave)",https://drycured.com/recepti-baza/sviasulta-zelatinizirano-janjece-meso-s-glave/,MD-SVI_ASULTA_ZELATINIZIRANO_JANJECE_MESO_S_GLAVE,_dry_recipe_id=MD-SVI_ASULTA_ZELATINIZIRANO_JANJECE_MESO_S_GLAVE,3800,3800,0,0,YES,NO,,,NO,1833,NO_DCV5_PROFILE
3149,"Harðfiskur (Sušeni oslić)",https://drycured.com/recepti-baza/harfiskur-suseni-oslic/,MD-HAR_FISKUR_SUSENI_OSLIC,_dry_recipe_id=MD-HAR_FISKUR_SUSENI_OSLIC,3437,3437,0,0,YES,NO,,,NO,1833,NO_DCV5_PROFILE
3150,"Kæstur Hákarl (Fermentirano meso grenlandskog morskog psa)",https://drycured.com/recepti-baza/kstur-hakarl-fermentirano-meso-grenlandskog-morskog-psa/,MD-K_STUR_HAKARL_FERMENTIRANO_MESO_GRENLANDSKOG_MORSKOG_PSA,_dry_recipe_id=MD-K_STUR_HAKARL_FERMENTIRANO_MESO_GRENLANDSKOG_MORSKOG_PSA,3440,3440,0,0,YES,NO,,,NO,1833,NO_DCV5_PROFILE
3151,"Pastërma (Sušena govedina)",https://drycured.com/recepti-baza/pasterma-susena-govedina/,MD-PASTERMA_SUSENA_GOVEDINA,_dry_recipe_id=MD-PASTERMA_SUSENA_GOVEDINA,3425,3425,0,0,YES,NO,,,NO,1833,NO_DCV5_PROFILE
3152,"Skilandis (Tradicinis lietuviškas skilandis)",https://drycured.com/recepti-baza/skilandis-tradicinis-lietuviskas-skilandis/,MD-SKILANDIS_TRADICINIS_LIETUVISKAS_SKILANDIS,_dry_recipe_id=MD-SKILANDIS_TRADICINIS_LIETUVISKAS_SKILANDIS,3567,3567,0,0,YES,NO,,,NO,1833,NO_DCV5_PROFILE
3153,"Kindziukas (Kindzius)",https://drycured.com/recepti-baza/kindziukas-kindzius/,MD-KINDZIUKAS_KINDZIUS,_dry_recipe_id=MD-KINDZIUKAS_KINDZIUS,3664,3664,0,0,YES,NO,,,NO,1833,NO_DCV5_PROFILE
3154,"Lašiniai (Tradicionalna litavska slanina)",https://drycured.com/recepti-baza/lasiniai-tradicionalna-litavska-slanina/,MD-LASINIAI_TRADICIONALNA_LITAVSKA_SLANINA,_dry_recipe_id=MD-LASINIAI_TRADICIONALNA_LITAVSKA_SLANINA,3321,3321,0,0,YES,NO,,,NO,1833,NO_DCV5_PROFILE
3155,"Vytinta dešra (Sušena litavska kobasica)",https://drycured.com/recepti-baza/vytinta-desra-susena-litavska-kobasica/,MD-VYTINTA_DESRA_SUSENA_LITAVSKA_KOBASICA,_dry_recipe_id=MD-VYTINTA_DESRA_SUSENA_LITAVSKA_KOBASICA,4010,4010,0,0,YES,NO,,,NO,1833,NO_DCV5_PROFILE
3156,"Lički Planinarski Navršak",https://drycured.com/recepti-baza/licki-planinarski-navrsak/,MD-LICKI_PLANINARSKI_NAVRSAK,_dry_recipe_id=MD-LICKI_PLANINARSKI_NAVRSAK,3472,3472,0,0,YES,NO,,,NO,1833,NO_DCV5_PROFILE
3158,"Mađarska Slanina (Szalonna)",https://drycured.com/recepti-baza/maarska-slanina-szalonna/,MD-MADARSKA_SLANINA_SZALONNA,_dry_recipe_id=MD-MADARSKA_SLANINA_SZALONNA,3332,3332,0,0,YES,NO,,,NO,1833,NO_DCV5_PROFILE
3159,"Mađarska Dimljena Šunka (Füstölt Sonka)",https://drycured.com/recepti-baza/maarska-dimljena-sunka-fustolt-sonka/,MD-MADARSKA_DIMLJENA_SUNKA_FUSTOLT_SONKA,_dry_recipe_id=MD-MADARSKA_DIMLJENA_SUNKA_FUSTOLT_SONKA,3457,3457,0,0,YES,NO,,,NO,1833,NO_DCV5_PROFILE
3160,"Mađarski Dimljeni Jezik (Füstölt Nyelv)",https://drycured.com/recepti-baza/maarski-dimljeni-jezik-fustolt-nyelv/,MD-MADARSKI_DIMLJENI_JEZIK_FUSTOLT_NYELV,_dry_recipe_id=MD-MADARSKI_DIMLJENI_JEZIK_FUSTOLT_NYELV,3535,3535,0,0,YES,NO,,,NO,1833,NO_DCV5_PROFILE
3162,"Ossenworst (Goveđa sirova kobasica)",https://drycured.com/recepti-baza/ossenworst-govea-sirova-kobasica/,MD-OSSENWORST_GOVEDA_SIROVA_KOBASICA,_dry_recipe_id=MD-OSSENWORST_GOVEDA_SIROVA_KOBASICA,4058,4058,0,0,YES,NO,,,NO,1833,NO_DCV5_PROFILE
3163,"MOSTBRÖCKLI (ALPSKA SUŠENA GOVEDINA)",https://drycured.com/recepti-baza/mostbrockli-alpska-susena-govedina/,MD-MOSTBROCKLI_ALPSKA_SUSENA_GOVEDINA,_dry_recipe_id=MD-MOSTBROCKLI_ALPSKA_SUSENA_GOVEDINA,4005,4005,0,0,YES,NO,,,NO,1833,NO_DCV5_PROFILE
3164,"HOLSTEINER KATENSCHINKEN (HOLŠTAJNSKA DIMLJENA ŠUNKA)",https://drycured.com/recepti-baza/holsteiner-katenschinken-holstajnska-dimljena-sunka/,MD-HOLSTEINER_KATENSCHINKEN_HOLSTAJNSKA_DIMLJENA_SUNKA,_dry_recipe_id=MD-HOLSTEINER_KATENSCHINKEN_HOLSTAJNSKA_DIMLJENA_SUNKA,3972,3972,0,0,YES,NO,,,NO,1833,NO_DCV5_PROFILE
3166,"Leichter Karreeschinken s povrćem u eintopfu",https://drycured.com/recepti-baza/leichter-karreeschinken-s-povrcem-u-eintopfu/,MD-LEICHTER_KARREESCHINKEN_S_POVRCEM_U_EINTOPFU,_dry_recipe_id=MD-LEICHTER_KARREESCHINKEN_S_POVRCEM_U_EINTOPFU,4001,4001,0,0,YES,NO,,,NO,1833,NO_DCV5_PROFILE
3168,"RAKFISK (FERMENTIRANI SLATKOVODNI LOSOS)",https://drycured.com/recepti-baza/rakfisk-fermentirani-slatkovodni-losos/,MD-RAKFISK_FERMENTIRANI_SLATKOVODNI_LOSOS,_dry_recipe_id=MD-RAKFISK_FERMENTIRANI_SLATKOVODNI_LOSOS,3587,3587,0,0,YES,NO,,,NO,1833,NO_DCV5_PROFILE
3169,"LUTEFISK (SUŠENI BAKALAR)",https://drycured.com/recepti-baza/lutefisk-suseni-bakalar/,MD-LUTEFISK_SUSENI_BAKALAR,_dry_recipe_id=MD-LUTEFISK_SUSENI_BAKALAR,3487,3487,0,0,YES,NO,,,NO,1833,NO_DCV5_PROFILE
3170,"SMALAHOVE (SUŠENA OVČJA GLAVA)",https://drycured.com/recepti-baza/smalahove-susena-ovcja-glava/,MD-SMALAHOVE_SUSENA_OVCJA_GLAVA,_dry_recipe_id=MD-SMALAHOVE_SUSENA_OVCJA_GLAVA,3575,3575,0,0,YES,NO,,,NO,1833,NO_DCV5_PROFILE
3171,"FÅREPØLSE (TRADICIONALNA OVČJA KOBASICA)",https://drycured.com/recepti-baza/fareplse-tradicionalna-ovcja-kobasica/,MD-FAREP_LSE_TRADICIONALNA_OVCJA_KOBASICA,_dry_recipe_id=MD-FAREP_LSE_TRADICIONALNA_OVCJA_KOBASICA,4247,4247,0,0,YES,NO,,,NO,1833,NO_DCV5_PROFILE
3172,"ELGKJØTT SPEKEMAT (SUHO MESO LOSA)",https://drycured.com/recepti-baza/elgkjtt-spekemat-suho-meso-losa/,MD-ELGKJ_TT_SPEKEMAT_SUHO_MESO_LOSA,_dry_recipe_id=MD-ELGKJ_TT_SPEKEMAT_SUHO_MESO_LOSA,3483,3483,0,0,YES,NO,,,NO,1833,NO_DCV5_PROFILE
3173,"TJUKKMJØLKSPØLSE (FERMENTIRANA KOBASICA S MLIJEČNOM KULTUROM)",https://drycured.com/recepti-baza/tjukkmjlksplse-fermentirana-kobasica-s-mlijecnom-kulturom/,MD-TJUKKMJ_LKSP_LSE_FERMENTIRANA_KOBASICA_S_MLIJECNOM_KULTUROM,_dry_recipe_id=MD-TJUKKMJ_LKSP_LSE_FERMENTIRANA_KOBASICA_S_MLIJECNOM_KULTUROM,4494,4494,0,0,YES,NO,,,NO,1833,NO_DCV5_PROFILE
3174,"REINSDYRHJERTE (SUŠENO SRCE SOBA)",https://drycured.com/recepti-baza/reinsdyrhjerte-suseno-srce-soba/,MD-REINSDYRHJERTE_SUSENO_SRCE_SOBA,_dry_recipe_id=MD-REINSDYRHJERTE_SUSENO_SRCE_SOBA,3622,3622,0,0,YES,NO,,,NO,1833,NO_DCV5_PROFILE
3175,"PINNEKJØTT (SUŠENA REBRA)",https://drycured.com/recepti-baza/pinnekjtt-susena-rebra/,MD-PINNEKJ_TT_SUSENA_REBRA,_dry_recipe_id=MD-PINNEKJ_TT_SUSENA_REBRA,3566,3566,0,0,YES,YES,"PINNEKJØTT (SUŠENA REBRA)",MD-PINNEKJ_TT_SUSENA_REBRA,YES,9757,OK_REAL_DCV5
3176,"RØKELAKS (DIMLJENI LOSOS)",https://drycured.com/recepti-baza/rkelaks-dimljeni-losos/,MD-R_KELAKS_DIMLJENI_LOSOS,_dry_recipe_id=MD-R_KELAKS_DIMLJENI_LOSOS,3711,3711,0,0,YES,NO,,,NO,1833,NO_DCV5_PROFILE
3178,"Kuşbaşı Jerky (Turski goveđi jerky)",https://drycured.com/recepti-baza/kusbas-jerky-turski-govei-jerky/,MD-KU_BA_JERKY_TURSKI_GOVEDI_JERKY,_dry_recipe_id=MD-KU_BA_JERKY_TURSKI_GOVEDI_JERKY,3831,3831,0,0,YES,NO,,,NO,1833,NO_DCV5_PROFILE
3179,"Işkembe Dolması (Punjeni goveđi burag)",https://drycured.com/recepti-baza/iskembe-dolmas-punjeni-govei-burag/,MD-I_KEMBE_DOLMAS_PUNJENI_GOVEDI_BURAG,_dry_recipe_id=MD-I_KEMBE_DOLMAS_PUNJENI_GOVEDI_BURAG,3829,3829,0,0,YES,NO,,,NO,1833,NO_DCV5_PROFILE
3180,"Varaždinski Š(p)ek",https://drycured.com/recepti-baza/varazdinski-s-p-ek/,MD-VARAZDINSKI_S_P_EK,_dry_recipe_id=MD-VARAZDINSKI_S_P_EK,3474,3474,0,0,YES,NO,,,NO,1833,NO_DCV5_PROFILE
3181,"Đurđevački Zelenjak",https://drycured.com/recepti-baza/urevacki-zelenjak/,MD-DURDEVACKI_ZELENJAK,_dry_recipe_id=MD-DURDEVACKI_ZELENJAK,3394,3394,0,0,YES,NO,,,NO,1833,NO_DCV5_PROFILE
3182,"KINDZIUK (POLJSKO-LITAVSKA SUHA KOBASICA)",https://drycured.com/recepti-baza/kindziuk-poljsko-litavska-suha-kobasica/,MD-KINDZIUK_POLJSKO_LITAVSKA_SUHA_KOBASICA,_dry_recipe_id=MD-KINDZIUK_POLJSKO_LITAVSKA_SUHA_KOBASICA,4086,4086,0,0,YES,NO,,,NO,1833,NO_DCV5_PROFILE
3183,"KIEŁBASA WĘDZONA (DIMLJENA POLJSKA KOBASICA)",https://drycured.com/recepti-baza/kiebasa-wedzona-dimljena-poljska-kobasica/,MD-KIE_BASA_W_DZONA_DIMLJENA_POLJSKA_KOBASICA,_dry_recipe_id=MD-KIE_BASA_W_DZONA_DIMLJENA_POLJSKA_KOBASICA,4003,4003,0,0,YES,NO,,,NO,1833,NO_DCV5_PROFILE
3185,"Presunto de Porco Preto (Pršut od Crne Iberijske Svinje)",https://drycured.com/recepti-baza/presunto-de-porco-preto-prsut-od-crne-iberijske-svinje/,MD-PRESUNTO_DE_PORCO_PRETO_PRSUT_OD_CRNE_IBERIJSKE_SVINJE,_dry_recipe_id=MD-PRESUNTO_DE_PORCO_PRETO_PRSUT_OD_CRNE_IBERIJSKE_SVINJE,3415,3415,0,0,YES,NO,,,NO,1833,NO_DCV5_PROFILE
3188,"Lountza Kafteri (Λούντζα Καυτερή) - Ljuta dimljena svinjska vratina",https://drycured.com/recepti-baza/lountza-kafteri-ljuta-dimljena-svinjska-vratina/,MD-LOUNTZA_KAFTERI_LJUTA_DIMLJENA_SVINJSKA_VRATINA,_dry_recipe_id=MD-LOUNTZA_KAFTERI_LJUTA_DIMLJENA_SVINJSKA_VRATINA,3907,3907,0,0,YES,YES,"Lountza Kafteri (Λούντζα Καυτερή) – Ljuta dimljena svinjska vratina",MD-LOUNTZA_KAFTERI_LJUTA_DIMLJENA_SVINJSKA_VRATINA,YES,11032,OK_REAL_DCV5
3189,"Posyrti (Ποσυρτή) - Ciparska suha kobasica s divljim biljem",https://drycured.com/recepti-baza/posyrti-ciparska-suha-kobasica-s-divljim-biljem/,MD-POSYRTI_CIPARSKA_SUHA_KOBASICA_S_DIVLJIM_BILJEM,_dry_recipe_id=MD-POSYRTI_CIPARSKA_SUHA_KOBASICA_S_DIVLJIM_BILJEM,4326,4326,0,0,YES,NO,,,NO,1833,NO_DCV5_PROFILE
3190,"Afelia Pastarma (Αφέλια Παστάρμα) - Ciparska marinirana goveđa pisanica",https://drycured.com/recepti-baza/afelia-pastarma-ciparska-marinirana-govea-pisanica/,MD-AFELIA_PASTARMA_CIPARSKA_MARINIRANA_GOVEDA_PISANICA,_dry_recipe_id=MD-AFELIA_PASTARMA_CIPARSKA_MARINIRANA_GOVEDA_PISANICA,3964,3964,0,0,YES,NO,,,NO,1833,NO_DCV5_PROFILE
3191,"Ofto Lountza (Οφτή Λούντζα) - Ciparska zračno sušena janjetina",https://drycured.com/recepti-baza/ofto-lountza-ciparska-zracno-susena-janjetina/,MD-OFTO_LOUNTZA_CIPARSKA_ZRACNO_SUSENA_JANJETINA,_dry_recipe_id=MD-OFTO_LOUNTZA_CIPARSKA_ZRACNO_SUSENA_JANJETINA,3968,3968,0,0,YES,NO,,,NO,1833,NO_DCV5_PROFILE
3192,"Virovski ""Živi Čvarci""",https://drycured.com/recepti-baza/virovski-zivi-cvarci/,MD-VIROVSKI_ZIVI_CVARCI,_dry_recipe_id=MD-VIROVSKI_ZIVI_CVARCI,3613,3613,0,0,YES,NO,,,NO,1833,NO_DCV5_PROFILE
3193,"Ludbreška ""Tajna Kobasica""",https://drycured.com/recepti-baza/ludbreska-tajna-kobasica/,MD-LUDBRESKA_TAJNA_KOBASICA,_dry_recipe_id=MD-LUDBRESKA_TAJNA_KOBASICA,4044,4044,0,0,YES,NO,,,NO,1833,NO_DCV5_PROFILE
3194,"Đurđevački ""Zaboravljeni Š(p)ek""",https://drycured.com/recepti-baza/urevacki-zaboravljeni-s-p-ek/,MD-DURDEVACKI_ZABORAVLJENI_S_P_EK,_dry_recipe_id=MD-DURDEVACKI_ZABORAVLJENI_S_P_EK,3490,3490,0,0,YES,NO,,,NO,1833,NO_DCV5_PROFILE
3195,"Pregradski ""Šumski Šaptat""",https://drycured.com/recepti-baza/pregradski-sumski-saptat/,MD-PREGRADSKI_SUMSKI_SAPTAT,_dry_recipe_id=MD-PREGRADSKI_SUMSKI_SAPTAT,3480,3480,0,0,YES,NO,,,NO,1833,NO_DCV5_PROFILE
3196,"Križevački ""Začinski Vjetar""",https://drycured.com/recepti-baza/krizevacki-zacinski-vjetar/,MD-KRIZEVACKI_ZACINSKI_VJETAR,_dry_recipe_id=MD-KRIZEVACKI_ZACINSKI_VJETAR,3449,3449,0,0,YES,NO,,,NO,1833,NO_DCV5_PROFILE
3197,"Našički ""Ratarski Sjećaj""",https://drycured.com/recepti-baza/nasicki-ratarski-sjecaj/,MD-NASICKI_RATARSKI_SJECAJ,_dry_recipe_id=MD-NASICKI_RATARSKI_SJECAJ,3465,3465,0,0,YES,NO,,,NO,1833,NO_DCV5_PROFILE
3198,"Draževački ""Veteranski Sjećaj""",https://drycured.com/recepti-baza/drazevacki-veteranski-sjecaj/,MD-DRAZEVACKI_VETERANSKI_SJECAJ,_dry_recipe_id=MD-DRAZEVACKI_VETERANSKI_SJECAJ,3473,3473,0,0,YES,NO,,,NO,1833,NO_DCV5_PROFILE
3199,"Kalničkog ""Gorski Trag""",https://drycured.com/recepti-baza/kalnickog-gorski-trag/,MD-KALNICKOG_GORSKI_TRAG,_dry_recipe_id=MD-KALNICKOG_GORSKI_TRAG,3459,3459,0,0,YES,NO,,,NO,1833,NO_DCV5_PROFILE
3200,"Podravski ""Zaboravljeni Vrbovec""",https://drycured.com/recepti-baza/podravski-zaboravljeni-vrbovec/,MD-PODRAVSKI_ZABORAVLJENI_VRBOVEC,_dry_recipe_id=MD-PODRAVSKI_ZABORAVLJENI_VRBOVEC,3511,3511,0,0,YES,NO,,,NO,1833,NO_DCV5_PROFILE
3201,"Koprivnički ""Seoski Izvor""",https://drycured.com/recepti-baza/koprivnicki-seoski-izvor/,MD-KOPRIVNICKI_SEOSKI_IZVOR,_dry_recipe_id=MD-KOPRIVNICKI_SEOSKI_IZVOR,3655,3655,0,0,YES,NO,,,NO,1833,NO_DCV5_PROFILE
3202,"Đurđevački ""Ribarski Sjaj""",https://drycured.com/recepti-baza/urevacki-ribarski-sjaj/,MD-DURDEVACKI_RIBARSKI_SJAJ,_dry_recipe_id=MD-DURDEVACKI_RIBARSKI_SJAJ,3453,3453,0,0,YES,NO,,,NO,1833,NO_DCV5_PROFILE
3203,"Ludbreški ""Planinski Trag""",https://drycured.com/recepti-baza/ludbreski-planinski-trag/,MD-LUDBRESKI_PLANINSKI_TRAG,_dry_recipe_id=MD-LUDBRESKI_PLANINSKI_TRAG,3479,3479,0,0,YES,NO,,,NO,1833,NO_DCV5_PROFILE
3204,"Virovski ""Šumski Biseri""",https://drycured.com/recepti-baza/virovski-sumski-biseri/,MD-VIROVSKI_SUMSKI_BISERI,_dry_recipe_id=MD-VIROVSKI_SUMSKI_BISERI,3457,3457,0,0,YES,NO,,,NO,1833,NO_DCV5_PROFILE
3205,"PASTRAMĂ DE OAIE (Sušena ovčetina)",https://drycured.com/recepti-baza/pastrama-de-oaie-susena-ovcetina/,MD-PASTRAM_DE_OAIE_SUSENA_OVCETINA,_dry_recipe_id=MD-PASTRAM_DE_OAIE_SUSENA_OVCETINA,3796,3796,0,0,YES,YES,"PASTRAMĂ DE OAIE (Sušena ovčetina)",MD-PASTRAM_DE_OAIE_SUSENA_OVCETINA,YES,10174,OK_REAL_DCV5
3206,"Basturma (Бастурма - Začinjeno sušeno goveđe meso)",https://drycured.com/recepti-baza/basturma-zacinjeno-suseno-govee-meso/,MD-BASTURMA_ZACINJENO_SUSENO_GOVEDE_MESO,_dry_recipe_id=MD-BASTURMA_ZACINJENO_SUSENO_GOVEDE_MESO,3808,3808,0,0,YES,YES,"Basturma (Бастурма – Začinjeno sušeno goveđe meso)",MD-BASTURMA_ZACINJENO_SUSENO_GOVEDE_MESO,YES,10642,OK_REAL_DCV5
3207,"Koryushka (Корюшка - Dimljena mala riba)",https://drycured.com/recepti-baza/koryushka-dimljena-mala-riba/,MD-KORYUSHKA_DIMLJENA_MALA_RIBA,_dry_recipe_id=MD-KORYUSHKA_DIMLJENA_MALA_RIBA,3613,3613,0,0,YES,NO,,,NO,1833,NO_DCV5_PROFILE
3208,"Svinaya Vyrezka (Свиная вырезка - Sušeni svinjski file)",https://drycured.com/recepti-baza/svinaya-vyrezka-suseni-svinjski-file/,MD-SVINAYA_VYREZKA_SUSENI_SVINJSKI_FILE,_dry_recipe_id=MD-SVINAYA_VYREZKA_SUSENI_SVINJSKI_FILE,3737,3737,0,0,YES,YES,"Svinaya Vyrezka (Свиная вырезка – Sušeni svinjski file)",MD-SVINAYA_VYREZKA_SUSENI_SVINJSKI_FILE,YES,10421,OK_REAL_DCV5
3210,"ARBROATH SMOKIES (DIMLJENA HARINGA)",https://drycured.com/recepti-baza/arbroath-smokies-dimljena-haringa/,MD-ARBROATH_SMOKIES_DIMLJENA_HARINGA,_dry_recipe_id=MD-ARBROATH_SMOKIES_DIMLJENA_HARINGA,3575,3575,0,0,YES,NO,,,NO,1833,NO_DCV5_PROFILE
3211,"Zgornjesavinjski želodec",https://drycured.com/recepti-baza/zgornjesavinjski-zelodec/,MD-ZGORNJESAVINJSKI_ZELODEC,_dry_recipe_id=MD-ZGORNJESAVINJSKI_ZELODEC,3801,3801,0,0,YES,NO,,,NO,1833,NO_DCV5_PROFILE
3212,"Lomo Embuchado - Začinjena Suha Svinjska Leđa",https://drycured.com/recepti-baza/lomo-embuchado-zacinjena-suha-svinjska-lea/,MD-LOMO_EMBUCHADO_ZACINJENA_SUHA_SVINJSKA_LEDA,_dry_recipe_id=MD-LOMO_EMBUCHADO_ZACINJENA_SUHA_SVINJSKA_LEDA,4025,4025,0,0,YES,YES,"Lomo Embuchado – Začinjena Suha Svinjska Leđa",MD-LOMO_EMBUCHADO_ZACINJENA_SUHA_SVINJSKA_LEDA,YES,10443,OK_REAL_DCV5
3213,"Cecina de León - Sušena Goveđa Cecina",https://drycured.com/recepti-baza/cecina-de-leon-susena-govea-cecina/,MD-CECINA_DE_LEON_SUSENA_GOVEDA_CECINA,_dry_recipe_id=MD-CECINA_DE_LEON_SUSENA_GOVEDA_CECINA,3857,3857,0,0,YES,NO,,,NO,1833,NO_DCV5_PROFILE
3214,"Crnogorski Sudžuk",https://drycured.com/recepti-baza/crnogorski-sudzuk/,MD-CRNOGORSKI_SUDZUK,_dry_recipe_id=MD-CRNOGORSKI_SUDZUK,3982,3982,0,0,YES,NO,,,NO,1833,NO_DCV5_PROFILE
3215,"SCHAFFHAUSER SCHÜBLIG (DIMLJENA GOVEĐA KOBASICA)",https://drycured.com/recepti-baza/schaffhauser-schublig-dimljena-govea-kobasica/,MD-SCHAFFHAUSER_SCHUBLIG_DIMLJENA_GOVEDA_KOBASICA,_dry_recipe_id=MD-SCHAFFHAUSER_SCHUBLIG_DIMLJENA_GOVEDA_KOBASICA,4312,4312,0,0,YES,NO,,,NO,1833,NO_DCV5_PROFILE
3216,"BÜNDNERFLEISCH (GRAUBÜNDENSKI SUŠENI GOVEĐI BUT)",https://drycured.com/recepti-baza/bundnerfleisch-graubundenski-suseni-govei-but/,MD-BUNDNERFLEISCH_GRAUBUNDENSKI_SUSENI_GOVEDI_BUT,_dry_recipe_id=MD-BUNDNERFLEISCH_GRAUBUNDENSKI_SUSENI_GOVEDI_BUT,3517,3517,0,0,YES,YES,"BÜNDNERFLEISCH (GRAUBÜNDENSKI SUŠENI GOVEĐI BUT)",MD-BUNDNERFLEISCH_GRAUBUNDENSKI_SUSENI_GOVEDI_BUT,YES,9988,OK_REAL_DCV5
3217,"Culatello di Zibello - Kulatelo iz Zibella",https://drycured.com/recepti-baza/culatello-di-zibello-kulatelo-iz-zibella/,MD-CULATELLO_DI_ZIBELLO_KULATELO_IZ_ZIBELLA,_dry_recipe_id=MD-CULATELLO_DI_ZIBELLO_KULATELO_IZ_ZIBELLA,4044,4044,0,0,YES,NO,,,NO,1833,NO_DCV5_PROFILE
3218,"PANCETTA ARROTOLATA",https://drycured.com/recepti-baza/pancetta-arrotolata/,MD-PANCETTA_ARROTOLATA,_dry_recipe_id=MD-PANCETTA_ARROTOLATA,3542,3542,0,0,YES,NO,,,NO,1833,NO_DCV5_PROFILE
3219,"Herzegovina Livanjska Devenica",https://drycured.com/recepti-baza/herzegovina-livanjska-devenica/,MD-HERZEGOVINA_LIVANJSKA_DEVENICA,_dry_recipe_id=MD-HERZEGOVINA_LIVANJSKA_DEVENICA,3500,3500,0,0,YES,NO,,,NO,1833,NO_DCV5_PROFILE
3222,"Mostarsko Zrno - Unikatna Mesna Kombinacija",https://drycured.com/recepti-baza/mostarsko-zrno-unikatna-mesna-kombinacija/,MD-MOSTARSKO_ZRNO_UNIKATNA_MESNA_KOMBINACIJA,_dry_recipe_id=MD-MOSTARSKO_ZRNO_UNIKATNA_MESNA_KOMBINACIJA,3451,3451,0,0,YES,NO,,,NO,1833,NO_DCV5_PROFILE
3223,"Etnografska studija kulinarskog naslijeđa",https://drycured.com/recepti-baza/etnografska-studija-kulinarskog-naslijea/,MD-ETNOGRAFSKA_STUDIJA_KULINARSKOG_NASLIJEDA,_dry_recipe_id=MD-ETNOGRAFSKA_STUDIJA_KULINARSKOG_NASLIJEDA,4001,4001,0,0,YES,NO,,,NO,1833,NO_DCV5_PROFILE
3224,"Polendvytsia (Полендвиця) - Sušeni svinjski file",https://drycured.com/recepti-baza/polendvytsia-suseni-svinjski-file/,MD-POLENDVYTSIA_SUSENI_SVINJSKI_FILE,_dry_recipe_id=MD-POLENDVYTSIA_SUSENI_SVINJSKI_FILE,3596,3596,0,0,YES,NO,,,NO,1833,NO_DCV5_PROFILE
3225,"Shukhevychivska Kovbasa (Шухевичівська ковбаса) - Sušena kobasica s paprom",https://drycured.com/recepti-baza/shukhevychivska-kovbasa-susena-kobasica-s-paprom/,MD-SHUKHEVYCHIVSKA_KOVBASA_SUSENA_KOBASICA_S_PAPROM,_dry_recipe_id=MD-SHUKHEVYCHIVSKA_KOVBASA_SUSENA_KOBASICA_S_PAPROM,4353,4353,0,0,YES,NO,,,NO,1833,NO_DCV5_PROFILE
3226,"Miasnyi Khlib (М'ясний хліб) - Mesni kruh",https://drycured.com/recepti-baza/miasnyi-khlib-mesni-kruh/,MD-MIASNYI_KHLIB_MESNI_KRUH,_dry_recipe_id=MD-MIASNYI_KHLIB_MESNI_KRUH,3902,3902,0,0,YES,NO,,,NO,1833,NO_DCV5_PROFILE
3227,"Dimlenyi Yazyk (Димлений язик) - Dimljeni goveđi jezik",https://drycured.com/recepti-baza/dimlenyi-yazyk-dimljeni-govei-jezik/,MD-DIMLENYI_YAZYK_DIMLJENI_GOVEDI_JEZIK,_dry_recipe_id=MD-DIMLENYI_YAZYK_DIMLJENI_GOVEDI_JEZIK,3686,3686,0,0,YES,NO,,,NO,1833,NO_DCV5_PROFILE
3228,"Salo (Сало) - Ukrajinska slanina",https://drycured.com/recepti-baza/salo-ukrajinska-slanina/,MD-SALO_UKRAJINSKA_SLANINA,_dry_recipe_id=MD-SALO_UKRAJINSKA_SLANINA,3553,3553,0,0,YES,NO,,,NO,1833,NO_DCV5_PROFILE
3229,"Domašnja Kovbasa (Домашня ковбаса) - Domaća kobasica",https://drycured.com/recepti-baza/domasnja-kovbasa-domaca-kobasica/,MD-DOMASNJA_KOVBASA_DOMACA_KOBASICA,_dry_recipe_id=MD-DOMASNJA_KOVBASA_DOMACA_KOBASICA,4276,4276,0,0,YES,NO,,,NO,1833,NO_DCV5_PROFILE
3230,"Buženina (Буженина) - Pečena i sušena svinjetina",https://drycured.com/recepti-baza/buzenina-pecena-i-susena-svinjetina/,MD-BUZENINA_PECENA_I_SUSENA_SVINJETINA,_dry_recipe_id=MD-BUZENINA_PECENA_I_SUSENA_SVINJETINA,3647,3647,0,0,YES,NO,,,NO,1833,NO_DCV5_PROFILE
3232,"Solonina (Солонина) - Salamurena govedina",https://drycured.com/recepti-baza/solonina-salamurena-govedina/,MD-SOLONINA_SALAMURENA_GOVEDINA,_dry_recipe_id=MD-SOLONINA_SALAMURENA_GOVEDINA,4012,4012,0,0,YES,NO,,,NO,1833,NO_DCV5_PROFILE
3233,"Češnjovke 1.2021 – domaća varijanta",https://drycured.com/recepti-baza/e-njovke-1-2021-doma-a-varijanta/,NEW-CESNJOVKE-2021,_dry_recipe_id=NEW-CESNJOVKE-2021,3916,3916,0,0,YES,NO,,,NO,1833,NO_DCV5_PROFILE
3234,"Kranjska 1.2021 – domaća varijanta",https://drycured.com/recepti-baza/kranjska-1-2021-doma-a-varijanta/,NEW-KRANJSKA-2021,_dry_recipe_id=NEW-KRANJSKA-2021,4117,4117,0,0,YES,NO,,,NO,1833,NO_DCV5_PROFILE
3236,"Pečena salamurena slanina s toplim dimom",https://drycured.com/recepti-baza/pe-ena-salamurena-slanina-s-toplim-dimom/,NEW-PECENA-SALAMURENA-SLANINA,_dry_recipe_id=NEW-PECENA-SALAMURENA-SLANINA,3820,3820,0,0,YES,NO,,,NO,1833,NO_DCV5_PROFILE
3308,"Istarska kobasica",https://drycured.com/recepti-baza/hr-is-001-istarska-kobasica/,HR-IS-001,_dry_recipe_id=HR-IS-001,50,5856,6136,0,YES,NO,,,NO,1833,NO_DCV5_PROFILE
3309,"Rovinjska kobasica",https://drycured.com/recepti-baza/hr-is-002-rovinjska-kobasica/,HR-IS-002,_dry_recipe_id=HR-IS-002,76,5856,6136,0,YES,NO,,,NO,1833,NO_DCV5_PROFILE
3310,"Pazinska kobasica",https://drycured.com/recepti-baza/hr-is-003-pazinska-kobasica/,HR-IS-003,_dry_recipe_id=HR-IS-003,67,5856,6136,0,YES,NO,,,NO,1833,NO_DCV5_PROFILE
3311,"Lička kobasica",https://drycured.com/recepti-baza/hr-li-001-licka-kobasica/,HR-LI-001,_dry_recipe_id=HR-LI-001,71,5856,6136,0,YES,NO,,,NO,1833,NO_DCV5_PROFILE
3312,"Sinjska kobasica",https://drycured.com/recepti-baza/hr-da-001-sinjska-kobasica/,HR-DA-001,_dry_recipe_id=HR-DA-001,41,5856,6136,0,YES,NO,,,NO,1833,NO_DCV5_PROFILE
3313,"Korčulanska kobasica",https://drycured.com/recepti-baza/hr-da-002-korculanska-kobasica/,HR-DA-002,_dry_recipe_id=HR-DA-002,71,5856,6136,0,YES,NO,,,NO,1833,NO_DCV5_PROFILE
3314,"Hvarska prstena kobasica",https://drycured.com/recepti-baza/hr-da-003-hvarska-prstena-kobasica/,HR-DA-003,_dry_recipe_id=HR-DA-003,65,5856,6136,0,YES,NO,,,NO,1833,NO_DCV5_PROFILE
3315,"Vrgorački kulen",https://drycured.com/recepti-baza/hr-da-004-vrgoracki-kulen/,HR-DA-004,_dry_recipe_id=HR-DA-004,62,5856,6136,0,YES,NO,,,NO,1833,NO_DCV5_PROFILE
