Br.,Naziv recepta/proizvoda,Status za bazu,Razlog odluke,Skupina,Broj izvora,Oznake izvora,Izvorne datoteke
1,Alpske pečenice,KANDIDAT_PROIZVOD_DRYCURED,Naziv označava mesni/suhomesnati proizvod ili proizvodnu recepturu; ulazi u radni popis za pojedinačnu provjeru.,Kobasice i pečenice,1,IZV-19,219570442-Željko-Pavičić-Kolinje-i-Mesni-Specijaliteti.pdf
2,Baranjska kobasica,KANDIDAT_PROIZVOD_DRYCURED,Naziv označava mesni/suhomesnati proizvod ili proizvodnu recepturu; ulazi u radni popis za pojedinačnu provjeru.,Kobasice i pečenice,5,"IZV-17, IZV-07, IZV-12, IZV-03, IZV-05",224336073-Proizvodi-Od-Mesa-a5.pdf; 252216929-Kobasice-recepti.docx; 294416263-Recepti-Za-Kobasice.pdf; 54317045-kavurma-kobasice-kulen.odt; 77266164-Recepti-za-kobasice.pdf
3,Baranjska salama,KANDIDAT_PROIZVOD_DRYCURED,Naziv označava mesni/suhomesnati proizvod ili proizvodnu recepturu; ulazi u radni popis za pojedinačnu provjeru.,Salame i srodni proizvodi,1,IZV-19,219570442-Željko-Pavičić-Kolinje-i-Mesni-Specijaliteti.pdf
4,Barena slanina,KANDIDAT_PROIZVOD_DRYCURED,Naziv označava mesni/suhomesnati proizvod ili proizvodnu recepturu; ulazi u radni popis za pojedinačnu provjeru.,"Slanine, šunke, pršuti i cijeli komadi",1,IZV-17,224336073-Proizvodi-Od-Mesa-a5.pdf
5,Barena slanina u salamuri za šunku,KANDIDAT_PROIZVOD_DRYCURED,Naziv označava mesni/suhomesnati proizvod ili proizvodnu recepturu; ulazi u radni popis za pojedinačnu provjeru.,"Slanine, šunke, pršuti i cijeli komadi",1,IZV-17,224336073-Proizvodi-Od-Mesa-a5.pdf
6,Bareni gronik,KANDIDAT_PROIZVOD_DRYCURED,Naziv označava mesni/suhomesnati proizvod ili proizvodnu recepturu; ulazi u radni popis za pojedinačnu provjeru.,"Slanine, šunke, pršuti i cijeli komadi",1,IZV-17,224336073-Proizvodi-Od-Mesa-a5.pdf
7,Barska domaća kobasica,KANDIDAT_PROIZVOD_DRYCURED,Naziv označava mesni/suhomesnati proizvod ili proizvodnu recepturu; ulazi u radni popis za pojedinačnu provjeru.,Kobasice i pečenice,5,"IZV-17, IZV-07, IZV-12, IZV-03, IZV-05",224336073-Proizvodi-Od-Mesa-a5.pdf; 252216929-Kobasice-recepti.docx; 294416263-Recepti-Za-Kobasice.pdf; 54317045-kavurma-kobasice-kulen.odt; 77266164-Recepti-za-kobasice.pdf
8,Bačka domaća kobasica,KANDIDAT_PROIZVOD_DRYCURED,Naziv označava mesni/suhomesnati proizvod ili proizvodnu recepturu; ulazi u radni popis za pojedinačnu provjeru.,Kobasice i pečenice,5,"IZV-17, IZV-07, IZV-12, IZV-03, IZV-05",224336073-Proizvodi-Od-Mesa-a5.pdf; 252216929-Kobasice-recepti.docx; 294416263-Recepti-Za-Kobasice.pdf; 54317045-kavurma-kobasice-kulen.odt; 77266164-Recepti-za-kobasice.pdf
9,Bačka slanina,KANDIDAT_PROIZVOD_DRYCURED,Naziv označava mesni/suhomesnati proizvod ili proizvodnu recepturu; ulazi u radni popis za pojedinačnu provjeru.,"Slanine, šunke, pršuti i cijeli komadi",1,IZV-17,224336073-Proizvodi-Od-Mesa-a5.pdf
10,Bački kulen,KANDIDAT_PROIZVOD_DRYCURED,Naziv označava mesni/suhomesnati proizvod ili proizvodnu recepturu; ulazi u radni popis za pojedinačnu provjeru.,Kulen / sudžuk / veliki punjeni proizvodi,5,"IZV-17, IZV-07, IZV-12, IZV-03, IZV-05",224336073-Proizvodi-Od-Mesa-a5.pdf; 252216929-Kobasice-recepti.docx; 294416263-Recepti-Za-Kobasice.pdf; 54317045-kavurma-kobasice-kulen.odt; 77266164-Recepti-za-kobasice.pdf
11,Bela domaća tlačenica (bela švargla),KANDIDAT_PROIZVOD_DRYCURED,Naziv označava mesni/suhomesnati proizvod ili proizvodnu recepturu; ulazi u radni popis za pojedinačnu provjeru.,"Iznutrice, krvavice, tlačenice, paštete i pihtije",1,IZV-18,116155486-Domaće-kobasice-i-sl(1).doc
12,Bela kobasica sa prekrupom,KANDIDAT_PROIZVOD_DRYCURED,Naziv označava mesni/suhomesnati proizvod ili proizvodnu recepturu; ulazi u radni popis za pojedinačnu provjeru.,Kobasice i pečenice,1,IZV-17,224336073-Proizvodi-Od-Mesa-a5.pdf
13,Bela tlačenica (švargla),KANDIDAT_PROIZVOD_DRYCURED,Naziv označava mesni/suhomesnati proizvod ili proizvodnu recepturu; ulazi u radni popis za pojedinačnu provjeru.,"Iznutrice, krvavice, tlačenice, paštete i pihtije",1,IZV-17,224336073-Proizvodi-Od-Mesa-a5.pdf
14,Bele - svetle pihtije,KANDIDAT_PROIZVOD_DRYCURED,Naziv označava mesni/suhomesnati proizvod ili proizvodnu recepturu; ulazi u radni popis za pojedinačnu provjeru.,"Iznutrice, krvavice, tlačenice, paštete i pihtije",1,IZV-17,224336073-Proizvodi-Od-Mesa-a5.pdf
15,Crna domaća tlačenica (crna švargla),KANDIDAT_PROIZVOD_DRYCURED,Naziv označava mesni/suhomesnati proizvod ili proizvodnu recepturu; ulazi u radni popis za pojedinačnu provjeru.,"Iznutrice, krvavice, tlačenice, paštete i pihtije",1,IZV-18,116155486-Domaće-kobasice-i-sl(1).doc
16,Crna tlačenica - švargla ( švargla sa dodatkom krvi),KANDIDAT_PROIZVOD_DRYCURED,Naziv označava mesni/suhomesnati proizvod ili proizvodnu recepturu; ulazi u radni popis za pojedinačnu provjeru.,"Iznutrice, krvavice, tlačenice, paštete i pihtije",1,IZV-17,224336073-Proizvodi-Od-Mesa-a5.pdf
17,Crna tlačenica - švargla sa mesom,KANDIDAT_PROIZVOD_DRYCURED,Naziv označava mesni/suhomesnati proizvod ili proizvodnu recepturu; ulazi u radni popis za pojedinačnu provjeru.,"Iznutrice, krvavice, tlačenice, paštete i pihtije",1,IZV-17,224336073-Proizvodi-Od-Mesa-a5.pdf
18,Crvena papricirana kobasica (španska),KANDIDAT_PROIZVOD_DRYCURED,Naziv označava mesni/suhomesnati proizvod ili proizvodnu recepturu; ulazi u radni popis za pojedinačnu provjeru.,Kobasice i pečenice,5,"IZV-17, IZV-07, IZV-12, IZV-03, IZV-05",224336073-Proizvodi-Od-Mesa-a5.pdf; 252216929-Kobasice-recepti.docx; 294416263-Recepti-Za-Kobasice.pdf; 54317045-kavurma-kobasice-kulen.odt; 77266164-Recepti-za-kobasice.pdf
19,Delikates jetrena kobasica (jetrena pašteta),KANDIDAT_PROIZVOD_DRYCURED,Naziv označava mesni/suhomesnati proizvod ili proizvodnu recepturu; ulazi u radni popis za pojedinačnu provjeru.,Kobasice i pečenice,1,IZV-17,224336073-Proizvodi-Od-Mesa-a5.pdf
20,Dijetne krvavice,KANDIDAT_PROIZVOD_DRYCURED,Naziv označava mesni/suhomesnati proizvod ili proizvodnu recepturu; ulazi u radni popis za pojedinačnu provjeru.,"Iznutrice, krvavice, tlačenice, paštete i pihtije",1,IZV-19,219570442-Željko-Pavičić-Kolinje-i-Mesni-Specijaliteti.pdf
21,Dijetne pečenice,KANDIDAT_PROIZVOD_DRYCURED,Naziv označava mesni/suhomesnati proizvod ili proizvodnu recepturu; ulazi u radni popis za pojedinačnu provjeru.,Kobasice i pečenice,1,IZV-19,219570442-Željko-Pavičić-Kolinje-i-Mesni-Specijaliteti.pdf
22,Dimljena leđna slanina,KANDIDAT_PROIZVOD_DRYCURED,Naziv označava mesni/suhomesnati proizvod ili proizvodnu recepturu; ulazi u radni popis za pojedinačnu provjeru.,"Slanine, šunke, pršuti i cijeli komadi",1,IZV-17,224336073-Proizvodi-Od-Mesa-a5.pdf
23,Dimljena poljska sirova kobasica,KANDIDAT_PROIZVOD_DRYCURED,Naziv označava mesni/suhomesnati proizvod ili proizvodnu recepturu; ulazi u radni popis za pojedinačnu provjeru.,Kobasice i pečenice,5,"IZV-17, IZV-07, IZV-12, IZV-03, IZV-05",224336073-Proizvodi-Od-Mesa-a5.pdf; 252216929-Kobasice-recepti.docx; 294416263-Recepti-Za-Kobasice.pdf; 54317045-kavurma-kobasice-kulen.odt; 77266164-Recepti-za-kobasice.pdf
24,Dimljena slanina sa belim lukom,KANDIDAT_PROIZVOD_DRYCURED,Naziv označava mesni/suhomesnati proizvod ili proizvodnu recepturu; ulazi u radni popis za pojedinačnu provjeru.,"Slanine, šunke, pršuti i cijeli komadi",1,IZV-17,224336073-Proizvodi-Od-Mesa-a5.pdf
25,Domaća baranjska šunka,KANDIDAT_PROIZVOD_DRYCURED,Naziv označava mesni/suhomesnati proizvod ili proizvodnu recepturu; ulazi u radni popis za pojedinačnu provjeru.,"Slanine, šunke, pršuti i cijeli komadi",1,IZV-17,224336073-Proizvodi-Od-Mesa-a5.pdf
26,Domaća goveđa kobasica,KANDIDAT_PROIZVOD_DRYCURED,Naziv označava mesni/suhomesnati proizvod ili proizvodnu recepturu; ulazi u radni popis za pojedinačnu provjeru.,Kobasice i pečenice,1,IZV-18,116155486-Domaće-kobasice-i-sl(1).doc
27,Domaća jetrena kobasica 1,KANDIDAT_PROIZVOD_DRYCURED,Naziv označava mesni/suhomesnati proizvod ili proizvodnu recepturu; ulazi u radni popis za pojedinačnu provjeru.,Kobasice i pečenice,1,IZV-17,224336073-Proizvodi-Od-Mesa-a5.pdf
28,Domaća jetrena kobasica 2,KANDIDAT_PROIZVOD_DRYCURED,Naziv označava mesni/suhomesnati proizvod ili proizvodnu recepturu; ulazi u radni popis za pojedinačnu provjeru.,Kobasice i pečenice,1,IZV-17,224336073-Proizvodi-Od-Mesa-a5.pdf
29,Domaća jetrenjača (džigernjača),KANDIDAT_PROIZVOD_DRYCURED,Naziv označava mesni/suhomesnati proizvod ili proizvodnu recepturu; ulazi u radni popis za pojedinačnu provjeru.,"Iznutrice, krvavice, tlačenice, paštete i pihtije",1,IZV-18,116155486-Domaće-kobasice-i-sl(1).doc
30,Domaća kavurma,KANDIDAT_PROIZVOD_DRYCURED,Naziv označava mesni/suhomesnati proizvod ili proizvodnu recepturu; ulazi u radni popis za pojedinačnu provjeru.,"Iznutrice, krvavice, tlačenice, paštete i pihtije",1,IZV-17,224336073-Proizvodi-Od-Mesa-a5.pdf
31,Domaća kranjska kobasica,KANDIDAT_PROIZVOD_DRYCURED,Naziv označava mesni/suhomesnati proizvod ili proizvodnu recepturu; ulazi u radni popis za pojedinačnu provjeru.,Kobasice i pečenice,1,IZV-18,116155486-Domaće-kobasice-i-sl(1).doc
32,Domaća krvavica,KANDIDAT_PROIZVOD_DRYCURED,Naziv označava mesni/suhomesnati proizvod ili proizvodnu recepturu; ulazi u radni popis za pojedinačnu provjeru.,"Iznutrice, krvavice, tlačenice, paštete i pihtije",2,"IZV-18, IZV-17",116155486-Domaće-kobasice-i-sl(1).doc; 224336073-Proizvodi-Od-Mesa-a5.pdf
33,Domaća lovačka kobasica,KANDIDAT_PROIZVOD_DRYCURED,Naziv označava mesni/suhomesnati proizvod ili proizvodnu recepturu; ulazi u radni popis za pojedinačnu provjeru.,Kobasice i pečenice,1,IZV-18,116155486-Domaće-kobasice-i-sl(1).doc
34,Domaća mortadela,KANDIDAT_PROIZVOD_DRYCURED,Naziv označava mesni/suhomesnati proizvod ili proizvodnu recepturu; ulazi u radni popis za pojedinačnu provjeru.,Salame i srodni proizvodi,1,IZV-18,116155486-Domaće-kobasice-i-sl(1).doc
35,Domaća pančeta,KANDIDAT_PROIZVOD_DRYCURED,Naziv označava mesni/suhomesnati proizvod ili proizvodnu recepturu; ulazi u radni popis za pojedinačnu provjeru.,"Slanine, šunke, pršuti i cijeli komadi",1,IZV-17,224336073-Proizvodi-Od-Mesa-a5.pdf
36,Domaća pašteta,KANDIDAT_PROIZVOD_DRYCURED,Naziv označava mesni/suhomesnati proizvod ili proizvodnu recepturu; ulazi u radni popis za pojedinačnu provjeru.,"Iznutrice, krvavice, tlačenice, paštete i pihtije",1,IZV-03,54317045-kavurma-kobasice-kulen.odt
37,Domaća salama,KANDIDAT_PROIZVOD_DRYCURED,Naziv označava mesni/suhomesnati proizvod ili proizvodnu recepturu; ulazi u radni popis za pojedinačnu provjeru.,Salame i srodni proizvodi,1,IZV-19,219570442-Željko-Pavičić-Kolinje-i-Mesni-Specijaliteti.pdf
38,Domaća sirova kobasica,KANDIDAT_PROIZVOD_DRYCURED,Naziv označava mesni/suhomesnati proizvod ili proizvodnu recepturu; ulazi u radni popis za pojedinačnu provjeru.,Kobasice i pečenice,5,"IZV-17, IZV-07, IZV-12, IZV-03, IZV-05",224336073-Proizvodi-Od-Mesa-a5.pdf; 252216929-Kobasice-recepti.docx; 294416263-Recepti-Za-Kobasice.pdf; 54317045-kavurma-kobasice-kulen.odt; 77266164-Recepti-za-kobasice.pdf
39,Domaća slaninska kobasica,KANDIDAT_PROIZVOD_DRYCURED,Naziv označava mesni/suhomesnati proizvod ili proizvodnu recepturu; ulazi u radni popis za pojedinačnu provjeru.,Kobasice i pečenice,1,IZV-18,116155486-Domaće-kobasice-i-sl(1).doc
40,Domaća velika šunka,KANDIDAT_PROIZVOD_DRYCURED,Naziv označava mesni/suhomesnati proizvod ili proizvodnu recepturu; ulazi u radni popis za pojedinačnu provjeru.,"Slanine, šunke, pršuti i cijeli komadi",1,IZV-17,224336073-Proizvodi-Od-Mesa-a5.pdf
41,Domaće bijele krvavice,KANDIDAT_PROIZVOD_DRYCURED,Naziv označava mesni/suhomesnati proizvod ili proizvodnu recepturu; ulazi u radni popis za pojedinačnu provjeru.,"Iznutrice, krvavice, tlačenice, paštete i pihtije",1,IZV-19,219570442-Željko-Pavičić-Kolinje-i-Mesni-Specijaliteti.pdf
42,Domaće hrenovke,KANDIDAT_PROIZVOD_DRYCURED,Naziv označava mesni/suhomesnati proizvod ili proizvodnu recepturu; ulazi u radni popis za pojedinačnu provjeru.,Kobasice i pečenice,1,IZV-18,116155486-Domaće-kobasice-i-sl(1).doc
43,Domaće jetrenjače,KANDIDAT_PROIZVOD_DRYCURED,Naziv označava mesni/suhomesnati proizvod ili proizvodnu recepturu; ulazi u radni popis za pojedinačnu provjeru.,"Iznutrice, krvavice, tlačenice, paštete i pihtije",1,IZV-19,219570442-Željko-Pavičić-Kolinje-i-Mesni-Specijaliteti.pdf
44,Domaće kobasice,KANDIDAT_PROIZVOD_DRYCURED,Naziv označava mesni/suhomesnati proizvod ili proizvodnu recepturu; ulazi u radni popis za pojedinačnu provjeru.,Kobasice i pečenice,3,"IZV-18, IZV-13, IZV-06",116155486-Domaće-kobasice-i-sl(1).doc; 183991735-Domaca-prerada-i-susenje-mesa-doc.doc; 230566877-domace-kobasice.docx
45,Domaće kobasice - osnovni recept,KANDIDAT_PROIZVOD_DRYCURED,Naziv označava mesni/suhomesnati proizvod ili proizvodnu recepturu; ulazi u radni popis za pojedinačnu provjeru.,Kobasice i pečenice,1,IZV-02,117936036-Recept-Za-Kobasice.pdf
46,"Domaće kobasice sa belim lukom, crnim biberom i crvenim vinom",KANDIDAT_PROIZVOD_DRYCURED,Naziv označava mesni/suhomesnati proizvod ili proizvodnu recepturu; ulazi u radni popis za pojedinačnu provjeru.,Kobasice i pečenice,1,IZV-18,116155486-Domaće-kobasice-i-sl(1).doc
47,Domaće kratke kobasice,KANDIDAT_PROIZVOD_DRYCURED,Naziv označava mesni/suhomesnati proizvod ili proizvodnu recepturu; ulazi u radni popis za pojedinačnu provjeru.,Kobasice i pečenice,1,IZV-19,219570442-Željko-Pavičić-Kolinje-i-Mesni-Specijaliteti.pdf
48,Domaće krvavice,KANDIDAT_PROIZVOD_DRYCURED,Naziv označava mesni/suhomesnati proizvod ili proizvodnu recepturu; ulazi u radni popis za pojedinačnu provjeru.,"Iznutrice, krvavice, tlačenice, paštete i pihtije",1,IZV-19,219570442-Željko-Pavičić-Kolinje-i-Mesni-Specijaliteti.pdf
49,Domaće pečenice,KANDIDAT_PROIZVOD_DRYCURED,Naziv označava mesni/suhomesnati proizvod ili proizvodnu recepturu; ulazi u radni popis za pojedinačnu provjeru.,Kobasice i pečenice,1,IZV-19,219570442-Željko-Pavičić-Kolinje-i-Mesni-Specijaliteti.pdf
50,Domaće pihtije,KANDIDAT_PROIZVOD_DRYCURED,Naziv označava mesni/suhomesnati proizvod ili proizvodnu recepturu; ulazi u radni popis za pojedinačnu provjeru.,"Iznutrice, krvavice, tlačenice, paštete i pihtije",1,IZV-17,224336073-Proizvodi-Od-Mesa-a5.pdf
51,Domaće slaninske kobasice,KANDIDAT_PROIZVOD_DRYCURED,Naziv označava mesni/suhomesnati proizvod ili proizvodnu recepturu; ulazi u radni popis za pojedinačnu provjeru.,Kobasice i pečenice,1,IZV-19,219570442-Željko-Pavičić-Kolinje-i-Mesni-Specijaliteti.pdf
52,Domaće svinjske kobasice,KANDIDAT_PROIZVOD_DRYCURED,Naziv označava mesni/suhomesnati proizvod ili proizvodnu recepturu; ulazi u radni popis za pojedinačnu provjeru.,Kobasice i pečenice,1,IZV-19,219570442-Željko-Pavičić-Kolinje-i-Mesni-Specijaliteti.pdf
53,Domaći kulin,KANDIDAT_PROIZVOD_DRYCURED,Naziv označava mesni/suhomesnati proizvod ili proizvodnu recepturu; ulazi u radni popis za pojedinačnu provjeru.,Kulen / sudžuk / veliki punjeni proizvodi,1,IZV-19,219570442-Željko-Pavičić-Kolinje-i-Mesni-Specijaliteti.pdf
54,Džigernjača,KANDIDAT_PROIZVOD_DRYCURED,Naziv označava mesni/suhomesnati proizvod ili proizvodnu recepturu; ulazi u radni popis za pojedinačnu provjeru.,"Iznutrice, krvavice, tlačenice, paštete i pihtije",1,IZV-17,224336073-Proizvodi-Od-Mesa-a5.pdf
55,Džigernjača za mazanje,KANDIDAT_PROIZVOD_DRYCURED,Naziv označava mesni/suhomesnati proizvod ili proizvodnu recepturu; ulazi u radni popis za pojedinačnu provjeru.,"Iznutrice, krvavice, tlačenice, paštete i pihtije",1,IZV-17,224336073-Proizvodi-Od-Mesa-a5.pdf
56,Džigernjača za mazanje sa jabukom,KANDIDAT_PROIZVOD_DRYCURED,Naziv označava mesni/suhomesnati proizvod ili proizvodnu recepturu; ulazi u radni popis za pojedinačnu provjeru.,"Iznutrice, krvavice, tlačenice, paštete i pihtije",1,IZV-17,224336073-Proizvodi-Od-Mesa-a5.pdf
57,Džigernjača za pečenje,KANDIDAT_PROIZVOD_DRYCURED,Naziv označava mesni/suhomesnati proizvod ili proizvodnu recepturu; ulazi u radni popis za pojedinačnu provjeru.,"Iznutrice, krvavice, tlačenice, paštete i pihtije",1,IZV-17,224336073-Proizvodi-Od-Mesa-a5.pdf
58,Fino mlevena kobasica za pečenje,KANDIDAT_PROIZVOD_DRYCURED,Naziv označava mesni/suhomesnati proizvod ili proizvodnu recepturu; ulazi u radni popis za pojedinačnu provjeru.,Kobasice i pečenice,1,IZV-17,224336073-Proizvodi-Od-Mesa-a5.pdf
59,Francuska jetrena kobasica,KANDIDAT_PROIZVOD_DRYCURED,Naziv označava mesni/suhomesnati proizvod ili proizvodnu recepturu; ulazi u radni popis za pojedinačnu provjeru.,Kobasice i pečenice,1,IZV-17,224336073-Proizvodi-Od-Mesa-a5.pdf
60,Gajdobranska šunka,KANDIDAT_PROIZVOD_DRYCURED,Naziv označava mesni/suhomesnati proizvod ili proizvodnu recepturu; ulazi u radni popis za pojedinačnu provjeru.,"Slanine, šunke, pršuti i cijeli komadi",1,IZV-17,224336073-Proizvodi-Od-Mesa-a5.pdf
61,Gorenjska salama,KANDIDAT_PROIZVOD_DRYCURED,Naziv označava mesni/suhomesnati proizvod ili proizvodnu recepturu; ulazi u radni popis za pojedinačnu provjeru.,Salame i srodni proizvodi,1,IZV-18,116155486-Domaće-kobasice-i-sl(1).doc
62,Goriške pečenice,KANDIDAT_PROIZVOD_DRYCURED,Naziv označava mesni/suhomesnati proizvod ili proizvodnu recepturu; ulazi u radni popis za pojedinačnu provjeru.,Kobasice i pečenice,1,IZV-19,219570442-Željko-Pavičić-Kolinje-i-Mesni-Specijaliteti.pdf
63,Goveđa užička pršuta,KANDIDAT_PROIZVOD_DRYCURED,Naziv označava mesni/suhomesnati proizvod ili proizvodnu recepturu; ulazi u radni popis za pojedinačnu provjeru.,"Slanine, šunke, pršuti i cijeli komadi",1,IZV-10,260924825-suhomesnati-proizvodi.docx
64,Goveđe uđenice,KANDIDAT_PROIZVOD_DRYCURED,Naziv označava mesni/suhomesnati proizvod ili proizvodnu recepturu; ulazi u radni popis za pojedinačnu provjeru.,"Slanine, šunke, pršuti i cijeli komadi",1,IZV-17,224336073-Proizvodi-Od-Mesa-a5.pdf
65,Goveđi pršut,KANDIDAT_PROIZVOD_DRYCURED,Naziv označava mesni/suhomesnati proizvod ili proizvodnu recepturu; ulazi u radni popis za pojedinačnu provjeru.,"Slanine, šunke, pršuti i cijeli komadi",1,IZV-17,224336073-Proizvodi-Od-Mesa-a5.pdf
66,Gračanske kobasice,KANDIDAT_PROIZVOD_DRYCURED,Naziv označava mesni/suhomesnati proizvod ili proizvodnu recepturu; ulazi u radni popis za pojedinačnu provjeru.,Kobasice i pečenice,1,IZV-19,219570442-Željko-Pavičić-Kolinje-i-Mesni-Specijaliteti.pdf
67,Gurmanska pašteta,KANDIDAT_PROIZVOD_DRYCURED,Naziv označava mesni/suhomesnati proizvod ili proizvodnu recepturu; ulazi u radni popis za pojedinačnu provjeru.,"Iznutrice, krvavice, tlačenice, paštete i pihtije",1,IZV-19,219570442-Željko-Pavičić-Kolinje-i-Mesni-Specijaliteti.pdf
68,Gurmanske kobasice,KANDIDAT_PROIZVOD_DRYCURED,Naziv označava mesni/suhomesnati proizvod ili proizvodnu recepturu; ulazi u radni popis za pojedinačnu provjeru.,Kobasice i pečenice,1,IZV-19,219570442-Željko-Pavičić-Kolinje-i-Mesni-Specijaliteti.pdf
69,Hamburger kobasica za pečenje,KANDIDAT_PROIZVOD_DRYCURED,Naziv označava mesni/suhomesnati proizvod ili proizvodnu recepturu; ulazi u radni popis za pojedinačnu provjeru.,Kobasice i pečenice,1,IZV-17,224336073-Proizvodi-Od-Mesa-a5.pdf
70,Horgoške kobasice,KANDIDAT_PROIZVOD_DRYCURED,Naziv označava mesni/suhomesnati proizvod ili proizvodnu recepturu; ulazi u radni popis za pojedinačnu provjeru.,Kobasice i pečenice,1,IZV-19,219570442-Željko-Pavičić-Kolinje-i-Mesni-Specijaliteti.pdf
71,Hurka od kolenice,KANDIDAT_PROIZVOD_DRYCURED,Naziv označava mesni/suhomesnati proizvod ili proizvodnu recepturu; ulazi u radni popis za pojedinačnu provjeru.,"Iznutrice, krvavice, tlačenice, paštete i pihtije",1,IZV-17,224336073-Proizvodi-Od-Mesa-a5.pdf
72,Hurka od mesa,KANDIDAT_PROIZVOD_DRYCURED,Naziv označava mesni/suhomesnati proizvod ili proizvodnu recepturu; ulazi u radni popis za pojedinačnu provjeru.,"Iznutrice, krvavice, tlačenice, paštete i pihtije",1,IZV-17,224336073-Proizvodi-Od-Mesa-a5.pdf
73,Hurka od pluća 1,KANDIDAT_PROIZVOD_DRYCURED,Naziv označava mesni/suhomesnati proizvod ili proizvodnu recepturu; ulazi u radni popis za pojedinačnu provjeru.,"Iznutrice, krvavice, tlačenice, paštete i pihtije",1,IZV-17,224336073-Proizvodi-Od-Mesa-a5.pdf
74,Hurka od pluća 2,KANDIDAT_PROIZVOD_DRYCURED,Naziv označava mesni/suhomesnati proizvod ili proizvodnu recepturu; ulazi u radni popis za pojedinačnu provjeru.,"Iznutrice, krvavice, tlačenice, paštete i pihtije",1,IZV-17,224336073-Proizvodi-Od-Mesa-a5.pdf
75,Istarske kobasice,KANDIDAT_PROIZVOD_DRYCURED,Naziv označava mesni/suhomesnati proizvod ili proizvodnu recepturu; ulazi u radni popis za pojedinačnu provjeru.,Kobasice i pečenice,1,IZV-19,219570442-Željko-Pavičić-Kolinje-i-Mesni-Specijaliteti.pdf
76,Italijanska mortadela,KANDIDAT_PROIZVOD_DRYCURED,Naziv označava mesni/suhomesnati proizvod ili proizvodnu recepturu; ulazi u radni popis za pojedinačnu provjeru.,Salame i srodni proizvodi,1,IZV-17,224336073-Proizvodi-Od-Mesa-a5.pdf
77,Jednostavna salama,KANDIDAT_PROIZVOD_DRYCURED,Naziv označava mesni/suhomesnati proizvod ili proizvodnu recepturu; ulazi u radni popis za pojedinačnu provjeru.,Salame i srodni proizvodi,1,IZV-17,224336073-Proizvodi-Od-Mesa-a5.pdf
78,Jetrena kobasica od iznutrica - džigernjača (varijanta 1.),KANDIDAT_PROIZVOD_DRYCURED,Naziv označava mesni/suhomesnati proizvod ili proizvodnu recepturu; ulazi u radni popis za pojedinačnu provjeru.,Kobasice i pečenice,1,IZV-17,224336073-Proizvodi-Od-Mesa-a5.pdf
79,Jetrena kobasica od iznutrica - džigernjača (varijanta 2.),KANDIDAT_PROIZVOD_DRYCURED,Naziv označava mesni/suhomesnati proizvod ili proizvodnu recepturu; ulazi u radni popis za pojedinačnu provjeru.,Kobasice i pečenice,1,IZV-17,224336073-Proizvodi-Od-Mesa-a5.pdf
80,Jetrena kobasica sa hlebom,KANDIDAT_PROIZVOD_DRYCURED,Naziv označava mesni/suhomesnati proizvod ili proizvodnu recepturu; ulazi u radni popis za pojedinačnu provjeru.,Kobasice i pečenice,1,IZV-17,224336073-Proizvodi-Od-Mesa-a5.pdf
81,Jetrena kobasica za mazanje (pašteta),KANDIDAT_PROIZVOD_DRYCURED,Naziv označava mesni/suhomesnati proizvod ili proizvodnu recepturu; ulazi u radni popis za pojedinačnu provjeru.,Kobasice i pečenice,1,IZV-17,224336073-Proizvodi-Od-Mesa-a5.pdf
82,Jetrena pašteta sa sardelama,KANDIDAT_PROIZVOD_DRYCURED,Naziv označava mesni/suhomesnati proizvod ili proizvodnu recepturu; ulazi u radni popis za pojedinačnu provjeru.,"Iznutrice, krvavice, tlačenice, paštete i pihtije",1,IZV-19,219570442-Željko-Pavičić-Kolinje-i-Mesni-Specijaliteti.pdf
83,Jetrenjača,KANDIDAT_PROIZVOD_DRYCURED,Naziv označava mesni/suhomesnati proizvod ili proizvodnu recepturu; ulazi u radni popis za pojedinačnu provjeru.,"Iznutrice, krvavice, tlačenice, paštete i pihtije",1,IZV-19,219570442-Željko-Pavičić-Kolinje-i-Mesni-Specijaliteti.pdf
84,Kavurma,KANDIDAT_PROIZVOD_DRYCURED,Naziv označava mesni/suhomesnati proizvod ili proizvodnu recepturu; ulazi u radni popis za pojedinačnu provjeru.,"Iznutrice, krvavice, tlačenice, paštete i pihtije",1,IZV-03,54317045-kavurma-kobasice-kulen.odt
85,Kačarevačka kobasica,KANDIDAT_PROIZVOD_DRYCURED,Naziv označava mesni/suhomesnati proizvod ili proizvodnu recepturu; ulazi u radni popis za pojedinačnu provjeru.,Kobasice i pečenice,5,"IZV-17, IZV-07, IZV-12, IZV-03, IZV-05",224336073-Proizvodi-Od-Mesa-a5.pdf; 252216929-Kobasice-recepti.docx; 294416263-Recepti-Za-Kobasice.pdf; 54317045-kavurma-kobasice-kulen.odt; 77266164-Recepti-za-kobasice.pdf
86,Kačarevačka slanina,KANDIDAT_PROIZVOD_DRYCURED,Naziv označava mesni/suhomesnati proizvod ili proizvodnu recepturu; ulazi u radni popis za pojedinačnu provjeru.,"Slanine, šunke, pršuti i cijeli komadi",1,IZV-17,224336073-Proizvodi-Od-Mesa-a5.pdf
87,Kobasica od mozga,KANDIDAT_PROIZVOD_DRYCURED,Naziv označava mesni/suhomesnati proizvod ili proizvodnu recepturu; ulazi u radni popis za pojedinačnu provjeru.,Kobasice i pečenice,1,IZV-17,224336073-Proizvodi-Od-Mesa-a5.pdf
88,Kobasica s lukom,KANDIDAT_PROIZVOD_DRYCURED,Naziv označava mesni/suhomesnati proizvod ili proizvodnu recepturu; ulazi u radni popis za pojedinačnu provjeru.,Kobasice i pečenice,1,IZV-17,224336073-Proizvodi-Od-Mesa-a5.pdf
89,Kobasica sa pasuljem,KANDIDAT_PROIZVOD_DRYCURED,Naziv označava mesni/suhomesnati proizvod ili proizvodnu recepturu; ulazi u radni popis za pojedinačnu provjeru.,Kobasice i pečenice,1,IZV-17,224336073-Proizvodi-Od-Mesa-a5.pdf
90,Kobasica sa pirinčem,KANDIDAT_PROIZVOD_DRYCURED,Naziv označava mesni/suhomesnati proizvod ili proizvodnu recepturu; ulazi u radni popis za pojedinačnu provjeru.,Kobasice i pečenice,1,IZV-17,224336073-Proizvodi-Od-Mesa-a5.pdf
91,Kobasica sa prekrupom,KANDIDAT_PROIZVOD_DRYCURED,Naziv označava mesni/suhomesnati proizvod ili proizvodnu recepturu; ulazi u radni popis za pojedinačnu provjeru.,Kobasice i pečenice,1,IZV-17,224336073-Proizvodi-Od-Mesa-a5.pdf
92,Kobasica za pečenje od krupno i sitno mlevenog mesa,KANDIDAT_PROIZVOD_DRYCURED,Naziv označava mesni/suhomesnati proizvod ili proizvodnu recepturu; ulazi u radni popis za pojedinačnu provjeru.,Kobasice i pečenice,1,IZV-17,224336073-Proizvodi-Od-Mesa-a5.pdf
93,Kobasice od krupno mlevenog svinjskog mesa,KANDIDAT_PROIZVOD_DRYCURED,Naziv označava mesni/suhomesnati proizvod ili proizvodnu recepturu; ulazi u radni popis za pojedinačnu provjeru.,Kobasice i pečenice,5,"IZV-17, IZV-07, IZV-12, IZV-03, IZV-05",224336073-Proizvodi-Od-Mesa-a5.pdf; 252216929-Kobasice-recepti.docx; 294416263-Recepti-Za-Kobasice.pdf; 54317045-kavurma-kobasice-kulen.odt; 77266164-Recepti-za-kobasice.pdf
94,Kobasice od smese za mortadelu,KANDIDAT_PROIZVOD_DRYCURED,Naziv označava mesni/suhomesnati proizvod ili proizvodnu recepturu; ulazi u radni popis za pojedinačnu provjeru.,Kobasice i pečenice,1,IZV-18,116155486-Domaće-kobasice-i-sl(1).doc
95,Kobasice sa limunom,KANDIDAT_PROIZVOD_DRYCURED,Naziv označava mesni/suhomesnati proizvod ili proizvodnu recepturu; ulazi u radni popis za pojedinačnu provjeru.,Kobasice i pečenice,5,"IZV-17, IZV-07, IZV-12, IZV-03, IZV-05",224336073-Proizvodi-Od-Mesa-a5.pdf; 252216929-Kobasice-recepti.docx; 294416263-Recepti-Za-Kobasice.pdf; 54317045-kavurma-kobasice-kulen.odt; 77266164-Recepti-za-kobasice.pdf
96,Kobasice sa suvim hlebom (zemičkama),KANDIDAT_PROIZVOD_DRYCURED,Naziv označava mesni/suhomesnati proizvod ili proizvodnu recepturu; ulazi u radni popis za pojedinačnu provjeru.,Kobasice i pečenice,1,IZV-17,224336073-Proizvodi-Od-Mesa-a5.pdf
97,Kolinjske kobasice,KANDIDAT_PROIZVOD_DRYCURED,Naziv označava mesni/suhomesnati proizvod ili proizvodnu recepturu; ulazi u radni popis za pojedinačnu provjeru.,Kobasice i pečenice,1,IZV-19,219570442-Željko-Pavičić-Kolinje-i-Mesni-Specijaliteti.pdf
98,Konzumne pihtije u crevu,KANDIDAT_PROIZVOD_DRYCURED,Naziv označava mesni/suhomesnati proizvod ili proizvodnu recepturu; ulazi u radni popis za pojedinačnu provjeru.,"Iznutrice, krvavice, tlačenice, paštete i pihtije",1,IZV-17,224336073-Proizvodi-Od-Mesa-a5.pdf
99,Kraljevska šunka,KANDIDAT_PROIZVOD_DRYCURED,Naziv označava mesni/suhomesnati proizvod ili proizvodnu recepturu; ulazi u radni popis za pojedinačnu provjeru.,"Slanine, šunke, pršuti i cijeli komadi",1,IZV-17,224336073-Proizvodi-Od-Mesa-a5.pdf
100,Kranjske kobasice,KANDIDAT_PROIZVOD_DRYCURED,Naziv označava mesni/suhomesnati proizvod ili proizvodnu recepturu; ulazi u radni popis za pojedinačnu provjeru.,Kobasice i pečenice,2,"IZV-18, IZV-19",116155486-Domaće-kobasice-i-sl(1).doc; 219570442-Željko-Pavičić-Kolinje-i-Mesni-Specijaliteti.pdf
101,Krepke pečenice,KANDIDAT_PROIZVOD_DRYCURED,Naziv označava mesni/suhomesnati proizvod ili proizvodnu recepturu; ulazi u radni popis za pojedinačnu provjeru.,Kobasice i pečenice,1,IZV-19,219570442-Željko-Pavičić-Kolinje-i-Mesni-Specijaliteti.pdf
102,Krvava dimljena slanina,KANDIDAT_PROIZVOD_DRYCURED,Naziv označava mesni/suhomesnati proizvod ili proizvodnu recepturu; ulazi u radni popis za pojedinačnu provjeru.,"Slanine, šunke, pršuti i cijeli komadi",1,IZV-17,224336073-Proizvodi-Od-Mesa-a5.pdf
103,Krvavica,KANDIDAT_PROIZVOD_DRYCURED,Naziv označava mesni/suhomesnati proizvod ili proizvodnu recepturu; ulazi u radni popis za pojedinačnu provjeru.,"Iznutrice, krvavice, tlačenice, paštete i pihtije",1,IZV-17,224336073-Proizvodi-Od-Mesa-a5.pdf
104,Krvavica bibernjača,KANDIDAT_PROIZVOD_DRYCURED,Naziv označava mesni/suhomesnati proizvod ili proizvodnu recepturu; ulazi u radni popis za pojedinačnu provjeru.,"Iznutrice, krvavice, tlačenice, paštete i pihtije",1,IZV-17,224336073-Proizvodi-Od-Mesa-a5.pdf
105,Krvavica sa jezikom,KANDIDAT_PROIZVOD_DRYCURED,Naziv označava mesni/suhomesnati proizvod ili proizvodnu recepturu; ulazi u radni popis za pojedinačnu provjeru.,"Iznutrice, krvavice, tlačenice, paštete i pihtije",1,IZV-17,224336073-Proizvodi-Od-Mesa-a5.pdf
106,Krvavica sa lukom,KANDIDAT_PROIZVOD_DRYCURED,Naziv označava mesni/suhomesnati proizvod ili proizvodnu recepturu; ulazi u radni popis za pojedinačnu provjeru.,"Iznutrice, krvavice, tlačenice, paštete i pihtije",1,IZV-17,224336073-Proizvodi-Od-Mesa-a5.pdf
107,Krvavica sa mirođijom,KANDIDAT_PROIZVOD_DRYCURED,Naziv označava mesni/suhomesnati proizvod ili proizvodnu recepturu; ulazi u radni popis za pojedinačnu provjeru.,"Iznutrice, krvavice, tlačenice, paštete i pihtije",1,IZV-17,224336073-Proizvodi-Od-Mesa-a5.pdf
108,Krvavica za pečenje,KANDIDAT_PROIZVOD_DRYCURED,Naziv označava mesni/suhomesnati proizvod ili proizvodnu recepturu; ulazi u radni popis za pojedinačnu provjeru.,"Iznutrice, krvavice, tlačenice, paštete i pihtije",1,IZV-17,224336073-Proizvodi-Od-Mesa-a5.pdf
109,Kukuruzne kobasice,KANDIDAT_PROIZVOD_DRYCURED,Naziv označava mesni/suhomesnati proizvod ili proizvodnu recepturu; ulazi u radni popis za pojedinačnu provjeru.,Kobasice i pečenice,1,IZV-19,219570442-Željko-Pavičić-Kolinje-i-Mesni-Specijaliteti.pdf
110,Kulen,KANDIDAT_PROIZVOD_DRYCURED,Naziv označava mesni/suhomesnati proizvod ili proizvodnu recepturu; ulazi u radni popis za pojedinačnu provjeru.,Kulen / sudžuk / veliki punjeni proizvodi,1,IZV-10,260924825-suhomesnati-proizvodi.docx
111,Kulen Baranjac,KANDIDAT_PROIZVOD_DRYCURED,Naziv označava mesni/suhomesnati proizvod ili proizvodnu recepturu; ulazi u radni popis za pojedinačnu provjeru.,Kulen / sudžuk / veliki punjeni proizvodi,5,"IZV-17, IZV-07, IZV-12, IZV-03, IZV-05",224336073-Proizvodi-Od-Mesa-a5.pdf; 252216929-Kobasice-recepti.docx; 294416263-Recepti-Za-Kobasice.pdf; 54317045-kavurma-kobasice-kulen.odt; 77266164-Recepti-za-kobasice.pdf
112,Kulinova seka,KANDIDAT_PROIZVOD_DRYCURED,Naziv označava mesni/suhomesnati proizvod ili proizvodnu recepturu; ulazi u radni popis za pojedinačnu provjeru.,Kulen / sudžuk / veliki punjeni proizvodi,1,IZV-19,219570442-Željko-Pavičić-Kolinje-i-Mesni-Specijaliteti.pdf
113,Kuvana sirova kobasica (kuvani hamburger za mazanje),KANDIDAT_PROIZVOD_DRYCURED,Naziv označava mesni/suhomesnati proizvod ili proizvodnu recepturu; ulazi u radni popis za pojedinačnu provjeru.,Kobasice i pečenice,5,"IZV-17, IZV-07, IZV-12, IZV-03, IZV-05",224336073-Proizvodi-Od-Mesa-a5.pdf; 252216929-Kobasice-recepti.docx; 294416263-Recepti-Za-Kobasice.pdf; 54317045-kavurma-kobasice-kulen.odt; 77266164-Recepti-za-kobasice.pdf
114,Leskovačka kavurma (sprža),KANDIDAT_PROIZVOD_DRYCURED,Naziv označava mesni/suhomesnati proizvod ili proizvodnu recepturu; ulazi u radni popis za pojedinačnu provjeru.,"Iznutrice, krvavice, tlačenice, paštete i pihtije",1,IZV-18,116155486-Domaće-kobasice-i-sl(1).doc
115,Leskovačka kobasica,KANDIDAT_PROIZVOD_DRYCURED,Naziv označava mesni/suhomesnati proizvod ili proizvodnu recepturu; ulazi u radni popis za pojedinačnu provjeru.,Kobasice i pečenice,1,IZV-17,224336073-Proizvodi-Od-Mesa-a5.pdf
116,Leskovačke dimljene vešalice,KANDIDAT_PROIZVOD_DRYCURED,Naziv označava mesni/suhomesnati proizvod ili proizvodnu recepturu; ulazi u radni popis za pojedinačnu provjeru.,"Slanine, šunke, pršuti i cijeli komadi",1,IZV-17,224336073-Proizvodi-Od-Mesa-a5.pdf
117,Letnja šunka,KANDIDAT_PROIZVOD_DRYCURED,Naziv označava mesni/suhomesnati proizvod ili proizvodnu recepturu; ulazi u radni popis za pojedinačnu provjeru.,"Slanine, šunke, pršuti i cijeli komadi",1,IZV-17,224336073-Proizvodi-Od-Mesa-a5.pdf
118,Ličke kobasice,KANDIDAT_PROIZVOD_DRYCURED,Naziv označava mesni/suhomesnati proizvod ili proizvodnu recepturu; ulazi u radni popis za pojedinačnu provjeru.,Kobasice i pečenice,1,IZV-19,219570442-Željko-Pavičić-Kolinje-i-Mesni-Specijaliteti.pdf
119,Ljetne kobasice,KANDIDAT_PROIZVOD_DRYCURED,Naziv označava mesni/suhomesnati proizvod ili proizvodnu recepturu; ulazi u radni popis za pojedinačnu provjeru.,Kobasice i pečenice,1,IZV-19,219570442-Željko-Pavičić-Kolinje-i-Mesni-Specijaliteti.pdf
120,Ljute kobasice,KANDIDAT_PROIZVOD_DRYCURED,Naziv označava mesni/suhomesnati proizvod ili proizvodnu recepturu; ulazi u radni popis za pojedinačnu provjeru.,Kobasice i pečenice,1,IZV-19,219570442-Željko-Pavičić-Kolinje-i-Mesni-Specijaliteti.pdf
121,Lovačka pašteta,KANDIDAT_PROIZVOD_DRYCURED,Naziv označava mesni/suhomesnati proizvod ili proizvodnu recepturu; ulazi u radni popis za pojedinačnu provjeru.,"Iznutrice, krvavice, tlačenice, paštete i pihtije",1,IZV-19,219570442-Željko-Pavičić-Kolinje-i-Mesni-Specijaliteti.pdf
122,Lovačka salama,KANDIDAT_PROIZVOD_DRYCURED,Naziv označava mesni/suhomesnati proizvod ili proizvodnu recepturu; ulazi u radni popis za pojedinačnu provjeru.,Salame i srodni proizvodi,1,IZV-18,116155486-Domaće-kobasice-i-sl(1).doc
123,Lovački kulen,KANDIDAT_PROIZVOD_DRYCURED,Naziv označava mesni/suhomesnati proizvod ili proizvodnu recepturu; ulazi u radni popis za pojedinačnu provjeru.,Kulen / sudžuk / veliki punjeni proizvodi,1,IZV-17,224336073-Proizvodi-Od-Mesa-a5.pdf
124,MTS kulen,KANDIDAT_PROIZVOD_DRYCURED,Naziv označava mesni/suhomesnati proizvod ili proizvodnu recepturu; ulazi u radni popis za pojedinačnu provjeru.,Kulen / sudžuk / veliki punjeni proizvodi,5,"IZV-17, IZV-07, IZV-12, IZV-03, IZV-05",224336073-Proizvodi-Od-Mesa-a5.pdf; 252216929-Kobasice-recepti.docx; 294416263-Recepti-Za-Kobasice.pdf; 54317045-kavurma-kobasice-kulen.odt; 77266164-Recepti-za-kobasice.pdf
125,Mala lovačka kobasica (sirova meka kobasica),KANDIDAT_PROIZVOD_DRYCURED,Naziv označava mesni/suhomesnati proizvod ili proizvodnu recepturu; ulazi u radni popis za pojedinačnu provjeru.,Kobasice i pečenice,5,"IZV-17, IZV-07, IZV-12, IZV-03, IZV-05",224336073-Proizvodi-Od-Mesa-a5.pdf; 252216929-Kobasice-recepti.docx; 294416263-Recepti-Za-Kobasice.pdf; 54317045-kavurma-kobasice-kulen.odt; 77266164-Recepti-za-kobasice.pdf
126,Masna jetrena kobasica (pašteta),KANDIDAT_PROIZVOD_DRYCURED,Naziv označava mesni/suhomesnati proizvod ili proizvodnu recepturu; ulazi u radni popis za pojedinačnu provjeru.,Kobasice i pečenice,1,IZV-17,224336073-Proizvodi-Od-Mesa-a5.pdf
127,Mađarska džigernjača,KANDIDAT_PROIZVOD_DRYCURED,Naziv označava mesni/suhomesnati proizvod ili proizvodnu recepturu; ulazi u radni popis za pojedinačnu provjeru.,"Iznutrice, krvavice, tlačenice, paštete i pihtije",1,IZV-17,224336073-Proizvodi-Od-Mesa-a5.pdf
128,Mađarska ljuta slanina,KANDIDAT_PROIZVOD_DRYCURED,Naziv označava mesni/suhomesnati proizvod ili proizvodnu recepturu; ulazi u radni popis za pojedinačnu provjeru.,"Slanine, šunke, pršuti i cijeli komadi",1,IZV-17,224336073-Proizvodi-Od-Mesa-a5.pdf
129,Mekana sirova kobasica,KANDIDAT_PROIZVOD_DRYCURED,Naziv označava mesni/suhomesnati proizvod ili proizvodnu recepturu; ulazi u radni popis za pojedinačnu provjeru.,Kobasice i pečenice,5,"IZV-17, IZV-07, IZV-12, IZV-03, IZV-05",224336073-Proizvodi-Od-Mesa-a5.pdf; 252216929-Kobasice-recepti.docx; 294416263-Recepti-Za-Kobasice.pdf; 54317045-kavurma-kobasice-kulen.odt; 77266164-Recepti-za-kobasice.pdf
130,Mesnata slanina,KANDIDAT_PROIZVOD_DRYCURED,Naziv označava mesni/suhomesnati proizvod ili proizvodnu recepturu; ulazi u radni popis za pojedinačnu provjeru.,"Slanine, šunke, pršuti i cijeli komadi",1,IZV-17,224336073-Proizvodi-Od-Mesa-a5.pdf
131,Mešana salama,KANDIDAT_PROIZVOD_DRYCURED,Naziv označava mesni/suhomesnati proizvod ili proizvodnu recepturu; ulazi u radni popis za pojedinačnu provjeru.,Salame i srodni proizvodi,1,IZV-17,224336073-Proizvodi-Od-Mesa-a5.pdf
132,Mlevena slanina,KANDIDAT_PROIZVOD_DRYCURED,Naziv označava mesni/suhomesnati proizvod ili proizvodnu recepturu; ulazi u radni popis za pojedinačnu provjeru.,"Slanine, šunke, pršuti i cijeli komadi",1,IZV-17,224336073-Proizvodi-Od-Mesa-a5.pdf
133,Mozaik salama,KANDIDAT_PROIZVOD_DRYCURED,Naziv označava mesni/suhomesnati proizvod ili proizvodnu recepturu; ulazi u radni popis za pojedinačnu provjeru.,Salame i srodni proizvodi,1,IZV-17,224336073-Proizvodi-Od-Mesa-a5.pdf
134,Narodna jetrena kobasica,KANDIDAT_PROIZVOD_DRYCURED,Naziv označava mesni/suhomesnati proizvod ili proizvodnu recepturu; ulazi u radni popis za pojedinačnu provjeru.,Kobasice i pečenice,1,IZV-17,224336073-Proizvodi-Od-Mesa-a5.pdf
135,Narodna lovačka kobasica (kobasica za mazanje),KANDIDAT_PROIZVOD_DRYCURED,Naziv označava mesni/suhomesnati proizvod ili proizvodnu recepturu; ulazi u radni popis za pojedinačnu provjeru.,Kobasice i pečenice,5,"IZV-17, IZV-07, IZV-12, IZV-03, IZV-05",224336073-Proizvodi-Od-Mesa-a5.pdf; 252216929-Kobasice-recepti.docx; 294416263-Recepti-Za-Kobasice.pdf; 54317045-kavurma-kobasice-kulen.odt; 77266164-Recepti-za-kobasice.pdf
136,Narodna sirova kobasica,KANDIDAT_PROIZVOD_DRYCURED,Naziv označava mesni/suhomesnati proizvod ili proizvodnu recepturu; ulazi u radni popis za pojedinačnu provjeru.,Kobasice i pečenice,5,"IZV-17, IZV-07, IZV-12, IZV-03, IZV-05",224336073-Proizvodi-Od-Mesa-a5.pdf; 252216929-Kobasice-recepti.docx; 294416263-Recepti-Za-Kobasice.pdf; 54317045-kavurma-kobasice-kulen.odt; 77266164-Recepti-za-kobasice.pdf
137,Nedimljena džigernjača sa pavlakom,KANDIDAT_PROIZVOD_DRYCURED,Naziv označava mesni/suhomesnati proizvod ili proizvodnu recepturu; ulazi u radni popis za pojedinačnu provjeru.,"Iznutrice, krvavice, tlačenice, paštete i pihtije",1,IZV-17,224336073-Proizvodi-Od-Mesa-a5.pdf
138,Nemačka kobasica sa džigericom,KANDIDAT_PROIZVOD_DRYCURED,Naziv označava mesni/suhomesnati proizvod ili proizvodnu recepturu; ulazi u radni popis za pojedinačnu provjeru.,Kobasice i pečenice,5,"IZV-17, IZV-07, IZV-12, IZV-03, IZV-05",224336073-Proizvodi-Od-Mesa-a5.pdf; 252216929-Kobasice-recepti.docx; 294416263-Recepti-Za-Kobasice.pdf; 54317045-kavurma-kobasice-kulen.odt; 77266164-Recepti-za-kobasice.pdf
139,Nemačka salama,KANDIDAT_PROIZVOD_DRYCURED,Naziv označava mesni/suhomesnati proizvod ili proizvodnu recepturu; ulazi u radni popis za pojedinačnu provjeru.,Salame i srodni proizvodi,1,IZV-17,224336073-Proizvodi-Od-Mesa-a5.pdf
140,Neobična švargla,KANDIDAT_PROIZVOD_DRYCURED,Naziv označava mesni/suhomesnati proizvod ili proizvodnu recepturu; ulazi u radni popis za pojedinačnu provjeru.,"Iznutrice, krvavice, tlačenice, paštete i pihtije",1,IZV-17,224336073-Proizvodi-Od-Mesa-a5.pdf
141,Njeguška kobasica,KANDIDAT_PROIZVOD_DRYCURED,Naziv označava mesni/suhomesnati proizvod ili proizvodnu recepturu; ulazi u radni popis za pojedinačnu provjeru.,Kobasice i pečenice,5,"IZV-17, IZV-07, IZV-12, IZV-03, IZV-05",224336073-Proizvodi-Od-Mesa-a5.pdf; 252216929-Kobasice-recepti.docx; 294416263-Recepti-Za-Kobasice.pdf; 54317045-kavurma-kobasice-kulen.odt; 77266164-Recepti-za-kobasice.pdf
142,Njeguški pršut,KANDIDAT_PROIZVOD_DRYCURED,Naziv označava mesni/suhomesnati proizvod ili proizvodnu recepturu; ulazi u radni popis za pojedinačnu provjeru.,"Slanine, šunke, pršuti i cijeli komadi",1,IZV-17,224336073-Proizvodi-Od-Mesa-a5.pdf
143,Obiteljske pečenice,KANDIDAT_PROIZVOD_DRYCURED,Naziv označava mesni/suhomesnati proizvod ili proizvodnu recepturu; ulazi u radni popis za pojedinačnu provjeru.,Kobasice i pečenice,1,IZV-19,219570442-Željko-Pavičić-Kolinje-i-Mesni-Specijaliteti.pdf
144,Obična kobasica za pečenje,KANDIDAT_PROIZVOD_DRYCURED,Naziv označava mesni/suhomesnati proizvod ili proizvodnu recepturu; ulazi u radni popis za pojedinačnu provjeru.,Kobasice i pečenice,1,IZV-17,224336073-Proizvodi-Od-Mesa-a5.pdf
145,Obična krvavica,KANDIDAT_PROIZVOD_DRYCURED,Naziv označava mesni/suhomesnati proizvod ili proizvodnu recepturu; ulazi u radni popis za pojedinačnu provjeru.,"Iznutrice, krvavice, tlačenice, paštete i pihtije",1,IZV-17,224336073-Proizvodi-Od-Mesa-a5.pdf
146,Obične kobasice,KANDIDAT_PROIZVOD_DRYCURED,Naziv označava mesni/suhomesnati proizvod ili proizvodnu recepturu; ulazi u radni popis za pojedinačnu provjeru.,Kobasice i pečenice,1,IZV-03,54317045-kavurma-kobasice-kulen.odt
147,Ovčija pastrma,KANDIDAT_PROIZVOD_DRYCURED,Naziv označava mesni/suhomesnati proizvod ili proizvodnu recepturu; ulazi u radni popis za pojedinačnu provjeru.,"Slanine, šunke, pršuti i cijeli komadi",1,IZV-10,260924825-suhomesnati-proizvodi.docx
148,Ovčija pastrma ili stelja,KANDIDAT_PROIZVOD_DRYCURED,Naziv označava mesni/suhomesnati proizvod ili proizvodnu recepturu; ulazi u radni popis za pojedinačnu provjeru.,"Slanine, šunke, pršuti i cijeli komadi",1,IZV-17,224336073-Proizvodi-Od-Mesa-a5.pdf
149,Ovčija pršuta,KANDIDAT_PROIZVOD_DRYCURED,Naziv označava mesni/suhomesnati proizvod ili proizvodnu recepturu; ulazi u radni popis za pojedinačnu provjeru.,"Slanine, šunke, pršuti i cijeli komadi",1,IZV-10,260924825-suhomesnati-proizvodi.docx
150,Papricirana kobasica od čistog svinjskog mesa,KANDIDAT_PROIZVOD_DRYCURED,Naziv označava mesni/suhomesnati proizvod ili proizvodnu recepturu; ulazi u radni popis za pojedinačnu provjeru.,Kobasice i pečenice,5,"IZV-17, IZV-07, IZV-12, IZV-03, IZV-05",224336073-Proizvodi-Od-Mesa-a5.pdf; 252216929-Kobasice-recepti.docx; 294416263-Recepti-Za-Kobasice.pdf; 54317045-kavurma-kobasice-kulen.odt; 77266164-Recepti-za-kobasice.pdf
151,Papricirana slanina,KANDIDAT_PROIZVOD_DRYCURED,Naziv označava mesni/suhomesnati proizvod ili proizvodnu recepturu; ulazi u radni popis za pojedinačnu provjeru.,"Slanine, šunke, pršuti i cijeli komadi",1,IZV-17,224336073-Proizvodi-Od-Mesa-a5.pdf
152,Pašteta od džigerice,KANDIDAT_PROIZVOD_DRYCURED,Naziv označava mesni/suhomesnati proizvod ili proizvodnu recepturu; ulazi u radni popis za pojedinačnu provjeru.,"Iznutrice, krvavice, tlačenice, paštete i pihtije",1,IZV-17,224336073-Proizvodi-Od-Mesa-a5.pdf
153,Pašteta od džigerice 1,KANDIDAT_PROIZVOD_DRYCURED,Naziv označava mesni/suhomesnati proizvod ili proizvodnu recepturu; ulazi u radni popis za pojedinačnu provjeru.,"Iznutrice, krvavice, tlačenice, paštete i pihtije",1,IZV-17,224336073-Proizvodi-Od-Mesa-a5.pdf
154,Pašteta od džigerice 2,KANDIDAT_PROIZVOD_DRYCURED,Naziv označava mesni/suhomesnati proizvod ili proizvodnu recepturu; ulazi u radni popis za pojedinačnu provjeru.,"Iznutrice, krvavice, tlačenice, paštete i pihtije",1,IZV-17,224336073-Proizvodi-Od-Mesa-a5.pdf
155,Pašteta od džigerice 3,KANDIDAT_PROIZVOD_DRYCURED,Naziv označava mesni/suhomesnati proizvod ili proizvodnu recepturu; ulazi u radni popis za pojedinačnu provjeru.,"Iznutrice, krvavice, tlačenice, paštete i pihtije",1,IZV-17,224336073-Proizvodi-Od-Mesa-a5.pdf
156,Pašteta od čvaraka,KANDIDAT_PROIZVOD_DRYCURED,Naziv označava mesni/suhomesnati proizvod ili proizvodnu recepturu; ulazi u radni popis za pojedinačnu provjeru.,"Iznutrice, krvavice, tlačenice, paštete i pihtije",1,IZV-17,224336073-Proizvodi-Od-Mesa-a5.pdf
157,Pašteta od šunke,KANDIDAT_PROIZVOD_DRYCURED,Naziv označava mesni/suhomesnati proizvod ili proizvodnu recepturu; ulazi u radni popis za pojedinačnu provjeru.,"Iznutrice, krvavice, tlačenice, paštete i pihtije",1,IZV-17,224336073-Proizvodi-Od-Mesa-a5.pdf
158,Petrovačka domaća kobasica,KANDIDAT_PROIZVOD_DRYCURED,Naziv označava mesni/suhomesnati proizvod ili proizvodnu recepturu; ulazi u radni popis za pojedinačnu provjeru.,Kobasice i pečenice,5,"IZV-17, IZV-07, IZV-12, IZV-03, IZV-05",224336073-Proizvodi-Od-Mesa-a5.pdf; 252216929-Kobasice-recepti.docx; 294416263-Recepti-Za-Kobasice.pdf; 54317045-kavurma-kobasice-kulen.odt; 77266164-Recepti-za-kobasice.pdf
159,Petrovačka ljuta kobasica,KANDIDAT_PROIZVOD_DRYCURED,Naziv označava mesni/suhomesnati proizvod ili proizvodnu recepturu; ulazi u radni popis za pojedinačnu provjeru.,Kobasice i pečenice,5,"IZV-17, IZV-07, IZV-12, IZV-03, IZV-05",224336073-Proizvodi-Od-Mesa-a5.pdf; 252216929-Kobasice-recepti.docx; 294416263-Recepti-Za-Kobasice.pdf; 54317045-kavurma-kobasice-kulen.odt; 77266164-Recepti-za-kobasice.pdf
160,Petrovački kulen,KANDIDAT_PROIZVOD_DRYCURED,Naziv označava mesni/suhomesnati proizvod ili proizvodnu recepturu; ulazi u radni popis za pojedinačnu provjeru.,Kulen / sudžuk / veliki punjeni proizvodi,5,"IZV-17, IZV-07, IZV-12, IZV-03, IZV-05",224336073-Proizvodi-Od-Mesa-a5.pdf; 252216929-Kobasice-recepti.docx; 294416263-Recepti-Za-Kobasice.pdf; 54317045-kavurma-kobasice-kulen.odt; 77266164-Recepti-za-kobasice.pdf
161,Pečena kobasica,KANDIDAT_PROIZVOD_DRYCURED,Naziv označava mesni/suhomesnati proizvod ili proizvodnu recepturu; ulazi u radni popis za pojedinačnu provjeru.,Kobasice i pečenice,1,IZV-17,224336073-Proizvodi-Od-Mesa-a5.pdf
162,Pečena slanina,KANDIDAT_PROIZVOD_DRYCURED,Naziv označava mesni/suhomesnati proizvod ili proizvodnu recepturu; ulazi u radni popis za pojedinačnu provjeru.,"Slanine, šunke, pršuti i cijeli komadi",1,IZV-17,224336073-Proizvodi-Od-Mesa-a5.pdf
163,Pečenica,KANDIDAT_PROIZVOD_DRYCURED,Naziv označava mesni/suhomesnati proizvod ili proizvodnu recepturu; ulazi u radni popis za pojedinačnu provjeru.,Kobasice i pečenice,1,IZV-13,183991735-Domaca-prerada-i-susenje-mesa-doc.doc
164,Pečenice,KANDIDAT_PROIZVOD_DRYCURED,Naziv označava mesni/suhomesnati proizvod ili proizvodnu recepturu; ulazi u radni popis za pojedinačnu provjeru.,Kobasice i pečenice,2,"IZV-18, IZV-08",116155486-Domaće-kobasice-i-sl(1).doc; 196592622-Kobasice-Za-Pecenje.pdf
165,Pihtijasta kobasica - kobasica od svinjskih glava,KANDIDAT_PROIZVOD_DRYCURED,Naziv označava mesni/suhomesnati proizvod ili proizvodnu recepturu; ulazi u radni popis za pojedinačnu provjeru.,Kobasice i pečenice,1,IZV-17,224336073-Proizvodi-Od-Mesa-a5.pdf
166,Pihtije od goveđeg i svinjskog mesa,KANDIDAT_PROIZVOD_DRYCURED,Naziv označava mesni/suhomesnati proizvod ili proizvodnu recepturu; ulazi u radni popis za pojedinačnu provjeru.,"Iznutrice, krvavice, tlačenice, paštete i pihtije",1,IZV-17,224336073-Proizvodi-Od-Mesa-a5.pdf
167,Pihtije od svinjskih ušiju,KANDIDAT_PROIZVOD_DRYCURED,Naziv označava mesni/suhomesnati proizvod ili proizvodnu recepturu; ulazi u radni popis za pojedinačnu provjeru.,"Iznutrice, krvavice, tlačenice, paštete i pihtije",1,IZV-17,224336073-Proizvodi-Od-Mesa-a5.pdf
168,Pihtije sa sirćetom,KANDIDAT_PROIZVOD_DRYCURED,Naziv označava mesni/suhomesnati proizvod ili proizvodnu recepturu; ulazi u radni popis za pojedinačnu provjeru.,"Iznutrice, krvavice, tlačenice, paštete i pihtije",1,IZV-17,224336073-Proizvodi-Od-Mesa-a5.pdf
169,Pihtije u činiji,KANDIDAT_PROIZVOD_DRYCURED,Naziv označava mesni/suhomesnati proizvod ili proizvodnu recepturu; ulazi u radni popis za pojedinačnu provjeru.,"Iznutrice, krvavice, tlačenice, paštete i pihtije",1,IZV-17,224336073-Proizvodi-Od-Mesa-a5.pdf
170,Pikantne krvavice,KANDIDAT_PROIZVOD_DRYCURED,Naziv označava mesni/suhomesnati proizvod ili proizvodnu recepturu; ulazi u radni popis za pojedinačnu provjeru.,"Iznutrice, krvavice, tlačenice, paštete i pihtije",1,IZV-19,219570442-Željko-Pavičić-Kolinje-i-Mesni-Specijaliteti.pdf
171,Pivske kobasice,KANDIDAT_PROIZVOD_DRYCURED,Naziv označava mesni/suhomesnati proizvod ili proizvodnu recepturu; ulazi u radni popis za pojedinačnu provjeru.,Kobasice i pečenice,1,IZV-19,219570442-Željko-Pavičić-Kolinje-i-Mesni-Specijaliteti.pdf
172,Podravske kobasice,KANDIDAT_PROIZVOD_DRYCURED,Naziv označava mesni/suhomesnati proizvod ili proizvodnu recepturu; ulazi u radni popis za pojedinačnu provjeru.,Kobasice i pečenice,1,IZV-19,219570442-Željko-Pavičić-Kolinje-i-Mesni-Specijaliteti.pdf
173,Pokupske kobasice,KANDIDAT_PROIZVOD_DRYCURED,Naziv označava mesni/suhomesnati proizvod ili proizvodnu recepturu; ulazi u radni popis za pojedinačnu provjeru.,Kobasice i pečenice,1,IZV-19,219570442-Željko-Pavičić-Kolinje-i-Mesni-Specijaliteti.pdf
174,Poljska specijal kobasica za pečenje,KANDIDAT_PROIZVOD_DRYCURED,Naziv označava mesni/suhomesnati proizvod ili proizvodnu recepturu; ulazi u radni popis za pojedinačnu provjeru.,Kobasice i pečenice,1,IZV-17,224336073-Proizvodi-Od-Mesa-a5.pdf
175,Posebna - specijal jetrena kobasica (varijanta 1.),KANDIDAT_PROIZVOD_DRYCURED,Naziv označava mesni/suhomesnati proizvod ili proizvodnu recepturu; ulazi u radni popis za pojedinačnu provjeru.,Kobasice i pečenice,1,IZV-17,224336073-Proizvodi-Od-Mesa-a5.pdf
176,Praška salama,KANDIDAT_PROIZVOD_DRYCURED,Naziv označava mesni/suhomesnati proizvod ili proizvodnu recepturu; ulazi u radni popis za pojedinačnu provjeru.,Salame i srodni proizvodi,1,IZV-17,224336073-Proizvodi-Od-Mesa-a5.pdf
177,Praška šunka,KANDIDAT_PROIZVOD_DRYCURED,Naziv označava mesni/suhomesnati proizvod ili proizvodnu recepturu; ulazi u radni popis za pojedinačnu provjeru.,"Slanine, šunke, pršuti i cijeli komadi",1,IZV-17,224336073-Proizvodi-Od-Mesa-a5.pdf
178,Presovana kobasica,KANDIDAT_PROIZVOD_DRYCURED,Naziv označava mesni/suhomesnati proizvod ili proizvodnu recepturu; ulazi u radni popis za pojedinačnu provjeru.,Kobasice i pečenice,5,"IZV-17, IZV-07, IZV-12, IZV-03, IZV-05",224336073-Proizvodi-Od-Mesa-a5.pdf; 252216929-Kobasice-recepti.docx; 294416263-Recepti-Za-Kobasice.pdf; 54317045-kavurma-kobasice-kulen.odt; 77266164-Recepti-za-kobasice.pdf
179,Primorska šunka,KANDIDAT_PROIZVOD_DRYCURED,Naziv označava mesni/suhomesnati proizvod ili proizvodnu recepturu; ulazi u radni popis za pojedinačnu provjeru.,"Slanine, šunke, pršuti i cijeli komadi",1,IZV-17,224336073-Proizvodi-Od-Mesa-a5.pdf
180,Primorske kobasice,KANDIDAT_PROIZVOD_DRYCURED,Naziv označava mesni/suhomesnati proizvod ili proizvodnu recepturu; ulazi u radni popis za pojedinačnu provjeru.,Kobasice i pečenice,1,IZV-19,219570442-Željko-Pavičić-Kolinje-i-Mesni-Specijaliteti.pdf
181,Prokupljanske kobasice,KANDIDAT_PROIZVOD_DRYCURED,Naziv označava mesni/suhomesnati proizvod ili proizvodnu recepturu; ulazi u radni popis za pojedinačnu provjeru.,Kobasice i pečenice,1,IZV-19,219570442-Željko-Pavičić-Kolinje-i-Mesni-Specijaliteti.pdf
182,Proljetne kobasice,KANDIDAT_PROIZVOD_DRYCURED,Naziv označava mesni/suhomesnati proizvod ili proizvodnu recepturu; ulazi u radni popis za pojedinačnu provjeru.,Kobasice i pečenice,1,IZV-19,219570442-Željko-Pavičić-Kolinje-i-Mesni-Specijaliteti.pdf
183,Pršut,KANDIDAT_PROIZVOD_DRYCURED,Naziv označava mesni/suhomesnati proizvod ili proizvodnu recepturu; ulazi u radni popis za pojedinačnu provjeru.,"Slanine, šunke, pršuti i cijeli komadi",1,IZV-10,260924825-suhomesnati-proizvodi.docx
184,Pršut od junećih butova,KANDIDAT_PROIZVOD_DRYCURED,Naziv označava mesni/suhomesnati proizvod ili proizvodnu recepturu; ulazi u radni popis za pojedinačnu provjeru.,"Slanine, šunke, pršuti i cijeli komadi",1,IZV-10,260924825-suhomesnati-proizvodi.docx
185,Pršuta,KANDIDAT_PROIZVOD_DRYCURED,Naziv označava mesni/suhomesnati proizvod ili proizvodnu recepturu; ulazi u radni popis za pojedinačnu provjeru.,"Slanine, šunke, pršuti i cijeli komadi",1,IZV-13,183991735-Domaca-prerada-i-susenje-mesa-doc.doc
186,Pučke kobasice,KANDIDAT_PROIZVOD_DRYCURED,Naziv označava mesni/suhomesnati proizvod ili proizvodnu recepturu; ulazi u radni popis za pojedinačnu provjeru.,Kobasice i pečenice,1,IZV-19,219570442-Željko-Pavičić-Kolinje-i-Mesni-Specijaliteti.pdf
187,Ratarska jetrena kobasica,KANDIDAT_PROIZVOD_DRYCURED,Naziv označava mesni/suhomesnati proizvod ili proizvodnu recepturu; ulazi u radni popis za pojedinačnu provjeru.,Kobasice i pečenice,1,IZV-17,224336073-Proizvodi-Od-Mesa-a5.pdf
188,Ratarske kobasice,KANDIDAT_PROIZVOD_DRYCURED,Naziv označava mesni/suhomesnati proizvod ili proizvodnu recepturu; ulazi u radni popis za pojedinačnu provjeru.,Kobasice i pečenice,6,"IZV-19, IZV-17, IZV-07, IZV-12, IZV-03, IZV-05",219570442-Željko-Pavičić-Kolinje-i-Mesni-Specijaliteti.pdf; 224336073-Proizvodi-Od-Mesa-a5.pdf; 252216929-Kobasice-recepti.docx; 294416263-Recepti-Za-Kobasice.pdf; 54317045-kavurma-kobasice-kulen.odt; 77266164-Recepti-za-kobasice.pdf
189,Roštilj kobasice,KANDIDAT_PROIZVOD_DRYCURED,Naziv označava mesni/suhomesnati proizvod ili proizvodnu recepturu; ulazi u radni popis za pojedinačnu provjeru.,Kobasice i pečenice,1,IZV-19,219570442-Željko-Pavičić-Kolinje-i-Mesni-Specijaliteti.pdf
190,Salama,KANDIDAT_PROIZVOD_DRYCURED,Naziv označava mesni/suhomesnati proizvod ili proizvodnu recepturu; ulazi u radni popis za pojedinačnu provjeru.,Salame i srodni proizvodi,1,IZV-18,116155486-Domaće-kobasice-i-sl(1).doc
191,Salama sa krompirom,KANDIDAT_PROIZVOD_DRYCURED,Naziv označava mesni/suhomesnati proizvod ili proizvodnu recepturu; ulazi u radni popis za pojedinačnu provjeru.,Salame i srodni proizvodi,1,IZV-17,224336073-Proizvodi-Od-Mesa-a5.pdf
192,Salama u salamuri od luka,KANDIDAT_PROIZVOD_DRYCURED,Naziv označava mesni/suhomesnati proizvod ili proizvodnu recepturu; ulazi u radni popis za pojedinačnu provjeru.,Salame i srodni proizvodi,1,IZV-17,224336073-Proizvodi-Od-Mesa-a5.pdf
193,Salaške kobasice,KANDIDAT_PROIZVOD_DRYCURED,Naziv označava mesni/suhomesnati proizvod ili proizvodnu recepturu; ulazi u radni popis za pojedinačnu provjeru.,Kobasice i pečenice,1,IZV-19,219570442-Željko-Pavičić-Kolinje-i-Mesni-Specijaliteti.pdf
194,Samoborske češnjovke,KANDIDAT_PROIZVOD_DRYCURED,Naziv označava mesni/suhomesnati proizvod ili proizvodnu recepturu; ulazi u radni popis za pojedinačnu provjeru.,Kobasice i pečenice,1,IZV-19,219570442-Željko-Pavičić-Kolinje-i-Mesni-Specijaliteti.pdf
195,Seljačke kobasice,KANDIDAT_PROIZVOD_DRYCURED,Naziv označava mesni/suhomesnati proizvod ili proizvodnu recepturu; ulazi u radni popis za pojedinačnu provjeru.,Kobasice i pečenice,1,IZV-19,219570442-Željko-Pavičić-Kolinje-i-Mesni-Specijaliteti.pdf
196,Seoske pečenice,KANDIDAT_PROIZVOD_DRYCURED,Naziv označava mesni/suhomesnati proizvod ili proizvodnu recepturu; ulazi u radni popis za pojedinačnu provjeru.,Kobasice i pečenice,1,IZV-19,219570442-Željko-Pavičić-Kolinje-i-Mesni-Specijaliteti.pdf
197,Sinjske kobasice,KANDIDAT_PROIZVOD_DRYCURED,Naziv označava mesni/suhomesnati proizvod ili proizvodnu recepturu; ulazi u radni popis za pojedinačnu provjeru.,Kobasice i pečenice,1,IZV-19,219570442-Željko-Pavičić-Kolinje-i-Mesni-Specijaliteti.pdf
198,Sirijski sudžuk,KANDIDAT_PROIZVOD_DRYCURED,Naziv označava mesni/suhomesnati proizvod ili proizvodnu recepturu; ulazi u radni popis za pojedinačnu provjeru.,Kulen / sudžuk / veliki punjeni proizvodi,1,IZV-19,219570442-Željko-Pavičić-Kolinje-i-Mesni-Specijaliteti.pdf
199,Sirova kobasica od goveđeg mesa,KANDIDAT_PROIZVOD_DRYCURED,Naziv označava mesni/suhomesnati proizvod ili proizvodnu recepturu; ulazi u radni popis za pojedinačnu provjeru.,Kobasice i pečenice,5,"IZV-17, IZV-07, IZV-12, IZV-03, IZV-05",224336073-Proizvodi-Od-Mesa-a5.pdf; 252216929-Kobasice-recepti.docx; 294416263-Recepti-Za-Kobasice.pdf; 54317045-kavurma-kobasice-kulen.odt; 77266164-Recepti-za-kobasice.pdf
200,Sirova kobasica od krupno usitnjenog mesa,KANDIDAT_PROIZVOD_DRYCURED,Naziv označava mesni/suhomesnati proizvod ili proizvodnu recepturu; ulazi u radni popis za pojedinačnu provjeru.,Kobasice i pečenice,5,"IZV-17, IZV-07, IZV-12, IZV-03, IZV-05",224336073-Proizvodi-Od-Mesa-a5.pdf; 252216929-Kobasice-recepti.docx; 294416263-Recepti-Za-Kobasice.pdf; 54317045-kavurma-kobasice-kulen.odt; 77266164-Recepti-za-kobasice.pdf
201,Sirova kobasica od svinjskog mesa,KANDIDAT_PROIZVOD_DRYCURED,Naziv označava mesni/suhomesnati proizvod ili proizvodnu recepturu; ulazi u radni popis za pojedinačnu provjeru.,Kobasice i pečenice,5,"IZV-17, IZV-07, IZV-12, IZV-03, IZV-05",224336073-Proizvodi-Od-Mesa-a5.pdf; 252216929-Kobasice-recepti.docx; 294416263-Recepti-Za-Kobasice.pdf; 54317045-kavurma-kobasice-kulen.odt; 77266164-Recepti-za-kobasice.pdf
202,Sirova meka kobasica za kuvanje (Hamburška kobasica),KANDIDAT_PROIZVOD_DRYCURED,Naziv označava mesni/suhomesnati proizvod ili proizvodnu recepturu; ulazi u radni popis za pojedinačnu provjeru.,Kobasice i pečenice,5,"IZV-17, IZV-07, IZV-12, IZV-03, IZV-05",224336073-Proizvodi-Od-Mesa-a5.pdf; 252216929-Kobasice-recepti.docx; 294416263-Recepti-Za-Kobasice.pdf; 54317045-kavurma-kobasice-kulen.odt; 77266164-Recepti-za-kobasice.pdf
203,Sirova soljena bela slanina,KANDIDAT_PROIZVOD_DRYCURED,Naziv označava mesni/suhomesnati proizvod ili proizvodnu recepturu; ulazi u radni popis za pojedinačnu provjeru.,"Slanine, šunke, pršuti i cijeli komadi",1,IZV-17,224336073-Proizvodi-Od-Mesa-a5.pdf
204,Sitne kobasice,KANDIDAT_PROIZVOD_DRYCURED,Naziv označava mesni/suhomesnati proizvod ili proizvodnu recepturu; ulazi u radni popis za pojedinačnu provjeru.,Kobasice i pečenice,5,"IZV-17, IZV-07, IZV-12, IZV-03, IZV-05",224336073-Proizvodi-Od-Mesa-a5.pdf; 252216929-Kobasice-recepti.docx; 294416263-Recepti-Za-Kobasice.pdf; 54317045-kavurma-kobasice-kulen.odt; 77266164-Recepti-za-kobasice.pdf
205,Slanina sa renom,KANDIDAT_PROIZVOD_DRYCURED,Naziv označava mesni/suhomesnati proizvod ili proizvodnu recepturu; ulazi u radni popis za pojedinačnu provjeru.,"Slanine, šunke, pršuti i cijeli komadi",1,IZV-17,224336073-Proizvodi-Od-Mesa-a5.pdf
206,Slaninska krvavica,KANDIDAT_PROIZVOD_DRYCURED,Naziv označava mesni/suhomesnati proizvod ili proizvodnu recepturu; ulazi u radni popis za pojedinačnu provjeru.,"Iznutrice, krvavice, tlačenice, paštete i pihtije",1,IZV-17,224336073-Proizvodi-Od-Mesa-a5.pdf
207,Slatinske kobasice,KANDIDAT_PROIZVOD_DRYCURED,Naziv označava mesni/suhomesnati proizvod ili proizvodnu recepturu; ulazi u radni popis za pojedinačnu provjeru.,Kobasice i pečenice,1,IZV-19,219570442-Željko-Pavičić-Kolinje-i-Mesni-Specijaliteti.pdf
208,Slavonske kobasice,KANDIDAT_PROIZVOD_DRYCURED,Naziv označava mesni/suhomesnati proizvod ili proizvodnu recepturu; ulazi u radni popis za pojedinačnu provjeru.,Kobasice i pečenice,2,"IZV-09, IZV-19",117608623-SLAVONSKE-KOBASICE.txt; 219570442-Željko-Pavičić-Kolinje-i-Mesni-Specijaliteti.pdf
209,Slovački kulen,KANDIDAT_PROIZVOD_DRYCURED,Naziv označava mesni/suhomesnati proizvod ili proizvodnu recepturu; ulazi u radni popis za pojedinačnu provjeru.,Kulen / sudžuk / veliki punjeni proizvodi,5,"IZV-17, IZV-07, IZV-12, IZV-03, IZV-05",224336073-Proizvodi-Od-Mesa-a5.pdf; 252216929-Kobasice-recepti.docx; 294416263-Recepti-Za-Kobasice.pdf; 54317045-kavurma-kobasice-kulen.odt; 77266164-Recepti-za-kobasice.pdf
210,Specijal jetrena kobasica (varijanta 2.),KANDIDAT_PROIZVOD_DRYCURED,Naziv označava mesni/suhomesnati proizvod ili proizvodnu recepturu; ulazi u radni popis za pojedinačnu provjeru.,Kobasice i pečenice,1,IZV-17,224336073-Proizvodi-Od-Mesa-a5.pdf
211,Specijalna - dimljena barena slanina,KANDIDAT_PROIZVOD_DRYCURED,Naziv označava mesni/suhomesnati proizvod ili proizvodnu recepturu; ulazi u radni popis za pojedinačnu provjeru.,"Slanine, šunke, pršuti i cijeli komadi",1,IZV-17,224336073-Proizvodi-Od-Mesa-a5.pdf
212,Sremska ljuta kobasica,KANDIDAT_PROIZVOD_DRYCURED,Naziv označava mesni/suhomesnati proizvod ili proizvodnu recepturu; ulazi u radni popis za pojedinačnu provjeru.,Kobasice i pečenice,5,"IZV-17, IZV-07, IZV-12, IZV-03, IZV-05",224336073-Proizvodi-Od-Mesa-a5.pdf; 252216929-Kobasice-recepti.docx; 294416263-Recepti-Za-Kobasice.pdf; 54317045-kavurma-kobasice-kulen.odt; 77266164-Recepti-za-kobasice.pdf
213,Sremska šunka,KANDIDAT_PROIZVOD_DRYCURED,Naziv označava mesni/suhomesnati proizvod ili proizvodnu recepturu; ulazi u radni popis za pojedinačnu provjeru.,"Slanine, šunke, pršuti i cijeli komadi",1,IZV-17,224336073-Proizvodi-Od-Mesa-a5.pdf
214,Sremske kobasice,KANDIDAT_PROIZVOD_DRYCURED,Naziv označava mesni/suhomesnati proizvod ili proizvodnu recepturu; ulazi u radni popis za pojedinačnu provjeru.,Kobasice i pečenice,6,"IZV-17, IZV-07, IZV-12, IZV-01, IZV-03, IZV-05",224336073-Proizvodi-Od-Mesa-a5.pdf; 252216929-Kobasice-recepti.docx; 294416263-Recepti-Za-Kobasice.pdf; 322551869-Sremske-kobasice.txt; 54317045-kavurma-kobasice-kulen.odt; 77266164-Recepti-za-kobasice.pdf
215,Sremski domaći kulen,KANDIDAT_PROIZVOD_DRYCURED,Naziv označava mesni/suhomesnati proizvod ili proizvodnu recepturu; ulazi u radni popis za pojedinačnu provjeru.,Kulen / sudžuk / veliki punjeni proizvodi,5,"IZV-17, IZV-07, IZV-12, IZV-03, IZV-05",224336073-Proizvodi-Od-Mesa-a5.pdf; 252216929-Kobasice-recepti.docx; 294416263-Recepti-Za-Kobasice.pdf; 54317045-kavurma-kobasice-kulen.odt; 77266164-Recepti-za-kobasice.pdf
216,Srijemske kobasice,KANDIDAT_PROIZVOD_DRYCURED,Naziv označava mesni/suhomesnati proizvod ili proizvodnu recepturu; ulazi u radni popis za pojedinačnu provjeru.,Kobasice i pečenice,1,IZV-19,219570442-Željko-Pavičić-Kolinje-i-Mesni-Specijaliteti.pdf
217,Starogradske kobasice,KANDIDAT_PROIZVOD_DRYCURED,Naziv označava mesni/suhomesnati proizvod ili proizvodnu recepturu; ulazi u radni popis za pojedinačnu provjeru.,Kobasice i pečenice,1,IZV-19,219570442-Željko-Pavičić-Kolinje-i-Mesni-Specijaliteti.pdf
218,Sudžuk,KANDIDAT_PROIZVOD_DRYCURED,Naziv označava mesni/suhomesnati proizvod ili proizvodnu recepturu; ulazi u radni popis za pojedinačnu provjeru.,Kulen / sudžuk / veliki punjeni proizvodi,6,"IZV-13, IZV-17, IZV-07, IZV-12, IZV-03, IZV-05",183991735-Domaca-prerada-i-susenje-mesa-doc.doc; 224336073-Proizvodi-Od-Mesa-a5.pdf; 252216929-Kobasice-recepti.docx; 294416263-Recepti-Za-Kobasice.pdf; 54317045-kavurma-kobasice-kulen.odt; 77266164-Recepti-za-kobasice.pdf
219,Suha plećka,KANDIDAT_PROIZVOD_DRYCURED,Naziv označava mesni/suhomesnati proizvod ili proizvodnu recepturu; ulazi u radni popis za pojedinačnu provjeru.,"Slanine, šunke, pršuti i cijeli komadi",1,IZV-10,260924825-suhomesnati-proizvodi.docx
220,Suha slanina,KANDIDAT_PROIZVOD_DRYCURED,Naziv označava mesni/suhomesnati proizvod ili proizvodnu recepturu; ulazi u radni popis za pojedinačnu provjeru.,"Slanine, šunke, pršuti i cijeli komadi",1,IZV-10,260924825-suhomesnati-proizvodi.docx
221,Suva kobasica,KANDIDAT_PROIZVOD_DRYCURED,Naziv označava mesni/suhomesnati proizvod ili proizvodnu recepturu; ulazi u radni popis za pojedinačnu provjeru.,Kobasice i pečenice,5,"IZV-17, IZV-07, IZV-12, IZV-03, IZV-05",224336073-Proizvodi-Od-Mesa-a5.pdf; 252216929-Kobasice-recepti.docx; 294416263-Recepti-Za-Kobasice.pdf; 54317045-kavurma-kobasice-kulen.odt; 77266164-Recepti-za-kobasice.pdf
222,Suva plećka i drugo suvo meso,KANDIDAT_PROIZVOD_DRYCURED,Naziv označava mesni/suhomesnati proizvod ili proizvodnu recepturu; ulazi u radni popis za pojedinačnu provjeru.,"Slanine, šunke, pršuti i cijeli komadi",1,IZV-17,224336073-Proizvodi-Od-Mesa-a5.pdf
223,Suva rebra,KANDIDAT_PROIZVOD_DRYCURED,Naziv označava mesni/suhomesnati proizvod ili proizvodnu recepturu; ulazi u radni popis za pojedinačnu provjeru.,"Slanine, šunke, pršuti i cijeli komadi",1,IZV-17,224336073-Proizvodi-Od-Mesa-a5.pdf
224,Suva šunka,KANDIDAT_PROIZVOD_DRYCURED,Naziv označava mesni/suhomesnati proizvod ili proizvodnu recepturu; ulazi u radni popis za pojedinačnu provjeru.,"Slanine, šunke, pršuti i cijeli komadi",1,IZV-17,224336073-Proizvodi-Od-Mesa-a5.pdf
225,Sveža kobasica za pečenje,KANDIDAT_PROIZVOD_DRYCURED,Naziv označava mesni/suhomesnati proizvod ili proizvodnu recepturu; ulazi u radni popis za pojedinačnu provjeru.,Kobasice i pečenice,1,IZV-17,224336073-Proizvodi-Od-Mesa-a5.pdf
226,Svinjska užička pršuta,KANDIDAT_PROIZVOD_DRYCURED,Naziv označava mesni/suhomesnati proizvod ili proizvodnu recepturu; ulazi u radni popis za pojedinačnu provjeru.,"Slanine, šunke, pršuti i cijeli komadi",1,IZV-10,260924825-suhomesnati-proizvodi.docx
227,Svinjski but u salamuri,KANDIDAT_PROIZVOD_DRYCURED,Naziv označava mesni/suhomesnati proizvod ili proizvodnu recepturu; ulazi u radni popis za pojedinačnu provjeru.,"Slanine, šunke, pršuti i cijeli komadi",1,IZV-17,224336073-Proizvodi-Od-Mesa-a5.pdf
228,Teleća ili svinjska jetrena pašteta,KANDIDAT_PROIZVOD_DRYCURED,Naziv označava mesni/suhomesnati proizvod ili proizvodnu recepturu; ulazi u radni popis za pojedinačnu provjeru.,"Iznutrice, krvavice, tlačenice, paštete i pihtije",1,IZV-19,219570442-Željko-Pavičić-Kolinje-i-Mesni-Specijaliteti.pdf
229,"Tirinška krvavica, varijanta",KANDIDAT_PROIZVOD_DRYCURED,Naziv označava mesni/suhomesnati proizvod ili proizvodnu recepturu; ulazi u radni popis za pojedinačnu provjeru.,"Iznutrice, krvavice, tlačenice, paštete i pihtije",1,IZV-17,224336073-Proizvodi-Od-Mesa-a5.pdf
230,Transilvanijska džigernjača,KANDIDAT_PROIZVOD_DRYCURED,Naziv označava mesni/suhomesnati proizvod ili proizvodnu recepturu; ulazi u radni popis za pojedinačnu provjeru.,"Iznutrice, krvavice, tlačenice, paštete i pihtije",1,IZV-17,224336073-Proizvodi-Od-Mesa-a5.pdf
231,Turijska kobasica,KANDIDAT_PROIZVOD_DRYCURED,Naziv označava mesni/suhomesnati proizvod ili proizvodnu recepturu; ulazi u radni popis za pojedinačnu provjeru.,Kobasice i pečenice,5,"IZV-17, IZV-07, IZV-12, IZV-03, IZV-05",224336073-Proizvodi-Od-Mesa-a5.pdf; 252216929-Kobasice-recepti.docx; 294416263-Recepti-Za-Kobasice.pdf; 54317045-kavurma-kobasice-kulen.odt; 77266164-Recepti-za-kobasice.pdf
232,Turopoljske devenice,KANDIDAT_PROIZVOD_DRYCURED,Naziv označava mesni/suhomesnati proizvod ili proizvodnu recepturu; ulazi u radni popis za pojedinačnu provjeru.,"Iznutrice, krvavice, tlačenice, paštete i pihtije",1,IZV-19,219570442-Željko-Pavičić-Kolinje-i-Mesni-Specijaliteti.pdf
233,Turopoljske kobasice,KANDIDAT_PROIZVOD_DRYCURED,Naziv označava mesni/suhomesnati proizvod ili proizvodnu recepturu; ulazi u radni popis za pojedinačnu provjeru.,Kobasice i pečenice,1,IZV-19,219570442-Željko-Pavičić-Kolinje-i-Mesni-Specijaliteti.pdf
234,Unski sudžuk,KANDIDAT_PROIZVOD_DRYCURED,Naziv označava mesni/suhomesnati proizvod ili proizvodnu recepturu; ulazi u radni popis za pojedinačnu provjeru.,Kulen / sudžuk / veliki punjeni proizvodi,1,IZV-10,260924825-suhomesnati-proizvodi.docx
235,Uskrsne kobasice,KANDIDAT_PROIZVOD_DRYCURED,Naziv označava mesni/suhomesnati proizvod ili proizvodnu recepturu; ulazi u radni popis za pojedinačnu provjeru.,Kobasice i pečenice,1,IZV-19,219570442-Željko-Pavičić-Kolinje-i-Mesni-Specijaliteti.pdf
236,Užička goveđa pršuta,KANDIDAT_PROIZVOD_DRYCURED,Naziv označava mesni/suhomesnati proizvod ili proizvodnu recepturu; ulazi u radni popis za pojedinačnu provjeru.,"Slanine, šunke, pršuti i cijeli komadi",1,IZV-17,224336073-Proizvodi-Od-Mesa-a5.pdf
237,Užička ovčija pršuta,KANDIDAT_PROIZVOD_DRYCURED,Naziv označava mesni/suhomesnati proizvod ili proizvodnu recepturu; ulazi u radni popis za pojedinačnu provjeru.,"Slanine, šunke, pršuti i cijeli komadi",1,IZV-17,224336073-Proizvodi-Od-Mesa-a5.pdf
238,Užička slanina,KANDIDAT_PROIZVOD_DRYCURED,Naziv označava mesni/suhomesnati proizvod ili proizvodnu recepturu; ulazi u radni popis za pojedinačnu provjeru.,"Slanine, šunke, pršuti i cijeli komadi",1,IZV-10,260924825-suhomesnati-proizvodi.docx
239,Užička svinjska pršuta,KANDIDAT_PROIZVOD_DRYCURED,Naziv označava mesni/suhomesnati proizvod ili proizvodnu recepturu; ulazi u radni popis za pojedinačnu provjeru.,"Slanine, šunke, pršuti i cijeli komadi",1,IZV-17,224336073-Proizvodi-Od-Mesa-a5.pdf
240,Velebitske kobasice,KANDIDAT_PROIZVOD_DRYCURED,Naziv označava mesni/suhomesnati proizvod ili proizvodnu recepturu; ulazi u radni popis za pojedinačnu provjeru.,Kobasice i pečenice,1,IZV-19,219570442-Željko-Pavičić-Kolinje-i-Mesni-Specijaliteti.pdf
241,Velikogoričke kobasice,KANDIDAT_PROIZVOD_DRYCURED,Naziv označava mesni/suhomesnati proizvod ili proizvodnu recepturu; ulazi u radni popis za pojedinačnu provjeru.,Kobasice i pečenice,1,IZV-19,219570442-Željko-Pavičić-Kolinje-i-Mesni-Specijaliteti.pdf
242,Vinogradarske kobasice,KANDIDAT_PROIZVOD_DRYCURED,Naziv označava mesni/suhomesnati proizvod ili proizvodnu recepturu; ulazi u radni popis za pojedinačnu provjeru.,Kobasice i pečenice,1,IZV-19,219570442-Željko-Pavičić-Kolinje-i-Mesni-Specijaliteti.pdf
243,Viršle / hrenovke,KANDIDAT_PROIZVOD_DRYCURED,Naziv označava mesni/suhomesnati proizvod ili proizvodnu recepturu; ulazi u radni popis za pojedinačnu provjeru.,Kobasice i pečenice,1,IZV-18,116155486-Domaće-kobasice-i-sl(1).doc
244,Zagorske kobasice,KANDIDAT_PROIZVOD_DRYCURED,Naziv označava mesni/suhomesnati proizvod ili proizvodnu recepturu; ulazi u radni popis za pojedinačnu provjeru.,Kobasice i pečenice,1,IZV-19,219570442-Željko-Pavičić-Kolinje-i-Mesni-Specijaliteti.pdf
245,Zagorske krvavice,KANDIDAT_PROIZVOD_DRYCURED,Naziv označava mesni/suhomesnati proizvod ili proizvodnu recepturu; ulazi u radni popis za pojedinačnu provjeru.,"Iznutrice, krvavice, tlačenice, paštete i pihtije",1,IZV-19,219570442-Željko-Pavičić-Kolinje-i-Mesni-Specijaliteti.pdf
246,Zagrebačke krvavice,KANDIDAT_PROIZVOD_DRYCURED,Naziv označava mesni/suhomesnati proizvod ili proizvodnu recepturu; ulazi u radni popis za pojedinačnu provjeru.,"Iznutrice, krvavice, tlačenice, paštete i pihtije",1,IZV-19,219570442-Željko-Pavičić-Kolinje-i-Mesni-Specijaliteti.pdf
247,Zapečene kobasice,KANDIDAT_PROIZVOD_DRYCURED,Naziv označava mesni/suhomesnati proizvod ili proizvodnu recepturu; ulazi u radni popis za pojedinačnu provjeru.,Kobasice i pečenice,1,IZV-19,219570442-Željko-Pavičić-Kolinje-i-Mesni-Specijaliteti.pdf
248,Začinske kobasice,KANDIDAT_PROIZVOD_DRYCURED,Naziv označava mesni/suhomesnati proizvod ili proizvodnu recepturu; ulazi u radni popis za pojedinačnu provjeru.,Kobasice i pečenice,1,IZV-19,219570442-Željko-Pavičić-Kolinje-i-Mesni-Specijaliteti.pdf
249,Zimska salama,KANDIDAT_PROIZVOD_DRYCURED,Naziv označava mesni/suhomesnati proizvod ili proizvodnu recepturu; ulazi u radni popis za pojedinačnu provjeru.,Salame i srodni proizvodi,2,"IZV-18, IZV-17",116155486-Domaće-kobasice-i-sl(1).doc; 224336073-Proizvodi-Od-Mesa-a5.pdf
250,Zimska salama 2,KANDIDAT_PROIZVOD_DRYCURED,Naziv označava mesni/suhomesnati proizvod ili proizvodnu recepturu; ulazi u radni popis za pojedinačnu provjeru.,Salame i srodni proizvodi,1,IZV-17,224336073-Proizvodi-Od-Mesa-a5.pdf
251,Zlatiborska kobasica,KANDIDAT_PROIZVOD_DRYCURED,Naziv označava mesni/suhomesnati proizvod ili proizvodnu recepturu; ulazi u radni popis za pojedinačnu provjeru.,Kobasice i pečenice,5,"IZV-17, IZV-07, IZV-12, IZV-03, IZV-05",224336073-Proizvodi-Od-Mesa-a5.pdf; 252216929-Kobasice-recepti.docx; 294416263-Recepti-Za-Kobasice.pdf; 54317045-kavurma-kobasice-kulen.odt; 77266164-Recepti-za-kobasice.pdf
252,Zlatiborska pršuta,KANDIDAT_PROIZVOD_DRYCURED,Naziv označava mesni/suhomesnati proizvod ili proizvodnu recepturu; ulazi u radni popis za pojedinačnu provjeru.,"Slanine, šunke, pršuti i cijeli komadi",1,IZV-17,224336073-Proizvodi-Od-Mesa-a5.pdf
253,Čajna kobasica,KANDIDAT_PROIZVOD_DRYCURED,Naziv označava mesni/suhomesnati proizvod ili proizvodnu recepturu; ulazi u radni popis za pojedinačnu provjeru.,Kobasice i pečenice,1,IZV-18,116155486-Domaće-kobasice-i-sl(1).doc
254,Čajna kobasica od gotovih začina iz Zrenjanina,KANDIDAT_PROIZVOD_DRYCURED,Naziv označava mesni/suhomesnati proizvod ili proizvodnu recepturu; ulazi u radni popis za pojedinačnu provjeru.,Kobasice i pečenice,1,IZV-18,116155486-Domaće-kobasice-i-sl(1).doc
255,Četvrtasta mortadela,KANDIDAT_PROIZVOD_DRYCURED,Naziv označava mesni/suhomesnati proizvod ili proizvodnu recepturu; ulazi u radni popis za pojedinačnu provjeru.,Salame i srodni proizvodi,1,IZV-17,224336073-Proizvodi-Od-Mesa-a5.pdf
256,Češnjovke,KANDIDAT_PROIZVOD_DRYCURED,Naziv označava mesni/suhomesnati proizvod ili proizvodnu recepturu; ulazi u radni popis za pojedinačnu provjeru.,Kobasice i pečenice,1,IZV-18,116155486-Domaće-kobasice-i-sl(1).doc
257,Češnjovke 1. 2021,KANDIDAT_PROIZVOD_DRYCURED,Naziv označava mesni/suhomesnati proizvod ili proizvodnu recepturu; ulazi u radni popis za pojedinačnu provjeru.,Kobasice i pečenice,1,IZV-16,Češnjovke 1.2021..odt
258,Đakovačke kobasice,KANDIDAT_PROIZVOD_DRYCURED,Naziv označava mesni/suhomesnati proizvod ili proizvodnu recepturu; ulazi u radni popis za pojedinačnu provjeru.,Kobasice i pečenice,1,IZV-19,219570442-Željko-Pavičić-Kolinje-i-Mesni-Specijaliteti.pdf
259,Đakovački kulen,KANDIDAT_PROIZVOD_DRYCURED,Naziv označava mesni/suhomesnati proizvod ili proizvodnu recepturu; ulazi u radni popis za pojedinačnu provjeru.,Kulen / sudžuk / veliki punjeni proizvodi,5,"IZV-17, IZV-07, IZV-12, IZV-03, IZV-05",224336073-Proizvodi-Od-Mesa-a5.pdf; 252216929-Kobasice-recepti.docx; 294416263-Recepti-Za-Kobasice.pdf; 54317045-kavurma-kobasice-kulen.odt; 77266164-Recepti-za-kobasice.pdf
260,Đevenica,KANDIDAT_PROIZVOD_DRYCURED,Naziv označava mesni/suhomesnati proizvod ili proizvodnu recepturu; ulazi u radni popis za pojedinačnu provjeru.,Kulen / sudžuk / veliki punjeni proizvodi,5,"IZV-17, IZV-07, IZV-12, IZV-03, IZV-05",224336073-Proizvodi-Od-Mesa-a5.pdf; 252216929-Kobasice-recepti.docx; 294416263-Recepti-Za-Kobasice.pdf; 54317045-kavurma-kobasice-kulen.odt; 77266164-Recepti-za-kobasice.pdf
261,Šestinske kobasice,KANDIDAT_PROIZVOD_DRYCURED,Naziv označava mesni/suhomesnati proizvod ili proizvodnu recepturu; ulazi u radni popis za pojedinačnu provjeru.,Kobasice i pečenice,1,IZV-19,219570442-Željko-Pavičić-Kolinje-i-Mesni-Specijaliteti.pdf
262,Šunka ostavljena u masti,KANDIDAT_PROIZVOD_DRYCURED,Naziv označava mesni/suhomesnati proizvod ili proizvodnu recepturu; ulazi u radni popis za pojedinačnu provjeru.,"Slanine, šunke, pršuti i cijeli komadi",1,IZV-17,224336073-Proizvodi-Od-Mesa-a5.pdf
263,Šunkarica od gotovih začina,KANDIDAT_PROIZVOD_DRYCURED,Naziv označava mesni/suhomesnati proizvod ili proizvodnu recepturu; ulazi u radni popis za pojedinačnu provjeru.,"Slanine, šunke, pršuti i cijeli komadi",1,IZV-18,116155486-Domaće-kobasice-i-sl(1).doc
264,Švargla,KANDIDAT_PROIZVOD_DRYCURED,Naziv označava mesni/suhomesnati proizvod ili proizvodnu recepturu; ulazi u radni popis za pojedinačnu provjeru.,"Iznutrice, krvavice, tlačenice, paštete i pihtije",1,IZV-17,224336073-Proizvodi-Od-Mesa-a5.pdf
265,Švargla za specijalne prilike,KANDIDAT_PROIZVOD_DRYCURED,Naziv označava mesni/suhomesnati proizvod ili proizvodnu recepturu; ulazi u radni popis za pojedinačnu provjeru.,"Iznutrice, krvavice, tlačenice, paštete i pihtije",1,IZV-17,224336073-Proizvodi-Od-Mesa-a5.pdf
266,„Debreceni” slanina,KANDIDAT_PROIZVOD_DRYCURED,Naziv označava mesni/suhomesnati proizvod ili proizvodnu recepturu; ulazi u radni popis za pojedinačnu provjeru.,Kobasice i pečenice,1,IZV-17,224336073-Proizvodi-Od-Mesa-a5.pdf
267,„Posne” pihtije,KANDIDAT_PROIZVOD_DRYCURED,Naziv označava mesni/suhomesnati proizvod ili proizvodnu recepturu; ulazi u radni popis za pojedinačnu provjeru.,"Iznutrice, krvavice, tlačenice, paštete i pihtije",1,IZV-17,224336073-Proizvodi-Od-Mesa-a5.pdf
268,„Čabai” slanina,KANDIDAT_PROIZVOD_DRYCURED,Naziv označava mesni/suhomesnati proizvod ili proizvodnu recepturu; ulazi u radni popis za pojedinačnu provjeru.,"Slanine, šunke, pršuti i cijeli komadi",1,IZV-17,224336073-Proizvodi-Od-Mesa-a5.pdf
269,„Đulai” kobasica,KANDIDAT_PROIZVOD_DRYCURED,Naziv označava mesni/suhomesnati proizvod ili proizvodnu recepturu; ulazi u radni popis za pojedinačnu provjeru.,Kobasice i pečenice,5,"IZV-17, IZV-07, IZV-12, IZV-03, IZV-05",224336073-Proizvodi-Od-Mesa-a5.pdf; 252216929-Kobasice-recepti.docx; 294416263-Recepti-Za-Kobasice.pdf; 54317045-kavurma-kobasice-kulen.odt; 77266164-Recepti-za-kobasice.pdf
270,Carsko meso,POTREBNA_RUČNA_PROVJERA,"Naziv može označavati proizvod, poluproizvod ili jelo; prije ulaska u bazu treba ručno provjeriti izvorni recept.",Kulinarski i ostali mesni recepti,1,IZV-17,224336073-Proizvodi-Od-Mesa-a5.pdf
271,Debreciner,POTREBNA_RUČNA_PROVJERA,Nije dovoljno jasno iz samog naziva; potrebna je ručna provjera prije odluke.,Kobasice i pečenice,5,"IZV-17, IZV-07, IZV-12, IZV-03, IZV-05",224336073-Proizvodi-Od-Mesa-a5.pdf; 252216929-Kobasice-recepti.docx; 294416263-Recepti-Za-Kobasice.pdf; 54317045-kavurma-kobasice-kulen.odt; 77266164-Recepti-za-kobasice.pdf
272,Dimljeni jezik,POTREBNA_RUČNA_PROVJERA,"Naziv može označavati proizvod, poluproizvod ili jelo; prije ulaska u bazu treba ručno provjeriti izvorni recept.",Kulinarski i ostali mesni recepti,1,IZV-17,224336073-Proizvodi-Od-Mesa-a5.pdf
273,Domaće tlačenice,POTREBNA_RUČNA_PROVJERA,Nije dovoljno jasno iz samog naziva; potrebna je ručna provjera prije odluke.,"Iznutrice, krvavice, tlačenice, paštete i pihtije",1,IZV-19,219570442-Željko-Pavičić-Kolinje-i-Mesni-Specijaliteti.pdf
274,Konzervisana pihtija,POTREBNA_RUČNA_PROVJERA,"Naziv može označavati proizvod, poluproizvod ili jelo; prije ulaska u bazu treba ručno provjeriti izvorni recept.","Iznutrice, krvavice, tlačenice, paštete i pihtije",1,IZV-17,224336073-Proizvodi-Od-Mesa-a5.pdf
275,Mesna kaša,POTREBNA_RUČNA_PROVJERA,"Naziv može označavati proizvod, poluproizvod ili jelo; prije ulaska u bazu treba ručno provjeriti izvorni recept.",Salame i srodni proizvodi,1,IZV-17,224336073-Proizvodi-Od-Mesa-a5.pdf
276,MeĐimurske crne ćurke,POTREBNA_RUČNA_PROVJERA,Nije dovoljno jasno iz samog naziva; potrebna je ručna provjera prije odluke.,"Iznutrice, krvavice, tlačenice, paštete i pihtije",1,IZV-19,219570442-Željko-Pavičić-Kolinje-i-Mesni-Specijaliteti.pdf
277,Pečeno meso preliveno mašću,POTREBNA_RUČNA_PROVJERA,"Naziv može označavati proizvod, poluproizvod ili jelo; prije ulaska u bazu treba ručno provjeriti izvorni recept.",Kulinarski i ostali mesni recepti,1,IZV-17,224336073-Proizvodi-Od-Mesa-a5.pdf
278,Sitno pečenje,POTREBNA_RUČNA_PROVJERA,"Naziv može označavati proizvod, poluproizvod ili jelo; prije ulaska u bazu treba ručno provjeriti izvorni recept.",Kulinarski i ostali mesni recepti,1,IZV-17,224336073-Proizvodi-Od-Mesa-a5.pdf
279,Suva ovčetina,POTREBNA_RUČNA_PROVJERA,Nije dovoljno jasno iz samog naziva; potrebna je ručna provjera prije odluke.,"Slanine, šunke, pršuti i cijeli komadi",1,IZV-17,224336073-Proizvodi-Od-Mesa-a5.pdf
280,Svinjski jezik iz salamure,POTREBNA_RUČNA_PROVJERA,"Naziv može označavati proizvod, poluproizvod ili jelo; prije ulaska u bazu treba ručno provjeriti izvorni recept.","Slanine, šunke, pršuti i cijeli komadi",1,IZV-17,224336073-Proizvodi-Od-Mesa-a5.pdf
281,Vojvođanska pirindžara,POTREBNA_RUČNA_PROVJERA,Nije dovoljno jasno iz samog naziva; potrebna je ručna provjera prije odluke.,"Iznutrice, krvavice, tlačenice, paštete i pihtije",1,IZV-17,224336073-Proizvodi-Od-Mesa-a5.pdf
282,"Zatop, ili ovčiji ajvar",POTREBNA_RUČNA_PROVJERA,"Naziv može označavati proizvod, poluproizvod ili jelo; prije ulaska u bazu treba ručno provjeriti izvorni recept.","Iznutrice, krvavice, tlačenice, paštete i pihtije",1,IZV-17,224336073-Proizvodi-Od-Mesa-a5.pdf
283,Švargl s češnjakom i jabučnim octom,POTREBNA_RUČNA_PROVJERA,Nije dovoljno jasno iz samog naziva; potrebna je ručna provjera prije odluke.,"Iznutrice, krvavice, tlačenice, paštete i pihtije",1,IZV-11,170526962-SUŠENJE-MESA.docx
284,IZRADA PRŠUTA,POMOĆNI_TEHNOLOŠKI_ZAPIS,"Tehnološki postupak, salamura, poglavlje ili opći model; koristi se kao pomoćni izvor, ne kao javni recept proizvoda.","Slanine, šunke, pršuti i cijeli komadi",1,IZV-19,219570442-Željko-Pavičić-Kolinje-i-Mesni-Specijaliteti.pdf
285,IZRADA SVINJSKE ROLANKE,POMOĆNI_TEHNOLOŠKI_ZAPIS,"Tehnološki postupak, salamura, poglavlje ili opći model; koristi se kao pomoćni izvor, ne kao javni recept proizvoda.",Kulinarski i ostali mesni recepti,1,IZV-19,219570442-Željko-Pavičić-Kolinje-i-Mesni-Specijaliteti.pdf
286,KOBASICE OD IZNUTRICA,POMOĆNI_TEHNOLOŠKI_ZAPIS,"Tehnološki postupak, salamura, poglavlje ili opći model; koristi se kao pomoćni izvor, ne kao javni recept proizvoda.",Kobasice i pečenice,1,IZV-19,219570442-Željko-Pavičić-Kolinje-i-Mesni-Specijaliteti.pdf
287,KULINARSKI SPECIJALITETI OD SVINJSKOG MESA,POMOĆNI_TEHNOLOŠKI_ZAPIS,"Tehnološki postupak, salamura, poglavlje ili opći model; koristi se kao pomoćni izvor, ne kao javni recept proizvoda.",Kulen / sudžuk / veliki punjeni proizvodi,1,IZV-19,219570442-Željko-Pavičić-Kolinje-i-Mesni-Specijaliteti.pdf
288,Kombinirano salamurenje domaće slanine,POMOĆNI_TEHNOLOŠKI_ZAPIS,"Tehnološki postupak, salamura, poglavlje ili opći model; koristi se kao pomoćni izvor, ne kao javni recept proizvoda.","Salamure, mast i konzerviranje",1,IZV-11,170526962-SUŠENJE-MESA.docx
289,Kulen - tehnološki model,POMOĆNI_TEHNOLOŠKI_ZAPIS,"Tehnološki postupak, salamura, poglavlje ili opći model; koristi se kao pomoćni izvor, ne kao javni recept proizvoda.",Kulen / sudžuk / veliki punjeni proizvodi,1,IZV-04,302233148-proizvodnja-trajnih-kobasica.docx
290,Mađarska salamura,POMOĆNI_TEHNOLOŠKI_ZAPIS,"Tehnološki postupak, salamura, poglavlje ili opći model; koristi se kao pomoćni izvor, ne kao javni recept proizvoda.","Salamure, mast i konzerviranje",1,IZV-17,224336073-Proizvodi-Od-Mesa-a5.pdf
291,Mokra salamura za slaninu,POMOĆNI_TEHNOLOŠKI_ZAPIS,"Tehnološki postupak, salamura, poglavlje ili opći model; koristi se kao pomoćni izvor, ne kao javni recept proizvoda.","Salamure, mast i konzerviranje",1,IZV-11,170526962-SUŠENJE-MESA.docx
292,PRIPRAVLJANJE DOMAĆE SVINJSKE MASTI,POMOĆNI_TEHNOLOŠKI_ZAPIS,"Tehnološki postupak, salamura, poglavlje ili opći model; koristi se kao pomoćni izvor, ne kao javni recept proizvoda.","Salamure, mast i konzerviranje",1,IZV-19,219570442-Željko-Pavičić-Kolinje-i-Mesni-Specijaliteti.pdf
293,PRIPRAVLJANJE HLADETINE,POMOĆNI_TEHNOLOŠKI_ZAPIS,"Tehnološki postupak, salamura, poglavlje ili opći model; koristi se kao pomoćni izvor, ne kao javni recept proizvoda.",Kulinarski i ostali mesni recepti,1,IZV-19,219570442-Željko-Pavičić-Kolinje-i-Mesni-Specijaliteti.pdf
294,PRIPRAVLJANJE PAŠTETE,POMOĆNI_TEHNOLOŠKI_ZAPIS,"Tehnološki postupak, salamura, poglavlje ili opći model; koristi se kao pomoćni izvor, ne kao javni recept proizvoda.","Iznutrice, krvavice, tlačenice, paštete i pihtije",1,IZV-19,219570442-Željko-Pavičić-Kolinje-i-Mesni-Specijaliteti.pdf
295,PRIPRAVLJANJE ZASEKE,POMOĆNI_TEHNOLOŠKI_ZAPIS,"Tehnološki postupak, salamura, poglavlje ili opći model; koristi se kao pomoćni izvor, ne kao javni recept proizvoda.","Salamure, mast i konzerviranje",1,IZV-19,219570442-Željko-Pavičić-Kolinje-i-Mesni-Specijaliteti.pdf
296,Salamura,POMOĆNI_TEHNOLOŠKI_ZAPIS,"Tehnološki postupak, salamura, poglavlje ili opći model; koristi se kao pomoćni izvor, ne kao javni recept proizvoda.","Salamure, mast i konzerviranje",1,IZV-17,224336073-Proizvodi-Od-Mesa-a5.pdf
297,Suha salamura za slaninu,POMOĆNI_TEHNOLOŠKI_ZAPIS,"Tehnološki postupak, salamura, poglavlje ili opći model; koristi se kao pomoćni izvor, ne kao javni recept proizvoda.","Salamure, mast i konzerviranje",1,IZV-11,170526962-SUŠENJE-MESA.docx
298,Trajne kobasice - tehnološki model,POMOĆNI_TEHNOLOŠKI_ZAPIS,"Tehnološki postupak, salamura, poglavlje ili opći model; koristi se kao pomoćni izvor, ne kao javni recept proizvoda.",Kobasice i pečenice,1,IZV-04,302233148-proizvodnja-trajnih-kobasica.docx
299,●DRUGI RECEPT●,POMOĆNI_TEHNOLOŠKI_ZAPIS,"Tehnološki postupak, salamura, poglavlje ili opći model; koristi se kao pomoćni izvor, ne kao javni recept proizvoda.",Kulinarski i ostali mesni recepti,1,IZV-17,224336073-Proizvodi-Od-Mesa-a5.pdf
300,●PRVI RECEPT●,POMOĆNI_TEHNOLOŠKI_ZAPIS,"Tehnološki postupak, salamura, poglavlje ili opći model; koristi se kao pomoćni izvor, ne kao javni recept proizvoda.",Kulinarski i ostali mesni recepti,1,IZV-17,224336073-Proizvodi-Od-Mesa-a5.pdf
301,●TREĆI RECEPT●,POMOĆNI_TEHNOLOŠKI_ZAPIS,"Tehnološki postupak, salamura, poglavlje ili opći model; koristi se kao pomoćni izvor, ne kao javni recept proizvoda.",Kulinarski i ostali mesni recepti,1,IZV-17,224336073-Proizvodi-Od-Mesa-a5.pdf
302,Bubrezi u umaku,ISKLJUČENO_JELO,Gotovo kulinarsko jelo ili jelo sa suhomesnatim/mesnim proizvodom; ne ulazi u receptnu bazu proizvoda.,Kulinarski i ostali mesni recepti,1,IZV-19,219570442-Željko-Pavičić-Kolinje-i-Mesni-Specijaliteti.pdf
303,Crnogorske mušnice,ISKLJUČENO_JELO,Gotovo kulinarsko jelo ili jelo sa suhomesnatim/mesnim proizvodom; ne ulazi u receptnu bazu proizvoda.,Kulinarski i ostali mesni recepti,1,IZV-17,224336073-Proizvodi-Od-Mesa-a5.pdf
304,Džigerica sa začinima,ISKLJUČENO_JELO,Gotovo kulinarsko jelo ili jelo sa suhomesnatim/mesnim proizvodom; ne ulazi u receptnu bazu proizvoda.,"Iznutrice, krvavice, tlačenice, paštete i pihtije",1,IZV-17,224336073-Proizvodi-Od-Mesa-a5.pdf
305,Džigerica u krvi,ISKLJUČENO_JELO,Gotovo kulinarsko jelo ili jelo sa suhomesnatim/mesnim proizvodom; ne ulazi u receptnu bazu proizvoda.,"Iznutrice, krvavice, tlačenice, paštete i pihtije",1,IZV-17,224336073-Proizvodi-Od-Mesa-a5.pdf
306,Džigerica u maramici,ISKLJUČENO_JELO,Gotovo kulinarsko jelo ili jelo sa suhomesnatim/mesnim proizvodom; ne ulazi u receptnu bazu proizvoda.,"Iznutrice, krvavice, tlačenice, paštete i pihtije",1,IZV-17,224336073-Proizvodi-Od-Mesa-a5.pdf
307,Džigerica u tegli,ISKLJUČENO_JELO,Gotovo kulinarsko jelo ili jelo sa suhomesnatim/mesnim proizvodom; ne ulazi u receptnu bazu proizvoda.,"Iznutrice, krvavice, tlačenice, paštete i pihtije",1,IZV-17,224336073-Proizvodi-Od-Mesa-a5.pdf
308,Gratinirani sendvič,ISKLJUČENO_JELO,Gotovo kulinarsko jelo ili jelo sa suhomesnatim/mesnim proizvodom; ne ulazi u receptnu bazu proizvoda.,Kulinarski i ostali mesni recepti,1,IZV-19,219570442-Željko-Pavičić-Kolinje-i-Mesni-Specijaliteti.pdf
309,Kiseli kupus sa pečenicima,ISKLJUČENO_JELO,Gotovo kulinarsko jelo ili jelo sa suhomesnatim/mesnim proizvodom; ne ulazi u receptnu bazu proizvoda.,Kobasice i pečenice,1,IZV-19,219570442-Željko-Pavičić-Kolinje-i-Mesni-Specijaliteti.pdf
310,Kobasica za pečenje sa limunom,ISKLJUČENO_JELO,Gotovo kulinarsko jelo ili jelo sa suhomesnatim/mesnim proizvodom; ne ulazi u receptnu bazu proizvoda.,Kobasice i pečenice,1,IZV-17,224336073-Proizvodi-Od-Mesa-a5.pdf
311,Kolinjski paprikaš,ISKLJUČENO_JELO,Gotovo kulinarsko jelo ili jelo sa suhomesnatim/mesnim proizvodom; ne ulazi u receptnu bazu proizvoda.,Kulinarski i ostali mesni recepti,1,IZV-19,219570442-Željko-Pavičić-Kolinje-i-Mesni-Specijaliteti.pdf
312,Kolinjski složenac,ISKLJUČENO_JELO,Gotovo kulinarsko jelo ili jelo sa suhomesnatim/mesnim proizvodom; ne ulazi u receptnu bazu proizvoda.,Kulinarski i ostali mesni recepti,1,IZV-19,219570442-Željko-Pavičić-Kolinje-i-Mesni-Specijaliteti.pdf
313,Konzervisani perkelt,ISKLJUČENO_JELO,Gotovo kulinarsko jelo ili jelo sa suhomesnatim/mesnim proizvodom; ne ulazi u receptnu bazu proizvoda.,Kulinarski i ostali mesni recepti,1,IZV-17,224336073-Proizvodi-Od-Mesa-a5.pdf
314,Krumpiruša u kobasicama,ISKLJUČENO_JELO,Gotovo kulinarsko jelo ili jelo sa suhomesnatim/mesnim proizvodom; ne ulazi u receptnu bazu proizvoda.,Kobasice i pečenice,1,IZV-19,219570442-Željko-Pavičić-Kolinje-i-Mesni-Specijaliteti.pdf
315,Leskovačka mućkalica,ISKLJUČENO_JELO,Gotovo kulinarsko jelo ili jelo sa suhomesnatim/mesnim proizvodom; ne ulazi u receptnu bazu proizvoda.,Kulinarski i ostali mesni recepti,1,IZV-17,224336073-Proizvodi-Od-Mesa-a5.pdf
316,Leskovačka mućkalica (sa dinstanim mesom),ISKLJUČENO_JELO,Gotovo kulinarsko jelo ili jelo sa suhomesnatim/mesnim proizvodom; ne ulazi u receptnu bazu proizvoda.,Kulinarski i ostali mesni recepti,1,IZV-17,224336073-Proizvodi-Od-Mesa-a5.pdf
317,Leskovački uštipci,ISKLJUČENO_JELO,Gotovo kulinarsko jelo ili jelo sa suhomesnatim/mesnim proizvodom; ne ulazi u receptnu bazu proizvoda.,Kulinarski i ostali mesni recepti,1,IZV-17,224336073-Proizvodi-Od-Mesa-a5.pdf
318,Medaljuni s kremom od gorgonzole,ISKLJUČENO_JELO,Gotovo kulinarsko jelo ili jelo sa suhomesnatim/mesnim proizvodom; ne ulazi u receptnu bazu proizvoda.,Kulinarski i ostali mesni recepti,1,IZV-19,219570442-Željko-Pavičić-Kolinje-i-Mesni-Specijaliteti.pdf
319,Miješana palenta,ISKLJUČENO_JELO,Gotovo kulinarsko jelo ili jelo sa suhomesnatim/mesnim proizvodom; ne ulazi u receptnu bazu proizvoda.,Kulinarski i ostali mesni recepti,1,IZV-19,219570442-Željko-Pavičić-Kolinje-i-Mesni-Specijaliteti.pdf
320,Musaka od kobasica i vrganja,ISKLJUČENO_JELO,Gotovo kulinarsko jelo ili jelo sa suhomesnatim/mesnim proizvodom; ne ulazi u receptnu bazu proizvoda.,Kobasice i pečenice,1,IZV-19,219570442-Željko-Pavičić-Kolinje-i-Mesni-Specijaliteti.pdf
321,Mućkalica,ISKLJUČENO_JELO,Gotovo kulinarsko jelo ili jelo sa suhomesnatim/mesnim proizvodom; ne ulazi u receptnu bazu proizvoda.,Kulinarski i ostali mesni recepti,1,IZV-17,224336073-Proizvodi-Od-Mesa-a5.pdf
322,Nizozemska pogača,ISKLJUČENO_JELO,Gotovo kulinarsko jelo ili jelo sa suhomesnatim/mesnim proizvodom; ne ulazi u receptnu bazu proizvoda.,Kulinarski i ostali mesni recepti,1,IZV-19,219570442-Željko-Pavičić-Kolinje-i-Mesni-Specijaliteti.pdf
323,Paprikaš od kobasica,ISKLJUČENO_JELO,Gotovo kulinarsko jelo ili jelo sa suhomesnatim/mesnim proizvodom; ne ulazi u receptnu bazu proizvoda.,Kobasice i pečenice,1,IZV-19,219570442-Željko-Pavičić-Kolinje-i-Mesni-Specijaliteti.pdf
324,Paprikaš od kožurica,ISKLJUČENO_JELO,Gotovo kulinarsko jelo ili jelo sa suhomesnatim/mesnim proizvodom; ne ulazi u receptnu bazu proizvoda.,Kulinarski i ostali mesni recepti,1,IZV-17,224336073-Proizvodi-Od-Mesa-a5.pdf
325,Pečenje s gljivama,ISKLJUČENO_JELO,Gotovo kulinarsko jelo ili jelo sa suhomesnatim/mesnim proizvodom; ne ulazi u receptnu bazu proizvoda.,Kulinarski i ostali mesni recepti,1,IZV-19,219570442-Željko-Pavičić-Kolinje-i-Mesni-Specijaliteti.pdf
326,Pladanj za hladne dane,ISKLJUČENO_JELO,Gotovo kulinarsko jelo ili jelo sa suhomesnatim/mesnim proizvodom; ne ulazi u receptnu bazu proizvoda.,Kulinarski i ostali mesni recepti,1,IZV-19,219570442-Željko-Pavičić-Kolinje-i-Mesni-Specijaliteti.pdf
327,Pljeskavica,ISKLJUČENO_JELO,Gotovo kulinarsko jelo ili jelo sa suhomesnatim/mesnim proizvodom; ne ulazi u receptnu bazu proizvoda.,Kulinarski i ostali mesni recepti,1,IZV-17,224336073-Proizvodi-Od-Mesa-a5.pdf
328,Posna sarma,ISKLJUČENO_JELO,Gotovo kulinarsko jelo ili jelo sa suhomesnatim/mesnim proizvodom; ne ulazi u receptnu bazu proizvoda.,Kulinarski i ostali mesni recepti,1,IZV-17,224336073-Proizvodi-Od-Mesa-a5.pdf
329,Povrtni ragu,ISKLJUČENO_JELO,Gotovo kulinarsko jelo ili jelo sa suhomesnatim/mesnim proizvodom; ne ulazi u receptnu bazu proizvoda.,Kulinarski i ostali mesni recepti,1,IZV-19,219570442-Željko-Pavičić-Kolinje-i-Mesni-Specijaliteti.pdf
330,Prhka savijača od šunke,ISKLJUČENO_JELO,Gotovo kulinarsko jelo ili jelo sa suhomesnatim/mesnim proizvodom; ne ulazi u receptnu bazu proizvoda.,Kulinarski i ostali mesni recepti,1,IZV-19,219570442-Željko-Pavičić-Kolinje-i-Mesni-Specijaliteti.pdf
331,Proljetni omlet,ISKLJUČENO_JELO,Gotovo kulinarsko jelo ili jelo sa suhomesnatim/mesnim proizvodom; ne ulazi u receptnu bazu proizvoda.,Kulinarski i ostali mesni recepti,1,IZV-19,219570442-Željko-Pavičić-Kolinje-i-Mesni-Specijaliteti.pdf
332,Pržena svinjska jetra,ISKLJUČENO_JELO,Gotovo kulinarsko jelo ili jelo sa suhomesnatim/mesnim proizvodom; ne ulazi u receptnu bazu proizvoda.,Kulinarski i ostali mesni recepti,1,IZV-19,219570442-Željko-Pavičić-Kolinje-i-Mesni-Specijaliteti.pdf
333,Pržena svinjska slezena,ISKLJUČENO_JELO,Gotovo kulinarsko jelo ili jelo sa suhomesnatim/mesnim proizvodom; ne ulazi u receptnu bazu proizvoda.,Kulinarski i ostali mesni recepti,1,IZV-19,219570442-Željko-Pavičić-Kolinje-i-Mesni-Specijaliteti.pdf
334,Punjena svinjska prsa,ISKLJUČENO_JELO,Gotovo kulinarsko jelo ili jelo sa suhomesnatim/mesnim proizvodom; ne ulazi u receptnu bazu proizvoda.,Kulinarski i ostali mesni recepti,1,IZV-19,219570442-Željko-Pavičić-Kolinje-i-Mesni-Specijaliteti.pdf
335,Punjena šunka,ISKLJUČENO_JELO,Gotovo kulinarsko jelo ili jelo sa suhomesnatim/mesnim proizvodom; ne ulazi u receptnu bazu proizvoda.,"Slanine, šunke, pršuti i cijeli komadi",1,IZV-19,219570442-Željko-Pavičić-Kolinje-i-Mesni-Specijaliteti.pdf
336,Punjeni cvjetovi tikve,ISKLJUČENO_JELO,Gotovo kulinarsko jelo ili jelo sa suhomesnatim/mesnim proizvodom; ne ulazi u receptnu bazu proizvoda.,Kulinarski i ostali mesni recepti,1,IZV-19,219570442-Željko-Pavičić-Kolinje-i-Mesni-Specijaliteti.pdf
337,Punjeni pileći batak,ISKLJUČENO_JELO,Gotovo kulinarsko jelo ili jelo sa suhomesnatim/mesnim proizvodom; ne ulazi u receptnu bazu proizvoda.,Kulinarski i ostali mesni recepti,1,IZV-17,224336073-Proizvodi-Od-Mesa-a5.pdf
338,Rezanci sa slaninom,ISKLJUČENO_JELO,Gotovo kulinarsko jelo ili jelo sa suhomesnatim/mesnim proizvodom; ne ulazi u receptnu bazu proizvoda.,Kulinarski i ostali mesni recepti,1,IZV-19,219570442-Željko-Pavičić-Kolinje-i-Mesni-Specijaliteti.pdf
339,Rižoto sa slaninom i pečenicama,ISKLJUČENO_JELO,Gotovo kulinarsko jelo ili jelo sa suhomesnatim/mesnim proizvodom; ne ulazi u receptnu bazu proizvoda.,Kobasice i pečenice,1,IZV-19,219570442-Željko-Pavičić-Kolinje-i-Mesni-Specijaliteti.pdf
340,Salata s kobasicama,ISKLJUČENO_JELO,Gotovo kulinarsko jelo ili jelo sa suhomesnatim/mesnim proizvodom; ne ulazi u receptnu bazu proizvoda.,Kobasice i pečenice,1,IZV-19,219570442-Željko-Pavičić-Kolinje-i-Mesni-Specijaliteti.pdf
341,Sarma od kiselog kupusa s pirinčem,ISKLJUČENO_JELO,Gotovo kulinarsko jelo ili jelo sa suhomesnatim/mesnim proizvodom; ne ulazi u receptnu bazu proizvoda.,Kulinarski i ostali mesni recepti,1,IZV-17,224336073-Proizvodi-Od-Mesa-a5.pdf
342,Sarma od kiselog kupusa sa mesom # 1,ISKLJUČENO_JELO,Gotovo kulinarsko jelo ili jelo sa suhomesnatim/mesnim proizvodom; ne ulazi u receptnu bazu proizvoda.,Kulinarski i ostali mesni recepti,1,IZV-17,224336073-Proizvodi-Od-Mesa-a5.pdf
343,Sarma od kiselog kupusa sa mesom # 2,ISKLJUČENO_JELO,Gotovo kulinarsko jelo ili jelo sa suhomesnatim/mesnim proizvodom; ne ulazi u receptnu bazu proizvoda.,Kulinarski i ostali mesni recepti,1,IZV-17,224336073-Proizvodi-Od-Mesa-a5.pdf
344,Sarma od kiselog kupusa sa mesom # 3,ISKLJUČENO_JELO,Gotovo kulinarsko jelo ili jelo sa suhomesnatim/mesnim proizvodom; ne ulazi u receptnu bazu proizvoda.,Kulinarski i ostali mesni recepti,1,IZV-17,224336073-Proizvodi-Od-Mesa-a5.pdf
345,Sarma od kiselog kupusa sa pasuljem,ISKLJUČENO_JELO,Gotovo kulinarsko jelo ili jelo sa suhomesnatim/mesnim proizvodom; ne ulazi u receptnu bazu proizvoda.,Kulinarski i ostali mesni recepti,1,IZV-17,224336073-Proizvodi-Od-Mesa-a5.pdf
346,Sarma od slatkog kupusa,ISKLJUČENO_JELO,Gotovo kulinarsko jelo ili jelo sa suhomesnatim/mesnim proizvodom; ne ulazi u receptnu bazu proizvoda.,Kulinarski i ostali mesni recepti,1,IZV-17,224336073-Proizvodi-Od-Mesa-a5.pdf
347,Savijača od kupusa,ISKLJUČENO_JELO,Gotovo kulinarsko jelo ili jelo sa suhomesnatim/mesnim proizvodom; ne ulazi u receptnu bazu proizvoda.,Kulinarski i ostali mesni recepti,1,IZV-19,219570442-Željko-Pavičić-Kolinje-i-Mesni-Specijaliteti.pdf
348,Slikovito predjelo od svinjskih kobasica,ISKLJUČENO_JELO,Gotovo kulinarsko jelo ili jelo sa suhomesnatim/mesnim proizvodom; ne ulazi u receptnu bazu proizvoda.,Kobasice i pečenice,1,IZV-19,219570442-Željko-Pavičić-Kolinje-i-Mesni-Specijaliteti.pdf
349,Svinjetina na goranski način,ISKLJUČENO_JELO,Gotovo kulinarsko jelo ili jelo sa suhomesnatim/mesnim proizvodom; ne ulazi u receptnu bazu proizvoda.,Kulinarski i ostali mesni recepti,1,IZV-19,219570442-Željko-Pavičić-Kolinje-i-Mesni-Specijaliteti.pdf
350,Svinjetina u vinu,ISKLJUČENO_JELO,Gotovo kulinarsko jelo ili jelo sa suhomesnatim/mesnim proizvodom; ne ulazi u receptnu bazu proizvoda.,Kulinarski i ostali mesni recepti,1,IZV-19,219570442-Željko-Pavičić-Kolinje-i-Mesni-Specijaliteti.pdf
351,Svinjska rebra,ISKLJUČENO_JELO,Gotovo kulinarsko jelo ili jelo sa suhomesnatim/mesnim proizvodom; ne ulazi u receptnu bazu proizvoda.,"Slanine, šunke, pršuti i cijeli komadi",1,IZV-19,219570442-Željko-Pavičić-Kolinje-i-Mesni-Specijaliteti.pdf
352,Svinjska rebra s hrenom,ISKLJUČENO_JELO,Gotovo kulinarsko jelo ili jelo sa suhomesnatim/mesnim proizvodom; ne ulazi u receptnu bazu proizvoda.,"Slanine, šunke, pršuti i cijeli komadi",1,IZV-19,219570442-Željko-Pavičić-Kolinje-i-Mesni-Specijaliteti.pdf
353,Svinjska slezena s maslinama,ISKLJUČENO_JELO,Gotovo kulinarsko jelo ili jelo sa suhomesnatim/mesnim proizvodom; ne ulazi u receptnu bazu proizvoda.,Kulinarski i ostali mesni recepti,1,IZV-19,219570442-Željko-Pavičić-Kolinje-i-Mesni-Specijaliteti.pdf
354,Svinjske kobasice s krumpirom,ISKLJUČENO_JELO,Gotovo kulinarsko jelo ili jelo sa suhomesnatim/mesnim proizvodom; ne ulazi u receptnu bazu proizvoda.,Kobasice i pečenice,1,IZV-19,219570442-Željko-Pavičić-Kolinje-i-Mesni-Specijaliteti.pdf
355,Svinjske kobasice s porilukom,ISKLJUČENO_JELO,Gotovo kulinarsko jelo ili jelo sa suhomesnatim/mesnim proizvodom; ne ulazi u receptnu bazu proizvoda.,Kobasice i pečenice,1,IZV-19,219570442-Željko-Pavičić-Kolinje-i-Mesni-Specijaliteti.pdf
356,Svinjski bubrezi s gljivama,ISKLJUČENO_JELO,Gotovo kulinarsko jelo ili jelo sa suhomesnatim/mesnim proizvodom; ne ulazi u receptnu bazu proizvoda.,Kulinarski i ostali mesni recepti,1,IZV-19,219570442-Željko-Pavičić-Kolinje-i-Mesni-Specijaliteti.pdf
357,Svinjski kare s lučicom i krumpirom,ISKLJUČENO_JELO,Gotovo kulinarsko jelo ili jelo sa suhomesnatim/mesnim proizvodom; ne ulazi u receptnu bazu proizvoda.,Kulinarski i ostali mesni recepti,1,IZV-19,219570442-Željko-Pavičić-Kolinje-i-Mesni-Specijaliteti.pdf
358,Svinjski kotleti s gratiniranim krumpirom,ISKLJUČENO_JELO,Gotovo kulinarsko jelo ili jelo sa suhomesnatim/mesnim proizvodom; ne ulazi u receptnu bazu proizvoda.,Kulinarski i ostali mesni recepti,1,IZV-19,219570442-Željko-Pavičić-Kolinje-i-Mesni-Specijaliteti.pdf
359,Svinjski kotleti s jabukama,ISKLJUČENO_JELO,Gotovo kulinarsko jelo ili jelo sa suhomesnatim/mesnim proizvodom; ne ulazi u receptnu bazu proizvoda.,Kulinarski i ostali mesni recepti,1,IZV-19,219570442-Željko-Pavičić-Kolinje-i-Mesni-Specijaliteti.pdf
360,Svinjski kotleti sa sosom od kapara,ISKLJUČENO_JELO,Gotovo kulinarsko jelo ili jelo sa suhomesnatim/mesnim proizvodom; ne ulazi u receptnu bazu proizvoda.,Kulinarski i ostali mesni recepti,1,IZV-19,219570442-Željko-Pavičić-Kolinje-i-Mesni-Specijaliteti.pdf
361,Svinjski kotleti u umaku,ISKLJUČENO_JELO,Gotovo kulinarsko jelo ili jelo sa suhomesnatim/mesnim proizvodom; ne ulazi u receptnu bazu proizvoda.,Kulinarski i ostali mesni recepti,1,IZV-19,219570442-Željko-Pavičić-Kolinje-i-Mesni-Specijaliteti.pdf
362,Svinjski odresci u panadi od sira,ISKLJUČENO_JELO,Gotovo kulinarsko jelo ili jelo sa suhomesnatim/mesnim proizvodom; ne ulazi u receptnu bazu proizvoda.,Kulinarski i ostali mesni recepti,1,IZV-19,219570442-Željko-Pavičić-Kolinje-i-Mesni-Specijaliteti.pdf
363,Svinjski odresci u umaku od paprike i vrhnja,ISKLJUČENO_JELO,Gotovo kulinarsko jelo ili jelo sa suhomesnatim/mesnim proizvodom; ne ulazi u receptnu bazu proizvoda.,Kulinarski i ostali mesni recepti,1,IZV-19,219570442-Željko-Pavičić-Kolinje-i-Mesni-Specijaliteti.pdf
364,Szegedinski gulaš,ISKLJUČENO_JELO,Gotovo kulinarsko jelo ili jelo sa suhomesnatim/mesnim proizvodom; ne ulazi u receptnu bazu proizvoda.,Kulinarski i ostali mesni recepti,1,IZV-19,219570442-Željko-Pavičić-Kolinje-i-Mesni-Specijaliteti.pdf
365,Terezina štruca,ISKLJUČENO_JELO,Gotovo kulinarsko jelo ili jelo sa suhomesnatim/mesnim proizvodom; ne ulazi u receptnu bazu proizvoda.,Kulinarski i ostali mesni recepti,1,IZV-19,219570442-Željko-Pavičić-Kolinje-i-Mesni-Specijaliteti.pdf
366,Topli sendvič,ISKLJUČENO_JELO,Gotovo kulinarsko jelo ili jelo sa suhomesnatim/mesnim proizvodom; ne ulazi u receptnu bazu proizvoda.,Kulinarski i ostali mesni recepti,1,IZV-19,219570442-Željko-Pavičić-Kolinje-i-Mesni-Specijaliteti.pdf
367,Umak uz pečenje,ISKLJUČENO_JELO,Gotovo kulinarsko jelo ili jelo sa suhomesnatim/mesnim proizvodom; ne ulazi u receptnu bazu proizvoda.,Kulinarski i ostali mesni recepti,1,IZV-19,219570442-Željko-Pavičić-Kolinje-i-Mesni-Specijaliteti.pdf
368,Uštipci,ISKLJUČENO_JELO,Gotovo kulinarsko jelo ili jelo sa suhomesnatim/mesnim proizvodom; ne ulazi u receptnu bazu proizvoda.,Kulinarski i ostali mesni recepti,1,IZV-17,224336073-Proizvodi-Od-Mesa-a5.pdf
369,Varivo od graška i dimljene slanine,ISKLJUČENO_JELO,Gotovo kulinarsko jelo ili jelo sa suhomesnatim/mesnim proizvodom; ne ulazi u receptnu bazu proizvoda.,Kulinarski i ostali mesni recepti,1,IZV-19,219570442-Željko-Pavičić-Kolinje-i-Mesni-Specijaliteti.pdf
370,Zimske punjene paprike sa slaninom,ISKLJUČENO_JELO,Gotovo kulinarsko jelo ili jelo sa suhomesnatim/mesnim proizvodom; ne ulazi u receptnu bazu proizvoda.,Kulinarski i ostali mesni recepti,1,IZV-19,219570442-Željko-Pavičić-Kolinje-i-Mesni-Specijaliteti.pdf
371,Ćevapčići,ISKLJUČENO_JELO,Gotovo kulinarsko jelo ili jelo sa suhomesnatim/mesnim proizvodom; ne ulazi u receptnu bazu proizvoda.,Kulinarski i ostali mesni recepti,1,IZV-17,224336073-Proizvodi-Od-Mesa-a5.pdf
372,Čarolija začina,ISKLJUČENO_JELO,Gotovo kulinarsko jelo ili jelo sa suhomesnatim/mesnim proizvodom; ne ulazi u receptnu bazu proizvoda.,Kulinarski i ostali mesni recepti,1,IZV-19,219570442-Željko-Pavičić-Kolinje-i-Mesni-Specijaliteti.pdf
373,Čuveni svinjokoljski paprikaš,ISKLJUČENO_JELO,Gotovo kulinarsko jelo ili jelo sa suhomesnatim/mesnim proizvodom; ne ulazi u receptnu bazu proizvoda.,Kulinarski i ostali mesni recepti,1,IZV-17,224336073-Proizvodi-Od-Mesa-a5.pdf
374,Šareno iz tavice,ISKLJUČENO_JELO,Gotovo kulinarsko jelo ili jelo sa suhomesnatim/mesnim proizvodom; ne ulazi u receptnu bazu proizvoda.,Kulinarski i ostali mesni recepti,1,IZV-19,219570442-Željko-Pavičić-Kolinje-i-Mesni-Specijaliteti.pdf
375,Šunka u hlebnom testu,ISKLJUČENO_JELO,Gotovo kulinarsko jelo ili jelo sa suhomesnatim/mesnim proizvodom; ne ulazi u receptnu bazu proizvoda.,"Slanine, šunke, pršuti i cijeli komadi",1,IZV-17,224336073-Proizvodi-Od-Mesa-a5.pdf
376,Šunka u tijestu,ISKLJUČENO_JELO,Gotovo kulinarsko jelo ili jelo sa suhomesnatim/mesnim proizvodom; ne ulazi u receptnu bazu proizvoda.,"Slanine, šunke, pršuti i cijeli komadi",1,IZV-19,219570442-Željko-Pavičić-Kolinje-i-Mesni-Specijaliteti.pdf
