post_id,status,title,url,country,category,process,post_content_bytes,full_markdown_bytes,sections_bytes,data_bytes,content_has_markers,meta_has_markers,frontend_checked,frontend_http_code,frontend_bytes,frontend_has_markers,frontend_title_hits,risk_class
1975,draft,"Istarska kobasica",https://drycured.com/?post_type=dry_recipe&p=1975,Hrvatska,Kobasica,Nedimljeno|Sušeno,0,0,0,6627,NO,NO,NO,,0,,,OK_OR_NOT_CHECKED
1976,draft,"Primorska kobasica",https://drycured.com/?post_type=dry_recipe&p=1976,Hrvatska,Kobasica,Dimljeno|Sušeno,0,0,0,4299,NO,NO,NO,,0,,,OK_OR_NOT_CHECKED
1977,draft,"Creski udić — pršut od ovce",https://drycured.com/?post_type=dry_recipe&p=1977,Hrvatska,"Ovčji i kozji proizvodi",Sušeno|Zrelo,0,0,0,3845,NO,NO,NO,,0,,,OK_OR_NOT_CHECKED
1978,draft,"Creska janjeća roštilj kobasica",https://drycured.com/?post_type=dry_recipe&p=1978,Hrvatska,Kobasica,"Svježe|Za pečenje",0,0,0,4085,NO,NO,NO,,0,,,OK_OR_NOT_CHECKED
1979,draft,"Testni recept iz kalkulatora",https://drycured.com/?post_type=dry_recipe&p=1979,Hrvatska,Kobasica,Sušeno,0,0,0,1936,NO,NO,NO,,0,,,OK_OR_NOT_CHECKED
1980,draft,"Davorova kobasa",https://drycured.com/?post_type=dry_recipe&p=1980,Hrvatska,"Mljevena masa",,0,0,0,2929,NO,NO,NO,,0,,,OK_OR_NOT_CHECKED
1981,draft,"TRADICIJSKIH TALIJANSKIH RECEPATA ZA SUHOMESNATE PROIZVODE",https://drycured.com/?post_type=dry_recipe&p=1981,Italija,Ostalo,Sušeno,0,0,0,6602,NO,NO,NO,,0,,,OK_OR_NOT_CHECKED
1982,publish,"FINOCCHIONA TOSCANA",https://drycured.com/recepti-baza/finocchiona-toscana/,Italija,"suha salama","mljevenje + punjenje + fermentacija/zrenje",4378,4378,0,6441,YES,YES,YES,200,302843,YES,2,OK_PUBLIC_VISIBLE_OR_HAS_MARKERS
1983,publish,"PROSCIUTTO DI SAN DANIELE",https://drycured.com/recepti-baza/prosciutto-di-san-daniele/,Italija,"sušeni zreli sir","soljenje + dugo zrenje",3426,3426,0,8610,YES,YES,YES,200,303005,YES,2,OK_PUBLIC_VISIBLE_OR_HAS_MARKERS
1984,publish,"NDUJA CALABRESE",https://drycured.com/recepti-baza/nduja-calabrese/,Italija,"Suha kobasica","fermentacija + sušenje + zrenje",4217,4217,0,6332,YES,YES,YES,200,302767,YES,2,OK_PUBLIC_VISIBLE_OR_HAS_MARKERS
1985,draft,"SPECK ALTO ADIGE",https://drycured.com/?post_type=dry_recipe&p=1985,Italija,"Pancete i slanine",Dimljeno|Sušeno,0,0,0,6473,NO,NO,NO,,0,,,OK_OR_NOT_CHECKED
1986,publish,"LARDO DI COLONNATA",https://drycured.com/recepti-baza/lardo-di-colonnata/,Italija,"sazrela svinjska leđna mast","soljenje + začini + zrenje u mramornim posudama",3965,3965,0,6573,YES,YES,YES,200,302868,YES,2,OK_PUBLIC_VISIBLE_OR_HAS_MARKERS
1987,private,"MORTADELLA BOLOGNA",https://drycured.com/?post_type=dry_recipe&p=1987,Italija,"Suha kobasica","kuhanje/toplinska obrada",4284,4284,0,6637,YES,YES,NO,,0,,,OK_OR_NOT_CHECKED
1988,publish,"SOPPRESSA VICENTINA",https://drycured.com/recepti-baza/soppressa-vicentina/,Hrvatska,"suhomesnati proizvod","fermentacija + sušenje + zrenje",3806,3806,0,6290,YES,YES,YES,200,302843,YES,2,OK_PUBLIC_VISIBLE_OR_HAS_MARKERS
1989,private,"PORCHETTA ROMANA",https://drycured.com/?post_type=dry_recipe&p=1989,Italija,"pečeni mesni proizvod",pečenje,4053,4053,0,6843,YES,YES,NO,,0,,,OK_OR_NOT_CHECKED
1990,publish,"SALAME DI FELINO",https://drycured.com/recepti-baza/salame-di-felino/,Italija,"suha salama","fermentacija + sušenje + zrenje",4314,4314,0,6187,YES,YES,YES,200,302786,YES,2,OK_PUBLIC_VISIBLE_OR_HAS_MARKERS
1991,publish,"GUANCIALE ROMANO",https://drycured.com/recepti-baza/guanciale-romano/,Hrvatska,"suhomesnati proizvod","sušenje + zrenje + soljenje/salamurenje",3632,3632,0,6120,YES,YES,YES,200,302830,YES,2,OK_PUBLIC_VISIBLE_OR_HAS_MARKERS
1992,draft,"Engleska Cumberland Kobasica",https://drycured.com/?post_type=dry_recipe&p=1992,"Ujedinjeno Kraljevstvo",Kobasice,Sušeno,0,0,0,4438,NO,NO,NO,,0,,,OK_OR_NOT_CHECKED
1993,draft,"Škotska Lorne Kobasica",https://drycured.com/?post_type=dry_recipe&p=1993,Škotska,Kobasice,Sušeno,0,0,0,7146,NO,NO,NO,,0,,,OK_OR_NOT_CHECKED
1994,draft,"Islandska Hangikjöt Kobasica",https://drycured.com/?post_type=dry_recipe&p=1994,Island,Kobasice,Dimljeno|Sušeno,0,0,0,7271,NO,NO,NO,,0,,,OK_OR_NOT_CHECKED
1995,private,"Posavska Krvavica sa Šumskim Začinima",https://drycured.com/?post_type=dry_recipe&p=1995,Hrvatska,"suhomesnati proizvod",Sušeno,3437,3437,0,4568,YES,YES,NO,,0,,,OK_OR_NOT_CHECKED
1996,draft,"Tradicionalni suhomesnati proizvodi Slavonije",https://drycured.com/?post_type=dry_recipe&p=1996,Hrvatska,Ostalo,Dimljeno|Sušeno,0,0,0,5567,NO,NO,NO,,0,,,OK_OR_NOT_CHECKED
1997,draft,"Etnografska studija kulinarskog naslijeđa",https://drycured.com/?post_type=dry_recipe&p=1997,Hrvatska,Ostalo,Dimljeno|Sušeno,0,0,0,5556,NO,NO,NO,,0,,,OK_OR_NOT_CHECKED
1998,draft,"Tradicionalni suhomesnati proizvodi",https://drycured.com/?post_type=dry_recipe&p=1998,Hrvatska,Kobasice,Dimljeno|Sušeno,0,0,0,5538,NO,NO,NO,,0,,,OK_OR_NOT_CHECKED
1999,draft,"Salo (Сало) - Ukrajinska slanina",https://drycured.com/?post_type=dry_recipe&p=1999,Ukrajina,"Pancete i slanine",,0,0,0,5969,NO,NO,NO,,0,,,OK_OR_NOT_CHECKED
2000,draft,"Domašnja Kovbasa (Домашня ковбаса) - Domaća kobasica",https://drycured.com/?post_type=dry_recipe&p=2000,Ukrajina,Kobasice,,0,0,0,6252,NO,NO,NO,,0,,,OK_OR_NOT_CHECKED
2001,draft,"Kholodets (Холодець) - Hladetina od mesa",https://drycured.com/?post_type=dry_recipe&p=2001,Ukrajina,Hladetine/pihtije,,0,0,0,6348,NO,NO,NO,,0,,,OK_OR_NOT_CHECKED
2002,draft,"Solonina (Солонина) - Salamurena govedina",https://drycured.com/?post_type=dry_recipe&p=2002,Ukrajina,Salame,Sušeno,0,0,0,6232,NO,NO,NO,,0,,,OK_OR_NOT_CHECKED
2003,draft,"Shukhevychivska Kovbasa (Шухевичівська ковбаса) - Sušena kobasica s paprom",https://drycured.com/?post_type=dry_recipe&p=2003,Ukrajina,Kobasice,Sušeno,0,0,0,6463,NO,NO,NO,,0,,,OK_OR_NOT_CHECKED
2004,draft,"Pashtetna (Паштетна) - Pečena mesna pašteta",https://drycured.com/?post_type=dry_recipe&p=2004,Hrvatska,"Pancete i slanine","Za pečenje",0,0,0,6698,NO,NO,NO,,0,,,OK_OR_NOT_CHECKED
2005,draft,"UJEDINJENO KRALJEVSTVO - Tradicionalni recepti",https://drycured.com/?post_type=dry_recipe&p=2005,"Ujedinjeno Kraljevstvo",Kobasice,,0,0,0,2561,NO,NO,NO,,0,,,OK_OR_NOT_CHECKED
2006,draft,"Cumberland Sausage",https://drycured.com/?post_type=dry_recipe&p=2006,"Ujedinjeno Kraljevstvo",Kobasice,,0,0,0,2455,NO,NO,NO,,0,,,OK_OR_NOT_CHECKED
2007,draft,"Kompleksna zbirka tradicionalnih suhomesnatih recepata iz Europe",https://drycured.com/?post_type=dry_recipe&p=2007,Grčka,Kobasice,Sušeno|Zrelo,0,0,0,5158,NO,NO,NO,,0,,,OK_OR_NOT_CHECKED
2008,draft,"GRČKA - Tradicionalni recepti za Loukaniko",https://drycured.com/?post_type=dry_recipe&p=2008,Grčka,Kobasice,Sušeno|Zrelo,0,0,0,5094,NO,NO,NO,,0,,,OK_OR_NOT_CHECKED
2009,draft,"Tradicionalni Loukaniko sa Krete",https://drycured.com/?post_type=dry_recipe&p=2009,Grčka,Kobasice,Sušeno|Zrelo,0,0,0,5066,NO,NO,NO,,0,,,OK_OR_NOT_CHECKED
2010,draft,"Makedončki Loukaniko sa Planinom",https://drycured.com/?post_type=dry_recipe&p=2010,"Sjeverna Makedonija",Kobasice,,0,0,0,2437,NO,NO,NO,,0,,,OK_OR_NOT_CHECKED
2011,draft,"Kompleksna zbirka tradicionalnih suhomesnatih recepata iz Europe",https://drycured.com/?post_type=dry_recipe&p=2011,Francuska,"Pršuti i šunke",,0,0,0,2918,NO,NO,NO,,0,,,OK_OR_NOT_CHECKED
2012,draft,"FRANCUSKA - Tradicionalni recepti za saucisson",https://drycured.com/?post_type=dry_recipe&p=2012,Francuska,Salame,,0,0,0,2826,NO,NO,NO,,0,,,OK_OR_NOT_CHECKED
2013,draft,"Saucisson sec iz Lyona",https://drycured.com/?post_type=dry_recipe&p=2013,Francuska,Salame,,0,0,0,2740,NO,NO,NO,,0,,,OK_OR_NOT_CHECKED
2014,draft,"Kompleksna zbirka tradicionalnih suhomesnatih recepata iz Europe",https://drycured.com/?post_type=dry_recipe&p=2014,Češka,Salame,Sušeno,0,0,0,4515,NO,NO,NO,,0,,,OK_OR_NOT_CHECKED
2015,draft,"ČEŠKA - Tradicionalni recepti",https://drycured.com/?post_type=dry_recipe&p=2015,Češka,Salame,Sušeno,0,0,0,4401,NO,NO,NO,,0,,,OK_OR_NOT_CHECKED
2016,draft,"Lovecká Saláma (Lovačka salama)",https://drycured.com/?post_type=dry_recipe&p=2016,Češka,Salame,Sušeno,0,0,0,4457,NO,NO,NO,,0,,,OK_OR_NOT_CHECKED
2017,private,"Drisheen (Tradicionalna irska krvavica od ovčje krvi)",https://drycured.com/?post_type=dry_recipe&p=2017,Irska,"suhomesnati proizvod",,3692,3692,0,6346,YES,YES,NO,,0,,,OK_OR_NOT_CHECKED
2018,publish,"Irska salama (Spiced Irish Salami)",https://drycured.com/recepti-baza/irska-salama-spiced-irish-salami/,Irska,"suha salama","fermentacija + sušenje",4359,4359,0,5842,YES,YES,YES,200,303094,YES,5,OK_PUBLIC_VISIBLE_OR_HAS_MARKERS
2019,private,"Landjäger kobasice s bavarskom salatom od krumpira",https://drycured.com/?post_type=dry_recipe&p=2019,Hrvatska,"Suha kobasica",,4165,4165,0,5710,YES,YES,NO,,0,,,OK_OR_NOT_CHECKED
2020,private,"Mettwurst s toplom salatom od krumpira i zelenog graha",https://drycured.com/?post_type=dry_recipe&p=2020,Hrvatska,"Suha kobasica",Dimljeno,4100,4100,0,5663,YES,YES,NO,,0,,,OK_OR_NOT_CHECKED
2021,publish,"Cumberland kobasica",https://drycured.com/recepti-baza/cumberland-kobasica/,Hrvatska,"Suha kobasica",sušenje,4280,4280,0,6358,YES,YES,YES,200,302855,YES,2,OK_PUBLIC_VISIBLE_OR_HAS_MARKERS
2022,draft,"Recepti za salame i suhomesnate proizvode iz europskih zemalja",https://drycured.com/?post_type=dry_recipe&p=2022,Grčka,Salame,Sušeno,0,0,0,4262,NO,NO,NO,,0,,,OK_OR_NOT_CHECKED
2023,publish,"?? Grčki tradicionalni recept - Loukaniko",https://drycured.com/recepti-baza/grcki-tradicionalni-recept-loukaniko/,Grčka,"suhomesnati proizvod",Sušeno,3437,3437,0,4194,YES,YES,YES,200,303233,YES,4,OK_PUBLIC_VISIBLE_OR_HAS_MARKERS
2024,draft,"Slovački recept - Turistická Saláma",https://drycured.com/?post_type=dry_recipe&p=2024,Slovačka,Salame,Sušeno,0,0,0,4024,NO,NO,NO,,0,,,OK_OR_NOT_CHECKED
2025,draft,"Recepti za salame i suhomesnate proizvode iz evropskih zemalja",https://drycured.com/?post_type=dry_recipe&p=2025,Italija,Salame,Sušeno,0,0,0,4351,NO,NO,NO,,0,,,OK_OR_NOT_CHECKED
2026,publish,"?? Španjolski recept za chorizo",https://drycured.com/recepti-baza/spanjolski-recept-za-chorizo/,Španjolska,"Suha kobasica",Dimljeno,3790,3790,0,4175,YES,YES,YES,200,303070,YES,3,OK_PUBLIC_VISIBLE_OR_HAS_MARKERS
2027,draft,"Nemački recept za Mettwurst",https://drycured.com/?post_type=dry_recipe&p=2027,Njemačka,Kobasice,Dimljeno,0,0,0,4053,NO,NO,NO,,0,,,OK_OR_NOT_CHECKED
2028,publish,"Češki Špekáček (Špek Kobasica)",https://drycured.com/recepti-baza/ceski-spekacek-spek-kobasica/,Češka,"Suha kobasica",sušenje,4378,4378,0,3285,YES,YES,YES,200,303186,YES,3,OK_PUBLIC_VISIBLE_OR_HAS_MARKERS
2029,publish,"JAMBON DE BAYONNE",https://drycured.com/recepti-baza/jambon-de-bayonne/,Francuska,"Pršut|sušena šunka","soljenje + sušenje + zrenje",3482,3482,0,6121,YES,YES,YES,200,302861,YES,2,OK_PUBLIC_VISIBLE_OR_HAS_MARKERS
2030,draft,"Saucisson Sec (Suha kobasica)",https://drycured.com/?post_type=dry_recipe&p=2030,Francuska,Salame,Fermentirano|Sušeno|Zrelo,0,0,0,6801,NO,NO,NO,,0,,,OK_OR_NOT_CHECKED
2031,draft,"RILLETTES DU MANS",https://drycured.com/?post_type=dry_recipe&p=2031,Francuska,"Pancete i slanine",,0,0,0,6575,NO,NO,NO,,0,,,OK_OR_NOT_CHECKED
2032,publish,"Coppa (Kapula)",https://drycured.com/recepti-baza/coppa-kapula/,Francuska,"suhomesnati proizvod","fermentacija + sušenje",3683,3683,0,6182,YES,YES,YES,200,302758,YES,2,OK_PUBLIC_VISIBLE_OR_HAS_MARKERS
2033,publish,"Andouille de Guémené",https://drycured.com/recepti-baza/andouille-de-guemene/,Francuska,"suhomesnati proizvod","dimljenje + sušenje",3761,3761,0,6098,YES,YES,YES,200,302914,YES,2,OK_PUBLIC_VISIBLE_OR_HAS_MARKERS
2034,draft,"JÉSUS DE LYON",https://drycured.com/?post_type=dry_recipe&p=2034,Francuska,Kobasice,Sušeno,0,0,0,6930,NO,NO,NO,,0,,,OK_OR_NOT_CHECKED
2035,private,"Tradicionalna irska krvavica (Black Pudding)",https://drycured.com/?post_type=dry_recipe&p=2035,"Ujedinjeno Kraljevstvo","suhomesnati proizvod",Sušeno,3765,3765,0,6737,YES,YES,NO,,0,,,OK_OR_NOT_CHECKED
2036,private,"Irska bijela krvavica (White Pudding)",https://drycured.com/?post_type=dry_recipe&p=2036,Irska,"suhomesnati proizvod",Sušeno,3806,3806,0,6810,YES,YES,NO,,0,,,OK_OR_NOT_CHECKED
2037,publish,"Hangikjöt (Dimljeni janjeti but)",https://drycured.com/recepti-baza/hangikjot-dimljeni-janjeti-but/,Island,"suhomesnati proizvod","dimljenje + soljenje/salamurenje",3564,3564,0,6140,YES,YES,YES,200,351915,YES,3,OK_PUBLIC_VISIBLE_OR_HAS_MARKERS
2038,draft,"Heilhornað Hangikjöt (Sušena janjeća rebra)",https://drycured.com/?post_type=dry_recipe&p=2038,Island,Salame,Dimljeno|Sušeno,0,0,0,6138,NO,NO,NO,,0,,,OK_OR_NOT_CHECKED
2039,publish,"Ukrajinska Domashnia Kovbasa (Domaća Kobasica)",https://drycured.com/recepti-baza/ukrajinska-domashnia-kovbasa-domaca-kobasica/,Ukrajina,"Suha kobasica","dimljenje + sušenje + zrenje",4281,4281,0,3623,YES,YES,YES,200,303360,YES,5,OK_PUBLIC_VISIBLE_OR_HAS_MARKERS
2040,draft,"Mađarski Pick Salami (Pick Szalámi)",https://drycured.com/?post_type=dry_recipe&p=2040,Mađarska,Salame,Dimljeno|Fermentirano|Sušeno,0,0,0,6752,NO,NO,NO,,0,,,OK_OR_NOT_CHECKED
2041,draft,"Mađarska Slanina (Szalonna)",https://drycured.com/?post_type=dry_recipe&p=2041,Mađarska,"Pancete i slanine",Sušeno,0,0,0,6225,NO,NO,NO,,0,,,OK_OR_NOT_CHECKED
2042,publish,"BALMOȘ CU SLANINĂ (PALENTA SA SLANINOM)",https://drycured.com/recepti-baza/balmos-cu-slanina-palenta-sa-slaninom/,Hrvatska,"Sušeni dimljeni cijeli komad","dimljenje + sušenje + soljenje/salamurenje",3503,3503,0,4814,YES,YES,YES,200,303285,YES,4,OK_PUBLIC_VISIBLE_OR_HAS_MARKERS
2043,publish,"PFÄLZER SAUMAGEN (FALAČKA SVINJSKA ŽELUDAC-KOBASICA)",https://drycured.com/recepti-baza/pfalzer-saumagen-falacka-svinjska-zeludac-kobasica/,Hrvatska,"Suha kobasica","Sušeno|za kuhanje",4741,4741,0,8906,YES,YES,YES,200,303554,YES,6,OK_PUBLIC_VISIBLE_OR_HAS_MARKERS
2044,private,"NÜRNBERGER BRATWURST (NIRNBERŠKA KOBASICA ZA PEČENJE)",https://drycured.com/?post_type=dry_recipe&p=2044,Hrvatska,"Suha kobasica","Dimljeno|Za pečenje",4572,4572,0,8878,YES,YES,NO,,0,,,OK_OR_NOT_CHECKED
2045,private,"Salata sa Schinkenspeck kobasicama",https://drycured.com/?post_type=dry_recipe&p=2045,Hrvatska,"Suha kobasica","za kuhanje",4395,4395,0,5495,YES,YES,NO,,0,,,OK_OR_NOT_CHECKED
2046,private,"Rinderbeiried sendvič",https://drycured.com/?post_type=dry_recipe&p=2046,Njemačka,"suhomesnati proizvod",,3550,3550,0,5231,YES,YES,NO,,0,,,OK_OR_NOT_CHECKED
2047,publish,"Domaći Bratwurst",https://drycured.com/recepti-baza/domaci-bratwurst/,Njemačka,"Sušeni dimljeni cijeli komad",Sušeno,3704,3704,0,6722,YES,YES,YES,200,302832,YES,2,OK_PUBLIC_VISIBLE_OR_HAS_MARKERS
2048,private,"Domaći Leberwurst (Pašteta od jetre)",https://drycured.com/?post_type=dry_recipe&p=2048,Hrvatska,"kuhana jetrena kobasica ili pašteta","Sušeno|za kuhanje",3531,3531,0,6605,YES,YES,NO,,0,,,OK_OR_NOT_CHECKED
2049,publish,"Hausmacher Mettwurst (Domaća dimljena kobasica za mazanje)",https://drycured.com/recepti-baza/hausmacher-mettwurst-domaca-dimljena-kobasica-za-mazanje/,Njemačka,"Suha kobasica",dimljenje,4079,4079,0,6722,YES,YES,YES,200,303604,YES,6,OK_PUBLIC_VISIBLE_OR_HAS_MARKERS
2050,draft,"Secallona - Tradicionalna Katalonska Sušena Slanina",https://drycured.com/?post_type=dry_recipe&p=2050,Španjolska,"Pancete i slanine",Sušeno,0,0,0,4616,NO,NO,NO,,0,,,OK_OR_NOT_CHECKED
2051,publish,"ŠKOTSKI LORNE SAUSAGE (ČETVRTASTI KOBASIČASTI ODREZAK)",https://drycured.com/recepti-baza/skotski-lorne-sausage-cetvrtasti-kobasicasti-odrezak/,Škotska,"Suha kobasica",Sušeno,4267,4267,0,6914,YES,YES,YES,200,303552,YES,6,OK_PUBLIC_VISIBLE_OR_HAS_MARKERS
2052,publish,"Jamón Ibérico de Bellota - Iberijski Pršut od Žira",https://drycured.com/recepti-baza/jamon-iberico-de-bellota-iberijski-prsut-od-zira/,Španjolska,"Pršut|sušena šunka","sušenje + zrenje + soljenje/salamurenje",3757,3757,0,8247,YES,YES,YES,200,303557,YES,5,OK_PUBLIC_VISIBLE_OR_HAS_MARKERS
2053,publish,"Chorizo de Pamplona - Čorizo iz Pamplone",https://drycured.com/recepti-baza/chorizo-de-pamplona-corizo-iz-pamplone/,Španjolska,"Suha kobasica","fermentacija + sušenje + zrenje",4504,4504,0,5476,YES,YES,YES,200,303265,YES,4,OK_PUBLIC_VISIBLE_OR_HAS_MARKERS
2054,draft,"Sobrasada Mallorquina - Majorška Sobrasada",https://drycured.com/?post_type=dry_recipe&p=2054,Španjolska,Salame,Fermentirano|Sušeno,0,0,0,5406,NO,NO,NO,,0,,,OK_OR_NOT_CHECKED
2055,publish,"Coppa Piacentina - Piacentinska Coppa",https://drycured.com/recepti-baza/coppa-piacentina-piacentinska-coppa/,Italija,"coppa|sušeni svinjski vrat","soljenje + zrenje",3950,3950,0,5027,YES,YES,YES,200,303198,YES,4,OK_PUBLIC_VISIBLE_OR_HAS_MARKERS
2056,publish,"Nduja Calabrese - Kalabrijska Nduja",https://drycured.com/recepti-baza/nduja-calabrese-kalabrijska-nduja/,Italija,"Sušeni dimljeni cijeli komad","fermentacija + sušenje + zrenje",3775,3775,0,5130,YES,YES,YES,200,303132,YES,4,OK_PUBLIC_VISIBLE_OR_HAS_MARKERS
2057,publish,"Bresaola Valtellinese - Valtelinska Bresaola",https://drycured.com/recepti-baza/bresaola-valtellinese-valtelinska-bresaola/,Italija,"Sušeni cijeli komad","soljenje + sušenje + zrenje",3710,3710,0,8106,YES,YES,YES,200,303331,YES,4,OK_PUBLIC_VISIBLE_OR_HAS_MARKERS
2058,publish,"Guanciale Romano - Rimski Guanciale",https://drycured.com/recepti-baza/guanciale-romano-rimski-guanciale/,Hrvatska,"suhomesnati proizvod","sušenje + zrenje",3831,3831,0,5316,YES,YES,YES,200,303176,YES,4,OK_PUBLIC_VISIBLE_OR_HAS_MARKERS
2059,publish,"SALAME MILANO - MILANSKA SALAMA",https://drycured.com/recepti-baza/salame-milano-milanska-salama/,Italija,"suha salama",,4400,4400,0,3474,YES,YES,YES,200,303056,YES,4,OK_PUBLIC_VISIBLE_OR_HAS_MARKERS
2060,publish,"SOPPRESSATA CALABRESE - KALABRIJSKA SOPPRESSATA",https://drycured.com/recepti-baza/soppressata-calabrese-kalabrijska-soppressata/,Hrvatska,"suhomesnati proizvod","sušenje + zrenje",4071,4071,0,3416,YES,YES,YES,200,303360,YES,4,OK_PUBLIC_VISIBLE_OR_HAS_MARKERS
2061,publish,"PROSCIUTTO DI PARMA - PARMSKA ŠUNKA",https://drycured.com/recepti-baza/prosciutto-di-parma-parmska-sunka/,Italija,"sušeni zreli sir","soljenje + dugo zrenje",3344,3344,0,2529,YES,YES,YES,200,303198,YES,4,OK_PUBLIC_VISIBLE_OR_HAS_MARKERS
2062,publish,"PANCETTA ARROTOLATA - ROLANA PANCETA",https://drycured.com/recepti-baza/pancetta-arrotolata-rolana-panceta/,Hrvatska,"Sušeni dimljeni cijeli komad",,3816,3816,0,3151,YES,YES,YES,200,303195,YES,4,OK_PUBLIC_VISIBLE_OR_HAS_MARKERS
2063,publish,"FINOCCHIONA TOSCANA - TOSKANSKA KOBASICA S KOMORAČEM",https://drycured.com/recepti-baza/finocchiona-toscana-toskanska-kobasica-s-komoracem/,Italija,"suha salama","mljevenje + punjenje + fermentacija/zrenje",4344,4344,0,3296,YES,YES,YES,200,303481,YES,5,OK_PUBLIC_VISIBLE_OR_HAS_MARKERS
2064,publish,"COPPA (CAPOCOLLO) - TALIJANSKA VRATINA",https://drycured.com/recepti-baza/coppa-capocollo-talijanska-vratina/,Italija,"suhomesnati proizvod","sušenje + zrenje + soljenje/salamurenje",3766,3766,0,3273,YES,YES,YES,200,352533,YES,4,OK_PUBLIC_VISIBLE_OR_HAS_MARKERS
2065,draft,"Tiroler Speck (Tirolska slanina)",https://drycured.com/?post_type=dry_recipe&p=2065,Austrija,"Pancete i slanine",Dimljeno|Sušeno|Zrelo,0,0,0,4993,NO,NO,NO,,0,,,OK_OR_NOT_CHECKED
2066,draft,"Kärntner Wurzelspeck (Koruška korijenska slanina)",https://drycured.com/?post_type=dry_recipe&p=2066,Austrija,"Pancete i slanine",Dimljeno|Sušeno|Zrelo,0,0,0,5112,NO,NO,NO,,0,,,OK_OR_NOT_CHECKED
2067,draft,"Waldviertler Hirschsalami (Salama od jelena iz Waldviertela)",https://drycured.com/?post_type=dry_recipe&p=2067,Austrija,Salame,Dimljeno|Fermentirano|Sušeno|Zrelo,0,0,0,5743,NO,NO,NO,,0,,,OK_OR_NOT_CHECKED
2068,draft,"SAUCISSON D'ARDENNE (ARDENSKI KULEN)",https://drycured.com/?post_type=dry_recipe&p=2068,Belgija,Salame,Fermentirano,0,0,0,6575,NO,NO,NO,,0,,,OK_OR_NOT_CHECKED
2069,draft,"LARD FUMÉ DE FLANDRE (FLAMANSKO DIMLJENO SALO)",https://drycured.com/?post_type=dry_recipe&p=2069,Belgija,"Pancete i slanine",Dimljeno,0,0,0,6246,NO,NO,NO,,0,,,OK_OR_NOT_CHECKED
2070,draft,"BOUDIN BLANC DE BRUXELLES (BIJELA KRVAVICA IZ BRUXELLESA)",https://drycured.com/?post_type=dry_recipe&p=2070,Belgija,Kobasice,"za kuhanje",0,0,0,6523,NO,NO,NO,,0,,,OK_OR_NOT_CHECKED
2071,draft,"Butifarra Blanca - Tradicionalna Bijela Katalonska Kobasica",https://drycured.com/?post_type=dry_recipe&p=2071,Španjolska,Kobasice,"za kuhanje",0,0,0,4568,NO,NO,NO,,0,,,OK_OR_NOT_CHECKED
2072,publish,"Njeguški pršut",https://drycured.com/recepti-baza/njeguski-prsut/,"Crna Gora","Pršut|sušena šunka",sušenje,3257,3257,0,4959,YES,YES,YES,200,302852,YES,2,OK_PUBLIC_VISIBLE_OR_HAS_MARKERS
2073,private,"Kistanje Začinjena Panceta (Specifični sušeni vrat)",https://drycured.com/?post_type=dry_recipe&p=2073,Hrvatska,"svježa kobasica za pečenje","dimljenje + sušenje",3542,3542,0,4090,YES,YES,NO,,0,,,OK_OR_NOT_CHECKED
2074,private,"Petrovo Polje Začinska Slanina (Specifični začinjeni komad)",https://drycured.com/?post_type=dry_recipe&p=2074,Poljska,"svježa kobasica za pečenje","dimljenje + sušenje",3548,3548,0,4098,YES,YES,NO,,0,,,OK_OR_NOT_CHECKED
2075,publish,"Vrgorački kulen iz zaboravljenih recepata",https://drycured.com/recepti-baza/vrgoracki-kulen-iz-zaboravljenih-recepata/,Hrvatska,"Kulen|trajna fermentirana kobasica","dimljenje + zrenje",3995,3995,0,4065,YES,YES,YES,200,303283,YES,4,OK_PUBLIC_VISIBLE_OR_HAS_MARKERS
2076,publish,"Senjska Morska Panceta ""Bura Intenzitet""",https://drycured.com/recepti-baza/senjska-morska-panceta-bura-intenzitet/,Hrvatska,"Sušeni dimljeni cijeli komad",sušenje,3370,3370,0,5905,YES,YES,YES,200,303290,YES,4,OK_PUBLIC_VISIBLE_OR_HAS_MARKERS
2077,draft,"SAUCISSON SEC D'AUVERGNE",https://drycured.com/?post_type=dry_recipe&p=2077,Francuska,Salame,,0,0,0,6744,NO,NO,NO,,0,,,OK_OR_NOT_CHECKED
2078,publish,"ANDOUILLE DE VIRE",https://drycured.com/recepti-baza/andouille-de-vire/,Hrvatska,"Suha kobasica","dimljenje + sušenje + zrenje",4161,4161,0,6770,YES,YES,YES,200,302821,YES,1,OK_PUBLIC_VISIBLE_OR_HAS_MARKERS
2079,publish,"COPPA CORSE",https://drycured.com/recepti-baza/coppa-corse/,Italija,"suhomesnati proizvod","sušenje + zrenje",3900,3900,0,7030,YES,YES,YES,200,302727,YES,2,OK_PUBLIC_VISIBLE_OR_HAS_MARKERS
2080,publish,"SAUCISSE DE MORTEAU",https://drycured.com/recepti-baza/saucisse-de-morteau/,Francuska,"Suha kobasica","grubo sjeckanje + prirodno crijevo + dimljenje",4163,4163,0,6813,YES,YES,YES,200,302859,YES,2,OK_PUBLIC_VISIBLE_OR_HAS_MARKERS
2081,private,"PÂTÉ DE CAMPAGNE BRETON",https://drycured.com/?post_type=dry_recipe&p=2081,Hrvatska,"suhomesnati proizvod",,4050,4050,0,7405,YES,YES,NO,,0,,,OK_OR_NOT_CHECKED
2082,draft,"Loukaniko (Λουκάνικο)",https://drycured.com/?post_type=dry_recipe&p=2082,Grčka,Kobasice,Sušeno,0,0,0,6591,NO,NO,NO,,0,,,OK_OR_NOT_CHECKED
2083,private,"Gračac Začinjena Panceta (Specifični sušeni vrat)",https://drycured.com/?post_type=dry_recipe&p=2083,Hrvatska,"svježa kobasica za pečenje","dimljenje + sušenje",3508,3508,0,4017,YES,YES,NO,,0,,,OK_OR_NOT_CHECKED
2084,private,"Plitvice Začinska Slanina (Specifični začinjeni komad)",https://drycured.com/?post_type=dry_recipe&p=2084,Hrvatska,"svježa kobasica za pečenje","dimljenje + sušenje",3511,3511,0,4022,YES,YES,NO,,0,,,OK_OR_NOT_CHECKED
2085,draft,"Maltežanska panceta (Pancetta Maltija)",https://drycured.com/?post_type=dry_recipe&p=2085,Malta,"Pancete i slanine",Sušeno,0,0,0,6226,NO,NO,NO,,0,,,OK_OR_NOT_CHECKED
2086,publish,"Prekomurska Slaninska Rolada ""Trnčova""",https://drycured.com/recepti-baza/prekomurska-slaninska-rolada-trncova/,Hrvatska,"Sušeni dimljeni cijeli komad",Dimljeno|Sušeno|Zrelo,3340,3340,0,6587,YES,YES,YES,200,303270,YES,4,OK_PUBLIC_VISIBLE_OR_HAS_MARKERS
2087,private,"Podravska Krvavica",https://drycured.com/?post_type=dry_recipe&p=2087,Hrvatska,"suhomesnati proizvod",Dimljeno|Sušeno,3444,3444,0,4796,YES,YES,NO,,0,,,OK_OR_NOT_CHECKED
2088,publish,"Koprivnička Kulen",https://drycured.com/recepti-baza/koprivnicka-kulen/,Hrvatska,"Kulen|trajna fermentirana kobasica",Dimljeno|Sušeno,3955,3955,0,4121,YES,YES,YES,200,302827,YES,2,OK_PUBLIC_VISIBLE_OR_HAS_MARKERS
2089,publish,"KABANOSY (TANKE SUHE KOBASICE)",https://drycured.com/recepti-baza/kabanosy-tanke-suhe-kobasice/,Poljska,"Suha kobasica","dimljenje + sušenje",4151,4151,0,4164,YES,YES,YES,200,303070,YES,3,OK_PUBLIC_VISIBLE_OR_HAS_MARKERS
2090,private,"KASZANKA (POLJSKA KRVAVICA)",https://drycured.com/?post_type=dry_recipe&p=2090,Poljska,"suhomesnati proizvod",dimljenje,3791,3791,0,5198,YES,YES,NO,,0,,,OK_OR_NOT_CHECKED
2091,private,"Morcela de Assar (Krvavica za Pečenje)",https://drycured.com/?post_type=dry_recipe&p=2091,Hrvatska,"suhomesnati proizvod","dimljenje + sušenje + zrenje",3635,3635,0,6243,YES,YES,NO,,0,,,OK_OR_NOT_CHECKED
2092,publish,"Crikvenička Panceta",https://drycured.com/recepti-baza/crikvenicka-panceta/,Hrvatska,"Sušeni dimljeni cijeli komad",sušenje,3249,3249,0,3585,YES,YES,YES,200,302909,YES,2,OK_PUBLIC_VISIBLE_OR_HAS_MARKERS
2093,publish,"Stara Koprivnička Salama ""Šokačka Priča""",https://drycured.com/recepti-baza/stara-koprivnicka-salama-sokacka-prica/,Hrvatska,"suha salama",Sušeno,4115,4115,0,7173,YES,YES,YES,200,303318,YES,5,OK_PUBLIC_VISIBLE_OR_HAS_MARKERS
2094,publish,"Pitomački ""Divlji Kulen""",https://drycured.com/recepti-baza/pitomacki-divlji-kulen/,Hrvatska,"Kulen|trajna fermentirana kobasica",Dimljeno|Sušeno,3995,3995,0,6784,YES,YES,YES,200,302960,YES,3,OK_PUBLIC_VISIBLE_OR_HAS_MARKERS
2095,draft,"Posebne tehnike i napomene",https://drycured.com/?post_type=dry_recipe&p=2095,Rumunjska,Kobasice,,0,0,0,2499,NO,NO,NO,,0,,,OK_OR_NOT_CHECKED
2096,publish,"SLĂNINĂ AFUMATĂ (Dimljena slanina)",https://drycured.com/recepti-baza/slanina-afumata-dimljena-slanina/,Rumunjska,"Sušeni dimljeni cijeli komad","dimljenje + sušenje",3643,3643,0,6530,YES,YES,YES,200,303208,YES,4,OK_PUBLIC_VISIBLE_OR_HAS_MARKERS
2097,publish,"CHIȘCĂ (Puhana želuca s krvlju)",https://drycured.com/recepti-baza/chisca-puhana-zeluca-s-krvlju/,Hrvatska,"suhomesnati proizvod",,3895,3895,0,7169,YES,YES,YES,200,303115,YES,4,OK_PUBLIC_VISIBLE_OR_HAS_MARKERS
2098,draft,"Novih Ruskih Recepata za Suhomesnate Proizvode",https://drycured.com/?post_type=dry_recipe&p=2098,Rusija,"Pancete i slanine",Sušeno,0,0,0,4216,NO,NO,NO,,0,,,OK_OR_NOT_CHECKED
2099,draft,"Salo (Сало - Slana svinjeća slanina)",https://drycured.com/?post_type=dry_recipe&p=2099,Rusija,"Pancete i slanine",Sušeno,0,0,0,4126,NO,NO,NO,,0,,,OK_OR_NOT_CHECKED
2100,publish,"Miholjačka Začinska Salama",https://drycured.com/recepti-baza/miholjacka-zacinska-salama/,Hrvatska,"suha salama","dimljenje + sušenje",3963,3963,0,5252,YES,YES,YES,200,303016,YES,3,OK_PUBLIC_VISIBLE_OR_HAS_MARKERS
2101,publish,"Vinkovački Slavonski Kulen - Stara obiteljska receptura",https://drycured.com/recepti-baza/vinkovacki-slavonski-kulen-stara-obiteljska-receptura/,Hrvatska,"Kulen|trajna fermentirana kobasica","dimljenje + sušenje",4105,4105,0,5326,YES,YES,YES,200,303534,YES,6,OK_PUBLIC_VISIBLE_OR_HAS_MARKERS
2102,publish,"Slovačka slanina (Slovenská slanina)",https://drycured.com/recepti-baza/slovacka-slanina-slovenska-slanina/,Slovačka,"Sušeni dimljeni cijeli komad","dimljenje + sušenje + soljenje/salamurenje",3485,3485,0,6814,YES,YES,YES,200,303228,YES,4,OK_PUBLIC_VISIBLE_OR_HAS_MARKERS
2103,publish,"Kranjska klobasa (Kranjska kobasica)",https://drycured.com/recepti-baza/kranjska-klobasa-kranjska-kobasica/,Slovenija,"Suha kobasica","mljevenje + punjenje + toplinska obrada/dimljenje prema specifikaciji",4072,4072,0,6466,YES,YES,YES,200,303156,YES,4,OK_PUBLIC_VISIBLE_OR_HAS_MARKERS
2104,publish,"Kraški pršut",https://drycured.com/recepti-baza/kraski-prsut/,Slovenija,"Pršut|sušena šunka","suho soljenje + sušenje + zrenje",3270,3270,0,6153,YES,YES,YES,200,302802,YES,2,OK_PUBLIC_VISIBLE_OR_HAS_MARKERS
2105,draft,"Belokranjska jagenjčara",https://drycured.com/?post_type=dry_recipe&p=2105,Slovenija,Kobasice,Sušeno,0,0,0,6862,NO,NO,NO,,0,,,OK_OR_NOT_CHECKED
2106,publish,"Gorenjska zaseka",https://drycured.com/recepti-baza/gorenjska-zaseka/,Hrvatska,"Sušeni dimljeni cijeli komad",zrenje,3534,3534,0,6511,YES,YES,YES,200,302838,YES,2,OK_PUBLIC_VISIBLE_OR_HAS_MARKERS
2107,publish,"Vipavska panceta",https://drycured.com/recepti-baza/vipavska-panceta/,Slovenija,"Sušeni dimljeni cijeli komad","dimljenje + sušenje + zrenje + soljenje/salamurenje",3704,3704,0,6887,YES,YES,YES,200,302838,YES,2,OK_PUBLIC_VISIBLE_OR_HAS_MARKERS
2108,publish,"Tolminska salama",https://drycured.com/recepti-baza/tolminska-salama/,Hrvatska,"suha salama","fermentacija + dimljenje + sušenje + zrenje",4277,4277,0,6861,YES,YES,YES,200,302794,YES,2,OK_PUBLIC_VISIBLE_OR_HAS_MARKERS
2109,draft,"Recepata za Suhomesnate Proizvode iz Crne Gore - Dokument #1",https://drycured.com/?post_type=dry_recipe&p=2109,"Crna Gora","Pršuti i šunke",Dimljeno,0,0,0,6010,NO,NO,NO,,0,,,OK_OR_NOT_CHECKED
2110,publish,"Crnogorska Slanina (Durmitorska panćeta)",https://drycured.com/recepti-baza/crnogorska-slanina-durmitorska-panceta/,"Crna Gora","Sušeni dimljeni cijeli komad","dimljenje + sušenje",3320,3320,0,5839,YES,YES,YES,200,303286,YES,4,OK_PUBLIC_VISIBLE_OR_HAS_MARKERS
2111,publish,"LANDJÄGER (TRADICIONALNE DIMLJENE KOBASICE)",https://drycured.com/recepti-baza/landjager-tradicionalne-dimljene-kobasice/,Švicarska,"Suha kobasica","dimljenje + sušenje",4138,4138,0,6576,YES,YES,YES,200,303315,YES,4,OK_PUBLIC_VISIBLE_OR_HAS_MARKERS
2112,draft,"NOVIH ŠVICARSKIH RECEPATA ZA SUHOMESNATE PROIZVODE",https://drycured.com/?post_type=dry_recipe&p=2112,Švicarska,Kobasice,,0,0,0,6751,NO,NO,NO,,0,,,OK_OR_NOT_CHECKED
2113,publish,"VACHERIN FRIBOURGEOIS METTWURST (DIMLJENA KOBASICA S ALPSKIM SIROM)",https://drycured.com/recepti-baza/vacherin-fribourgeois-mettwurst-dimljena-kobasica-s-alpskim-sirom/,Švicarska,"Suha kobasica","dimljenje + sušenje",4251,4251,0,6763,YES,YES,YES,200,303753,YES,7,OK_PUBLIC_VISIBLE_OR_HAS_MARKERS
2114,private,"ST. GALLER OLMA-BRATWURST (TELEĆA KOBASICA ZA PEČENJE)",https://drycured.com/?post_type=dry_recipe&p=2114,Švicarska,"Suha kobasica",sušenje,4279,4279,0,6830,YES,YES,NO,,0,,,OK_OR_NOT_CHECKED
2115,publish,"BRESAOLA DELLA VALTELLINA",https://drycured.com/recepti-baza/bresaola-della-valtellina/,Italija,"Sušeni cijeli komad","soljenje + sušenje + zrenje",3511,3511,0,9444,YES,YES,YES,200,302957,YES,3,OK_PUBLIC_VISIBLE_OR_HAS_MARKERS
2116,publish,"COPPA PIACENTINA",https://drycured.com/recepti-baza/coppa-piacentina/,Italija,"coppa|sušeni svinjski vrat","soljenje + zrenje",3777,3777,0,6027,YES,YES,YES,200,302786,YES,2,OK_PUBLIC_VISIBLE_OR_HAS_MARKERS
2117,draft,"Finocchiona Toscana IGP — edukativni profil",https://drycured.com/?post_type=dry_recipe&p=2117,Italija,Salama,Fermentirano|Sušeno|Zrelo,0,0,0,6890,NO,NO,NO,,0,,,OK_OR_NOT_CHECKED
2118,draft,"Mortadella Bologna IGP — edukativni profil",https://drycured.com/?post_type=dry_recipe&p=2118,Italija,Kobasica,Bareno|Kuhano,0,0,0,5834,NO,NO,NO,,0,,,OK_OR_NOT_CHECKED
2119,draft,"Prosciutto di San Daniele DOP — edukativni profil",https://drycured.com/?post_type=dry_recipe&p=2119,Italija,Pršut,Nedimljeno|Sušeno|Zrelo,0,0,0,4591,NO,NO,NO,,0,,,OK_OR_NOT_CHECKED
2120,draft,"Lardo di Colonnata IGP — edukativni profil",https://drycured.com/?post_type=dry_recipe&p=2120,Italija,Slanina,Sušeno|Zrelo,0,0,0,5379,NO,NO,NO,,0,,,OK_OR_NOT_CHECKED
2121,draft,"Chorizo Riojano IGP — edukativni profil",https://drycured.com/?post_type=dry_recipe&p=2121,Španjolska,Kobasica,Fermentirano|Sušeno,0,0,0,5527,NO,NO,NO,,0,,,OK_OR_NOT_CHECKED
2122,draft,"Traditional Cumberland Sausage PGI — edukativni profil",https://drycured.com/?post_type=dry_recipe&p=2122,"Ujedinjeno Kraljevstvo",Kobasica,"Svježe|Za pečenje",0,0,0,6276,NO,NO,NO,,0,,,OK_OR_NOT_CHECKED
2123,draft,"Kabanosy staropolskie TSG — edukativni profil",https://drycured.com/?post_type=dry_recipe&p=2123,Poljska,Kobasica,Dimljeno|Sušeno|Zrelo,0,0,0,5554,NO,NO,NO,,0,,,OK_OR_NOT_CHECKED
2124,draft,"Kraški pršut PGI — edukativni profil",https://drycured.com/?post_type=dry_recipe&p=2124,Slovenija,Pršut,Nedimljeno|Sušeno|Zrelo,0,0,0,4299,NO,NO,NO,,0,,,OK_OR_NOT_CHECKED
2186,draft,"Slavonski kulen / Slavonski kulin — ZOZP",https://drycured.com/?post_type=dry_recipe&p=2186,Hrvatska,Kulen,Dimljeno|Fermentirano|Sušeno|Zrelo,0,0,0,7073,NO,NO,NO,,0,,,OK_OR_NOT_CHECKED
2187,draft,"Slavonska kobasica — ZOZP",https://drycured.com/?post_type=dry_recipe&p=2187,Hrvatska,Kobasica,Dimljeno|Fermentirano|Sušeno,0,0,0,5884,NO,NO,NO,,0,,,OK_OR_NOT_CHECKED
2188,draft,"Slavonska cajna kobasica — tradicijska",https://drycured.com/?post_type=dry_recipe&p=2188,Hrvatska,Kobasica,Dimljeno|Fermentirano|Sušeno,0,0,0,5682,NO,NO,NO,,0,,,OK_OR_NOT_CHECKED
2189,draft,"Slavonska sušena slanina / Slavonski špek",https://drycured.com/?post_type=dry_recipe&p=2189,Hrvatska,Slanina,Dimljeno|Sušeno,0,0,0,5182,NO,NO,NO,,0,,,OK_OR_NOT_CHECKED
2224,draft,"Domaći pršut",https://drycured.com/?post_type=dry_recipe&p=2224,Hrvatska,Kobasica,Dimljeno|Sušeno|Zrelo,0,0,0,4588,NO,NO,NO,,0,,,OK_OR_NOT_CHECKED
2225,draft,"Suha šunka",https://drycured.com/?post_type=dry_recipe&p=2225,Hrvatska,Kobasica,Dimljeno|Sušeno|Zrelo,0,0,0,1172,NO,NO,NO,,0,,,OK_OR_NOT_CHECKED
2226,draft,"Suha lopatica / plećka",https://drycured.com/?post_type=dry_recipe&p=2226,Hrvatska,Kobasica,Dimljeno|Sušeno|Zrelo,0,0,0,1122,NO,NO,NO,,0,,,OK_OR_NOT_CHECKED
2227,draft,"Svinjska rolanka",https://drycured.com/?post_type=dry_recipe&p=2227,Hrvatska,Kobasica,Dimljeno|Sušeno|Zrelo,0,0,0,1211,NO,NO,NO,,0,,,OK_OR_NOT_CHECKED
2228,draft,"Domaća slanina / panceta",https://drycured.com/?post_type=dry_recipe&p=2228,Hrvatska,Kobasica,Dimljeno|Sušeno|Zrelo,0,0,0,1214,NO,NO,NO,,0,,,OK_OR_NOT_CHECKED
2229,draft,"Suha vratina",https://drycured.com/?post_type=dry_recipe&p=2229,Hrvatska,Kobasica,Dimljeno|Sušeno|Zrelo,0,0,0,1316,NO,NO,NO,,0,,,OK_OR_NOT_CHECKED
2230,draft,"Suhi kare / pečenica",https://drycured.com/?post_type=dry_recipe&p=2230,Hrvatska,Kobasica,Dimljeno|Sušeno|Zrelo,0,0,0,1079,NO,NO,NO,,0,,,OK_OR_NOT_CHECKED
2231,draft,"Suha rebra",https://drycured.com/?post_type=dry_recipe&p=2231,Hrvatska,Kobasica,Dimljeno|Sušeno|Zrelo,0,0,0,1022,NO,NO,NO,,0,,,OK_OR_NOT_CHECKED
2232,draft,"Suhe koljenice",https://drycured.com/?post_type=dry_recipe&p=2232,Hrvatska,Kobasica,Dimljeno|Sušeno|Zrelo,0,0,0,1069,NO,NO,NO,,0,,,OK_OR_NOT_CHECKED
2233,draft,"Suhe nogice i rep",https://drycured.com/?post_type=dry_recipe&p=2233,Hrvatska,Kobasica,Dimljeno|Sušeno|Zrelo,0,0,0,1061,NO,NO,NO,,0,,,OK_OR_NOT_CHECKED
2235,draft,"Domaće Svinjske Kobasice",https://drycured.com/?post_type=dry_recipe&p=2235,Hrvatska,Kobasica,Dimljeno|Fermentirano|Sušeno,0,0,0,2247,NO,NO,NO,,0,,,OK_OR_NOT_CHECKED
2236,draft,"Domaće Slaninske Kobasice",https://drycured.com/?post_type=dry_recipe&p=2236,Hrvatska,Kobasica,Dimljeno|Fermentirano|Sušeno,0,0,0,2144,NO,NO,NO,,0,,,OK_OR_NOT_CHECKED
2237,draft,"Slavonske Kobasice",https://drycured.com/?post_type=dry_recipe&p=2237,Hrvatska,Kobasica,Dimljeno|Fermentirano|Sušeno,0,0,0,2186,NO,NO,NO,,0,,,OK_OR_NOT_CHECKED
2238,draft,"Velikogoričke Kobasice",https://drycured.com/?post_type=dry_recipe&p=2238,Hrvatska,Kobasica,Dimljeno|Fermentirano|Sušeno,0,0,0,2314,NO,NO,NO,,0,,,OK_OR_NOT_CHECKED
2239,draft,"Kranjske Kobasice",https://drycured.com/?post_type=dry_recipe&p=2239,Hrvatska,Kobasica,Dimljeno|Fermentirano|Sušeno,0,0,0,2349,NO,NO,NO,,0,,,OK_OR_NOT_CHECKED
2240,draft,"Ratarske Kobasice",https://drycured.com/?post_type=dry_recipe&p=2240,Hrvatska,Kobasica,Dimljeno|Fermentirano|Sušeno,0,0,0,2216,NO,NO,NO,,0,,,OK_OR_NOT_CHECKED
2241,draft,"Turopoljske Kobasice",https://drycured.com/?post_type=dry_recipe&p=2241,Hrvatska,Kobasica,Dimljeno|Fermentirano|Sušeno,0,0,0,2358,NO,NO,NO,,0,,,OK_OR_NOT_CHECKED
2242,draft,"Prokupljanske Kobasice",https://drycured.com/?post_type=dry_recipe&p=2242,Hrvatska,Kobasica,Dimljeno|Fermentirano|Sušeno,0,0,0,2174,NO,NO,NO,,0,,,OK_OR_NOT_CHECKED
2243,draft,"Vinogradarske Kobasice",https://drycured.com/?post_type=dry_recipe&p=2243,Hrvatska,Kobasica,Dimljeno|Fermentirano|Sušeno,0,0,0,2220,NO,NO,NO,,0,,,OK_OR_NOT_CHECKED
2244,draft,"Šestinske Kobasice",https://drycured.com/?post_type=dry_recipe&p=2244,Hrvatska,Kobasica,Dimljeno|Fermentirano|Sušeno,0,0,0,2275,NO,NO,NO,,0,,,OK_OR_NOT_CHECKED
2245,draft,"Gračanske Kobasice",https://drycured.com/?post_type=dry_recipe&p=2245,Hrvatska,Kobasica,Dimljeno|Fermentirano|Sušeno,0,0,0,2338,NO,NO,NO,,0,,,OK_OR_NOT_CHECKED
2246,draft,"Horgoške Kobasice",https://drycured.com/?post_type=dry_recipe&p=2246,Hrvatska,Kobasica,Dimljeno|Fermentirano|Sušeno,0,0,0,2136,NO,NO,NO,,0,,,OK_OR_NOT_CHECKED
2247,draft,"Uskrsne Kobasice",https://drycured.com/?post_type=dry_recipe&p=2247,Hrvatska,Kobasica,Dimljeno|Fermentirano|Sušeno,0,0,0,2284,NO,NO,NO,,0,,,OK_OR_NOT_CHECKED
2248,draft,"Kukuruzne Kobasice",https://drycured.com/?post_type=dry_recipe&p=2248,Hrvatska,Kobasica,Dimljeno|Fermentirano|Sušeno,0,0,0,2473,NO,NO,NO,,0,,,OK_OR_NOT_CHECKED
2249,draft,"Primorske Kobasice",https://drycured.com/?post_type=dry_recipe&p=2249,Hrvatska,Kobasica,Dimljeno|Fermentirano|Sušeno,0,0,0,2148,NO,NO,NO,,0,,,OK_OR_NOT_CHECKED
2250,draft,"Sinjske Kobasice",https://drycured.com/?post_type=dry_recipe&p=2250,Hrvatska,Kobasica,Dimljeno|Fermentirano|Sušeno,0,0,0,2161,NO,NO,NO,,0,,,OK_OR_NOT_CHECKED
2251,draft,"Podravske Kobasice",https://drycured.com/?post_type=dry_recipe&p=2251,Hrvatska,Kobasica,Dimljeno|Fermentirano|Sušeno,0,0,0,2382,NO,NO,NO,,0,,,OK_OR_NOT_CHECKED
2252,draft,"Proljetne Kobasice",https://drycured.com/?post_type=dry_recipe&p=2252,Hrvatska,Kobasica,Dimljeno|Fermentirano|Sušeno,0,0,0,2290,NO,NO,NO,,0,,,OK_OR_NOT_CHECKED
2253,draft,"Ljetne Kobasice",https://drycured.com/?post_type=dry_recipe&p=2253,Hrvatska,Kobasica,Dimljeno|Fermentirano|Sušeno,0,0,0,2358,NO,NO,NO,,0,,,OK_OR_NOT_CHECKED
2254,draft,"Đakovačke Kobasice",https://drycured.com/?post_type=dry_recipe&p=2254,Hrvatska,Kobasica,Dimljeno|Fermentirano|Sušeno,0,0,0,2242,NO,NO,NO,,0,,,OK_OR_NOT_CHECKED
2255,draft,"Ličke Kobasice",https://drycured.com/?post_type=dry_recipe&p=2255,Hrvatska,Kobasica,Dimljeno|Fermentirano|Sušeno,0,0,0,2216,NO,NO,NO,,0,,,OK_OR_NOT_CHECKED
2256,draft,"Istarske Kobasice",https://drycured.com/?post_type=dry_recipe&p=2256,Hrvatska,Kobasica,Dimljeno|Fermentirano|Sušeno,0,0,0,2375,NO,NO,NO,,0,,,OK_OR_NOT_CHECKED
2257,draft,"Pokupske Kobasice",https://drycured.com/?post_type=dry_recipe&p=2257,Hrvatska,Kobasica,Dimljeno|Fermentirano|Sušeno,0,0,0,2134,NO,NO,NO,,0,,,OK_OR_NOT_CHECKED
2258,draft,"Ljute Kobasice",https://drycured.com/?post_type=dry_recipe&p=2258,Hrvatska,Kobasica,Dimljeno|Fermentirano|Sušeno,0,0,0,2334,NO,NO,NO,,0,,,OK_OR_NOT_CHECKED
2259,draft,"Salaške Kobasice",https://drycured.com/?post_type=dry_recipe&p=2259,Hrvatska,Kobasica,Dimljeno|Fermentirano|Sušeno,0,0,0,2239,NO,NO,NO,,0,,,OK_OR_NOT_CHECKED
2260,draft,"Srijemske Kobasice",https://drycured.com/?post_type=dry_recipe&p=2260,Hrvatska,Kobasica,Dimljeno|Fermentirano|Sušeno,0,0,0,2224,NO,NO,NO,,0,,,OK_OR_NOT_CHECKED
2261,draft,"Slatinske Kobasice",https://drycured.com/?post_type=dry_recipe&p=2261,Hrvatska,Kobasica,Dimljeno|Fermentirano|Sušeno,0,0,0,2379,NO,NO,NO,,0,,,OK_OR_NOT_CHECKED
2262,draft,"Kolinjske Kobasice",https://drycured.com/?post_type=dry_recipe&p=2262,Hrvatska,Kobasica,Dimljeno|Fermentirano|Sušeno,0,0,0,2206,NO,NO,NO,,0,,,OK_OR_NOT_CHECKED
2263,draft,"Velebitske Kobasice",https://drycured.com/?post_type=dry_recipe&p=2263,Hrvatska,Kobasica,Dimljeno|Fermentirano|Sušeno,0,0,0,2208,NO,NO,NO,,0,,,OK_OR_NOT_CHECKED
2264,draft,"Pučke Kobasice",https://drycured.com/?post_type=dry_recipe&p=2264,Hrvatska,Kobasica,Dimljeno|Fermentirano|Sušeno,0,0,0,2170,NO,NO,NO,,0,,,OK_OR_NOT_CHECKED
2265,draft,"Domaće Kratke Kobasice",https://drycured.com/?post_type=dry_recipe&p=2265,Hrvatska,Kobasica,Dimljeno|Fermentirano|Sušeno,0,0,0,2302,NO,NO,NO,,0,,,OK_OR_NOT_CHECKED
2266,draft,"Zagorske Kobasice",https://drycured.com/?post_type=dry_recipe&p=2266,Hrvatska,Kobasica,Dimljeno|Fermentirano|Sušeno,0,0,0,2354,NO,NO,NO,,0,,,OK_OR_NOT_CHECKED
2267,draft,"Roštilj Kobasice",https://drycured.com/?post_type=dry_recipe&p=2267,Hrvatska,Kobasica,Dimljeno|Fermentirano|Sušeno,0,0,0,2217,NO,NO,NO,,0,,,OK_OR_NOT_CHECKED
2268,draft,"Seljačke Kobasice",https://drycured.com/?post_type=dry_recipe&p=2268,Hrvatska,Kobasica,Dimljeno|Fermentirano|Sušeno,0,0,0,2283,NO,NO,NO,,0,,,OK_OR_NOT_CHECKED
2269,draft,"Starogradske Kobasice",https://drycured.com/?post_type=dry_recipe&p=2269,Hrvatska,Kobasica,Dimljeno|Fermentirano|Sušeno,0,0,0,2395,NO,NO,NO,,0,,,OK_OR_NOT_CHECKED
2270,draft,"Začinske Kobasice",https://drycured.com/?post_type=dry_recipe&p=2270,Hrvatska,Kobasica,Dimljeno|Fermentirano|Sušeno,0,0,0,2510,NO,NO,NO,,0,,,OK_OR_NOT_CHECKED
2271,draft,"Pivske Kobasice",https://drycured.com/?post_type=dry_recipe&p=2271,Hrvatska,Kobasica,Dimljeno|Fermentirano|Sušeno,0,0,0,2080,NO,NO,NO,,0,,,OK_OR_NOT_CHECKED
2272,draft,"Gurmanske Kobasice",https://drycured.com/?post_type=dry_recipe&p=2272,Hrvatska,Kobasica,Dimljeno|Fermentirano|Sušeno,0,0,0,2157,NO,NO,NO,,0,,,OK_OR_NOT_CHECKED
2273,draft,"Domaći Kulin",https://drycured.com/?post_type=dry_recipe&p=2273,Hrvatska,Kobasica,Dimljeno|Fermentirano|Sušeno,0,0,0,2120,NO,NO,NO,,0,,,OK_OR_NOT_CHECKED
2274,draft,"Kulinova Seka",https://drycured.com/?post_type=dry_recipe&p=2274,Hrvatska,Kobasica,Dimljeno|Fermentirano|Sušeno,0,0,0,2203,NO,NO,NO,,0,,,OK_OR_NOT_CHECKED
2275,draft,"Sinjski Sudžuk",https://drycured.com/?post_type=dry_recipe&p=2275,Hrvatska,Kobasica,Dimljeno|Fermentirano|Sušeno,0,0,0,2107,NO,NO,NO,,0,,,OK_OR_NOT_CHECKED
2276,draft,"Domaća Salama",https://drycured.com/?post_type=dry_recipe&p=2276,Hrvatska,Kobasica,Dimljeno|Fermentirano|Sušeno,0,0,0,2184,NO,NO,NO,,0,,,OK_OR_NOT_CHECKED
2277,draft,"Baranjska Salama",https://drycured.com/?post_type=dry_recipe&p=2277,Hrvatska,Kobasica,Dimljeno|Fermentirano|Sušeno,0,0,0,2115,NO,NO,NO,,0,,,OK_OR_NOT_CHECKED
2278,draft,"Samoborske Češnjovke",https://drycured.com/?post_type=dry_recipe&p=2278,Hrvatska,Kobasica,Dimljeno|Fermentirano|Sušeno,0,0,0,2171,NO,NO,NO,,0,,,OK_OR_NOT_CHECKED
2279,draft,"Domaće Pečenice",https://drycured.com/?post_type=dry_recipe&p=2279,Hrvatska,Kobasica,Dimljeno|Fermentirano|Sušeno,0,0,0,2232,NO,NO,NO,,0,,,OK_OR_NOT_CHECKED
2280,draft,"Goriške Pečenice",https://drycured.com/?post_type=dry_recipe&p=2280,Hrvatska,Kobasica,Dimljeno|Fermentirano|Sušeno,0,0,0,2198,NO,NO,NO,,0,,,OK_OR_NOT_CHECKED
2281,draft,"Obiteljske Pečenice",https://drycured.com/?post_type=dry_recipe&p=2281,Hrvatska,Kobasica,Dimljeno|Fermentirano|Sušeno,0,0,0,2447,NO,NO,NO,,0,,,OK_OR_NOT_CHECKED
2282,draft,"Seoske Pečenice",https://drycured.com/?post_type=dry_recipe&p=2282,Hrvatska,Kobasica,Dimljeno|Fermentirano|Sušeno,0,0,0,2278,NO,NO,NO,,0,,,OK_OR_NOT_CHECKED
2283,draft,"Krepke Pečenice",https://drycured.com/?post_type=dry_recipe&p=2283,Hrvatska,Kobasica,Dimljeno|Fermentirano|Sušeno,0,0,0,2343,NO,NO,NO,,0,,,OK_OR_NOT_CHECKED
2284,draft,"Dijetne Pečenice",https://drycured.com/?post_type=dry_recipe&p=2284,Hrvatska,Kobasica,Dimljeno|Fermentirano|Sušeno,0,0,0,2126,NO,NO,NO,,0,,,OK_OR_NOT_CHECKED
2285,draft,"Alpske Pečenice",https://drycured.com/?post_type=dry_recipe&p=2285,Hrvatska,Kobasica,Dimljeno|Fermentirano|Sušeno,0,0,0,2262,NO,NO,NO,,0,,,OK_OR_NOT_CHECKED
2286,draft,"Domaće Krvavice",https://drycured.com/?post_type=dry_recipe&p=2286,Hrvatska,Kobasica,Dimljeno|Fermentirano|Sušeno,0,0,0,2450,NO,NO,NO,,0,,,OK_OR_NOT_CHECKED
2287,draft,"Zagorske Krvavice",https://drycured.com/?post_type=dry_recipe&p=2287,Hrvatska,Kobasica,Dimljeno|Fermentirano|Sušeno,0,0,0,2396,NO,NO,NO,,0,,,OK_OR_NOT_CHECKED
2288,draft,"Zagrebačke Krvavice",https://drycured.com/?post_type=dry_recipe&p=2288,Hrvatska,Kobasica,Dimljeno|Fermentirano|Sušeno,0,0,0,2520,NO,NO,NO,,0,,,OK_OR_NOT_CHECKED
2289,draft,"Domaće Bijele Krvavice",https://drycured.com/?post_type=dry_recipe&p=2289,Hrvatska,Kobasica,Dimljeno|Fermentirano|Sušeno,0,0,0,2492,NO,NO,NO,,0,,,OK_OR_NOT_CHECKED
2290,draft,"Pikantne Krvavice",https://drycured.com/?post_type=dry_recipe&p=2290,Hrvatska,Kobasica,Dimljeno|Fermentirano|Sušeno,0,0,0,2144,NO,NO,NO,,0,,,OK_OR_NOT_CHECKED
2291,draft,"Dijetne Krvavice",https://drycured.com/?post_type=dry_recipe&p=2291,Hrvatska,Kobasica,Dimljeno|Fermentirano|Sušeno,0,0,0,2379,NO,NO,NO,,0,,,OK_OR_NOT_CHECKED
2292,draft,"Međimurske Crne Čurke",https://drycured.com/?post_type=dry_recipe&p=2292,Hrvatska,Kobasica,Dimljeno|Fermentirano|Sušeno,0,0,0,2337,NO,NO,NO,,0,,,OK_OR_NOT_CHECKED
2293,draft,"Turopoljske Devenice",https://drycured.com/?post_type=dry_recipe&p=2293,Hrvatska,Kobasica,Dimljeno|Fermentirano|Sušeno,0,0,0,2399,NO,NO,NO,,0,,,OK_OR_NOT_CHECKED
2294,draft,"Domaće Tlačenice",https://drycured.com/?post_type=dry_recipe&p=2294,Hrvatska,Kobasica,Dimljeno|Fermentirano|Sušeno,0,0,0,2548,NO,NO,NO,,0,,,OK_OR_NOT_CHECKED
2295,draft,"Domaće Jetrenjače",https://drycured.com/?post_type=dry_recipe&p=2295,Hrvatska,Kobasica,Dimljeno|Fermentirano|Sušeno,0,0,0,2485,NO,NO,NO,,0,,,OK_OR_NOT_CHECKED
2353,publish,"Pastërma (Albansko suho meso)",https://drycured.com/recepti-baza/pasterma-albansko-suho-meso/,Albanija,"Sušeni cijeli komad",soljeno|Sušeno,3504,3504,0,1080,YES,YES,YES,200,304441,YES,2,OK_PUBLIC_VISIBLE_OR_HAS_MARKERS
2354,draft,"Suxhuk (Albanska suha kobasica)",https://drycured.com/?post_type=dry_recipe&p=2354,Albanija,Kobasica,Dimljeno|Sušeno,70,0,0,1278,NO,NO,NO,,0,,,OK_OR_NOT_CHECKED
2355,publish,"Proshuta Shqiptare – albanska pršuta",https://drycured.com/recepti-baza/proshuta-shqiptare-albanska-prsuta/,Albanija,"Pršut|sušena šunka","suho soljeno|Sušeno|zreno",3494,3494,0,1013,YES,YES,YES,200,304621,YES,4,OK_PUBLIC_VISIBLE_OR_HAS_MARKERS
2356,private,"Kackavall i thatë (Albanski suhi sir)",https://drycured.com/?post_type=dry_recipe&p=2356,Albanija,"sušeni zreli sir",soljeno|Sušeno,3341,3341,0,973,YES,YES,NO,,0,,,OK_OR_NOT_CHECKED
2357,draft,"Mish i thatë (Albanska suha janjetina)",https://drycured.com/?post_type=dry_recipe&p=2357,Albanija,Ostalo,Dimljeno|soljeno|Sušeno,78,0,0,1130,NO,NO,NO,,0,,,OK_OR_NOT_CHECKED
2358,draft,"Steirischer Rohschinken (Štajerska sirova šunka)",https://drycured.com/?post_type=dry_recipe&p=2358,Austrija,Šunka,Dimljeno|Sušeno,89,0,0,2868,NO,NO,NO,,0,,,OK_OR_NOT_CHECKED
2359,publish,"Vorarlberger Mostbröckle – vorarlberška dimljena govedina",https://drycured.com/recepti-baza/vorarlberger-mostbrockle-vorarlberska-dimljena-govedina/,Austrija,"Sušeni dimljeni cijeli komad",Dimljeno|soljeno|Sušeno|zreno,3466,3466,0,2550,YES,YES,YES,200,305186,YES,5,OK_PUBLIC_VISIBLE_OR_HAS_MARKERS
2360,draft,"Austrijska Käsekrainer (Kobasica sa sirom)",https://drycured.com/?post_type=dry_recipe&p=2360,Finska,Kobasica,Dimljeno|Kuhano|Sušeno,82,0,0,1568,NO,NO,NO,,0,,,OK_OR_NOT_CHECKED
2361,draft,"Mađarska Gyulai Kolbász (Gyulai kobasica)",https://drycured.com/?post_type=dry_recipe&p=2361,Finska,Kobasica,Dimljeno|Sušeno,82,0,0,1666,NO,NO,NO,,0,,,OK_OR_NOT_CHECKED
2362,draft,"Finska Meetvursti (Suha kobasica)",https://drycured.com/?post_type=dry_recipe&p=2362,Finska,Kobasica,Dimljeno|Fermentirano|Sušeno,72,0,0,1814,NO,NO,NO,,0,,,OK_OR_NOT_CHECKED
2363,draft,"Sastojci za 10 kg mesa:",https://drycured.com/?post_type=dry_recipe&p=2363,Baltik,Ostalo,Sušeno,62,0,0,1581,NO,NO,NO,,0,,,OK_OR_NOT_CHECKED
2364,pending,"Napomena o pripremi masnoće",https://drycured.com/?post_type=dry_recipe&p=2364,,,,67,0,0,658,NO,NO,NO,,0,,,OK_OR_NOT_CHECKED
2365,pending,"Napomena o začinima – tradicionalna norveška mješavina",https://drycured.com/?post_type=dry_recipe&p=2365,,,,86,0,0,696,NO,NO,NO,,0,,,OK_OR_NOT_CHECKED
2366,pending,"? Tradicionalni prijedlozi posluživanja",https://drycured.com/?post_type=dry_recipe&p=2366,,,,79,0,0,670,NO,NO,NO,,0,,,OK_OR_NOT_CHECKED
2367,pending,"Napomena o autentičnoj litavskoj pripremi",https://drycured.com/?post_type=dry_recipe&p=2367,,,,81,0,0,674,NO,NO,NO,,0,,,OK_OR_NOT_CHECKED
2368,pending,"? Litavske tradicije posluživanja",https://drycured.com/?post_type=dry_recipe&p=2368,,,,73,0,0,658,NO,NO,NO,,0,,,OK_OR_NOT_CHECKED
2369,pending,"Napomena o češnjaku – ključnom sastojku",https://drycured.com/?post_type=dry_recipe&p=2369,,,,83,0,0,676,NO,NO,NO,,0,,,OK_OR_NOT_CHECKED
2370,pending,"Napomena o latvijskoj kombinaciji začinskog bilja",https://drycured.com/?post_type=dry_recipe&p=2370,,,,75,0,0,676,NO,NO,NO,,0,,,OK_OR_NOT_CHECKED
2371,pending,"? Tradicionalni latvijski prijedlozi posluživanja",https://drycured.com/?post_type=dry_recipe&p=2371,,,,89,0,0,690,NO,NO,NO,,0,,,OK_OR_NOT_CHECKED
2372,pending,"? Dobar tek! ?",https://drycured.com/?post_type=dry_recipe&p=2372,,,,53,0,0,597,NO,NO,NO,,0,,,OK_OR_NOT_CHECKED
2373,draft,"FILET D'ANVERS (ANTVERPSKI FILE)",https://drycured.com/?post_type=dry_recipe&p=2373,Belgija,Ostalo,Dimljeno|soljeno|Sušeno,71,0,0,1377,NO,NO,NO,,0,,,OK_OR_NOT_CHECKED
2374,draft,"SAUCISSE AU FROMAGE DE HERVE (KOBASICA SA SIROM HERVE)",https://drycured.com/?post_type=dry_recipe&p=2374,Belgija,Kobasica,Fermentirano|Sušeno,93,0,0,1544,NO,NO,NO,,0,,,OK_OR_NOT_CHECKED
2375,draft,"COLLIER FUMÉ DE WALLONIE (DIMLJENI SVINJSKI VRAT IZ VALONIJE)",https://drycured.com/?post_type=dry_recipe&p=2375,Belgija,Ostalo,Dimljeno|soljeno|Sušeno,101,0,0,1643,NO,NO,NO,,0,,,OK_OR_NOT_CHECKED
2376,draft,"JAMBON D'ARDENNE (ARDENSKI PRŠUT)",https://drycured.com/?post_type=dry_recipe&p=2376,Belgija,Pršut,Dimljeno|soljeno|Sušeno,73,0,0,1297,NO,NO,NO,,0,,,OK_OR_NOT_CHECKED
2377,draft,"PÂTÉ GAUMAIS (GAUME PAŠTETA)",https://drycured.com/?post_type=dry_recipe&p=2377,Belgija,Ostalo,Kuhano,70,2451,0,1611,NO,NO,NO,,0,,,OK_OR_NOT_CHECKED
2378,draft,"TÊTE PRESSÉE (PREZVURŠT)",https://drycured.com/?post_type=dry_recipe&p=2378,Belgija,Ostalo,Kuhano,66,0,0,1712,NO,NO,NO,,0,,,OK_OR_NOT_CHECKED
2379,draft,"BOULETTE DE LIÈGE (LIEŠKA MESNA KOBASICA)",https://drycured.com/?post_type=dry_recipe&p=2379,Belgija,Kobasica,Dimljeno|Sušeno,82,0,0,1608,NO,NO,NO,,0,,,OK_OR_NOT_CHECKED
2380,draft,"SAUCISSON D'ARDENNE (ARDENSKI KULEN)",https://drycured.com/?post_type=dry_recipe&p=2380,Belgija,Kulen,Dimljeno|Fermentirano|Sušeno,75,0,0,1537,NO,NO,NO,,0,,,OK_OR_NOT_CHECKED
2381,draft,"Nadenitsa (Наденица)",https://drycured.com/?post_type=dry_recipe&p=2381,Bugarska,Ostalo,Dimljeno|Fermentirano|Sušeno,67,0,0,1390,NO,NO,NO,,0,,,OK_OR_NOT_CHECKED
2382,draft,"Rulopep (Рулопеп)",https://drycured.com/?post_type=dry_recipe&p=2382,Bugarska,Ostalo,Dimljeno|Sušeno,63,0,0,1587,NO,NO,NO,,0,,,OK_OR_NOT_CHECKED
2383,draft,"Banska Kapama (Банска капама)",https://drycured.com/?post_type=dry_recipe&p=2383,Bugarska,Ostalo,Fermentirano|Sušeno,80,0,0,1503,NO,NO,NO,,0,,,OK_OR_NOT_CHECKED
2384,draft,"Katino Meze (Катино мезе)",https://drycured.com/?post_type=dry_recipe&p=2384,Bugarska,Ostalo,Dimljeno|Fermentirano|soljeno|Sušeno,74,0,0,1532,NO,NO,NO,,0,,,OK_OR_NOT_CHECKED
2385,draft,"Drobsarma (Дробсарма)",https://drycured.com/?post_type=dry_recipe&p=2385,Bugarska,Ostalo,Dimljeno|Kuhano|Sušeno,69,0,0,1554,NO,NO,NO,,0,,,OK_OR_NOT_CHECKED
2386,draft,"Maleshevska Babichka (Малешевска бабичка)",https://drycured.com/?post_type=dry_recipe&p=2386,Bugarska,Ostalo,Dimljeno|Sušeno,97,0,0,1614,NO,NO,NO,,0,,,OK_OR_NOT_CHECKED
2387,draft,"Kraishte Pastarma (Краищенска пастърма)",https://drycured.com/?post_type=dry_recipe&p=2387,Bugarska,Ostalo,soljeno|Sušeno,96,0,0,1522,NO,NO,NO,,0,,,OK_OR_NOT_CHECKED
2388,draft,"Strandzhansko Dyado (Странджанско дядо)",https://drycured.com/?post_type=dry_recipe&p=2388,Bugarska,Ostalo,Dimljeno|Fermentirano|Sušeno,94,0,0,1526,NO,NO,NO,,0,,,OK_OR_NOT_CHECKED
2389,draft,"Srednogorska Kaska (Средногорска каска)",https://drycured.com/?post_type=dry_recipe&p=2389,Bugarska,Ostalo,Dimljeno|Kuhano|Sušeno,95,0,0,1589,NO,NO,NO,,0,,,OK_OR_NOT_CHECKED
2390,draft,"Dobrudzhanski Babek (Добруджански бабек)",https://drycured.com/?post_type=dry_recipe&p=2390,Bugarska,Ostalo,Dimljeno|Fermentirano|Kuhano|Sušeno,96,0,0,1724,NO,NO,NO,,0,,,OK_OR_NOT_CHECKED
2391,draft,"Lukanka (Луканка)",https://drycured.com/?post_type=dry_recipe&p=2391,Bugarska,Ostalo,Fermentirano|Sušeno,63,0,0,1192,NO,NO,NO,,0,,,OK_OR_NOT_CHECKED
2392,draft,"Sudjuk (Суджук)",https://drycured.com/?post_type=dry_recipe&p=2392,Bugarska,Ostalo,Dimljeno|Sušeno,60,0,0,1243,NO,NO,NO,,0,,,OK_OR_NOT_CHECKED
2393,draft,"Elena filet (Еленски филе)",https://drycured.com/?post_type=dry_recipe&p=2393,Bugarska,Ostalo,Dimljeno|soljeno|Sušeno,76,0,0,1191,NO,NO,NO,,0,,,OK_OR_NOT_CHECKED
2394,draft,"Pastarma (Пастърма)",https://drycured.com/?post_type=dry_recipe&p=2394,Bugarska,Ostalo,soljeno|Sušeno,66,0,0,1129,NO,NO,NO,,0,,,OK_OR_NOT_CHECKED
2395,draft,"Banski Starec (Бански старец)",https://drycured.com/?post_type=dry_recipe&p=2395,Bugarska,Ostalo,Fermentirano|Sušeno,80,0,0,1377,NO,NO,NO,,0,,,OK_OR_NOT_CHECKED
2396,draft,"Sastojci (za 5 kg kobasica)",https://drycured.com/?post_type=dry_recipe&p=2396,Nepoznato,Kobasica,Kuhano,66,0,0,1490,NO,NO,NO,,0,,,OK_OR_NOT_CHECKED
2397,pending,"Savjeti za posluživanje",https://drycured.com/?post_type=dry_recipe&p=2397,,,,63,0,0,643,NO,NO,NO,,0,,,OK_OR_NOT_CHECKED
2398,publish,"Traditionele Droge Worst (Klasična suha kobasica)",https://drycured.com/recepti-baza/traditionele-droge-worst-klasicna-suha-kobasica/,Hrvatska,"Suha kobasica",sušenje,4004,4004,0,1204,YES,YES,YES,200,305035,YES,5,OK_PUBLIC_VISIBLE_OR_HAS_MARKERS
2399,publish,"Rookworst (Dimljena kobasica)",https://drycured.com/recepti-baza/rookworst-dimljena-kobasica/,Nizozemska,"Suha kobasica","dimljenje + sušenje",3958,3958,0,1166,YES,YES,YES,200,304612,YES,3,OK_PUBLIC_VISIBLE_OR_HAS_MARKERS
2400,pending,"?? GRČKI RECEPTI",https://drycured.com/?post_type=dry_recipe&p=2400,,,,56,0,0,635,NO,NO,NO,,0,,,OK_OR_NOT_CHECKED
2401,pending,"?? ALBANSKI RECEPTI",https://drycured.com/?post_type=dry_recipe&p=2401,,,,58,0,0,642,NO,NO,NO,,0,,,OK_OR_NOT_CHECKED
2402,draft,"Lountza (Λούντζα)",https://drycured.com/?post_type=dry_recipe&p=2402,Cipar,Ostalo,soljeno,63,0,0,2233,NO,NO,NO,,0,,,OK_OR_NOT_CHECKED
2403,draft,"Hiromeri (Χοιρομέρι)",https://drycured.com/?post_type=dry_recipe&p=2403,Cipar,Ostalo,Sušeno,68,0,0,2182,NO,NO,NO,,0,,,OK_OR_NOT_CHECKED
2404,pending,"Tsamarella (Τσαμαρέλλα)",https://drycured.com/?post_type=dry_recipe&p=2404,,,,72,0,0,2217,NO,NO,NO,,0,,,OK_OR_NOT_CHECKED
2405,pending,"Posyrti (Ποσυρτή)",https://drycured.com/?post_type=dry_recipe&p=2405,,,,63,0,0,2166,NO,NO,NO,,0,,,OK_OR_NOT_CHECKED
2406,pending,"Apohtin (Αποχτίν)",https://drycured.com/?post_type=dry_recipe&p=2406,,,,63,0,0,2148,NO,NO,NO,,0,,,OK_OR_NOT_CHECKED
2407,draft,"Lounza (Λούντζα) - Dimljena svinjska potrbušina",https://drycured.com/?post_type=dry_recipe&p=2407,Cipar,Ostalo,Dimljeno|soljeno|Sušeno,94,0,0,1338,NO,NO,NO,,0,,,OK_OR_NOT_CHECKED
2408,draft,"Tsamarella (Τσαμαρέλλα) - Sušena kozletina",https://drycured.com/?post_type=dry_recipe&p=2408,Cipar,Ostalo,soljeno|Sušeno,92,0,0,1219,NO,NO,NO,,0,,,OK_OR_NOT_CHECKED
2409,draft,"Hiromeri (Χοιρομέρι) - Ciparski pršut",https://drycured.com/?post_type=dry_recipe&p=2409,Cipar,Pršut,Kuhano|soljeno|Sušeno,86,0,0,1278,NO,NO,NO,,0,,,OK_OR_NOT_CHECKED
2410,draft,"Apohti (Απόχτι) - Dimljeni svinjski file",https://drycured.com/?post_type=dry_recipe&p=2410,Cipar,Ostalo,Dimljeno|Kuhano|soljeno|Sušeno,85,0,0,1300,NO,NO,NO,,0,,,OK_OR_NOT_CHECKED
2411,draft,"Pastourma (Παστουρμάς) - Ciparski začinjeni sušeni goveđi file",https://drycured.com/?post_type=dry_recipe&p=2411,Cipar,Ostalo,soljeno|Sušeno,114,0,0,1411,NO,NO,NO,,0,,,OK_OR_NOT_CHECKED
2412,draft,"?? GRČKA - Tradicionalni recepti za Loukaniko",https://drycured.com/?post_type=dry_recipe&p=2412,Grčka|Nepoznato,Ostalo,Sušeno,89,0,0,1252,NO,NO,NO,,0,,,OK_OR_NOT_CHECKED
2413,draft,"?? ALBANIJA - Tradicionalni recepti za Salçe",https://drycured.com/?post_type=dry_recipe&p=2413,Albanija|Nepoznato,Ostalo,Sušeno,84,0,0,1124,NO,NO,NO,,0,,,OK_OR_NOT_CHECKED
2414,draft,"?? FRANCUSKA - Tradicionalni recepti za saucisson",https://drycured.com/?post_type=dry_recipe&p=2414,Francuska|Nepoznato,Ostalo,Sušeno,67,0,0,1244,NO,NO,NO,,0,,,OK_OR_NOT_CHECKED
2415,draft,"?? NJEMAČKA - Tradicionalni recepti za Wurst",https://drycured.com/?post_type=dry_recipe&p=2415,Njemačka,Kobasica,Sušeno,84,0,0,1079,NO,NO,NO,,0,,,OK_OR_NOT_CHECKED
2416,draft,"?? ITALIJA - Tradicionalni recepti za salame",https://drycured.com/?post_type=dry_recipe&p=2416,Italija,Salama,Sušeno,83,0,0,1073,NO,NO,NO,,0,,,OK_OR_NOT_CHECKED
2417,draft,"?? PORTUGAL - Tradicionalni recepti za Linguiça",https://drycured.com/?post_type=dry_recipe&p=2417,Portugal,Ostalo,Sušeno,87,0,0,1074,NO,NO,NO,,0,,,OK_OR_NOT_CHECKED
2418,draft,"?? FRANCUSKA - Tradicijski recepti za saucisson (30 recepata)",https://drycured.com/?post_type=dry_recipe&p=2418,Nepoznato,Ostalo,Sušeno,134,0,0,1105,NO,NO,NO,,0,,,OK_OR_NOT_CHECKED
2419,draft,"?? ČEŠKA - Tradicionalni recepti",https://drycured.com/?post_type=dry_recipe&p=2419,Nepoznato,Ostalo,Sušeno,73,0,0,1134,NO,NO,NO,,0,,,OK_OR_NOT_CHECKED
2420,draft,"?? SLOVAČKA - Tradicionalni recepti",https://drycured.com/?post_type=dry_recipe&p=2420,Nepoznato,Ostalo,Sušeno,75,0,0,1100,NO,NO,NO,,0,,,OK_OR_NOT_CHECKED
2421,draft,"?? POLJSKA - Tradicionalni recepti",https://drycured.com/?post_type=dry_recipe&p=2421,Nepoznato,Ostalo,Dimljeno,73,0,0,1061,NO,NO,NO,,0,,,OK_OR_NOT_CHECKED
2422,draft,"?? UKRAJINA - Tradicionalni recepti",https://drycured.com/?post_type=dry_recipe&p=2422,Nepoznato,Ostalo,Sušeno,74,0,0,1057,NO,NO,NO,,0,,,OK_OR_NOT_CHECKED
2423,draft,"?? ŠVEDSKA - Tradicionalni recepti",https://drycured.com/?post_type=dry_recipe&p=2423,Nepoznato,Ostalo,Sušeno,74,0,0,1054,NO,NO,NO,,0,,,OK_OR_NOT_CHECKED
2424,draft,"?? LATVIJA - Tradicionalni recepti",https://drycured.com/?post_type=dry_recipe&p=2424,Nepoznato,Ostalo,Dimljeno,66,0,0,1038,NO,NO,NO,,0,,,OK_OR_NOT_CHECKED
2425,draft,"?? NIZOZEMSKA - Tradicionalni recepti",https://drycured.com/?post_type=dry_recipe&p=2425,Nepoznato,Ostalo,Dimljeno|Sušeno,76,0,0,1206,NO,NO,NO,,0,,,OK_OR_NOT_CHECKED
2426,draft,"?? BELGIJA - Tradicionalni recepti",https://drycured.com/?post_type=dry_recipe&p=2426,Nepoznato,Ostalo,Sušeno,69,0,0,1232,NO,NO,NO,,0,,,OK_OR_NOT_CHECKED
2427,draft,"?? LUKSEMBURG - Tradicionalni recepti",https://drycured.com/?post_type=dry_recipe&p=2427,Nepoznato,Ostalo,Sušeno,76,0,0,969,NO,NO,NO,,0,,,OK_OR_NOT_CHECKED
2428,publish,"Durmitorska kastradina",https://drycured.com/recepti-baza/durmitorska-kastradina/,"Crna Gora","Pršut|sušena šunka",Dimljeno|Sušeno,3504,3504,0,2349,YES,YES,YES,200,304396,YES,2,OK_PUBLIC_VISIBLE_OR_HAS_MARKERS
2429,draft,"Crmničke goveđe pastrve",https://drycured.com/?post_type=dry_recipe&p=2429,"Crna Gora",Ostalo,Dimljeno|Sušeno,64,0,0,2258,NO,NO,NO,,0,,,OK_OR_NOT_CHECKED
2430,publish,"Vasojevićka preukuša",https://drycured.com/recepti-baza/vasojevicka-preukusa/,Hrvatska,"Suha kobasica",sušenje,4092,4092,0,2423,YES,YES,YES,200,304491,YES,2,OK_PUBLIC_VISIBLE_OR_HAS_MARKERS
2431,pending,"Bjelopavlićka bumbar-pita",https://drycured.com/?post_type=dry_recipe&p=2431,,,,65,0,0,2493,NO,NO,NO,,0,,,OK_OR_NOT_CHECKED
2432,publish,"Kučka pršura",https://drycured.com/recepti-baza/kucka-prsura/,Hrvatska,"suhomesnati proizvod",sušenje,3730,3730,0,2426,YES,YES,YES,200,304320,YES,2,OK_PUBLIC_VISIBLE_OR_HAS_MARKERS
2433,private,"Crnogorska pečenica",https://drycured.com/?post_type=dry_recipe&p=2433,"Crna Gora","svježa kobasica za pečenje",sušenje,3605,3605,0,1792,YES,YES,NO,,0,,,OK_OR_NOT_CHECKED
2434,publish,"Crnogorska kobasica",https://drycured.com/recepti-baza/crnogorska-kobasica/,"Crna Gora","Suha kobasica",sušenje,3959,3959,0,2192,YES,YES,YES,200,304437,YES,2,OK_PUBLIC_VISIBLE_OR_HAS_MARKERS
2435,publish,"Crnogorska stelja",https://drycured.com/recepti-baza/crnogorska-stelja/,"Crna Gora","suhomesnati proizvod",sušenje,3453,3453,0,1853,YES,YES,YES,200,304387,YES,2,OK_PUBLIC_VISIBLE_OR_HAS_MARKERS
2436,draft,"Crnogorski suđuk",https://drycured.com/?post_type=dry_recipe&p=2436,"Crna Gora",Ostalo,Sušeno,56,0,0,2094,NO,NO,NO,,0,,,OK_OR_NOT_CHECKED
2437,private,"Drniški Začinjeni Vrat s Planine (Specifični mountainski naresak)",https://drycured.com/?post_type=dry_recipe&p=2437,Hrvatska,"svježa kobasica za pečenje","dimljenje + sušenje",3523,3523,0,1222,YES,YES,NO,,0,,,OK_OR_NOT_CHECKED
2438,private,"Komiški Brudet Narezak",https://drycured.com/?post_type=dry_recipe&p=2438,Hrvatska,"suhomesnati proizvod","dimljenje + sušenje + soljenje/salamurenje",3503,3503,0,1062,YES,YES,NO,,0,,,OK_OR_NOT_CHECKED
2439,private,"Šibenski Vjetrenjak",https://drycured.com/?post_type=dry_recipe&p=2439,Hrvatska,"kuhana jetrena kobasica ili pašteta","dimljenje + sušenje + soljenje/salamurenje",3338,3338,0,1000,YES,YES,NO,,0,,,OK_OR_NOT_CHECKED
2440,publish,"Splitski Maestral Narezak",https://drycured.com/recepti-baza/splitski-maestral-narezak/,Hrvatska,"suhomesnati proizvod","dimljenje + sušenje + soljenje/salamurenje",3485,3485,0,1025,YES,YES,YES,200,304535,YES,3,OK_PUBLIC_VISIBLE_OR_HAS_MARKERS
2441,publish,"Trogirski Zephyr",https://drycured.com/recepti-baza/trogirski-zephyr/,Irska,"suhomesnati proizvod","dimljenje + sušenje + soljenje/salamurenje",3442,3442,0,993,YES,YES,YES,200,304331,YES,2,OK_PUBLIC_VISIBLE_OR_HAS_MARKERS
2442,publish,"Makarski Jugo Narezak",https://drycured.com/recepti-baza/makarski-jugo-narezak/,Hrvatska,"suhomesnati proizvod","dimljenje + sušenje + soljenje/salamurenje",3474,3474,0,1010,YES,YES,YES,200,304427,YES,2,OK_PUBLIC_VISIBLE_OR_HAS_MARKERS
2443,pending,"Pagaški sir (rijetka regionalna varijanta)",https://drycured.com/?post_type=dry_recipe&p=2443,,,,82,0,0,908,NO,NO,NO,,0,,,OK_OR_NOT_CHECKED
2444,draft,"Drniški pršut iz zaleđa (rijetka varijanta)",https://drycured.com/?post_type=dry_recipe&p=2444,Hrvatska,Pršut,Dimljeno|soljeno|Sušeno,85,0,0,913,NO,NO,NO,,0,,,OK_OR_NOT_CHECKED
2445,publish,"Hvarski stolen (zaboravljena delicija)",https://drycured.com/recepti-baza/hvarski-stolen-zaboravljena-delicija/,Hrvatska,"suhomesnati proizvod","dimljenje + sušenje",3461,3461,0,862,YES,YES,YES,200,304775,YES,4,OK_PUBLIC_VISIBLE_OR_HAS_MARKERS
2446,pending,"Šoltanski sir iz duboke tradicije",https://drycured.com/?post_type=dry_recipe&p=2446,,,,73,0,0,856,NO,NO,NO,,0,,,OK_OR_NOT_CHECKED
2447,private,"Leverpostej (Danska pašteta od svinjske jetre)",https://drycured.com/?post_type=dry_recipe&p=2447,Danska,"kuhana jetrena kobasica ili pašteta",Dimljeno,3706,3706,0,3222,YES,YES,NO,,0,,,OK_OR_NOT_CHECKED
2448,draft,"Medisterpølse (Danska svježa začinjena kobasica)",https://drycured.com/?post_type=dry_recipe&p=2448,Danska,Kobasica,Kuhano|Sušeno,90,0,0,2919,NO,NO,NO,,0,,,OK_OR_NOT_CHECKED
2449,publish,"Ribbenssteg (Danska dimljena svinjska rebra)",https://drycured.com/recepti-baza/ribbenssteg-danska-dimljena-svinjska-rebra/,Danska,"suhomesnati proizvod","dimljenje + sušenje + soljenje/salamurenje",3735,3735,0,2949,YES,YES,YES,200,304808,YES,5,OK_PUBLIC_VISIBLE_OR_HAS_MARKERS
2450,publish,"Bayonneskinke (Danska zasoljena i dimljena šunka)",https://drycured.com/recepti-baza/bayonneskinke-danska-zasoljena-i-dimljena-sunka/,Francuska,"Pršut|sušena šunka","dimljenje + sušenje + soljenje/salamurenje",3729,3729,0,3249,YES,YES,YES,200,304893,YES,5,OK_PUBLIC_VISIBLE_OR_HAS_MARKERS
2451,draft,"Blodpølse (Danska krvavica)",https://drycured.com/?post_type=dry_recipe&p=2451,Danska,Krvavica,Kuhano,67,0,0,3267,NO,NO,NO,,0,,,OK_OR_NOT_CHECKED
2452,draft,"Rullepølse (Danska rolana šunka)",https://drycured.com/?post_type=dry_recipe&p=2452,Danska,Šunka,Kuhano|soljeno,73,0,0,2602,NO,NO,NO,,0,,,OK_OR_NOT_CHECKED
2453,draft,"Flæskesteg (Danska pečena svinjetina s hrskavom kožom)",https://drycured.com/?post_type=dry_recipe&p=2453,Danska,Ostalo,soljeno,96,0,0,2596,NO,NO,NO,,0,,,OK_OR_NOT_CHECKED
2454,draft,"Spegepølse (Danska fermentirana kobasica)",https://drycured.com/?post_type=dry_recipe&p=2454,Danska,Kobasica,Fermentirano|Sušeno,81,0,0,3115,NO,NO,NO,,0,,,OK_OR_NOT_CHECKED
2455,private,"Sylte (Danska hladetina od svinjske glave)",https://drycured.com/?post_type=dry_recipe&p=2455,Danska,hladetina|tlačenica,Kuhano,3549,3549,0,3359,YES,YES,NO,,0,,,OK_OR_NOT_CHECKED
2456,publish,"Spegeskinke (Danska sušena šunka)",https://drycured.com/recepti-baza/spegeskinke-danska-susena-sunka/,Danska,"Pršut|sušena šunka","sušenje + soljenje/salamurenje",3551,3551,0,2854,YES,YES,YES,200,304567,YES,4,OK_PUBLIC_VISIBLE_OR_HAS_MARKERS
2457,draft,"Irski spiced beef (Začinjeno sušeno goveđe meso)",https://drycured.com/?post_type=dry_recipe&p=2457,Irska,Ostalo,Kuhano,90,0,0,2791,NO,NO,NO,,0,,,OK_OR_NOT_CHECKED
2458,publish,"Crubeens (Salamurena i dimljena svinjska stopala)",https://drycured.com/recepti-baza/crubeens-salamurena-i-dimljena-svinjska-stopala/,Irska,"suha salama","dimljenje + soljenje/salamurenje",4131,4131,0,2984,YES,YES,YES,200,305061,YES,5,OK_PUBLIC_VISIBLE_OR_HAS_MARKERS
2459,private,"Boiled Ham (Tradicionalna irska kuhana šunka)",https://drycured.com/?post_type=dry_recipe&p=2459,Irska,"Pršut|sušena šunka",soljenje/salamurenje,3506,3506,0,2952,YES,YES,NO,,0,,,OK_OR_NOT_CHECKED
2460,pending,"Westfälischer Schinken s krumpirom u ljusci i hrenom",https://drycured.com/?post_type=dry_recipe&p=2460,,,,92,0,0,1224,NO,NO,NO,,0,,,OK_OR_NOT_CHECKED
2461,pending,"Kasseler pečenka s pireom od jabuka i krupir knedlama",https://drycured.com/?post_type=dry_recipe&p=2461,,,,93,0,0,715,NO,NO,NO,,0,,,OK_OR_NOT_CHECKED
2462,pending,"Leberkäse s prženim jajima i bavarskim röstijem",https://drycured.com/?post_type=dry_recipe&p=2462,,,,89,0,0,1197,NO,NO,NO,,0,,,OK_OR_NOT_CHECKED
2463,pending,"Rogatički Planinsko-Morski Raritet ""Vjetar i More""",https://drycured.com/?post_type=dry_recipe&p=2463,,,,90,0,0,1267,NO,NO,NO,,0,,,OK_OR_NOT_CHECKED
2464,publish,"StarohrvatskiMore-Kopno Salamet (Salama Maritima)",https://drycured.com/recepti-baza/starohrvatskimore-kopno-salamet-salama-maritima/,Italija,"suha salama","fermentacija + sušenje",4075,4075,0,1125,YES,YES,YES,200,305101,YES,5,OK_PUBLIC_VISIBLE_OR_HAS_MARKERS
2465,publish,"Krčki Ovčji Dimljeni Raritet",https://drycured.com/recepti-baza/krcki-ovcji-dimljeni-raritet/,Hrvatska,"suhomesnati proizvod","dimljenje + zrenje",3483,3483,0,1062,YES,YES,YES,200,304599,YES,4,OK_PUBLIC_VISIBLE_OR_HAS_MARKERS
2466,publish,"Kvarnerski Divovski Salamet",https://drycured.com/recepti-baza/kvarnerski-divovski-salamet/,Italija,"suha salama","fermentacija + sušenje",3900,3900,0,1060,YES,YES,YES,200,304625,YES,3,OK_PUBLIC_VISIBLE_OR_HAS_MARKERS
2467,pending,"Istarski Morski Pršut ""Neptunov Dar""",https://drycured.com/?post_type=dry_recipe&p=2467,,,,76,0,0,997,NO,NO,NO,,0,,,OK_OR_NOT_CHECKED
2468,publish,"Lincolnshire kobasica",https://drycured.com/recepti-baza/lincolnshire-kobasica/,Hrvatska,"Suha kobasica",sušenje,4313,4313,0,2910,YES,YES,YES,200,304499,YES,2,OK_PUBLIC_VISIBLE_OR_HAS_MARKERS
2469,private,"Haslet (tradicionalna engleska pašteta od svinjskih iznutrica)",https://drycured.com/?post_type=dry_recipe&p=2469,Hrvatska,"kuhana jetrena kobasica ili pašteta",Kuhano,3995,3995,0,3228,YES,YES,NO,,0,,,OK_OR_NOT_CHECKED
2470,publish,"Bath Chaps (ukiseljene svinjske obrazine)",https://drycured.com/recepti-baza/bath-chaps-ukiseljene-svinjske-obrazine/,Hrvatska,"suhomesnati proizvod","dimljenje + sušenje + soljenje/salamurenje",4044,4044,0,3696,YES,YES,YES,200,304727,YES,4,OK_PUBLIC_VISIBLE_OR_HAS_MARKERS
2471,draft,"Potted Beef (konzervirano goveđe meso)",https://drycured.com/?post_type=dry_recipe&p=2471,Engleska,Ostalo,Kuhano,78,0,0,3116,NO,NO,NO,,0,,,OK_OR_NOT_CHECKED
2472,private,"Oxford Brawn (hladetina od svinjske glave)",https://drycured.com/?post_type=dry_recipe&p=2472,Hrvatska,hladetina|tlačenica,Kuhano,3654,3654,0,3928,YES,YES,NO,,0,,,OK_OR_NOT_CHECKED
2473,pending,"Tradicionalni engleski Black Pudding (krvavica)",https://drycured.com/?post_type=dry_recipe&p=2473,,,,86,0,0,2959,NO,NO,NO,,0,,,OK_OR_NOT_CHECKED
2474,publish,"Tradicionalna engleska šunka (Wiltshire Ham)",https://drycured.com/recepti-baza/tradicionalna-engleska-sunka-wiltshire-ham/,Hrvatska,"Pršut|sušena šunka","dimljenje + sušenje + zrenje + soljenje/salamurenje",3828,3828,0,3088,YES,YES,YES,200,304794,YES,4,OK_PUBLIC_VISIBLE_OR_HAS_MARKERS
2475,draft,"Engleski sušeni goveđi jezik (Potted Ox Tongue)",https://drycured.com/?post_type=dry_recipe&p=2475,Engleska,Ostalo,Kuhano,88,0,0,3068,NO,NO,NO,,0,,,OK_OR_NOT_CHECKED
2476,publish,"Engleski pork pie (svinjetina u tijestu)",https://drycured.com/recepti-baza/engleski-pork-pie-svinjetina-u-tijestu/,Hrvatska,"suhomesnati proizvod",soljenje/salamurenje,4171,4171,0,3800,YES,YES,YES,200,304664,YES,3,OK_PUBLIC_VISIBLE_OR_HAS_MARKERS
2477,private,"Sült (Hladetina od svinjskog mesa)",https://drycured.com/?post_type=dry_recipe&p=2477,Hrvatska,hladetina|tlačenica,Kuhano,3407,3407,0,2742,YES,YES,NO,,0,,,OK_OR_NOT_CHECKED
2478,publish,"Suitsink (Dimljena svinjska šunka)",https://drycured.com/recepti-baza/suitsink-dimljena-svinjska-sunka/,Estonija,"Pršut|sušena šunka","dimljenje + sušenje + soljenje/salamurenje",3528,3528,0,2876,YES,YES,YES,200,304620,YES,4,OK_PUBLIC_VISIBLE_OR_HAS_MARKERS
2479,private,"Verikäkk (Krvavica s ječmom)",https://drycured.com/?post_type=dry_recipe&p=2479,Estonija,"Suha kobasica",Dimljeno|Kuhano,4194,4194,0,3011,YES,YES,NO,,0,,,OK_OR_NOT_CHECKED
2480,publish,"Talleliha (Polutrajno sušena govedina)",https://drycured.com/recepti-baza/talleliha-polutrajno-susena-govedina/,Estonija,"Sušeni dimljeni cijeli komad","sušenje + zrenje + soljenje/salamurenje",3637,3637,0,2571,YES,YES,YES,200,304728,YES,4,OK_PUBLIC_VISIBLE_OR_HAS_MARKERS
2481,publish,"Sealiha õlis (Svinjsko meso u ulju)",https://drycured.com/recepti-baza/sealiha-olis-svinjsko-meso-u-ulju/,Hrvatska,"suhomesnati proizvod","sušenje + zrenje + soljenje/salamurenje",3810,3810,0,3005,YES,YES,YES,200,304563,YES,2,OK_PUBLIC_VISIBLE_OR_HAS_MARKERS
2482,draft,"?? Grčki tradicionalni recept - Loukaniko",https://drycured.com/?post_type=dry_recipe&p=2482,Grčka,Ostalo,Sušeno,81,0,0,1028,NO,NO,NO,,0,,,OK_OR_NOT_CHECKED
2483,draft,"?? Albanski recept - Salçe",https://drycured.com/?post_type=dry_recipe&p=2483,Albanija,Ostalo,Sušeno,66,0,0,932,NO,NO,NO,,0,,,OK_OR_NOT_CHECKED
2484,draft,"?? Nizozemski recept - Droge Worst",https://drycured.com/?post_type=dry_recipe&p=2484,Nizozemska,Ostalo,Sušeno,73,0,0,970,NO,NO,NO,,0,,,OK_OR_NOT_CHECKED
2485,draft,"?? Britanski recept - Cumberland Sausage",https://drycured.com/?post_type=dry_recipe&p=2485,"Ujedinjeno Kraljevstvo",Kobasica,Sušeno,79,0,0,984,NO,NO,NO,,0,,,OK_OR_NOT_CHECKED
2486,draft,"?? Bugarski recept - Lukanka",https://drycured.com/?post_type=dry_recipe&p=2486,Bugarska,Ostalo,Sušeno,67,0,0,935,NO,NO,NO,,0,,,OK_OR_NOT_CHECKED
2487,draft,"?? Rumunjski recept - Salam de Sibiu",https://drycured.com/?post_type=dry_recipe&p=2487,Rumunjska,Ostalo,Sušeno,75,0,0,942,NO,NO,NO,,0,,,OK_OR_NOT_CHECKED
2488,draft,"?? Češki recept - Lovecká Salám",https://drycured.com/?post_type=dry_recipe&p=2488,Češka,Ostalo,Sušeno,74,0,0,948,NO,NO,NO,,0,,,OK_OR_NOT_CHECKED
2489,draft,"?? Slovački recept - Turistická Saláma",https://drycured.com/?post_type=dry_recipe&p=2489,Slovačka,Ostalo,Sušeno,80,0,0,956,NO,NO,NO,,0,,,OK_OR_NOT_CHECKED
2490,draft,"?? Poljski recept - Kiełbasa",https://drycured.com/?post_type=dry_recipe&p=2490,Poljska,Ostalo,Sušeno,68,0,0,924,NO,NO,NO,,0,,,OK_OR_NOT_CHECKED
2491,draft,"?? Ukrajinski recept - Kobasa",https://drycured.com/?post_type=dry_recipe&p=2491,Ukrajina,Ostalo,Sušeno,68,0,0,939,NO,NO,NO,,0,,,OK_OR_NOT_CHECKED
2492,draft,"?? Švedski recept - Tunnbrödsrulle",https://drycured.com/?post_type=dry_recipe&p=2492,Švedska,Ostalo,Sušeno,75,0,0,957,NO,NO,NO,,0,,,OK_OR_NOT_CHECKED
2493,draft,"?? Latvijski recept - Mājas Desa",https://drycured.com/?post_type=dry_recipe&p=2493,Nepoznato,Ostalo,Sušeno,72,0,0,944,NO,NO,NO,,0,,,OK_OR_NOT_CHECKED
2494,pending,"Additional Recommendations:",https://drycured.com/?post_type=dry_recipe&p=2494,,,,66,0,0,652,NO,NO,NO,,0,,,OK_OR_NOT_CHECKED
2495,draft,"?? Talijansko-toskanski recept za salamu (Salame Toscano)",https://drycured.com/?post_type=dry_recipe&p=2495,Italija,Salama,Sušeno,96,0,0,1051,NO,NO,NO,,0,,,OK_OR_NOT_CHECKED
2496,draft,"?? Tradicionalni recept za saucisson sec",https://drycured.com/?post_type=dry_recipe&p=2496,Francuska,Ostalo,Sušeno,79,0,0,989,NO,NO,NO,,0,,,OK_OR_NOT_CHECKED
2497,draft,"?? Portugalski recept za Linguiçu",https://drycured.com/?post_type=dry_recipe&p=2497,Portugal,Ostalo,Sušeno,73,0,0,955,NO,NO,NO,,0,,,OK_OR_NOT_CHECKED
2498,draft,"?? Austrijski recept za Kmetzelsuppe kobasicu",https://drycured.com/?post_type=dry_recipe&p=2498,Austrija,Ostalo,Sušeno,84,0,0,985,NO,NO,NO,,0,,,OK_OR_NOT_CHECKED
2499,pending,"Sigurnosne preporuke:",https://drycured.com/?post_type=dry_recipe&p=2499,,,,60,0,0,660,NO,NO,NO,,0,,,OK_OR_NOT_CHECKED
2500,draft,"Poljska Kiełbasa Lisiecka (Lisiecka Kobasica)",https://drycured.com/?post_type=dry_recipe&p=2500,Poljska,Kobasica,Dimljeno|Fermentirano|Sušeno,85,0,0,1850,NO,NO,NO,,0,,,OK_OR_NOT_CHECKED
2501,publish,"Slovačka Klobása (Slovenská Klobása)",https://drycured.com/recepti-baza/slovacka-klobasa-slovenska-klobasa/,Slovačka,"Suha kobasica","dimljenje + sušenje",4324,4324,0,1610,YES,YES,YES,200,304913,YES,4,OK_PUBLIC_VISIBLE_OR_HAS_MARKERS
2502,draft,"JOULUKINKKU (BOŽIĆNA ŠUNKA)",https://drycured.com/?post_type=dry_recipe&p=2502,Finska,Šunka,Sušeno,69,0,0,3006,NO,NO,NO,,0,,,OK_OR_NOT_CHECKED
2503,publish,"RIIPUTETTU HIRVENLIHA (SUHO-ZRELA JELENOVINA)",https://drycured.com/recepti-baza/riiputettu-hirvenliha-suho-zrela-jelenovina/,Finska,"suhomesnati proizvod","sušenje + zrenje + soljenje/salamurenje",3535,3535,0,2827,YES,YES,YES,200,304919,YES,4,OK_PUBLIC_VISIBLE_OR_HAS_MARKERS
2504,publish,"SAVUSIIKA (DIMLJENI SIIKA - BIJELA RIBA)",https://drycured.com/recepti-baza/savusiika-dimljeni-siika-bijela-riba/,Finska,"dimljena riba","hladno dimljeno",3568,3568,0,2903,YES,YES,YES,200,304649,YES,4,OK_PUBLIC_VISIBLE_OR_HAS_MARKERS
2505,publish,"METSOPAISTI (SUHO-SALAMURENI TETRIJEB)",https://drycured.com/recepti-baza/metsopaisti-suho-salamureni-tetrijeb/,Finska,"suha salama","dimljenje + sušenje + zrenje + soljenje/salamurenje",4003,4003,0,2971,YES,YES,YES,200,304754,YES,3,OK_PUBLIC_VISIBLE_OR_HAS_MARKERS
2506,publish,"LAMPAAN ILMAKUIVATTU KYLKI (ZRAČNO-SUŠENA JANJEĆJA PRSA)",https://drycured.com/recepti-baza/lampaan-ilmakuivattu-kylki-zracno-susena-janjecja-prsa/,Hrvatska,"suhomesnati proizvod","sušenje + zrenje + soljenje/salamurenje",3604,3604,0,2945,YES,YES,YES,200,305198,YES,6,OK_PUBLIC_VISIBLE_OR_HAS_MARKERS
2507,draft,"PALVIKINKKU (DIMLJENA ŠUNKA)",https://drycured.com/?post_type=dry_recipe&p=2507,Finska,Šunka,Dimljeno|Sušeno,68,0,0,2584,NO,NO,NO,,0,,,OK_OR_NOT_CHECKED
2508,publish,"SAVUPORONLIHA (DIMLJENO SOBOVO MESO)",https://drycured.com/recepti-baza/savuporonliha-dimljeno-sobovo-meso/,Finska,"suhomesnati proizvod","dimljenje + sušenje + zrenje + soljenje/salamurenje",3508,3508,0,2545,YES,YES,YES,200,304676,YES,3,OK_PUBLIC_VISIBLE_OR_HAS_MARKERS
2509,pending,"KYLMÄSAVULOHI (HLADNO DIMLJENI LOSOS)",https://drycured.com/?post_type=dry_recipe&p=2509,,,,77,0,0,2578,NO,NO,NO,,0,,,OK_OR_NOT_CHECKED
2510,publish,"ILMAKUIVATTU PORONPAISTI (ZRAČNO-SUŠENI SOBOV BUT)",https://drycured.com/recepti-baza/ilmakuivattu-poronpaisti-zracno-suseni-sobov-but/,Finska,"suhomesnati proizvod","sušenje + soljenje/salamurenje",3540,3540,0,2784,YES,YES,YES,200,305038,YES,5,OK_PUBLIC_VISIBLE_OR_HAS_MARKERS
2511,publish,"GRAAVILOHI (GRAVLAX - FINSKI MARINIRANI LOSOS)",https://drycured.com/recepti-baza/graavilohi-gravlax-finski-marinirani-losos/,Finska,"marinirana/gravirana riba","sol + šećer + hladno odležavanje",3601,3601,0,2339,YES,YES,YES,200,304811,YES,5,OK_PUBLIC_VISIBLE_OR_HAS_MARKERS
2512,draft,"ROSETTE DE LYON",https://drycured.com/?post_type=dry_recipe&p=2512,Francuska,Ostalo,Fermentirano|Sušeno,54,0,0,1453,NO,NO,NO,,0,,,OK_OR_NOT_CHECKED
2513,publish,"LONZO CORSE",https://drycured.com/recepti-baza/lonzo-corse/,Francuska,"suhomesnati proizvod",sušenje,4156,4156,0,1596,YES,YES,YES,200,304209,YES,2,OK_PUBLIC_VISIBLE_OR_HAS_MARKERS
2514,draft,"SAUCISSON SEC D'AUVERGNE",https://drycured.com/?post_type=dry_recipe&p=2514,Francuska,Ostalo,Fermentirano|Sušeno,63,0,0,1372,NO,NO,NO,,0,,,OK_OR_NOT_CHECKED
2515,draft,"Siglino Messinias (Σύγκλινο Μεσσηνίας)",https://drycured.com/?post_type=dry_recipe&p=2515,Grčka,Ostalo,Dimljeno|soljeno,94,0,0,1531,NO,NO,NO,,0,,,OK_OR_NOT_CHECKED
2516,draft,"Tsigarides (Τσιγαρίδες)",https://drycured.com/?post_type=dry_recipe&p=2516,Grčka,Ostalo,Kuhano,72,0,0,1196,NO,NO,NO,,0,,,OK_OR_NOT_CHECKED
2517,draft,"Armatia (Αρματιά)",https://drycured.com/?post_type=dry_recipe&p=2517,Grčka,Ostalo,Dimljeno|Sušeno,63,0,0,1429,NO,NO,NO,,0,,,OK_OR_NOT_CHECKED
2518,draft,"Pihti (Πηχτή)",https://drycured.com/?post_type=dry_recipe&p=2518,Grčka,Ostalo,Kuhano|Sušeno,57,0,0,1454,NO,NO,NO,,0,,,OK_OR_NOT_CHECKED
2519,draft,"Kavourmas (Καβουρμάς)",https://drycured.com/?post_type=dry_recipe&p=2519,Grčka,Ostalo,Kuhano,69,0,0,1430,NO,NO,NO,,0,,,OK_OR_NOT_CHECKED
2520,draft,"Pastourmas (Παστουρμάς)",https://drycured.com/?post_type=dry_recipe&p=2520,Grčka,Ostalo,Sušeno,72,0,0,1260,NO,NO,NO,,0,,,OK_OR_NOT_CHECKED
2521,draft,"Apaki (Απάκι)",https://drycured.com/?post_type=dry_recipe&p=2521,Grčka,Ostalo,Dimljeno|soljeno,57,0,0,1254,NO,NO,NO,,0,,,OK_OR_NOT_CHECKED
2522,draft,"Noumboulo (Νούμπουλο)",https://drycured.com/?post_type=dry_recipe&p=2522,Grčka,Ostalo,Dimljeno|Sušeno,69,0,0,1267,NO,NO,NO,,0,,,OK_OR_NOT_CHECKED
2523,draft,"Syglino (Σύγκλινο)",https://drycured.com/?post_type=dry_recipe&p=2523,Grčka,Ostalo,Dimljeno|Kuhano|soljeno,65,0,0,1414,NO,NO,NO,,0,,,OK_OR_NOT_CHECKED
2524,draft,"Skirts and Kidneys (Tradicionalna irska marinirana goveđa dijafragma)",https://drycured.com/?post_type=dry_recipe&p=2524,Irska,Ostalo,Dimljeno|soljeno|Sušeno,109,0,0,3476,NO,NO,NO,,0,,,OK_OR_NOT_CHECKED
2525,publish,"Dulse and Yellowman Bacon (Slanina s morskom travom)",https://drycured.com/recepti-baza/dulse-and-yellowman-bacon-slanina-s-morskom-travom/,Irska,"Sušeni dimljeni cijeli komad","dimljenje + sušenje + soljenje/salamurenje",3578,3578,0,3082,YES,YES,YES,200,304884,YES,6,OK_PUBLIC_VISIBLE_OR_HAS_MARKERS
2526,publish,"Caillín Báin (Bieli spek - Irska verzija slanine sa začinima)",https://drycured.com/recepti-baza/caillin-bain-bieli-spek-irska-verzija-slanine-sa-zacinima/,Irska,"suhomesnati proizvod","sušenje + soljenje/salamurenje",3800,3800,0,3178,YES,YES,YES,200,305090,YES,6,OK_PUBLIC_VISIBLE_OR_HAS_MARKERS
2527,publish,"Marrowbone Roll (Rolana kobasica s koštanom srži)",https://drycured.com/recepti-baza/marrowbone-roll-rolana-kobasica-s-kostanom-srzi/,Hrvatska,"Suha kobasica",Kuhano,4217,4217,0,3660,YES,YES,YES,200,305041,YES,4,OK_PUBLIC_VISIBLE_OR_HAS_MARKERS
2528,private,"Fadge Pudding (Krumpirovo-krvna kobasica)",https://drycured.com/?post_type=dry_recipe&p=2528,Irska,"Suha kobasica",Kuhano,4358,4358,0,3892,YES,YES,NO,,0,,,OK_OR_NOT_CHECKED
2529,publish,"Irski soljena govedina (Corned Beef)",https://drycured.com/recepti-baza/irski-soljena-govedina-corned-beef/,Irska,"Sušeni dimljeni cijeli komad",soljenje/salamurenje,3501,3501,0,2432,YES,YES,YES,200,304520,YES,4,OK_PUBLIC_VISIBLE_OR_HAS_MARKERS
2530,publish,"Irska šunka u pivu (Beer-Cured Ham)",https://drycured.com/recepti-baza/irska-sunka-u-pivu-beer-cured-ham/,Hrvatska,"Pršut|sušena šunka",soljenje/salamurenje,3557,3557,0,2591,YES,YES,YES,200,304507,YES,3,OK_PUBLIC_VISIBLE_OR_HAS_MARKERS
2531,private,"Slátur (Islandska krvavica)",https://drycured.com/?post_type=dry_recipe&p=2531,Island,"Suha kobasica",sušenje,4115,4115,0,1387,YES,YES,NO,,0,,,OK_OR_NOT_CHECKED
2532,draft,"Svið (Dimljena janjeća glava)",https://drycured.com/?post_type=dry_recipe&p=2532,Island,Ostalo,Dimljeno|soljeno|Sušeno,70,0,0,1064,NO,NO,NO,,0,,,OK_OR_NOT_CHECKED
2533,publish,"Bjúgu (Islandska dimljena kobasica)",https://drycured.com/recepti-baza/bjugu-islandska-dimljena-kobasica/,Island,"Suha kobasica","dimljenje + sušenje",4144,4144,0,1410,YES,YES,YES,200,304830,YES,4,OK_PUBLIC_VISIBLE_OR_HAS_MARKERS
2534,draft,"Torfær​ður Lambahryggur (Zakopana janjeća leđa)",https://drycured.com/?post_type=dry_recipe&p=2534,Island,Ostalo,Fermentirano|Sušeno,92,0,0,1262,NO,NO,NO,,0,,,OK_OR_NOT_CHECKED
2535,pending,"Selshreifar (Sušeni tuljanovi peraji)",https://drycured.com/?post_type=dry_recipe&p=2535,,,,77,0,0,1281,NO,NO,NO,,0,,,OK_OR_NOT_CHECKED
2536,pending,"Hákarlasullur (Fermentirani trbuh grenlandskog morskog psa)",https://drycured.com/?post_type=dry_recipe&p=2536,,,,99,0,0,1091,NO,NO,NO,,0,,,OK_OR_NOT_CHECKED
2537,pending,"Gellur (Sušeni riblji jezici)",https://drycured.com/?post_type=dry_recipe&p=2537,,,,69,0,0,1193,NO,NO,NO,,0,,,OK_OR_NOT_CHECKED
2538,pending,"Súrsaðir Hrútspungar Með Lyngi (Fermentirani ovnovski testisi s vrijeskom)",https://drycured.com/?post_type=dry_recipe&p=2538,,,,117,0,0,1363,NO,NO,NO,,0,,,OK_OR_NOT_CHECKED
2539,draft,"Sviðasulta (Želatinizirano janjeće meso s glave)",https://drycured.com/?post_type=dry_recipe&p=2539,Island,Ostalo,Dimljeno|Kuhano,90,0,0,1419,NO,NO,NO,,0,,,OK_OR_NOT_CHECKED
2540,publish,"Hrútspungar (Prešana janjeća muda)",https://drycured.com/recepti-baza/hrutspungar-presana-janjeca-muda/,Hrvatska,"suhomesnati proizvod",Kuhano|soljeno,3601,3601,0,1075,YES,YES,YES,200,304769,YES,3,OK_PUBLIC_VISIBLE_OR_HAS_MARKERS
2541,pending,"Harðfiskur (Sušeni oslić)",https://drycured.com/?post_type=dry_recipe&p=2541,,,,67,0,0,773,NO,NO,NO,,0,,,OK_OR_NOT_CHECKED
2542,pending,"Kæstur Hákarl (Fermentirano meso grenlandskog morskog psa)",https://drycured.com/?post_type=dry_recipe&p=2542,,,,99,0,0,723,NO,NO,NO,,0,,,OK_OR_NOT_CHECKED
2543,publish,"Lundabaggar (Dimljena prskalina od janjetine)",https://drycured.com/recepti-baza/lundabaggar-dimljena-prskalina-od-janjetine/,Hrvatska,"suhomesnati proizvod","dimljenje + sušenje",3653,3653,0,1171,YES,YES,YES,200,304835,YES,4,OK_PUBLIC_VISIBLE_OR_HAS_MARKERS
2544,publish,"Moldavska Cârnaţi de Oaie (Kobasica od Ovčetine)",https://drycured.com/recepti-baza/moldavska-carnati-de-oaie-kobasica-od-ovcetine/,Moldavija,"Suha kobasica","dimljenje + sušenje + zrenje",4463,4463,0,1782,YES,YES,YES,200,305072,YES,4,OK_PUBLIC_VISIBLE_OR_HAS_MARKERS
2545,publish,"Estonska Suitsusink (Dimljena Šunka)",https://drycured.com/recepti-baza/estonska-suitsusink-dimljena-sunka/,Estonija,"Pršut|sušena šunka","dimljenje + sušenje + zrenje + soljenje/salamurenje",3631,3631,0,1562,YES,YES,YES,200,304630,YES,4,OK_PUBLIC_VISIBLE_OR_HAS_MARKERS
2546,publish,"Sudžuk (Sudžuk Kosovar)",https://drycured.com/recepti-baza/sudzuk-sudzuk-kosovar/,Kosovo,"Suha kobasica","fermentacija + sušenje",4067,4067,0,1249,YES,YES,YES,200,304490,YES,3,OK_PUBLIC_VISIBLE_OR_HAS_MARKERS
2547,draft,"Pršuta e Kosovës (Kosovska pršuta)",https://drycured.com/?post_type=dry_recipe&p=2547,Kosovo,Pršut,soljeno|Sušeno,76,0,0,1059,NO,NO,NO,,0,,,OK_OR_NOT_CHECKED
2548,draft,"Llokum Kosove (Kosovski delikates)",https://drycured.com/?post_type=dry_recipe&p=2548,Kosovo,Ostalo,Fermentirano|Sušeno,73,0,0,1326,NO,NO,NO,,0,,,OK_OR_NOT_CHECKED
2549,publish,"Suxhuk me Spec (Sudžuk s paprikom)",https://drycured.com/recepti-baza/suxhuk-me-spec-sudzuk-s-paprikom/,Hrvatska,"Suha kobasica",sušenje,4076,4076,0,1300,YES,YES,YES,200,304552,YES,3,OK_PUBLIC_VISIBLE_OR_HAS_MARKERS
2550,private,"Gospićki Vjetromet (Specifični mesni naresak)",https://drycured.com/?post_type=dry_recipe&p=2550,Hrvatska,"svježa kobasica za pečenje","dimljenje + sušenje",3535,3535,0,1219,YES,YES,NO,,0,,,OK_OR_NOT_CHECKED
2551,private,"Senj Začinski Vrat (Specifični nasoljavani vrat)",https://drycured.com/?post_type=dry_recipe&p=2551,Hrvatska,"svježa kobasica za pečenje","dimljenje + sušenje",3528,3528,0,1092,YES,YES,NO,,0,,,OK_OR_NOT_CHECKED
2552,publish,"Otočac Začinski Vrat s Planine (Mountainski naresak)",https://drycured.com/recepti-baza/otocac-zacinski-vrat-s-planine-mountainski-naresak/,Hrvatska,"suhomesnati proizvod","dimljenje + sušenje",3541,3541,0,1145,YES,YES,YES,200,352598,YES,5,OK_PUBLIC_VISIBLE_OR_HAS_MARKERS
2553,publish,"Skilandis (litavska dimljena kobasica)",https://drycured.com/recepti-baza/skilandis-litavska-dimljena-kobasica/,Litva,"Suha kobasica","punjenje + dimljenje/sušenje/zrenje",4381,4381,0,2813,YES,YES,YES,200,304815,YES,4,OK_PUBLIC_VISIBLE_OR_HAS_MARKERS
2554,publish,"Kindziukas (litavska dimljena šunka)",https://drycured.com/recepti-baza/kindziukas-litavska-dimljena-sunka/,Litva,"Pršut|sušena šunka","dimljenje + sušenje + soljenje/salamurenje",3691,3691,0,2625,YES,YES,YES,200,304606,YES,4,OK_PUBLIC_VISIBLE_OR_HAS_MARKERS
2555,publish,"Lašiniai (litavska slanina)",https://drycured.com/recepti-baza/lasiniai-litavska-slanina/,Litva,"Sušeni dimljeni cijeli komad","dimljenje + sušenje + soljenje/salamurenje",3470,3470,0,2632,YES,YES,YES,200,304419,YES,3,OK_PUBLIC_VISIBLE_OR_HAS_MARKERS
2556,publish,"Vytinta dešra (litavska suha kobasica)",https://drycured.com/recepti-baza/vytinta-desra-litavska-suha-kobasica/,Litva,"Suha kobasica","fermentacija + dimljenje + sušenje",4361,4361,0,2868,YES,YES,YES,200,304761,YES,4,OK_PUBLIC_VISIBLE_OR_HAS_MARKERS
2557,publish,"Rūkyti lašišos (dimljen losos na litavski način)",https://drycured.com/recepti-baza/rukyti-lasisos-dimljen-losos-na-litavski-nacin/,Litva,"dimljena riba","dimljenje + soljenje",3683,3683,0,2773,YES,YES,YES,200,304928,YES,6,OK_PUBLIC_VISIBLE_OR_HAS_MARKERS
2558,publish,"Pounje Planinski Vrtlog",https://drycured.com/recepti-baza/pounje-planinski-vrtlog/,Hrvatska,"suhomesnati proizvod","dimljenje + sušenje + soljenje/salamurenje",3529,3529,0,1063,YES,YES,YES,200,304391,YES,3,OK_PUBLIC_VISIBLE_OR_HAS_MARKERS
2559,private,"Gackanski Vjetrenjak",https://drycured.com/?post_type=dry_recipe&p=2559,Hrvatska|Nepoznato,"kuhana jetrena kobasica ili pašteta","dimljenje + sušenje + soljenje/salamurenje",3339,3339,0,1001,YES,YES,NO,,0,,,OK_OR_NOT_CHECKED
2560,publish,"Drežnički Šušanj",https://drycured.com/recepti-baza/dreznicki-susanj/,Hrvatska|Nepoznato,"suhomesnati proizvod","dimljenje + sušenje + soljenje/salamurenje",3481,3481,0,1014,YES,YES,YES,200,304467,YES,2,OK_PUBLIC_VISIBLE_OR_HAS_MARKERS
2561,publish,"Gospićki Vjetar",https://drycured.com/recepti-baza/gospicki-vjetar/,Mađarska,"suhomesnati proizvod","dimljenje + sušenje + soljenje/salamurenje",3451,3451,0,975,YES,YES,YES,200,304367,YES,2,OK_PUBLIC_VISIBLE_OR_HAS_MARKERS
2562,pending,"Lički Planinarski Navršak",https://drycured.com/?post_type=dry_recipe&p=2562,,,,66,0,0,1017,NO,NO,NO,,0,,,OK_OR_NOT_CHECKED
2563,publish,"Maltežanska kobasica (Zalzett Malti)",https://drycured.com/recepti-baza/maltezanska-kobasica-zalzett-malti/,Malta,"Suha kobasica",sušenje,4000,4000,0,1219,YES,YES,YES,200,304784,YES,4,OK_PUBLIC_VISIBLE_OR_HAS_MARKERS
2564,publish,"Maltežanski pršut (Prosciutto Malti)",https://drycured.com/recepti-baza/maltezanski-prsut-prosciutto-malti/,Malta,"Pršut|sušena šunka","sušenje + zrenje + soljenje/salamurenje",3502,3502,0,1379,YES,YES,YES,200,304640,YES,4,OK_PUBLIC_VISIBLE_OR_HAS_MARKERS
2565,publish,"Maltežanska suha govedina (Carne Secca Maltija)",https://drycured.com/recepti-baza/maltezanska-suha-govedina-carne-secca-maltija/,Malta,"Sušeni dimljeni cijeli komad","sušenje + soljenje/salamurenje",3469,3469,0,1308,YES,YES,YES,200,304807,YES,5,OK_PUBLIC_VISIBLE_OR_HAS_MARKERS
2566,pending,"Maltežanski sušeni ovčji sir (Ġbejna Mnixxfa)",https://drycured.com/?post_type=dry_recipe&p=2566,,,,88,0,0,1209,NO,NO,NO,,0,,,OK_OR_NOT_CHECKED
2567,draft,"Mađarska Kobasica (Kolbász)",https://drycured.com/?post_type=dry_recipe&p=2567,Mađarska,Kobasica,Dimljeno,68,0,0,2538,NO,NO,NO,,0,,,OK_OR_NOT_CHECKED
2568,draft,"Mađarska Dimljena Šunka (Füstölt Sonka)",https://drycured.com/?post_type=dry_recipe&p=2568,Mađarska,Šunka,Dimljeno|soljeno|Sušeno,82,0,0,2575,NO,NO,NO,,0,,,OK_OR_NOT_CHECKED
2569,draft,"Mađarski Dimljeni Jezik (Füstölt Nyelv)",https://drycured.com/?post_type=dry_recipe&p=2569,Mađarska,Ostalo,Dimljeno|Kuhano,81,0,0,2434,NO,NO,NO,,0,,,OK_OR_NOT_CHECKED
2570,private,"Štruki od Svetog Martina - Specifična Vrste Kobasice",https://drycured.com/?post_type=dry_recipe&p=2570,Hrvatska,"svježa kobasica za pečenje",Dimljeno|Sušeno,3562,3562,0,1155,YES,YES,NO,,0,,,OK_OR_NOT_CHECKED
2571,publish,"Zaprešićki Vrganjevi Narezak",https://drycured.com/recepti-baza/zapresicki-vrganjevi-narezak/,Hrvatska,"suhomesnati proizvod",Sušeno,3530,3530,0,980,YES,YES,YES,200,304684,YES,3,OK_PUBLIC_VISIBLE_OR_HAS_MARKERS
2572,publish,"Medžimurski Divljač Narezak",https://drycured.com/recepti-baza/medzimurski-divljac-narezak/,Hrvatska,"suhomesnati proizvod",Sušeno,3513,3513,0,982,YES,YES,YES,200,304652,YES,3,OK_PUBLIC_VISIBLE_OR_HAS_MARKERS
2573,publish,"Gornjomurečki Začinski Narezak",https://drycured.com/recepti-baza/gornjomurecki-zacinski-narezak/,Hrvatska,"suhomesnati proizvod",Sušeno,3492,3492,0,1027,YES,YES,YES,200,304697,YES,3,OK_PUBLIC_VISIBLE_OR_HAS_MARKERS
2574,publish,"ȘUNCĂ AFUMATĂ (DIMLJENA ŠUNKA)",https://drycured.com/recepti-baza/sunca-afumata-dimljena-sunka/,Moldavija,"Pršut|sušena šunka","dimljenje + sušenje + soljenje/salamurenje",3396,3396,0,2447,YES,YES,YES,200,304614,YES,4,OK_PUBLIC_VISIBLE_OR_HAS_MARKERS
2575,publish,"PASTRAMĂ DE OAIE (OVČJA PASTRAMA)",https://drycured.com/recepti-baza/pastrama-de-oaie-ovcja-pastrama/,Hrvatska,"suhomesnati proizvod","dimljenje + sušenje + soljenje/salamurenje",3659,3659,0,2825,YES,YES,YES,200,304579,YES,3,OK_PUBLIC_VISIBLE_OR_HAS_MARKERS
2576,publish,"CÂRNAȚ AFUMAT (DIMLJENE KOBASICE)",https://drycured.com/recepti-baza/carnat-afumat-dimljene-kobasice/,Rumunjska,"Suha kobasica","dimljenje + sušenje + zrenje",4263,4263,0,3165,YES,YES,YES,200,304769,YES,4,OK_PUBLIC_VISIBLE_OR_HAS_MARKERS
2577,publish,"Droge Worst (Suha kobasica)",https://drycured.com/recepti-baza/droge-worst-suha-kobasica/,Nizozemska,"Suha kobasica","fermentacija + sušenje",4064,4064,0,2416,YES,YES,YES,200,304534,YES,3,OK_PUBLIC_VISIBLE_OR_HAS_MARKERS
2578,private,"Leverworst (Jetrena pašteta)",https://drycured.com/?post_type=dry_recipe&p=2578,Hrvatska,"kuhana jetrena kobasica ili pašteta",Kuhano,3538,3538,0,2444,YES,YES,NO,,0,,,OK_OR_NOT_CHECKED
2579,publish,"Spekdikken (Slanina s medom)",https://drycured.com/recepti-baza/spekdikken-slanina-s-medom/,Nizozemska,"Sušeni dimljeni cijeli komad","dimljenje + sušenje + soljenje/salamurenje",3442,3442,0,2371,YES,YES,YES,200,304424,YES,3,OK_PUBLIC_VISIBLE_OR_HAS_MARKERS
2580,draft,"Ossenworst (Goveđa sirova kobasica)",https://drycured.com/?post_type=dry_recipe&p=2580,Nizozemska,Kobasica,Sušeno,75,0,0,2347,NO,NO,NO,,0,,,OK_OR_NOT_CHECKED
2581,pending,"MOSTBRÖCKLI (ALPSKA SUŠENA GOVEDINA)",https://drycured.com/?post_type=dry_recipe&p=2581,,,,77,0,0,908,NO,NO,NO,,0,,,OK_OR_NOT_CHECKED
2582,pending,"HOLSTEINER KATENSCHINKEN (HOLŠTAJNSKA DIMLJENA ŠUNKA)",https://drycured.com/?post_type=dry_recipe&p=2582,,,,94,0,0,755,NO,NO,NO,,0,,,OK_OR_NOT_CHECKED
2583,pending,"WESTFÄLISCHER KNOCHENSCHINKEN (VESTFALSKA ŠUNKA S KOSTI)",https://drycured.com/?post_type=dry_recipe&p=2583,,,,97,0,0,804,NO,NO,NO,,0,,,OK_OR_NOT_CHECKED
2584,pending,"Schwarzwaldska šunka s kiselim kupusom i krumpirom",https://drycured.com/?post_type=dry_recipe&p=2584,,,,90,0,0,1324,NO,NO,NO,,0,,,OK_OR_NOT_CHECKED
2585,pending,"Leichter Karreeschinken s povrćem u eintopfu",https://drycured.com/?post_type=dry_recipe&p=2585,,,,84,0,0,1545,NO,NO,NO,,0,,,OK_OR_NOT_CHECKED
2586,pending,"Scharfe Edelrohwurst s povrćem na žaru",https://drycured.com/?post_type=dry_recipe&p=2586,,,,79,0,0,1451,NO,NO,NO,,0,,,OK_OR_NOT_CHECKED
2587,publish,"VOSSAKORV (TRADICIONALNA DIMLJENA KOBASICA IZ VOSSA)",https://drycured.com/recepti-baza/vossakorv-tradicionalna-dimljena-kobasica-iz-vossa/,Hrvatska,"Suha kobasica",dimljenje,4413,4413,0,1504,YES,YES,YES,200,305163,YES,5,OK_PUBLIC_VISIBLE_OR_HAS_MARKERS
2588,pending,"RAKFISK (FERMENTIRANI SLATKOVODNI LOSOS)",https://drycured.com/?post_type=dry_recipe&p=2588,,,,79,0,0,1098,NO,NO,NO,,0,,,OK_OR_NOT_CHECKED
2589,publish,"SPEKELÅR (SUŠENA I DIMLJENA JELEN/SRNETINA)",https://drycured.com/recepti-baza/spekelar-susena-i-dimljena-jelen-srnetina/,Hrvatska,"suhomesnati proizvod","dimljenje + sušenje + soljenje/salamurenje",3819,3819,0,1328,YES,YES,YES,200,304854,YES,5,OK_PUBLIC_VISIBLE_OR_HAS_MARKERS
2591,pending,"SMALAHOVE (SUŠENA OVČJA GLAVA)",https://drycured.com/?post_type=dry_recipe&p=2591,,,,71,0,0,970,NO,NO,NO,,0,,,OK_OR_NOT_CHECKED
2592,draft,"FÅREPØLSE (TRADICIONALNA OVČJA KOBASICA)",https://drycured.com/?post_type=dry_recipe&p=2592,Norveška,Kobasica,Fermentirano|Sušeno,82,0,0,1553,NO,NO,NO,,0,,,OK_OR_NOT_CHECKED
2593,draft,"ELGKJØTT SPEKEMAT (SUHO MESO LOSA)",https://drycured.com/?post_type=dry_recipe&p=2593,Norveška,Ostalo,Dimljeno|Sušeno,74,0,0,1215,NO,NO,NO,,0,,,OK_OR_NOT_CHECKED
2594,publish,"GRAVET LAKS (GRAVLAKS - MARINIRANI LOSOS)",https://drycured.com/recepti-baza/gravet-laks-gravlaks-marinirani-losos/,Norveška,"marinirana/gravirana riba","sol + šećer + hladno odležavanje",3686,3686,0,1227,YES,YES,YES,200,304697,YES,4,OK_PUBLIC_VISIBLE_OR_HAS_MARKERS
2595,draft,"TJUKKMJØLKSPØLSE (FERMENTIRANA KOBASICA S MLIJEČNOM KULTUROM)",https://drycured.com/?post_type=dry_recipe&p=2595,Norveška,Kobasica,Fermentirano|Sušeno,103,0,0,1556,NO,NO,NO,,0,,,OK_OR_NOT_CHECKED
2596,pending,"REINSDYRHJERTE (SUŠENO SRCE SOBA)",https://drycured.com/?post_type=dry_recipe&p=2596,,,,73,0,0,1158,NO,NO,NO,,0,,,OK_OR_NOT_CHECKED
2597,publish,"FENALÅR (SUŠENI BUT JANJETA)",https://drycured.com/recepti-baza/fenalar-suseni-but-janjeta/,Norveška,"suhomesnati proizvod","sušenje + soljenje/salamurenje",3642,3642,0,1112,YES,YES,YES,200,304573,YES,3,OK_PUBLIC_VISIBLE_OR_HAS_MARKERS
2598,publish,"SPEKESKINKE (NORŠKA PRŠUTA)",https://drycured.com/recepti-baza/spekeskinke-norska-prsuta/,Hrvatska,"Pršut|sušena šunka","sušenje + soljenje/salamurenje",3571,3571,0,1173,YES,YES,YES,200,304477,YES,3,OK_PUBLIC_VISIBLE_OR_HAS_MARKERS
2599,draft,"PINNEKJØTT (SUŠENA REBRA)",https://drycured.com/?post_type=dry_recipe&p=2599,Norveška,Ostalo,Dimljeno|Sušeno,66,0,0,1036,NO,NO,NO,,0,,,OK_OR_NOT_CHECKED
2600,publish,"MORR (NORVEŠKA KOBASICA)",https://drycured.com/recepti-baza/morr-norveska-kobasica/,Norveška,"Suha kobasica",dimljenje,4136,4136,0,1373,YES,YES,YES,200,304629,YES,2,OK_PUBLIC_VISIBLE_OR_HAS_MARKERS
2601,draft,"RØKELAKS (DIMLJENI LOSOS)",https://drycured.com/?post_type=dry_recipe&p=2601,Norveška,Ostalo,Dimljeno,65,0,0,1180,NO,NO,NO,,0,,,OK_OR_NOT_CHECKED
2602,draft,"Đakovački Specijalni Fermentirani Vrat",https://drycured.com/?post_type=dry_recipe&p=2602,Hrvatska,Ostalo,Dimljeno|Fermentirano|Sušeno,79,0,0,1051,NO,NO,NO,,0,,,OK_OR_NOT_CHECKED
2603,publish,"Vinkovački Aromatični Začinski Špek",https://drycured.com/recepti-baza/vinkovacki-aromaticni-zacinski-spek/,Hrvatska,"Sušeni dimljeni cijeli komad","dimljenje + sušenje + zrenje",3492,3492,0,1032,YES,YES,YES,200,304731,YES,3,OK_PUBLIC_VISIBLE_OR_HAS_MARKERS
2604,publish,"Osiječki Ljuti Začinski Vrat s Divljim Travkama",https://drycured.com/recepti-baza/osijecki-ljuti-zacinski-vrat-s-divljim-travkama/,Hrvatska,"suhomesnati proizvod","fermentacija + sušenje",3645,3645,0,1060,YES,YES,YES,200,351707,YES,5,OK_PUBLIC_VISIBLE_OR_HAS_MARKERS
2605,private,"Podunavski Specijalni Fermentirani Špek",https://drycured.com/?post_type=dry_recipe&p=2605,Hrvatska,"svježa kobasica za pečenje","fermentacija + dimljenje + sušenje + zrenje",3621,3621,0,1033,YES,YES,NO,,0,,,OK_OR_NOT_CHECKED
2606,publish,"Požeški Aromatični Sušeni Vrat s Divljim Travkama",https://drycured.com/recepti-baza/pozeski-aromaticni-suseni-vrat-s-divljim-travkama/,Hrvatska,"suhomesnati proizvod","fermentacija + sušenje",3642,3642,0,1054,YES,YES,YES,200,351805,YES,5,OK_PUBLIC_VISIBLE_OR_HAS_MARKERS
2607,private,"Çiğ Köfte (Fermentirana mesna smjesa za sirovo konzumiranje)",https://drycured.com/?post_type=dry_recipe&p=2607,Hrvatska,"sušeni zreli sir",fermentacija,3577,3577,0,3272,YES,YES,NO,,0,,,OK_OR_NOT_CHECKED
2608,publish,"Kuru Et (Suho meso sa smrekom)",https://drycured.com/recepti-baza/kuru-et-suho-meso-sa-smrekom/,Turska,"Sušeni cijeli komad","dimljenje + sušenje + soljenje/salamurenje",3459,3459,0,2881,YES,YES,YES,200,304378,YES,1,OK_PUBLIC_VISIBLE_OR_HAS_MARKERS
2609,draft,"Kuşbaşı Jerky (Turski goveđi jerky)",https://drycured.com/?post_type=dry_recipe&p=2609,Turska,Ostalo,soljeno|Sušeno,78,0,0,3328,NO,NO,NO,,0,,,OK_OR_NOT_CHECKED
2610,publish,"Tulum Peyniri Dolgulu Et (Meso punjeno sirom)",https://drycured.com/recepti-baza/tulum-peyniri-dolgulu-et-meso-punjeno-sirom/,Turska,"sušeni zreli sir","sušenje + zrenje + soljenje/salamurenje",3614,3614,0,2855,YES,YES,YES,200,304711,YES,5,OK_PUBLIC_VISIBLE_OR_HAS_MARKERS
2611,draft,"Işkembe Dolması (Punjeni goveđi burag)",https://drycured.com/?post_type=dry_recipe&p=2611,Turska,Ostalo,Dimljeno|Kuhano|Sušeno,80,0,0,3484,NO,NO,NO,,0,,,OK_OR_NOT_CHECKED
2612,draft,"Varaždinski Š(p)ek",https://drycured.com/?post_type=dry_recipe&p=2612,Hrvatska,Ostalo,Dimljeno,59,0,0,940,NO,NO,NO,,0,,,OK_OR_NOT_CHECKED
2613,draft,"Đurđevački Zelenjak",https://drycured.com/?post_type=dry_recipe&p=2613,Hrvatska,Ostalo,Sušeno,61,0,0,887,NO,NO,NO,,0,,,OK_OR_NOT_CHECKED
2614,publish,"Virovski Čvarci",https://drycured.com/recepti-baza/virovski-cvarci/,Hrvatska,"suhomesnati proizvod",Sušeno,3320,3320,0,732,YES,YES,YES,200,304338,YES,2,OK_PUBLIC_VISIBLE_OR_HAS_MARKERS
2615,private,"SALCESON OZORKOWY (POLJSKA TLAČENICA)",https://drycured.com/?post_type=dry_recipe&p=2615,Poljska,hladetina|tlačenica,Kuhano,3580,3580,0,3418,YES,YES,NO,,0,,,OK_OR_NOT_CHECKED
2616,publish,"BALERON (POLJSKA DIMLJENA VRATINA)",https://drycured.com/recepti-baza/baleron-poljska-dimljena-vratina/,Poljska,"suhomesnati proizvod","dimljenje + sušenje + zrenje + soljenje/salamurenje",3655,3655,0,2824,YES,YES,YES,200,304659,YES,4,OK_PUBLIC_VISIBLE_OR_HAS_MARKERS
2617,private,"PASZTETOWA (POLJSKA JETRENA PAŠTETA U CRIJEVU)",https://drycured.com/?post_type=dry_recipe&p=2617,Poljska,"kuhana jetrena kobasica ili pašteta","dimljenje + sušenje",3671,3671,0,3491,YES,YES,NO,,0,,,OK_OR_NOT_CHECKED
2618,draft,"KIEŁBASA WĘDZONA (DIMLJENA POLJSKA KOBASICA)",https://drycured.com/?post_type=dry_recipe&p=2618,Poljska,Kobasica,Dimljeno|soljeno,85,0,0,2462,NO,NO,NO,,0,,,OK_OR_NOT_CHECKED
2619,private,"POLĘDWICA SOPOCKA (SUŠENA SVINJSKA PEČENICA)",https://drycured.com/?post_type=dry_recipe&p=2619,Poljska,"svježa kobasica za pečenje","dimljenje + sušenje + soljenje/salamurenje",3642,3642,0,2630,YES,YES,NO,,0,,,OK_OR_NOT_CHECKED
2620,publish,"SZYNKA WĘDZONA (DIMLJENA ŠUNKA)",https://drycured.com/recepti-baza/szynka-wedzona-dimljena-sunka/,Poljska,"Pršut|sušena šunka","dimljenje + sušenje + zrenje + soljenje/salamurenje",3470,3470,0,2782,YES,YES,YES,200,304573,YES,4,OK_PUBLIC_VISIBLE_OR_HAS_MARKERS
2621,publish,"BOCZEK WĘDZONY (DIMLJENA SLANINA)",https://drycured.com/recepti-baza/boczek-wedzony-dimljena-slanina/,Poljska,"Sušeni dimljeni cijeli komad","dimljenje + sušenje + zrenje + soljenje/salamurenje",3467,3467,0,2718,YES,YES,YES,200,304593,YES,4,OK_PUBLIC_VISIBLE_OR_HAS_MARKERS
2622,publish,"Chouriço Tradicional Português (Tradicionalna portugalska kobasica)",https://drycured.com/recepti-baza/chourico-tradicional-portugues-tradicionalna-portugalska-kobasica/,Portugal,"Suha kobasica","fermentacija + dimljenje + sušenje",4224,4224,0,1626,YES,YES,YES,200,305555,YES,6,OK_PUBLIC_VISIBLE_OR_HAS_MARKERS
2623,publish,"Presunto Português (Portugalska pršuta)",https://drycured.com/recepti-baza/presunto-portugues-portugalska-prsuta/,Portugal,"Pršut|sušena šunka","sušenje + zrenje + soljenje/salamurenje",3526,3526,0,1287,YES,YES,YES,200,304745,YES,4,OK_PUBLIC_VISIBLE_OR_HAS_MARKERS
2624,publish,"Paio Alentejano (Alentejanska kobasica)",https://drycured.com/recepti-baza/paio-alentejano-alentejanska-kobasica/,Hrvatska,"Suha kobasica","fermentacija + dimljenje + sušenje",4379,4379,0,1473,YES,YES,YES,200,304855,YES,3,OK_PUBLIC_VISIBLE_OR_HAS_MARKERS
2625,publish,"Farinheira Alentejana (Kobasica s brašnom iz Alenteja)",https://drycured.com/recepti-baza/farinheira-alentejana-kobasica-s-brasnom-iz-alenteja/,Portugal,"Suha kobasica","dimljenje + sušenje",4497,4497,0,1725,YES,YES,YES,200,305190,YES,5,OK_PUBLIC_VISIBLE_OR_HAS_MARKERS
2626,pending,"Presunto de Porco Preto (Pršut od Crne Iberijske Svinje)",https://drycured.com/?post_type=dry_recipe&p=2626,,,,96,0,0,2357,NO,NO,NO,,0,,,OK_OR_NOT_CHECKED
2627,publish,"Chouriço de Vinho (Kobasica s Vinom)",https://drycured.com/recepti-baza/chourico-de-vinho-kobasica-s-vinom/,Hrvatska,"Suha kobasica","dimljenje + sušenje + zrenje",4221,4221,0,2416,YES,YES,YES,200,304684,YES,4,OK_PUBLIC_VISIBLE_OR_HAS_MARKERS
2628,publish,"Paio do Alentejo (Alentejo Dimljena Kobasica)",https://drycured.com/recepti-baza/paio-do-alentejo-alentejo-dimljena-kobasica/,Hrvatska,"Suha kobasica","dimljenje + sušenje + zrenje",4195,4195,0,2493,YES,YES,YES,200,304893,YES,4,OK_PUBLIC_VISIBLE_OR_HAS_MARKERS
2629,publish,"Alheira de Mirandela (Kobasica iz Mirandele)",https://drycured.com/recepti-baza/alheira-de-mirandela-kobasica-iz-mirandele/,Portugal,"Suha kobasica","dimljenje + sušenje",4299,4299,0,2498,YES,YES,YES,200,304886,YES,4,OK_PUBLIC_VISIBLE_OR_HAS_MARKERS
2630,pending,"Dalmatinski Pršut (Pršut s Kaštelanskog polja)",https://drycured.com/?post_type=dry_recipe&p=2630,,,,88,0,0,704,NO,NO,NO,,0,,,OK_OR_NOT_CHECKED
2631,publish,"Rovinjska Kobasica",https://drycured.com/recepti-baza/rovinjska-kobasica/,Hrvatska,"Suha kobasica","fermentacija + sušenje",3869,3869,0,912,YES,YES,YES,200,304406,YES,2,OK_PUBLIC_VISIBLE_OR_HAS_MARKERS
2632,publish,"Krčki Sir-Kobasica",https://drycured.com/recepti-baza/krcki-sir-kobasica/,Hrvatska,"Suha kobasica","dimljenje + zrenje",3928,3928,0,885,YES,YES,YES,200,304573,YES,2,OK_PUBLIC_VISIBLE_OR_HAS_MARKERS
2633,publish,"Senjska Šunka",https://drycured.com/recepti-baza/senjska-sunka/,Hrvatska,"Pršut|sušena šunka",sušenje,3242,3242,0,832,YES,YES,YES,200,304115,YES,2,OK_PUBLIC_VISIBLE_OR_HAS_MARKERS
2634,pending,"Povijesni kontekst suhomesnatih proizvoda u Podravini",https://drycured.com/?post_type=dry_recipe&p=2634,,,,207,0,0,870,NO,NO,NO,,0,,,OK_OR_NOT_CHECKED
2635,pending,"Dubinska analiza odabranih recepata",https://drycured.com/?post_type=dry_recipe&p=2635,,,,74,0,0,725,NO,NO,NO,,0,,,OK_OR_NOT_CHECKED
2636,pending,"Izazovi očuvanja tradicije",https://drycured.com/?post_type=dry_recipe&p=2636,,,,66,0,0,667,NO,NO,NO,,0,,,OK_OR_NOT_CHECKED
2637,publish,"Tradicionalni Thüringer Schinken (Tirinška šunka)",https://drycured.com/recepti-baza/tradicionalni-thuringer-schinken-tirinska-sunka/,Nepoznato,"Pršut|sušena šunka","dimljenje + sušenje + soljenje/salamurenje",3450,3450,0,1260,YES,YES,YES,200,305049,YES,5,OK_PUBLIC_VISIBLE_OR_HAS_MARKERS
2638,publish,"Bavarski Bierschinken (Šunka od piva)",https://drycured.com/recepti-baza/bavarski-bierschinken-sunka-od-piva/,Njemačka,"Pršut|sušena šunka",dimljenje,3510,3510,0,1405,YES,YES,YES,200,304657,YES,3,OK_PUBLIC_VISIBLE_OR_HAS_MARKERS
2639,draft,"Zalatina (Ζαλατίνα) - Ciparski hladetinasti svinjski narezak",https://drycured.com/?post_type=dry_recipe&p=2639,Cipar,Ostalo,Kuhano,107,0,0,1442,NO,NO,NO,,0,,,OK_OR_NOT_CHECKED
2640,pending,"Lountza Kafteri (Λούντζα Καυτερή) - Ljuta dimljena svinjska vratina",https://drycured.com/?post_type=dry_recipe&p=2640,,,,120,0,0,1616,NO,NO,NO,,0,,,OK_OR_NOT_CHECKED
2641,pending,"Posyrti (Ποσυρτή) - Ciparska suha kobasica s divljim biljem",https://drycured.com/?post_type=dry_recipe&p=2641,,,,105,0,0,1909,NO,NO,NO,,0,,,OK_OR_NOT_CHECKED
2642,draft,"Afelia Pastarma (Αφέλια Παστάρμα) - Ciparska marinirana goveđa pisanica",https://drycured.com/?post_type=dry_recipe&p=2642,Cipar,Ostalo,soljeno|Sušeno,125,0,0,1986,NO,NO,NO,,0,,,OK_OR_NOT_CHECKED
2643,pending,"Ofto Lountza (Οφτή Λούντζα) - Ciparska zračno sušena janjetina",https://drycured.com/?post_type=dry_recipe&p=2643,,,,114,0,0,1893,NO,NO,NO,,0,,,OK_OR_NOT_CHECKED
2644,private,"Fažanski morski salamur (Specijalitet s morskom travom)",https://drycured.com/?post_type=dry_recipe&p=2644,Hrvatska,"svježa kobasica za pečenje","sušenje + soljenje/salamurenje",3480,3480,0,889,YES,YES,NO,,0,,,OK_OR_NOT_CHECKED
2645,publish,"Viganjska kobasica od divlje svinje s tavom",https://drycured.com/recepti-baza/viganjska-kobasica-od-divlje-svinje-s-tavom/,Hrvatska,"Suha kobasica","dimljenje + sušenje",3953,3953,0,1018,YES,YES,YES,200,304885,YES,5,OK_PUBLIC_VISIBLE_OR_HAS_MARKERS
2646,private,"Bujski janjetinski specijalitet s lavandom",https://drycured.com/?post_type=dry_recipe&p=2646,Hrvatska,"svježa kobasica za pečenje",sušenje,3458,3458,0,992,YES,YES,NO,,0,,,OK_OR_NOT_CHECKED
2647,private,"Pazinski specijalitet od kozjeg mesa s kestenom",https://drycured.com/?post_type=dry_recipe&p=2647,Hrvatska,"svježa kobasica za pečenje",sušenje,3432,3432,0,941,YES,YES,NO,,0,,,OK_OR_NOT_CHECKED
2648,private,"Rovinjski specijalitet od sardele s ružom",https://drycured.com/?post_type=dry_recipe&p=2648,Hrvatska,"svježa kobasica za pečenje",sušenje,3407,3407,0,1002,YES,YES,NO,,0,,,OK_OR_NOT_CHECKED
2649,pending,"Stara Koprivnička Salama ""Šokačka Priča""",https://drycured.com/?post_type=dry_recipe&p=2649,,,,83,0,0,1101,NO,NO,NO,,0,,,OK_OR_NOT_CHECKED
2650,pending,"Virovski ""Živi Čvarci""",https://drycured.com/?post_type=dry_recipe&p=2650,,,,63,0,0,918,NO,NO,NO,,0,,,OK_OR_NOT_CHECKED
2651,pending,"Ludbreška ""Tajna Kobasica""",https://drycured.com/?post_type=dry_recipe&p=2651,,,,66,0,0,1055,NO,NO,NO,,0,,,OK_OR_NOT_CHECKED
2652,pending,"Đurđevački ""Zaboravljeni Š(p)ek""",https://drycured.com/?post_type=dry_recipe&p=2652,,,,75,0,0,976,NO,NO,NO,,0,,,OK_OR_NOT_CHECKED
2653,pending,"Pitomački ""Divlji Kulen""",https://drycured.com/?post_type=dry_recipe&p=2653,,,,64,0,0,987,NO,NO,NO,,0,,,OK_OR_NOT_CHECKED
2654,pending,"Pregradski ""Šumski Šaptat""",https://drycured.com/?post_type=dry_recipe&p=2654,,,,67,0,0,1053,NO,NO,NO,,0,,,OK_OR_NOT_CHECKED
2655,pending,"Križevački ""Začinski Vjetar""",https://drycured.com/?post_type=dry_recipe&p=2655,,,,70,0,0,1047,NO,NO,NO,,0,,,OK_OR_NOT_CHECKED
2656,pending,"Našički ""Ratarski Sjećaj""",https://drycured.com/?post_type=dry_recipe&p=2656,,,,67,0,0,1033,NO,NO,NO,,0,,,OK_OR_NOT_CHECKED
2657,pending,"Draževački ""Veteranski Sjećaj""",https://drycured.com/?post_type=dry_recipe&p=2657,,,,72,0,0,1025,NO,NO,NO,,0,,,OK_OR_NOT_CHECKED
2658,pending,"Kalničkog ""Gorski Trag""",https://drycured.com/?post_type=dry_recipe&p=2658,,,,63,0,0,1029,NO,NO,NO,,0,,,OK_OR_NOT_CHECKED
2659,pending,"Podravski ""Zaboravljeni Vrbovec""",https://drycured.com/?post_type=dry_recipe&p=2659,,,,71,0,0,1034,NO,NO,NO,,0,,,OK_OR_NOT_CHECKED
2660,pending,"Koprivnički ""Seoski Izvor""",https://drycured.com/?post_type=dry_recipe&p=2660,,,,66,0,0,1065,NO,NO,NO,,0,,,OK_OR_NOT_CHECKED
2661,pending,"Đurđevački ""Ribarski Sjaj""",https://drycured.com/?post_type=dry_recipe&p=2661,,,,68,0,0,1040,NO,NO,NO,,0,,,OK_OR_NOT_CHECKED
2662,pending,"Ludbreški ""Planinski Trag""",https://drycured.com/?post_type=dry_recipe&p=2662,,,,66,0,0,1024,NO,NO,NO,,0,,,OK_OR_NOT_CHECKED
2663,pending,"Virovski ""Šumski Biseri""",https://drycured.com/?post_type=dry_recipe&p=2663,,,,64,0,0,1028,NO,NO,NO,,0,,,OK_OR_NOT_CHECKED
2664,publish,"BABIC (Tradicionalna babić kobasica)",https://drycured.com/recepti-baza/babic-tradicionalna-babic-kobasica/,Hrvatska,"Suha kobasica",sušenje,4432,4432,0,2545,YES,YES,YES,200,304873,YES,4,OK_PUBLIC_VISIBLE_OR_HAS_MARKERS
2665,publish,"MUȘCHI ȚIGĂNESC (Ciganski vrat)",https://drycured.com/recepti-baza/muschi-tiganesc-ciganski-vrat/,Rumunjska,"suhomesnati proizvod",sušenje,3869,3869,0,2434,YES,YES,YES,200,304680,YES,3,OK_PUBLIC_VISIBLE_OR_HAS_MARKERS
2666,publish,"CÂRNAȚI DE BURDUF (Sirnate kobasice)",https://drycured.com/recepti-baza/carnati-de-burduf-sirnate-kobasice/,Rumunjska,"Suha kobasica",sušenje,4285,4285,0,2289,YES,YES,YES,200,304847,YES,4,OK_PUBLIC_VISIBLE_OR_HAS_MARKERS
2667,publish,"ȘUNCĂ DE MANGALIȚA AFUMATĂ (Dimljena mangulica šunka)",https://drycured.com/recepti-baza/sunca-de-mangalita-afumata-dimljena-mangulica-sunka/,Rumunjska,"Pršut|sušena šunka","dimljenje + sušenje + soljenje/salamurenje",3829,3829,0,2518,YES,YES,YES,200,305121,YES,6,OK_PUBLIC_VISIBLE_OR_HAS_MARKERS
2668,publish,"CÂRNAŢI DE PLEŞCOI (Pleščojske kobasice)",https://drycured.com/recepti-baza/carnati-de-plescoi-plescojske-kobasice/,Rumunjska,"Suha kobasica","mljevenje + punjenje + dimljenje/sušenje",4270,4270,0,2387,YES,YES,YES,200,305005,YES,4,OK_PUBLIC_VISIBLE_OR_HAS_MARKERS
2669,private,"TOBĂ (Tradidicionalna rumunjska tlačenica)",https://drycured.com/?post_type=dry_recipe&p=2669,Rumunjska,hladetina|tlačenica,Kuhano,3548,3548,0,2929,YES,YES,NO,,0,,,OK_OR_NOT_CHECKED
2670,publish,"GHIUDEM (Suha kobasica od ovčetine)",https://drycured.com/recepti-baza/ghiudem-suha-kobasica-od-ovcetine/,Hrvatska,"Suha kobasica",sušenje,4177,4177,0,2387,YES,YES,YES,200,304692,YES,3,OK_PUBLIC_VISIBLE_OR_HAS_MARKERS
2671,draft,"Basturma (Бастурма - Začinjeno sušeno goveđe meso)",https://drycured.com/?post_type=dry_recipe&p=2671,Rusija,Ostalo,Sušeno,100,0,0,3312,NO,NO,NO,,0,,,OK_OR_NOT_CHECKED
2672,draft,"Koryushka (Корюшка - Dimljena mala riba)",https://drycured.com/?post_type=dry_recipe&p=2672,Rusija,Ostalo,Dimljeno|Sušeno,86,0,0,2735,NO,NO,NO,,0,,,OK_OR_NOT_CHECKED
2673,draft,"Svinaya Vyrezka (Свиная вырезка - Sušeni svinjski file)",https://drycured.com/?post_type=dry_recipe&p=2673,Rusija,Ostalo,Sušeno,108,0,0,3033,NO,NO,NO,,0,,,OK_OR_NOT_CHECKED
2674,draft,"Vetchina (Ветчина - Domaća kuhana šunka)",https://drycured.com/?post_type=dry_recipe&p=2674,Rusija,Šunka,Dimljeno|Kuhano,88,0,0,3647,NO,NO,NO,,0,,,OK_OR_NOT_CHECKED
2675,pending,Sadržaj,https://drycured.com/?post_type=dry_recipe&p=2675,,,,47,0,0,607,NO,NO,NO,,0,,,OK_OR_NOT_CHECKED
2676,pending,"Napomena o danskoj Medister kobasici",https://drycured.com/?post_type=dry_recipe&p=2676,,,,75,0,0,682,NO,NO,NO,,0,,,OK_OR_NOT_CHECKED
2677,pending,"? Savjeti za serviranje:",https://drycured.com/?post_type=dry_recipe&p=2677,,,,63,0,0,653,NO,NO,NO,,0,,,OK_OR_NOT_CHECKED
2678,draft,"Sastojci za 4 kg smjese:",https://drycured.com/?post_type=dry_recipe&p=2678,Skandinavija,Ostalo,Sušeno,63,0,0,1665,NO,NO,NO,,0,,,OK_OR_NOT_CHECKED
2679,pending,"Napomena o belgijskom Boudin Blanc",https://drycured.com/?post_type=dry_recipe&p=2679,,,,73,0,0,682,NO,NO,NO,,0,,,OK_OR_NOT_CHECKED
2680,draft,"ŠKOTSKI STOVIES MEAT (KONZERVIRANO USOLJENO MESO)",https://drycured.com/?post_type=dry_recipe&p=2680,Škotska,Ostalo,Kuhano,89,0,0,1451,NO,NO,NO,,0,,,OK_OR_NOT_CHECKED
2681,private,"FORFAR BRIDIE (ŠKOTSKA MESNA PAŠTETA)",https://drycured.com/?post_type=dry_recipe&p=2681,Škotska,"kuhana jetrena kobasica ili pašteta",Sušeno,3808,3808,0,1623,YES,YES,NO,,0,,,OK_OR_NOT_CHECKED
2682,publish,"HIGHLAND VENISON HAM (DIMLJENA ŠUNKA OD JELENA)",https://drycured.com/recepti-baza/highland-venison-ham-dimljena-sunka-od-jelena/,Bugarska,"Pršut|sušena šunka","dimljenje + sušenje + zrenje + soljenje/salamurenje",3736,3736,0,1671,YES,YES,YES,200,304775,YES,5,OK_PUBLIC_VISIBLE_OR_HAS_MARKERS
2683,publish,"EDINBURGH POTTED HOG (KONZERVIRANO SVINJSKO MESO)",https://drycured.com/recepti-baza/edinburgh-potted-hog-konzervirano-svinjsko-meso/,Hrvatska,"suhomesnati proizvod",soljenje/salamurenje,3964,3964,0,1887,YES,YES,YES,200,304907,YES,4,OK_PUBLIC_VISIBLE_OR_HAS_MARKERS
2684,publish,"ŠKOTSKI HAGGIS",https://drycured.com/recepti-baza/skotski-haggis/,Škotska,"suhomesnati proizvod",Kuhano,3665,3665,0,1341,YES,YES,YES,200,304327,YES,2,OK_PUBLIC_VISIBLE_OR_HAS_MARKERS
2685,private,"ŠKOTSKI BLACK PUDDING (KRVAVICA)",https://drycured.com/?post_type=dry_recipe&p=2685,Škotska,"suhomesnati proizvod",Kuhano,3751,3751,0,1448,YES,YES,NO,,0,,,OK_OR_NOT_CHECKED
2687,publish,"AYRSHIRE PRESAVICA (AYRSHIRE MIDDLE CUT)",https://drycured.com/recepti-baza/ayrshire-presavica-ayrshire-middle-cut/,Škotska,"suhomesnati proizvod","dimljenje + sušenje + zrenje + soljenje/salamurenje",3761,3761,0,1286,YES,YES,YES,200,304700,YES,4,OK_PUBLIC_VISIBLE_OR_HAS_MARKERS
2688,publish,"HIGHLANDS JERKY (SUŠENA DIVLJAČ)",https://drycured.com/recepti-baza/highlands-jerky-susena-divljac/,Hrvatska,jerky,sušenje,3760,3760,0,2200,YES,YES,YES,200,304625,YES,4,OK_PUBLIC_VISIBLE_OR_HAS_MARKERS
2689,publish,"KopačkiRib Začinska Štruca",https://drycured.com/recepti-baza/kopackirib-zacinska-struca/,Hrvatska,"suhomesnati proizvod","dimljenje + sušenje",3544,3544,0,1185,YES,YES,YES,200,304659,YES,3,OK_PUBLIC_VISIBLE_OR_HAS_MARKERS
2690,pending,"Đakovačka Pihtijana Kobasica",https://drycured.com/?post_type=dry_recipe&p=2690,,,,69,0,0,668,NO,NO,NO,,0,,,OK_OR_NOT_CHECKED
2691,publish,"Valpovačka Zimska Devenica",https://drycured.com/recepti-baza/valpovacka-zimska-devenica/,Hrvatska,"suhomesnati proizvod","dimljenje + sušenje",3487,3487,0,1079,YES,YES,YES,200,304555,YES,3,OK_PUBLIC_VISIBLE_OR_HAS_MARKERS
2692,publish,"Požeška Začinska Štruca",https://drycured.com/recepti-baza/pozeska-zacinska-struca/,Hrvatska,"suhomesnati proizvod","dimljenje + sušenje",3486,3486,0,1114,YES,YES,YES,200,304576,YES,3,OK_PUBLIC_VISIBLE_OR_HAS_MARKERS
2693,publish,"Osječki Začinski Špek",https://drycured.com/recepti-baza/osjecki-zacinski-spek/,Hrvatska,"Sušeni dimljeni cijeli komad","dimljenje + sušenje + zrenje + soljenje/salamurenje",3442,3442,0,973,YES,YES,YES,200,304375,YES,2,OK_PUBLIC_VISIBLE_OR_HAS_MARKERS
2694,publish,"Požeški Pikantni Vrat",https://drycured.com/recepti-baza/pozeski-pikantni-vrat/,Hrvatska,"suhomesnati proizvod","dimljenje + sušenje",3573,3573,0,977,YES,YES,YES,200,351052,YES,2,OK_PUBLIC_VISIBLE_OR_HAS_MARKERS
2695,publish,"Slavonsko-Brodski Ljuti Čvarci",https://drycured.com/recepti-baza/slavonsko-brodski-ljuti-cvarci/,Hrvatska,"suhomesnati proizvod",Sušeno,3568,3568,0,935,YES,YES,YES,200,304663,YES,4,OK_PUBLIC_VISIBLE_OR_HAS_MARKERS
2696,publish,"Nasički Fermentirani Vrat",https://drycured.com/recepti-baza/nasicki-fermentirani-vrat/,Hrvatska,"suhomesnati proizvod","fermentacija + sušenje",3552,3552,0,929,YES,YES,YES,200,350649,YES,2,OK_PUBLIC_VISIBLE_OR_HAS_MARKERS
2697,publish,"Baranjska Ljuta Slavonska Kobasica",https://drycured.com/recepti-baza/baranjska-ljuta-slavonska-kobasica/,Hrvatska,"Suha kobasica","dimljenje + sušenje",3937,3937,0,1133,YES,YES,YES,200,304746,YES,4,OK_PUBLIC_VISIBLE_OR_HAS_MARKERS
2698,publish,"Slavonska Domaća Suhomesnata Salama",https://drycured.com/recepti-baza/slavonska-domaca-suhomesnata-salama/,Hrvatska,"suha salama","fermentacija + sušenje",3972,3972,0,1046,YES,YES,YES,200,304799,YES,4,OK_PUBLIC_VISIBLE_OR_HAS_MARKERS
2699,publish,"Baranjska Fermenetirana Kobasica",https://drycured.com/recepti-baza/baranjska-fermenetirana-kobasica/,Hrvatska,"Suha kobasica","fermentacija + sušenje",3849,3849,0,1099,YES,YES,YES,200,304703,YES,3,OK_PUBLIC_VISIBLE_OR_HAS_MARKERS
2700,private,"Osječka Specijalna Suhomesnata Salama",https://drycured.com/?post_type=dry_recipe&p=2700,Hrvatska,"svježa kobasica za pečenje","fermentacija + sušenje",3504,3504,0,1054,YES,YES,NO,,0,,,OK_OR_NOT_CHECKED
2701,publish,"Vukovarska Tradicionalna Kobasica",https://drycured.com/recepti-baza/vukovarska-tradicionalna-kobasica/,Hrvatska,"Suha kobasica","dimljenje + sušenje",3823,3823,0,1024,YES,YES,YES,200,304730,YES,3,OK_PUBLIC_VISIBLE_OR_HAS_MARKERS
2702,publish,"Baranjski Začinski Špek s Pustara Začinima",https://drycured.com/recepti-baza/baranjski-zacinski-spek-s-pustara-zacinima/,Hrvatska,"Sušeni dimljeni cijeli komad","dimljenje + sušenje + zrenje",3409,3409,0,1167,YES,YES,YES,200,304790,YES,4,OK_PUBLIC_VISIBLE_OR_HAS_MARKERS
2703,publish,"Erdutski Fermentirani Vrat s Podunavskim Začinima",https://drycured.com/recepti-baza/erdutski-fermentirani-vrat-s-podunavskim-zacinima/,Hrvatska,"suhomesnati proizvod","fermentacija + sušenje",3705,3705,0,1150,YES,YES,YES,200,352337,YES,4,OK_PUBLIC_VISIBLE_OR_HAS_MARKERS
2704,publish,"Osječko-Baranjski Ljuti Špek s Divljim Travama",https://drycured.com/recepti-baza/osjecko-baranjski-ljuti-spek-s-divljim-travama/,Hrvatska,"Sušeni dimljeni cijeli komad","dimljenje + sušenje + zrenje",3343,3343,0,1139,YES,YES,YES,200,304864,YES,5,OK_PUBLIC_VISIBLE_OR_HAS_MARKERS
2705,publish,"Vukovarski Fermentirani Vrat s Podunavskim Začinima",https://drycured.com/recepti-baza/vukovarski-fermentirani-vrat-s-podunavskim-zacinima/,Hrvatska,"suhomesnati proizvod","fermentacija + sušenje",3678,3678,0,1155,YES,YES,YES,200,352397,YES,4,OK_PUBLIC_VISIBLE_OR_HAS_MARKERS
2706,private,"Tradicijski Baranjski Specijalni Fermentirani Špek",https://drycured.com/?post_type=dry_recipe&p=2706,Hrvatska,"svježa kobasica za pečenje","fermentacija + dimljenje + sušenje + zrenje",3512,3512,0,1149,YES,YES,NO,,0,,,OK_OR_NOT_CHECKED
2707,publish,"Klobása (slovačka kobasica)",https://drycured.com/recepti-baza/klobasa-slovacka-kobasica/,Slovačka,"Suha kobasica","dimljenje + sušenje",4343,4343,0,2428,YES,YES,YES,200,304626,YES,3,OK_PUBLIC_VISIBLE_OR_HAS_MARKERS
2708,publish,"Údené mäso (dimljeno meso)",https://drycured.com/recepti-baza/udene-maso-dimljeno-meso/,Slovačka,"suhomesnati proizvod","dimljenje + sušenje + soljenje/salamurenje",3834,3834,0,2289,YES,YES,YES,200,304545,YES,2,OK_PUBLIC_VISIBLE_OR_HAS_MARKERS
2709,private,"Huspenina (slovačka hladetina)",https://drycured.com/?post_type=dry_recipe&p=2709,Slovačka,hladetina|tlačenica,Kuhano,3556,3556,0,2705,YES,YES,NO,,0,,,OK_OR_NOT_CHECKED
2710,private,"Jaternice (slovačke krvavice)",https://drycured.com/?post_type=dry_recipe&p=2710,Slovačka,"suhomesnati proizvod",soljenje/salamurenje,4069,4069,0,2613,YES,YES,NO,,0,,,OK_OR_NOT_CHECKED
2711,private,"Posoška bunka",https://drycured.com/?post_type=dry_recipe&p=2711,Slovenija,"suhomesnati proizvod","dimljenje + sušenje + zrenje + soljenje/salamurenje",3528,3528,0,2498,YES,YES,NO,,0,,,OK_OR_NOT_CHECKED
2712,publish,"Koroška tunka",https://drycured.com/recepti-baza/koroska-tunka/,Hrvatska,"Suha kobasica","dimljenje + sušenje + zrenje + soljenje/salamurenje",4221,4221,0,2388,YES,YES,YES,200,304268,YES,2,OK_PUBLIC_VISIBLE_OR_HAS_MARKERS
2713,publish,"Zasavska klobasa (Zasavska kobasica)",https://drycured.com/recepti-baza/zasavska-klobasa-zasavska-kobasica/,Slovenija,"Suha kobasica","dimljenje + sušenje + zrenje",4243,4243,0,2552,YES,YES,YES,200,304793,YES,4,OK_PUBLIC_VISIBLE_OR_HAS_MARKERS
2714,publish,"Prleška tünka",https://drycured.com/recepti-baza/prleska-tunka/,Hrvatska,"suhomesnati proizvod","dimljenje + sušenje + zrenje + soljenje/salamurenje",3894,3894,0,2503,YES,YES,YES,200,304318,YES,2,OK_PUBLIC_VISIBLE_OR_HAS_MARKERS
2715,publish,"Idrijsko kosilo",https://drycured.com/recepti-baza/idrijsko-kosilo/,Hrvatska,"suhomesnati proizvod","dimljenje + sušenje + zrenje + soljenje/salamurenje",3795,3795,0,2576,YES,YES,YES,200,304304,YES,2,OK_PUBLIC_VISIBLE_OR_HAS_MARKERS
2716,private,"Dolenjska tlačenka (prezvuršt)",https://drycured.com/?post_type=dry_recipe&p=2716,Hrvatska,hladetina|tlačenica,Dimljeno|Kuhano,3495,3495,0,2816,YES,YES,NO,,0,,,OK_OR_NOT_CHECKED
2717,publish,"Savinjski želodec (Savinjski želudac)",https://drycured.com/recepti-baza/savinjski-zelodec-savinjski-zeludac/,Hrvatska,"Sušeni dimljeni cijeli komad","sušenje + zrenje + soljenje/salamurenje",3567,3567,0,2345,YES,YES,YES,200,304691,YES,4,OK_PUBLIC_VISIBLE_OR_HAS_MARKERS
2718,publish,"Prekmurska šunka",https://drycured.com/recepti-baza/prekmurska-sunka/,Slovenija,"Pršut|sušena šunka","dimljenje + sušenje + zrenje + soljenje/salamurenje",3311,3311,0,2288,YES,YES,YES,200,304268,YES,2,OK_PUBLIC_VISIBLE_OR_HAS_MARKERS
2719,pending,"Zgornjesavinjski želodec",https://drycured.com/?post_type=dry_recipe&p=2719,,,,64,0,0,2363,NO,NO,NO,,0,,,OK_OR_NOT_CHECKED
2720,draft,"Lomo Embuchado - Začinjena Suha Svinjska Leđa",https://drycured.com/?post_type=dry_recipe&p=2720,Španjolska,Ostalo,soljeno|Sušeno,86,0,0,3507,NO,NO,NO,,0,,,OK_OR_NOT_CHECKED
2721,pending,"Cecina de León - Sušena Goveđa Cecina",https://drycured.com/?post_type=dry_recipe&p=2721,,,,79,0,0,3492,NO,NO,NO,,0,,,OK_OR_NOT_CHECKED
2722,publish,"Crnogorska Pršuta (Njeguška pršuta)",https://drycured.com/recepti-baza/crnogorska-prsuta-njeguska-prsuta/,"Crna Gora","Pršut|sušena šunka","dimljenje + sušenje",3330,3330,0,910,YES,YES,YES,200,304627,YES,4,OK_PUBLIC_VISIBLE_OR_HAS_MARKERS
2723,publish,"Crnogorska Kastradina",https://drycured.com/recepti-baza/crnogorska-kastradina/,"Crna Gora","suhomesnati proizvod","dimljenje + sušenje",3459,3459,0,987,YES,YES,YES,200,304495,YES,2,OK_PUBLIC_VISIBLE_OR_HAS_MARKERS
2724,publish,"PRINSKORV (ŠVEDSKE TANKE DIMLJENE KOBASICE)",https://drycured.com/recepti-baza/prinskorv-svedske-tanke-dimljene-kobasice/,Švedska,"Suha kobasica",dimljenje,4124,4124,0,1453,YES,YES,YES,200,304977,YES,5,OK_PUBLIC_VISIBLE_OR_HAS_MARKERS
2725,publish,"FLÄSKLÄGG (DIMLJENA SVINJSKA KOLJENICA)",https://drycured.com/recepti-baza/flasklagg-dimljena-svinjska-koljenica/,Hrvatska,"suhomesnati proizvod",dimljenje,3704,3704,0,1358,YES,YES,YES,200,304862,YES,4,OK_PUBLIC_VISIBLE_OR_HAS_MARKERS
2726,publish,"ÖLÄNDSK GETKORV (ÖLANDSKA KOZJA KOBASICA)",https://drycured.com/recepti-baza/olandsk-getkorv-olandska-kozja-kobasica/,Hrvatska,"Suha kobasica",Dimljeno|Fermentirano|Sušeno,4059,4059,0,1376,YES,YES,YES,200,304918,YES,5,OK_PUBLIC_VISIBLE_OR_HAS_MARKERS
2727,publish,"KRONOBERGSKORV (KRONOBERGŠKA KOBASICA)",https://drycured.com/recepti-baza/kronobergskorv-kronobergska-kobasica/,Hrvatska,"Suha kobasica",Dimljeno|Kuhano|Sušeno,4158,4158,0,1657,YES,YES,YES,200,304873,YES,3,OK_PUBLIC_VISIBLE_OR_HAS_MARKERS
2728,publish,"VÄRMLANDSKORV (VÄRMLANDSKA DIMLJENA KOBASICA)",https://drycured.com/recepti-baza/varmlandskorv-varmlandska-dimljena-kobasica/,Hrvatska,"Suha kobasica",dimljenje,4166,4166,0,1460,YES,YES,YES,200,305040,YES,4,OK_PUBLIC_VISIBLE_OR_HAS_MARKERS
2729,publish,"FALUKORV (TRADICIONALNA ŠVEDSKA KOBASICA)",https://drycured.com/recepti-baza/falukorv-tradicionalna-svedska-kobasica/,Švedska,"Suha kobasica",Dimljeno|Sušeno,3977,3977,0,1327,YES,YES,YES,200,304906,YES,4,OK_PUBLIC_VISIBLE_OR_HAS_MARKERS
2730,publish,"GRAVAD LAX (ŠVEDSKI GRAVLJENI LOSOS)",https://drycured.com/recepti-baza/gravad-lax-svedski-gravljeni-losos/,Švedska,"marinirana/gravirana riba","sol + šećer + hladno odležavanje",3579,3579,0,1123,YES,YES,YES,200,304647,YES,4,OK_PUBLIC_VISIBLE_OR_HAS_MARKERS
2731,draft,"JULSKINKA (ŠVEDSKA BOŽIĆNA ŠUNKA)",https://drycured.com/?post_type=dry_recipe&p=2731,Švedska,Šunka,Kuhano,76,0,0,1532,NO,NO,NO,,0,,,OK_OR_NOT_CHECKED
2732,publish,"ISTERBAND (ŠVEDSKA FERMENTIRANA KOBASICA)",https://drycured.com/recepti-baza/isterband-svedska-fermentirana-kobasica/,Švedska,"Suha kobasica",fermentacija,4166,4166,0,1725,YES,YES,YES,200,304906,YES,4,OK_PUBLIC_VISIBLE_OR_HAS_MARKERS
2733,publish,"SPICKESKINKA (ŠVEDSKA SUHA ŠUNKA)",https://drycured.com/recepti-baza/spickeskinka-svedska-suha-sunka/,Mađarska,"Pršut|sušena šunka",Sušeno,3418,3418,0,1129,YES,YES,YES,200,304599,YES,3,OK_PUBLIC_VISIBLE_OR_HAS_MARKERS
2734,draft,"ENGADINER HATECLETT (SUŠENI KOZJI BUT)",https://drycured.com/?post_type=dry_recipe&p=2734,Švicarska,Ostalo,Sušeno,78,0,0,1271,NO,NO,NO,,0,,,OK_OR_NOT_CHECKED
2735,private,"BASLER LÄBERLI (SUHA JETRENA KOBASICA IZ BASELA)",https://drycured.com/?post_type=dry_recipe&p=2735,Švicarska,"kuhana jetrena kobasica ili pašteta","fermentacija + sušenje",3948,3948,0,1674,YES,YES,NO,,0,,,OK_OR_NOT_CHECKED
2736,publish,"GLARNER KALBERWURST (TELEĆA KOBASICA IZ GLARUSA)",https://drycured.com/recepti-baza/glarner-kalberwurst-teleca-kobasica-iz-glarusa/,Albanija,"Suha kobasica",sušenje,4359,4359,0,1570,YES,YES,YES,200,305008,YES,5,OK_PUBLIC_VISIBLE_OR_HAS_MARKERS
2737,publish,"CHURER SALSIZ (DIVLJAČKA KOBASICA IZ CHURA)",https://drycured.com/recepti-baza/churer-salsiz-divljacka-kobasica-iz-chura/,Švicarska,"Suha kobasica","fermentacija + sušenje",4550,4550,0,1589,YES,YES,YES,200,304933,YES,5,OK_PUBLIC_VISIBLE_OR_HAS_MARKERS
2738,private,"TESSINER LUGANIGHETTA (SVJEŽA KOBASICA IZ TICINA)",https://drycured.com/?post_type=dry_recipe&p=2738,Švicarska,"Suha kobasica",sušenje,4400,4400,0,1465,YES,YES,NO,,0,,,OK_OR_NOT_CHECKED
2739,draft,"ZUGER HIRSCHTROCKENWURST (KOBASICA OD JELENA IZ ZUGA)",https://drycured.com/?post_type=dry_recipe&p=2739,Švicarska,Kobasica,Fermentirano|Sušeno,92,0,0,1597,NO,NO,NO,,0,,,OK_OR_NOT_CHECKED
2740,draft,"SCHAFFHAUSER SCHÜBLIG (DIMLJENA GOVEĐA KOBASICA)",https://drycured.com/?post_type=dry_recipe&p=2740,Švicarska,Kobasica,Dimljeno|Kuhano|Sušeno,89,0,0,1532,NO,NO,NO,,0,,,OK_OR_NOT_CHECKED
2741,publish,"AARGAUER RÜEBLIWURST (MESNATA KOBASICA S MRKVOM)",https://drycured.com/recepti-baza/aargauer-ruebliwurst-mesnata-kobasica-s-mrkvom/,Švicarska,"Suha kobasica","fermentacija + sušenje",4277,4277,0,1564,YES,YES,YES,200,305076,YES,5,OK_PUBLIC_VISIBLE_OR_HAS_MARKERS
2742,draft,"BÜNDNERFLEISCH (GRAUBÜNDENSKI SUŠENI GOVEĐI BUT)",https://drycured.com/?post_type=dry_recipe&p=2742,Švicarska,Ostalo,Dimljeno|Sušeno,91,0,0,1156,NO,NO,NO,,0,,,OK_OR_NOT_CHECKED
2743,pending,"APPENZELLER MOSTBRÖCKLI (DIMLJENA GOVEDINA)",https://drycured.com/?post_type=dry_recipe&p=2743,,,,83,0,0,1173,NO,NO,NO,,0,,,OK_OR_NOT_CHECKED
2744,publish,"WALLISER TROCKENFLEISCH (SUŠENA GOVEDINA IZ VALAISA)",https://drycured.com/recepti-baza/walliser-trockenfleisch-susena-govedina-iz-valaisa/,Francuska,"Sušeni dimljeni cijeli komad","sušenje + soljenje/salamurenje",3449,3449,0,1148,YES,YES,YES,200,304974,YES,5,OK_PUBLIC_VISIBLE_OR_HAS_MARKERS
2745,publish,"SALSIZ (ALPSKA SUHA KOBASICA)",https://drycured.com/recepti-baza/salsiz-alpska-suha-kobasica/,Švicarska,"Suha kobasica","fermentacija + sušenje",4379,4379,0,1492,YES,YES,YES,200,304609,YES,3,OK_PUBLIC_VISIBLE_OR_HAS_MARKERS
2746,publish,"CULATELLO DI ZIBELLO",https://drycured.com/recepti-baza/culatello-di-zibello/,Italija,"sušeni dio svinjskog buta","soljenje + oblikovanje + zrenje",3706,3706,0,1011,YES,YES,YES,200,304335,YES,2,OK_PUBLIC_VISIBLE_OR_HAS_MARKERS
2747,publish,"LONZINO (LOMBO)",https://drycured.com/recepti-baza/lonzino-lombo/,Hrvatska,"suhomesnati proizvod","sušenje + zrenje + soljenje/salamurenje",3582,3582,0,1217,YES,YES,YES,200,304291,YES,2,OK_PUBLIC_VISIBLE_OR_HAS_MARKERS
2748,pending,"Napomena o posebnosti Lorne kobasice",https://drycured.com/?post_type=dry_recipe&p=2748,,,,75,0,0,671,NO,NO,NO,,0,,,OK_OR_NOT_CHECKED
2749,pending,"? Savjeti za konzumaciju:",https://drycured.com/?post_type=dry_recipe&p=2749,,,,64,0,0,649,NO,NO,NO,,0,,,OK_OR_NOT_CHECKED
2750,pending,"Herzegovina Livanjska Devenica",https://drycured.com/?post_type=dry_recipe&p=2750,,,,69,0,0,984,NO,NO,NO,,0,,,OK_OR_NOT_CHECKED
2751,pending,"Tuzlanski Švargli",https://drycured.com/?post_type=dry_recipe&p=2751,,,,57,0,0,896,NO,NO,NO,,0,,,OK_OR_NOT_CHECKED
2752,pending,"Zeleni Burek Kobasica (Specifičnost Cazinske doline)",https://drycured.com/?post_type=dry_recipe&p=2752,,,,92,0,0,937,NO,NO,NO,,0,,,OK_OR_NOT_CHECKED
2753,pending,"Mostarsko Zrno - Unikatna Mesna Kombinacija",https://drycured.com/?post_type=dry_recipe&p=2753,,,,82,0,0,992,NO,NO,NO,,0,,,OK_OR_NOT_CHECKED
2754,pending,"Regije i Status Istraživanja",https://drycured.com/?post_type=dry_recipe&p=2754,,,,68,0,0,730,NO,NO,NO,,0,,,OK_OR_NOT_CHECKED
2755,pending,"Metodologija Istraživanja",https://drycured.com/?post_type=dry_recipe&p=2755,,,,65,0,0,648,NO,NO,NO,,0,,,OK_OR_NOT_CHECKED
2756,pending,"Ciljevi Projekta",https://drycured.com/?post_type=dry_recipe&p=2756,,,,55,0,0,620,NO,NO,NO,,0,,,OK_OR_NOT_CHECKED
2757,pending,"Kontakt i Suradnja",https://drycured.com/?post_type=dry_recipe&p=2757,,,,108,0,0,677,NO,NO,NO,,0,,,OK_OR_NOT_CHECKED
2758,draft,"Polendvytsia (Полендвиця) - Sušeni svinjski file",https://drycured.com/?post_type=dry_recipe&p=2758,Ukrajina,Ostalo,Dimljeno|soljeno|Sušeno,98,0,0,1209,NO,NO,NO,,0,,,OK_OR_NOT_CHECKED
2759,draft,"Pashtetna (Паштетна) - Pečena mesna pašteta",https://drycured.com/?post_type=dry_recipe&p=2759,Ukrajina,Ostalo,soljeno|Sušeno,92,0,0,1546,NO,NO,NO,,0,,,OK_OR_NOT_CHECKED
2760,draft,"Miasnyi Khlib (М'ясний хліб) - Mesni kruh",https://drycured.com/?post_type=dry_recipe&p=2760,Ukrajina,Ostalo,Dimljeno|Sušeno,90,0,0,1446,NO,NO,NO,,0,,,OK_OR_NOT_CHECKED
2761,draft,"Dimlenyi Yazyk (Димлений язик) - Dimljeni goveđi jezik",https://drycured.com/?post_type=dry_recipe&p=2761,Ukrajina,Ostalo,Dimljeno|Kuhano|Sušeno,106,0,0,1365,NO,NO,NO,,0,,,OK_OR_NOT_CHECKED
2762,draft,"Salo (Сало) - Ukrajinska slanina",https://drycured.com/?post_type=dry_recipe&p=2762,Ukrajina,Slanina,Dimljeno|soljeno|Sušeno,75,0,0,1056,NO,NO,NO,,0,,,OK_OR_NOT_CHECKED
2763,draft,"Domašnja Kovbasa (Домашня ковбаса) - Domaća kobasica",https://drycured.com/?post_type=dry_recipe&p=2763,Ukrajina,Kobasica,Dimljeno|Fermentirano|Sušeno,107,0,0,1331,NO,NO,NO,,0,,,OK_OR_NOT_CHECKED
2764,draft,"Buženina (Буженина) - Pečena i sušena svinjetina",https://drycured.com/?post_type=dry_recipe&p=2764,Ukrajina,Ostalo,soljeno|Sušeno,98,0,0,1275,NO,NO,NO,,0,,,OK_OR_NOT_CHECKED
2765,draft,"Kholodets (Холодець) - Hladetina od mesa",https://drycured.com/?post_type=dry_recipe&p=2765,Ukrajina,Ostalo,Kuhano,87,0,0,1353,NO,NO,NO,,0,,,OK_OR_NOT_CHECKED
2766,draft,"Solonina (Солонина) - Salamurena govedina",https://drycured.com/?post_type=dry_recipe&p=2766,Ukrajina,Ostalo,Dimljeno|Sušeno,88,0,0,1354,NO,NO,NO,,0,,,OK_OR_NOT_CHECKED
2767,pending,"Geografski i klimatski kontekst",https://drycured.com/?post_type=dry_recipe&p=2767,,,,236,0,0,871,NO,NO,NO,,0,,,OK_OR_NOT_CHECKED
2768,pending,"Najznačajniji suhomesnati proizvodi",https://drycured.com/?post_type=dry_recipe&p=2768,,,,75,0,0,694,NO,NO,NO,,0,,,OK_OR_NOT_CHECKED
2769,pending,"Kulturni značaj",https://drycured.com/?post_type=dry_recipe&p=2769,,,,104,0,0,677,NO,NO,NO,,0,,,OK_OR_NOT_CHECKED
2770,pending,"Izazovi i budućnost",https://drycured.com/?post_type=dry_recipe&p=2770,,,,59,0,0,640,NO,NO,NO,,0,,,OK_OR_NOT_CHECKED
2771,pending,Zaključak,https://drycured.com/?post_type=dry_recipe&p=2771,,,,291,0,0,852,NO,NO,NO,,0,,,OK_OR_NOT_CHECKED
2772,private,"Pâté de Campagne (Seljački pašteta)",https://drycured.com/?post_type=dry_recipe&p=2772,Belgija,"kuhana jetrena kobasica ili pašteta",zrenje,4038,4038,0,3136,YES,YES,NO,,0,,,OK_OR_NOT_CHECKED
2773,private,"Boudin Noir (Krvavica)",https://drycured.com/?post_type=dry_recipe&p=2773,Hrvatska,"suhomesnati proizvod",Kuhano,3755,3755,0,3401,YES,YES,NO,,0,,,OK_OR_NOT_CHECKED
2774,publish,"Jambon Persillé (Šunka u želeu s peršinom)",https://drycured.com/recepti-baza/jambon-persille-sunka-u-zeleu-s-persinom/,Belgija,"Pršut|sušena šunka",Kuhano,3638,3638,0,3641,YES,YES,YES,200,304734,YES,5,OK_PUBLIC_VISIBLE_OR_HAS_MARKERS
2775,pending,"Cervelas de Lyon (Lionska kobasica)",https://drycured.com/?post_type=dry_recipe&p=2775,,,,74,0,0,3362,NO,NO,NO,,0,,,OK_OR_NOT_CHECKED
2776,private,"Kepeninė dešra (Litavska jetrena kobasica)",https://drycured.com/?post_type=dry_recipe&p=2776,Litva,"kuhana jetrena kobasica ili pašteta",dimljenje,3763,3763,0,2709,YES,YES,NO,,0,,,OK_OR_NOT_CHECKED
2777,private,"Kulen iz Požeške doline - Specijalna varijanta s divljim začinima",https://drycured.com/?post_type=dry_recipe&p=2777,Hrvatska,"svježa kobasica za pečenje","dimljenje + sušenje",3908,3908,0,1233,YES,YES,NO,,0,,,OK_OR_NOT_CHECKED
2778,publish,"Čvarci s Papuka - Planinski recept",https://drycured.com/recepti-baza/cvarci-s-papuka-planinski-recept/,Hrvatska,"suhomesnati proizvod",soljeno,3621,3621,0,942,YES,YES,YES,200,304547,YES,4,OK_PUBLIC_VISIBLE_OR_HAS_MARKERS
2779,publish,"Slavonski cviček (suhomesnati narez)",https://drycured.com/recepti-baza/slavonski-cvicek-suhomesnati-narez/,Hrvatska,"suhomesnati proizvod","fermentacija + sušenje",3420,3420,0,968,YES,YES,YES,200,304747,YES,4,OK_PUBLIC_VISIBLE_OR_HAS_MARKERS
2780,publish,"Slavonski pikantni vrat",https://drycured.com/recepti-baza/slavonski-pikantni-vrat/,Hrvatska,"suhomesnati proizvod","dimljenje + sušenje",3556,3556,0,932,YES,YES,YES,200,350569,YES,2,OK_PUBLIC_VISIBLE_OR_HAS_MARKERS
2781,publish,"Esencijalni slavonski sušeni vrat s divljim začinima",https://drycured.com/recepti-baza/esencijalni-slavonski-suseni-vrat-s-divljim-zacinima/,Hrvatska,"suhomesnati proizvod","fermentacija + sušenje",3440,3440,0,977,YES,YES,YES,200,351245,YES,5,OK_PUBLIC_VISIBLE_OR_HAS_MARKERS
2782,pending,"Coppa Piacentina - Piacentinska Coppa",https://drycured.com/?post_type=dry_recipe&p=2782,,,,76,0,0,3300,NO,NO,NO,,0,,,OK_OR_NOT_CHECKED
2783,draft,"Nduja Calabrese - Kalabrijska Nduja",https://drycured.com/?post_type=dry_recipe&p=2783,Italija,Ostalo,Fermentirano|Sušeno,74,0,0,3131,NO,NO,NO,,0,,,OK_OR_NOT_CHECKED
2784,draft,"Guanciale Romano - Rimski Guanciale",https://drycured.com/?post_type=dry_recipe&p=2784,Italija,Ostalo,soljeno|Sušeno,74,0,0,3508,NO,NO,NO,,0,,,OK_OR_NOT_CHECKED
2785,draft,"SALAME MILANO - MILANSKA SALAMA",https://drycured.com/?post_type=dry_recipe&p=2785,Italija,Salama,Fermentirano|Sušeno,70,0,0,1565,NO,NO,NO,,0,,,OK_OR_NOT_CHECKED
2786,draft,"COPPA (CAPOCOLLO) - TALIJANSKA VRATINA",https://drycured.com/?post_type=dry_recipe&p=2786,Italija,Ostalo,Sušeno,77,0,0,1533,NO,NO,NO,,0,,,OK_OR_NOT_CHECKED
2859,draft,"IstARSKA KOBASICA",https://drycured.com/?post_type=dry_recipe&p=2859,Hrvatska,"Mljevena masa",,0,0,0,5154,NO,NO,NO,,0,,,OK_OR_NOT_CHECKED
2860,draft,"Šokačka kobasica by Davor",https://drycured.com/?post_type=dry_recipe&p=2860,Hrvatska,"Mljevena masa",,0,0,0,5809,NO,NO,NO,,0,,,OK_OR_NOT_CHECKED
2972,publish,"Slavonski kulen (PDO EU)",https://drycured.com/recepti-baza/hr-sl-001-slavonski-kulen-pdo-eu/,Hrvatska,Kobasica,,6032,6032,6315,0,YES,YES,YES,200,371196,YES,2,OK_PUBLIC_VISIBLE_OR_HAS_MARKERS
2973,publish,"Kulenova seka",https://drycured.com/recepti-baza/hr-sl-002-kulenova-seka/,Hrvatska,Kobasica,,5471,5471,5764,0,YES,YES,YES,200,356194,YES,1,OK_PUBLIC_VISIBLE_OR_HAS_MARKERS
2974,publish,"Baranjski kulen (ZOZP EU)",https://drycured.com/recepti-baza/hr-sl-003-baranjski-kulen-zozp-eu/,Hrvatska,Kobasica,,5743,5743,6024,0,YES,YES,YES,200,358533,YES,2,OK_PUBLIC_VISIBLE_OR_HAS_MARKERS
2975,publish,"Đakovački kulen",https://drycured.com/recepti-baza/hr-sl-004-dakovacki-kulen/,Hrvatska,Kobasica,,5598,5598,5887,0,YES,YES,YES,200,357822,YES,2,OK_PUBLIC_VISIBLE_OR_HAS_MARKERS
2976,publish,"Slavonska domaća kobasica",https://drycured.com/recepti-baza/hr-sl-005-slavonska-domaca-kobasica/,Hrvatska,Kobasica,,5856,5856,6136,0,YES,YES,YES,200,358070,YES,3,OK_PUBLIC_VISIBLE_OR_HAS_MARKERS
2977,publish,"Srijemska kobasica (OGP)",https://drycured.com/recepti-baza/hr-sl-006-srijemska-kobasica-ogp/,Hrvatska,Kobasica,,5798,5798,6080,0,YES,YES,YES,200,358387,YES,2,OK_PUBLIC_VISIBLE_OR_HAS_MARKERS
2978,private,"Ratarske kobasice",https://drycured.com/?post_type=dry_recipe&p=2978,Hrvatska,Kobasica,,11038,11038,5942,0,YES,YES,NO,,0,,,OK_OR_NOT_CHECKED
2979,publish,"Baranjska kobasica",https://drycured.com/recepti-baza/hr-sl-008-baranjska-kobasica/,Hrvatska,Kobasica,,5720,5720,6008,0,YES,YES,YES,200,358197,YES,2,OK_PUBLIC_VISIBLE_OR_HAS_MARKERS
2980,private,"Baranjska salama",https://drycured.com/?post_type=dry_recipe&p=2980,Hrvatska,Kobasica/Salama,,5581,5581,5871,0,YES,YES,NO,,0,,,OK_OR_NOT_CHECKED
2981,publish,"Slavonska kobasica (ZOI EU 2023)",https://drycured.com/recepti-baza/hr-sl-010-slavonska-kobasica-zoi-eu-2023/,Hrvatska,Kobasica,,5771,5771,6045,0,YES,YES,YES,200,358176,YES,2,OK_PUBLIC_VISIBLE_OR_HAS_MARKERS
2982,private,"Slavonska dimljena slanina",https://drycured.com/?post_type=dry_recipe&p=2982,Hrvatska,Slanina,,5382,5382,5662,0,YES,YES,NO,,0,,,OK_OR_NOT_CHECKED
2983,private,"Slavonska dimljena šunka",https://drycured.com/?post_type=dry_recipe&p=2983,Hrvatska,"Cijeli komad",,5857,5857,6138,0,YES,YES,NO,,0,,,OK_OR_NOT_CHECKED
2984,private,"Suha plećka slavonska",https://drycured.com/?post_type=dry_recipe&p=2984,Hrvatska,"Cijeli komad",,5187,5187,5471,0,YES,YES,NO,,0,,,OK_OR_NOT_CHECKED
2985,private,"Suha rebra slavonska",https://drycured.com/?post_type=dry_recipe&p=2985,Hrvatska,"Cijeli komad",,5272,5272,5558,0,YES,YES,NO,,0,,,OK_OR_NOT_CHECKED
2986,private,"Slavonska jetrena kobasica",https://drycured.com/?post_type=dry_recipe&p=2986,Hrvatska,Iznutrice,,5730,5730,6010,0,YES,YES,NO,,0,,,OK_OR_NOT_CHECKED
2987,private,"Krvavica slavonska",https://drycured.com/?post_type=dry_recipe&p=2987,Hrvatska,Iznutrice,,5722,5722,6010,0,YES,YES,NO,,0,,,OK_OR_NOT_CHECKED
2988,private,"Tlačenica slavonska (švargl)",https://drycured.com/?post_type=dry_recipe&p=2988,Hrvatska,Iznutrice,,5577,5577,5853,0,YES,YES,NO,,0,,,OK_OR_NOT_CHECKED
2989,private,"Vinkovačka šunka — suho soljena varijanta",https://drycured.com/?post_type=dry_recipe&p=2989,Hrvatska,"Cijeli komad",,5789,5789,6050,0,YES,YES,NO,,0,,,OK_OR_NOT_CHECKED
2990,private,"Slavonski lovački kulen (divljač + svinjetina)",https://drycured.com/?post_type=dry_recipe&p=2990,Hrvatska,Kobasica,,5907,5907,6165,0,YES,YES,NO,,0,,,OK_OR_NOT_CHECKED
2991,private,"Konjska salama Ploštine (talijanska manjina, Pakrac)",https://drycured.com/?post_type=dry_recipe&p=2991,Hrvatska,Kobasica,,5759,5759,6012,0,YES,YES,NO,,0,,,OK_OR_NOT_CHECKED
2992,private,"Slavonski dimljeni svinjski vrat",https://drycured.com/?post_type=dry_recipe&p=2992,Hrvatska,"Cijeli komad",,5220,5220,5494,0,YES,YES,NO,,0,,,OK_OR_NOT_CHECKED
2993,private,"Slavonski suhi vrat (ovratina)",https://drycured.com/?post_type=dry_recipe&p=2993,Hrvatska,"Cijeli komad",,5438,5438,5714,0,YES,YES,NO,,0,,,OK_OR_NOT_CHECKED
2994,private,"Baranjska šunka",https://drycured.com/?post_type=dry_recipe&p=2994,Hrvatska,"Cijeli komad",,5603,5603,5893,0,YES,YES,NO,,0,,,OK_OR_NOT_CHECKED
2995,private,"Đakovačka šunka",https://drycured.com/?post_type=dry_recipe&p=2995,Hrvatska,"Cijeli komad",,5631,5631,5919,0,YES,YES,NO,,0,,,OK_OR_NOT_CHECKED
2996,publish,"Brodska kobasica (Slavonski Brod)",https://drycured.com/recepti-baza/hr-sl-030-brodska-kobasica-slavonski-brod/,Hrvatska,Kobasica,,5677,5677,5950,0,YES,YES,YES,200,358278,YES,3,OK_PUBLIC_VISIBLE_OR_HAS_MARKERS
2997,publish,"Osječka kobasica",https://drycured.com/recepti-baza/hr-sl-031-osjecka-kobasica/,Hrvatska,Kobasica,,5816,5816,6105,0,YES,YES,YES,200,357815,YES,2,OK_PUBLIC_VISIBLE_OR_HAS_MARKERS
2998,private,"Slavonska krvavica od prosa (bijela)",https://drycured.com/?post_type=dry_recipe&p=2998,Hrvatska,Krvavica,,5836,5836,6106,0,YES,YES,NO,,0,,,OK_OR_NOT_CHECKED
2999,private,"Slavonska šunka od crne slavonske svinje",https://drycured.com/?post_type=dry_recipe&p=2999,Hrvatska,"Cijeli komad",,6199,6199,6464,0,YES,YES,NO,,0,,,OK_OR_NOT_CHECKED
3000,publish,"Slavonska domaća salama",https://drycured.com/recepti-baza/hr-sl-034-slavonska-domaca-salama/,Hrvatska,Kobasica,,5611,5611,5893,0,YES,YES,YES,200,358846,YES,3,OK_PUBLIC_VISIBLE_OR_HAS_MARKERS
3001,publish,"Slavonska čvarkovača (kobasica od čvaraka)",https://drycured.com/recepti-baza/hr-sl-036-slavonska-cvarkovaca-kobasica-od-cvaraka/,Hrvatska,Kobasica,,5682,5682,5943,0,YES,YES,YES,200,358076,YES,4,OK_PUBLIC_VISIBLE_OR_HAS_MARKERS
3002,publish,"Vinkovačka kobasica",https://drycured.com/recepti-baza/hr-sl-037-vinkovacka-kobasica/,Hrvatska,Kobasica,,5688,5688,5974,0,YES,YES,YES,200,358382,YES,2,OK_PUBLIC_VISIBLE_OR_HAS_MARKERS
3003,publish,"Slavonska lovačka kobasica (divljač + svinjetina)",https://drycured.com/recepti-baza/hr-sl-038-slavonska-lovacka-kobasica-divljac-svinjetina/,Hrvatska,Kobasica,,6095,6095,6350,0,YES,YES,YES,200,360209,YES,5,OK_PUBLIC_VISIBLE_OR_HAS_MARKERS
3005,private,"Cvelferija kulen — varijanta bez slanine",https://drycured.com/?post_type=dry_recipe&p=3005,Hrvatska,,,47,0,0,0,NO,NO,NO,,0,,,RISK_MISSING_SOURCE_CONTENT
3006,private,"Vinkovačka šunka",https://drycured.com/?post_type=dry_recipe&p=3006,Hrvatska,,,47,0,0,0,NO,NO,NO,,0,,,RISK_MISSING_SOURCE_CONTENT
3007,private,"Samoborska salama (županijska robna marka)",https://drycured.com/?post_type=dry_recipe&p=3007,Hrvatska,,,47,0,0,0,NO,NO,NO,,0,,,RISK_MISSING_SOURCE_CONTENT
3008,private,"Dalmatinska suha šunka",https://drycured.com/?post_type=dry_recipe&p=3008,Hrvatska,,,47,0,0,0,NO,NO,NO,,0,,,RISK_MISSING_SOURCE_CONTENT
3009,private,"Dalmatinska suha kobasica",https://drycured.com/?post_type=dry_recipe&p=3009,Hrvatska,,,47,0,0,0,NO,NO,NO,,0,,,RISK_MISSING_SOURCE_CONTENT
3010,private,"Hvarska prstena kobasica",https://drycured.com/?post_type=dry_recipe&p=3010,Hrvatska,,,47,0,0,0,NO,NO,NO,,0,,,RISK_MISSING_SOURCE_CONTENT
3011,private,"Sinjaška kobasica (Cetinska krajina)",https://drycured.com/?post_type=dry_recipe&p=3011,Hrvatska,,,47,0,0,0,NO,NO,NO,,0,,,RISK_MISSING_SOURCE_CONTENT
3012,private,"Dalmatinska dimljena slanina",https://drycured.com/?post_type=dry_recipe&p=3012,Hrvatska,,,47,0,0,0,NO,NO,NO,,0,,,RISK_MISSING_SOURCE_CONTENT
3013,private,"Istarska špaleta (suha plećka)",https://drycured.com/?post_type=dry_recipe&p=3013,Hrvatska,,,47,0,0,0,NO,NO,NO,,0,,,RISK_MISSING_SOURCE_CONTENT
3014,private,"Zagorska dimljena šunka",https://drycured.com/?post_type=dry_recipe&p=3014,Hrvatska,,,47,0,0,0,NO,NO,NO,,0,,,RISK_MISSING_SOURCE_CONTENT
3015,private,"Međimurska šunka",https://drycured.com/?post_type=dry_recipe&p=3015,Hrvatska,,,47,0,0,0,NO,NO,NO,,0,,,RISK_MISSING_SOURCE_CONTENT
3016,private,"Zagorska tlačenica",https://drycured.com/?post_type=dry_recipe&p=3016,Hrvatska,,,47,0,0,0,NO,NO,NO,,0,,,RISK_MISSING_SOURCE_CONTENT
3017,private,"Gospićka suha plećka",https://drycured.com/?post_type=dry_recipe&p=3017,Hrvatska,,,47,0,0,0,NO,NO,NO,,0,,,RISK_MISSING_SOURCE_CONTENT
3018,private,"Banovinska tlačenica",https://drycured.com/?post_type=dry_recipe&p=3018,Hrvatska,,,47,0,0,0,NO,NO,NO,,0,,,RISK_MISSING_SOURCE_CONTENT
3020,private,"Albanska proshutë / sušena šunka – kategorijski radni zapis",https://drycured.com/?post_type=dry_recipe&p=3020,Albanija,Pršut,Sušeno,6263,6263,6587,0,NO,NO,NO,,0,,,OK_OR_NOT_CHECKED
3021,private,"Vorarlberger Mostbröckle – sušena i dimljena govedina",https://drycured.com/?post_type=dry_recipe&p=3021,Austrija,"Cijeli komad",Dimljeno|Sušeno,6368,6368,6692,0,NO,NO,NO,,0,,,OK_OR_NOT_CHECKED
3022,private,"Westfälischer Schinken s krumpirom u ljusci i hrenom",https://drycured.com/?post_type=dry_recipe&p=3022,Hrvatska,"Pršut|sušena šunka",Dimljeno|Sušeno,3452,3452,6232,0,YES,YES,NO,,0,,,OK_OR_NOT_CHECKED
3023,private,"Bonus: Pfefferbeis s prženim krumpirom i umkom od kiselog vrhnja",https://drycured.com/?post_type=dry_recipe&p=3023,Hrvatska,"Suha kobasica",Dimljeno|Fermentirano|Sušeno,4164,4164,6385,0,YES,YES,NO,,0,,,OK_OR_NOT_CHECKED
3024,publish,"Irska dimljena kobasica (Smoked Sausage)",https://drycured.com/recepti-baza/irska-dimljena-kobasica-smoked-sausage/,Irska,"Suha kobasica",dimljenje,4119,4119,6212,0,YES,YES,YES,200,303380,YES,5,OK_PUBLIC_VISIBLE_OR_HAS_MARKERS
3025,publish,"Pršuta e Kosovës (Kosovska pršuta)",https://drycured.com/recepti-baza/prsuta-e-kosoves-kosovska-prsuta-2/,Kosovo,"Pršut|sušena šunka","sušenje + zrenje + soljenje/salamurenje",3433,3433,6132,0,YES,YES,YES,200,303346,YES,4,OK_PUBLIC_VISIBLE_OR_HAS_MARKERS
3026,publish,"Scharfe Edelrohwurst s povrćem na žaru",https://drycured.com/recepti-baza/scharfe-edelrohwurst-s-povrcem-na-zaru/,Hrvatska,"Suha kobasica",Fermentirano|Sušeno,4360,4360,5534,0,YES,YES,YES,200,303404,YES,3,OK_PUBLIC_VISIBLE_OR_HAS_MARKERS
3027,publish,"ENGADINER HATECLETT (SUŠENI KOZJI BUT)",https://drycured.com/recepti-baza/engadiner-hateclett-suseni-kozji-but-2/,Hrvatska,"suhomesnati proizvod","sušenje + soljenje/salamurenje",3612,3612,6134,0,YES,YES,YES,200,351909,YES,4,OK_PUBLIC_VISIBLE_OR_HAS_MARKERS
3028,publish,"ZUGER HIRSCHTROCKENWURST (KOBASICA OD JELENA IZ ZUGA)",https://drycured.com/recepti-baza/zuger-hirschtrockenwurst-kobasica-od-jelena-iz-zuga-2/,Švicarska,"Suha kobasica","fermentacija + sušenje",4442,4442,6164,0,YES,YES,YES,200,303653,YES,4,OK_PUBLIC_VISIBLE_OR_HAS_MARKERS
3029,publish,"Tiroler Speck – tirolski sušeni dimljeni svinjski but",https://drycured.com/recepti-baza/tiroler-speck-tirolska-slanina-2/,Austrija,"Sušeni dimljeni cijeli komad","hladno dimljeno|suho soljeno|Sušeno|zreno",3385,3385,6666,0,YES,YES,YES,200,304673,YES,6,OK_PUBLIC_VISIBLE_OR_HAS_MARKERS
3030,publish,"Waldviertler Hirschsalami – salama od jelena iz Waldviertela",https://drycured.com/recepti-baza/waldviertler-hirschsalami-salama-od-jelena-iz-waldviertela-2/,Austrija,"suha salama","Fermentirano|hladno dimljeno|Sušeno|zreno",4216,4216,7287,0,YES,YES,YES,200,305217,YES,5,OK_PUBLIC_VISIBLE_OR_HAS_MARKERS
3031,private,"Austrijska Käsekrainer – kobasica sa sirom",https://drycured.com/?post_type=dry_recipe&p=3031,Austrija,"Suha kobasica","brzo hlađeno|Kuhano|toplo dimljeno",4349,4349,9865,0,YES,YES,NO,,0,,,OK_OR_NOT_CHECKED
3032,publish,"Mađarska Gyulai Kolbász – Gyulai kobasica",https://drycured.com/recepti-baza/maarska-gyulai-kolbasz-gyulai-kobasica/,Mađarska,"Suha kobasica","hladno dimljeno|Sušeno|zreno",4374,4374,11275,0,YES,YES,YES,200,304790,YES,5,OK_PUBLIC_VISIBLE_OR_HAS_MARKERS
3033,publish,"Lukanka iz Panagyurishte – bugarska prešana suha kobasica",https://drycured.com/recepti-baza/lukanka-iz-panagyurishte/,Bugarska,"Suha kobasica",Fermentirano|prešano|Sušeno|zreno,4189,4189,8430,0,YES,YES,YES,200,304762,YES,5,OK_PUBLIC_VISIBLE_OR_HAS_MARKERS
3034,private,"Banska Kapama – bugarski mesni specijalitet",https://drycured.com/?post_type=dry_recipe&p=3034,Bugarska,"svježa kobasica za pečenje","nije trajno sušeno|pečeno/kuhano",3798,3798,6592,0,YES,YES,NO,,0,,,OK_OR_NOT_CHECKED
3035,publish,"Strandzhansko Dyado – bugarski sušeni punjeni proizvod",https://drycured.com/recepti-baza/strandzhansko-dyado/,Bugarska,"Suha kobasica",Fermentirano|Sušeno|zreno,4377,4377,7062,0,YES,YES,YES,200,304658,YES,6,OK_PUBLIC_VISIBLE_OR_HAS_MARKERS
3036,private,"Srednogorska Kaska – bugarski punjeni mesni proizvod",https://drycured.com/?post_type=dry_recipe&p=3036,Bugarska,"Punjeni mesni proizvod",kuhano/punjeno|Sušeno,3897,3897,7283,0,YES,YES,NO,,0,,,OK_OR_NOT_CHECKED
3037,publish,"Dobrudzhanski Babek – bugarski sušeni babek",https://drycured.com/recepti-baza/dobrudzhanski-babek/,Bugarska,"Suha kobasica",Fermentirano|Sušeno|zreno,4296,4296,7497,0,YES,YES,YES,200,304568,YES,5,OK_PUBLIC_VISIBLE_OR_HAS_MARKERS
3038,publish,"Grčki Loukaniko – tradicionalna grčka kobasica",https://drycured.com/recepti-baza/grcka-tradicionalni-recepti-za-loukaniko-2/,Grčka,"Suha kobasica","Fermentirano|hladno dimljeno ili sušeno",3978,3978,5662,0,YES,YES,YES,200,304956,YES,5,OK_PUBLIC_VISIBLE_OR_HAS_MARKERS
3039,publish,"Joulukinkku – finska božićna šunka",https://drycured.com/recepti-baza/joulukinkku-bozicna-sunka-2/,Finska,"Pršut|sušena šunka","mokro salamureno|pečeno",3386,3386,7540,0,YES,YES,YES,200,304554,YES,4,OK_PUBLIC_VISIBLE_OR_HAS_MARKERS
3040,private,"Palvikinkku – finska dimljena šunka",https://drycured.com/?post_type=dry_recipe&p=3040,Finska,"Pršut|sušena šunka","Kuhano|mokro salamureno|toplo dimljeno",3425,3425,6195,0,YES,YES,NO,,0,,,OK_OR_NOT_CHECKED
3041,publish,"Saucisson Sec – francuska suha kobasica",https://drycured.com/recepti-baza/saucisson-sec-suha-kobasica-2/,Francuska,"Suha kobasica",Fermentirano|Sušeno|zreno,4138,4138,7272,0,YES,YES,YES,200,304608,YES,3,OK_PUBLIC_VISIBLE_OR_HAS_MARKERS
3042,publish,"Jésus de Lyon – debela suha kobasica",https://drycured.com/recepti-baza/jesus-de-lyon-debela-suha-kobasica/,Francuska,"Suha kobasica",Fermentirano|Sušeno|zreno,4123,4123,8517,0,YES,YES,YES,200,353718,YES,3,OK_PUBLIC_VISIBLE_OR_HAS_MARKERS
3043,private,"Cervelas de Lyon – lionska kobasica",https://drycured.com/?post_type=dry_recipe&p=3043,Francuska,"Suha kobasica","fermentirano ili kuhano prema varijanti",4284,4284,7971,0,YES,YES,NO,,0,,,OK_OR_NOT_CHECKED
3044,publish,"Jésus de Lyon – velika lionska suha kobasica",https://drycured.com/recepti-baza/jesus-de-lyon-2/,Francuska,"Suha kobasica",Fermentirano|Sušeno|zreno,4232,4232,9420,0,YES,YES,YES,200,304402,YES,4,OK_PUBLIC_VISIBLE_OR_HAS_MARKERS
3045,publish,"Rosette de Lyon – lionska suha kobasica",https://drycured.com/recepti-baza/rosette-de-lyon-2/,Francuska,"Suha kobasica",Fermentirano|Sušeno|zreno,4369,4369,9670,0,YES,YES,YES,200,304364,YES,3,OK_PUBLIC_VISIBLE_OR_HAS_MARKERS
3046,private,"Rillettes du Mans – kuhani mesni namaz",https://drycured.com/?post_type=dry_recipe&p=3046,Francuska,"Kuhani mesni namaz","dugo kuhano|hlađeno",3344,3344,8058,0,YES,YES,NO,,0,,,OK_OR_NOT_CHECKED
3047,publish,"Siglino Messinias – grčka dimljena svinjetina",https://drycured.com/recepti-baza/siglino-messinias/,Grčka,"Dimljeni sušeni cijeli komad",Dimljeno|soljeno|Sušeno,3596,3596,9065,0,YES,YES,YES,200,304478,YES,5,OK_PUBLIC_VISIBLE_OR_HAS_MARKERS
3048,private,"Tsigarides – grčki čvarci / mesni pripravak",https://drycured.com/?post_type=dry_recipe&p=3048,Grčka,"Topljeni mesni pripravak",topljeno/prženo,3595,3595,7179,0,YES,YES,NO,,0,,,OK_OR_NOT_CHECKED
3049,private,"Llokum Kosove – kosovski mesni delikates",https://drycured.com/?post_type=dry_recipe&p=3049,Kosovo,"Mesni delikates","kuhano/dimljeno prema varijanti",3604,3604,6898,0,YES,YES,NO,,0,,,OK_OR_NOT_CHECKED
3050,publish,"Pancetta Maltija – malteška panceta",https://drycured.com/recepti-baza/maltezanska-panceta-pancetta-maltija-2/,Malta,"Sušeni dimljeni cijeli komad",soljeno|Sušeno|zreno,3411,3411,7102,0,YES,YES,YES,200,304635,YES,4,OK_PUBLIC_VISIBLE_OR_HAS_MARKERS
3051,publish,"Pick Szalámi – mađarski Pick salami",https://drycured.com/recepti-baza/maarski-pick-salami-pick-szalami/,Mađarska,"suha salama","Fermentirano|hladno dimljeno|Sušeno|zreno",4076,4076,7205,0,YES,YES,YES,200,304643,YES,3,OK_PUBLIC_VISIBLE_OR_HAS_MARKERS
3052,publish,"Mađarska Kolbász – mađarska kobasica",https://drycured.com/recepti-baza/maarska-kobasica-kolbasz/,Mađarska,"Suha kobasica","hladno dimljeno|Sušeno|zreno",4204,4204,7090,0,YES,YES,YES,200,304675,YES,4,OK_PUBLIC_VISIBLE_OR_HAS_MARKERS
3053,publish,"Westfälischer Knochenschinken – vestfalska šunka s kosti",https://drycured.com/recepti-baza/westfalischer-knochenschinken-vestfalska-sunka-s-kosti/,Njemačka,"Pršut|sušena šunka","hladno dimljeno|soljeno|Sušeno|zreno",3735,3735,10230,0,YES,YES,YES,200,305111,YES,5,OK_PUBLIC_VISIBLE_OR_HAS_MARKERS
3054,private,"Rovinjska kobasica",https://drycured.com/?post_type=dry_recipe&p=3054,Hrvatska,Kobasica,Fermentirano|Sušeno|zreno,2823,2823,0,0,YES,YES,NO,,0,,,OK_OR_NOT_CHECKED
3055,publish,"Salo – ukrajinska slana svinjska slanina",https://drycured.com/recepti-baza/salo-slana-svinjeca-slanina/,Ukrajina,"Sušeni dimljeni cijeli komad",soljeno|zreno,3596,3596,6132,0,YES,YES,YES,200,304508,YES,4,OK_PUBLIC_VISIBLE_OR_HAS_MARKERS
3056,private,"Škotski stovies meat – usoljeno kuhano meso",https://drycured.com/?post_type=dry_recipe&p=3056,"Ujedinjeno Kraljevstvo","Usoljeno kuhano meso",Kuhano|soljeno,3390,3390,11081,0,YES,YES,NO,,0,,,OK_OR_NOT_CHECKED
3057,publish,"Belokranjska jagenjčara",https://drycured.com/recepti-baza/belokranjska-jagenjcara-2/,Slovenija,"Suha kobasica",Dimljeno|Sušeno,4217,4217,7738,0,YES,YES,YES,200,304519,YES,2,OK_PUBLIC_VISIBLE_OR_HAS_MARKERS
3058,publish,"Sobrasada Mallorquina – majorška sobrasada",https://drycured.com/recepti-baza/sobrasada-mallorquina-majorska-sobrasada-2/,Španjolska,"Suha kobasica",Fermentirano|Sušeno|zreno,4399,4399,8282,0,YES,YES,YES,200,304925,YES,4,OK_PUBLIC_VISIBLE_OR_HAS_MARKERS
3059,private,"Julskinka – švedska božićna šunka",https://drycured.com/?post_type=dry_recipe&p=3059,Švedska,"Pršut|sušena šunka",kuhano/pečeno|salamureno,3523,3523,7521,0,YES,YES,NO,,0,,,OK_OR_NOT_CHECKED
3060,publish,"Appenzeller Mostbröckli – švicarska sušena dimljena govedina",https://drycured.com/recepti-baza/appenzeller-mostbrockli-dimljena-govedina/,Švicarska,"Sušeni dimljeni cijeli komad",Dimljeno|soljeno|Sušeno|zreno,3473,3473,6637,0,YES,YES,YES,200,305032,YES,6,OK_PUBLIC_VISIBLE_OR_HAS_MARKERS
3061,publish,"Speck Alto Adige – južnotirolski sušeni dimljeni but",https://drycured.com/recepti-baza/speck-alto-adige-2/,Italija,"Sušeni dimljeni cijeli komad","hladno dimljeno|suho soljeno|Sušeno|zreno",3610,3610,7958,0,YES,YES,YES,200,304480,YES,5,OK_PUBLIC_VISIBLE_OR_HAS_MARKERS
3062,private,"Pashtetna – pečena mesna pašteta",https://drycured.com/?post_type=dry_recipe&p=3062,Bugarska,"kuhana jetrena kobasica ili pašteta",hlađeno|pečeno,3601,3601,8211,0,YES,YES,NO,,0,,,OK_OR_NOT_CHECKED
3063,publish,"Suxhuk – albanska suha kobasica",https://drycured.com/recepti-baza/suxhuk-albanska-suha-kobasica-2/,Albanija,"Suha kobasica","Fermentirano|opcionalno dimljeno|Sušeno",4129,4129,5304,0,YES,YES,YES,200,304586,YES,3,OK_PUBLIC_VISIBLE_OR_HAS_MARKERS
3064,publish,"Proshuta Shqiptare – albanska pršuta",https://drycured.com/recepti-baza/0003-proshuta-shqiptare-albanska-prsuta/,Albanija,"Pršut / sušena šunka","suho soljeno|Sušeno|zreno",2581,2581,5314,0,YES,YES,YES,200,315856,YES,4,OK_PUBLIC_VISIBLE_OR_HAS_MARKERS
3065,publish,"Mish i thatë – albanska suha janjetina",https://drycured.com/recepti-baza/mish-i-thate-albanska-suha-janjetina-2/,Albanija,"Sušeni cijeli komad",soljeno|Sušeno|zreno,3521,3521,5072,0,YES,YES,YES,200,304601,YES,3,OK_PUBLIC_VISIBLE_OR_HAS_MARKERS
3066,publish,"Kärntner Wurzelspeck – koruški sušeni dimljeni vrat",https://drycured.com/recepti-baza/karntner-wurzelspeck-koruska-korijenska-slanina-2/,Austrija,"Sušeni dimljeni cijeli komad",Dimljeno|soljeno|Sušeno|zreno,3448,3448,6376,0,YES,YES,YES,200,304998,YES,5,OK_PUBLIC_VISIBLE_OR_HAS_MARKERS
3067,publish,"Steirischer Rohschinken – štajerska sirova šunka",https://drycured.com/recepti-baza/steirischer-rohschinken-stajerska-sirova-sunka-2/,Austrija,"Sirova šunka","suho soljeno|Sušeno|zreno",3393,3393,6748,0,YES,YES,YES,200,304989,YES,5,OK_PUBLIC_VISIBLE_OR_HAS_MARKERS
3068,publish,"Vorarlberger Mostbröckle – vorarlberška dimljena govedina",https://drycured.com/recepti-baza/0010-vorarlberger-mostbrockle-vorarlberska-dimljena-govedina/,Austrija,"Sušena dimljena govedina",Dimljeno|soljeno|Sušeno|zreno,2654,2654,6127,0,YES,YES,YES,200,316479,YES,5,OK_PUBLIC_VISIBLE_OR_HAS_MARKERS
3069,publish,"Finska Meetvursti – suha kobasica",https://drycured.com/recepti-baza/finska-meetvursti-suha-kobasica-2/,Finska,"Suha kobasica",Dimljeno|Fermentirano|Sušeno|zreno,4364,4364,12173,0,YES,YES,YES,200,304616,YES,3,OK_PUBLIC_VISIBLE_OR_HAS_MARKERS
3070,publish,"Filet d’Anvers – antverpski file",https://drycured.com/recepti-baza/filet-d-anvers-antverpski-file/,Belgija,"Sušeni dimljeni cijeli komad",Dimljeno|soljeno|Sušeno,3436,3436,7663,0,YES,YES,YES,200,304522,YES,3,OK_PUBLIC_VISIBLE_OR_HAS_MARKERS
3071,publish,"Lard fumé de Flandre – flamanska dimljena slanina",https://drycured.com/recepti-baza/lard-fume-de-flandre-flamansko-dimljeno-salo-2/,Belgija,"Sušeni dimljeni cijeli komad",Dimljeno|soljeno|Sušeno,3409,3409,7719,0,YES,YES,YES,200,304811,YES,4,OK_PUBLIC_VISIBLE_OR_HAS_MARKERS
3072,private,"Saucisse au fromage de Herve – kobasica sa sirom Herve",https://drycured.com/?post_type=dry_recipe&p=3072,Belgija,"Suha kobasica","dimljeno/kuhano prema varijanti",4096,4096,7720,0,YES,YES,NO,,0,,,OK_OR_NOT_CHECKED
3073,publish,"Collier fumé de Wallonie – dimljeni svinjski vrat iz Valonije",https://drycured.com/recepti-baza/collier-fume-de-wallonie-dimljeni-svinjski-vrat-iz-valonije-2/,Belgija,"Dimljeni sušeni cijeli komad","hladno dimljeno|soljeno|Sušeno",3775,3775,8344,0,YES,YES,YES,200,305058,YES,5,OK_PUBLIC_VISIBLE_OR_HAS_MARKERS
3074,private,"Boudin blanc de Bruxelles – bijela kuhana kobasica iz Bruxellesa",https://drycured.com/?post_type=dry_recipe&p=3074,Belgija,"Suha kobasica","brzo hlađeno|Kuhano",4076,4076,8430,0,YES,YES,NO,,0,,,OK_OR_NOT_CHECKED
3075,publish,"Jambon d’Ardenne – ardenska šunka",https://drycured.com/recepti-baza/jambon-d-ardenne-ardenski-prsut/,Belgija,"Pršut|sušena šunka","hladno dimljeno|suho soljeno|Sušeno|zreno",3670,3670,7726,0,YES,YES,YES,200,304571,YES,4,OK_PUBLIC_VISIBLE_OR_HAS_MARKERS
3076,private,"Pâté gaumais – gaume pašteta",https://drycured.com/?post_type=dry_recipe&p=3076,Belgija,"kuhana jetrena kobasica ili pašteta",hlađeno|kuhano/pečeno,3631,3631,7910,0,YES,YES,NO,,0,,,OK_OR_NOT_CHECKED
3077,private,"Tête pressée – prešana svinjska glava / prezvuršt",https://drycured.com/?post_type=dry_recipe&p=3077,Belgija,hladetina|tlačenica,hlađeno|Kuhano|prešano,3643,3643,9330,0,YES,YES,NO,,0,,,OK_OR_NOT_CHECKED
3078,private,"Boulette de Liège – lieške mesne okruglice",https://drycured.com/?post_type=dry_recipe&p=3078,Belgija,"Mesna okruglica / kuhana mesna priprema","nije suhomesnati proizvod|svježe/kuhano",4264,4264,8504,0,YES,YES,NO,,0,,,OK_OR_NOT_CHECKED
3081,publish,"SAUCISSON D'ARDENNE (ARDENSKI KULEN)",https://drycured.com/recepti-baza/saucisson-d-ardenne-ardenski-kulen/,Belgija,"Kulen|trajna fermentirana kobasica","fermentacija + dimljenje + sušenje + zrenje",4238,4238,0,0,YES,YES,YES,200,304808,YES,4,OK_PUBLIC_VISIBLE_OR_HAS_MARKERS
3082,publish,"НАНИЖЕН СУДЖУК (Nanižen Sudžuk)",https://drycured.com/recepti-baza/nanizen-sudzuk/,Bugarska,"Suha kobasica","fermentacija + sušenje",4172,4172,0,0,YES,YES,YES,200,304868,YES,4,OK_PUBLIC_VISIBLE_OR_HAS_MARKERS
3083,publish,"ЕЛЕНСКИ БУТ (Elenski but)",https://drycured.com/recepti-baza/elenski-but/,Bugarska,"suhomesnati proizvod",sušenje,3907,3907,0,0,YES,YES,YES,200,354008,YES,2,OK_PUBLIC_VISIBLE_OR_HAS_MARKERS
3084,publish,"СМЯДОВСКА ЛУКАНКА (Smyadovska lukanka)",https://drycured.com/recepti-baza/smyadovska-lukanka/,Bugarska,"Suha kobasica",sušenje,4297,4297,0,0,YES,YES,YES,200,305138,YES,4,OK_PUBLIC_VISIBLE_OR_HAS_MARKERS
3085,publish,"СТАРОПЛАНИНСКИ ПАСТЪРМА (Staroplaninska pastrma)",https://drycured.com/recepti-baza/staroplaninska-pastrma/,Bugarska,"Sušeni cijeli komad",sušenje,3646,3646,0,0,YES,YES,YES,200,305356,YES,4,OK_PUBLIC_VISIBLE_OR_HAS_MARKERS
3086,publish,"Nadenitsa (Наденица)",https://drycured.com/recepti-baza/nadenitsa/,Hrvatska,"suhomesnati proizvod",,3839,3839,0,0,YES,YES,YES,200,304568,YES,2,OK_PUBLIC_VISIBLE_OR_HAS_MARKERS
3087,publish,"Rulopep (Рулопеп)",https://drycured.com/recepti-baza/rulopep/,Hrvatska,"suhomesnati proizvod",,3679,3679,0,0,YES,YES,YES,200,304466,YES,2,OK_PUBLIC_VISIBLE_OR_HAS_MARKERS
3088,publish,"Katino Meze (Катино мезе)",https://drycured.com/recepti-baza/katino-meze/,Bugarska,"suhomesnati proizvod",,3678,3678,0,0,YES,YES,YES,200,304600,YES,2,OK_PUBLIC_VISIBLE_OR_HAS_MARKERS
3089,publish,"Drobsarma (Дробсарма)",https://drycured.com/recepti-baza/drobsarma/,Hrvatska,"Suha kobasica",,4277,4277,0,0,YES,YES,YES,200,304600,YES,2,OK_PUBLIC_VISIBLE_OR_HAS_MARKERS
3090,publish,"Maleshevska Babichka (Малешевска бабичка)",https://drycured.com/recepti-baza/maleshevska-babichka/,Hrvatska,"suhomesnati proizvod",,3957,3957,0,0,YES,YES,YES,200,305179,YES,4,OK_PUBLIC_VISIBLE_OR_HAS_MARKERS
3091,publish,"Kraishte Pastarma (Краищенска пастърма)",https://drycured.com/recepti-baza/kraishte-pastarma/,Bugarska,"suhomesnati proizvod",,3928,3928,0,0,YES,YES,YES,200,305154,YES,4,OK_PUBLIC_VISIBLE_OR_HAS_MARKERS
3092,publish,"Lukanka (Луканка)",https://drycured.com/recepti-baza/lukanka/,Bugarska,"Suha kobasica",,4035,4035,0,0,YES,YES,YES,200,304450,YES,2,OK_PUBLIC_VISIBLE_OR_HAS_MARKERS
3093,publish,"Sudjuk (Суджук)",https://drycured.com/recepti-baza/sudjuk/,Bugarska,"Suha kobasica",,4197,4197,0,0,YES,YES,YES,200,304375,YES,2,OK_PUBLIC_VISIBLE_OR_HAS_MARKERS
3094,publish,"Elena filet (Еленски филе)",https://drycured.com/recepti-baza/elena-filet/,Bugarska,"suhomesnati proizvod",,3606,3606,0,0,YES,YES,YES,200,351302,YES,3,OK_PUBLIC_VISIBLE_OR_HAS_MARKERS
3095,publish,"Pastarma (Пастърма)",https://drycured.com/recepti-baza/pastarma/,Bugarska,"suhomesnati proizvod",,3457,3457,0,0,YES,YES,YES,200,304508,YES,2,OK_PUBLIC_VISIBLE_OR_HAS_MARKERS
3096,publish,"Banski Starec (Бански старец)",https://drycured.com/recepti-baza/banski-starec/,Hrvatska,"Suha kobasica",,4147,4147,0,0,YES,YES,YES,200,304766,YES,4,OK_PUBLIC_VISIBLE_OR_HAS_MARKERS
3097,publish,"Lountza (Λούντζα)",https://drycured.com/recepti-baza/lountza/,Grčka/Cipar,"suhomesnati proizvod",sušenje,3796,3796,0,0,YES,YES,YES,200,304479,YES,2,OK_PUBLIC_VISIBLE_OR_HAS_MARKERS
3098,publish,"Hiromeri (Χοιρομέρι)",https://drycured.com/recepti-baza/hiromeri/,,"Pršut|sušena šunka",sušenje,3526,3526,0,0,YES,YES,YES,200,304492,YES,2,OK_PUBLIC_VISIBLE_OR_HAS_MARKERS
3099,publish,"Tsamarella (Τσαμαρέλλα)",https://drycured.com/recepti-baza/tsamarella/,Grčka/Cipar,"suhomesnati proizvod",sušenje,3603,3603,0,0,YES,YES,YES,200,304606,YES,2,OK_PUBLIC_VISIBLE_OR_HAS_MARKERS
3100,publish,"Posyrti (Ποσυρτή)",https://drycured.com/recepti-baza/posyrti/,,"suhomesnati proizvod",,3640,3640,0,0,YES,YES,YES,200,304560,YES,2,OK_PUBLIC_VISIBLE_OR_HAS_MARKERS
3101,publish,"Apohtin (Αποχτίν)",https://drycured.com/recepti-baza/apohtin/,Hrvatska,"suhomesnati proizvod",sušenje,3700,3700,0,0,YES,YES,YES,200,304479,YES,2,OK_PUBLIC_VISIBLE_OR_HAS_MARKERS
3102,publish,"Lounza (Λούντζα) - Dimljena svinjska potrbušina",https://drycured.com/recepti-baza/lounza-dimljena-svinjska-potrbusina/,Grčka/Cipar,"suhomesnati proizvod","dimljenje + sušenje + zrenje + soljenje/salamurenje",3623,3623,0,0,YES,YES,YES,200,305006,YES,5,OK_PUBLIC_VISIBLE_OR_HAS_MARKERS
3103,publish,"Tsamarella (Τσαμαρέλλα) - Sušena kozletina",https://drycured.com/recepti-baza/tsamarella-susena-kozletina/,Grčka/Cipar,"suhomesnati proizvod","sušenje + soljenje/salamurenje",3566,3566,0,0,YES,YES,YES,200,304970,YES,4,OK_PUBLIC_VISIBLE_OR_HAS_MARKERS
3104,publish,"Hiromeri (Χοιρομέρι) - Ciparski pršut",https://drycured.com/recepti-baza/hiromeri-ciparski-prsut/,Cipar,"Pršut|sušena šunka","sušenje + zrenje + soljenje/salamurenje",3531,3531,0,0,YES,YES,YES,200,304742,YES,4,OK_PUBLIC_VISIBLE_OR_HAS_MARKERS
3105,publish,"Apohti (Απόχτι) - Dimljeni svinjski file",https://drycured.com/recepti-baza/apohti-dimljeni-svinjski-file/,,"suhomesnati proizvod","dimljenje + sušenje + zrenje + soljenje/salamurenje",3633,3633,0,0,YES,YES,YES,200,354626,YES,4,OK_PUBLIC_VISIBLE_OR_HAS_MARKERS
3106,publish,"Pastourma (Παστουρμάς) - Ciparski začinjeni sušeni goveđi file",https://drycured.com/recepti-baza/pastourma-ciparski-zacinjeni-suseni-govei-file/,Cipar,"suhomesnati proizvod","sušenje + soljenje/salamurenje",3673,3673,0,0,YES,YES,YES,200,355702,YES,6,OK_PUBLIC_VISIBLE_OR_HAS_MARKERS
3107,publish,"?? NIZOZEMSKA - Tradicionalni recepti",https://drycured.com/recepti-baza/nizozemska-tradicionalni-recepti/,Nizozemska,"Suha kobasica",sušenje,3982,3982,0,0,YES,YES,YES,200,304749,YES,3,OK_PUBLIC_VISIBLE_OR_HAS_MARKERS
3108,publish,"Crmničke goveđe pastrve",https://drycured.com/recepti-baza/crmnicke-govee-pastrve/,Hrvatska,"suhomesnati proizvod",sušenje,3640,3640,0,0,YES,YES,YES,200,304462,YES,3,OK_PUBLIC_VISIBLE_OR_HAS_MARKERS
3109,private,"Bjelopavlićka bumbar-pita",https://drycured.com/?post_type=dry_recipe&p=3109,,"Suha kobasica",sušenje,4120,4120,0,0,YES,YES,NO,,0,,,OK_OR_NOT_CHECKED
3110,publish,"Crnogorski suđuk",https://drycured.com/recepti-baza/crnogorski-suuk/,"Crna Gora","suhomesnati proizvod",sušenje,3483,3483,0,0,YES,YES,YES,200,304319,YES,2,OK_PUBLIC_VISIBLE_OR_HAS_MARKERS
3111,private,"Pagaški sir (rijetka regionalna varijanta)",https://drycured.com/?post_type=dry_recipe&p=3111,Hrvatska,"sušeni zreli sir","sušenje + soljenje/salamurenje",3246,3246,0,0,YES,YES,NO,,0,,,OK_OR_NOT_CHECKED
3112,publish,"Medisterpølse (Danska svježa začinjena kobasica)",https://drycured.com/recepti-baza/medisterplse-danska-svjeza-zacinjena-kobasica/,Danska,"Suha kobasica","sušenje + zrenje",4055,4055,0,0,YES,YES,YES,200,305078,YES,5,OK_PUBLIC_VISIBLE_OR_HAS_MARKERS
3113,private,"Blodpølse (Danska krvavica)",https://drycured.com/?post_type=dry_recipe&p=3113,Danska,"suhomesnati proizvod",,3729,3729,0,0,YES,YES,NO,,0,,,OK_OR_NOT_CHECKED
3114,publish,"Rullepølse (Danska rolana šunka)",https://drycured.com/recepti-baza/rulleplse-danska-rolana-sunka/,Danska,"Pršut|sušena šunka",,3381,3381,0,0,YES,YES,YES,200,304527,YES,4,OK_PUBLIC_VISIBLE_OR_HAS_MARKERS
3115,publish,"Flæskesteg (Danska pečena svinjetina s hrskavom kožom)",https://drycured.com/recepti-baza/flskesteg-danska-pecena-svinjetina-s-hrskavom-kozom/,Danska,"suhomesnati proizvod",,3635,3635,0,0,YES,YES,YES,200,305043,YES,6,OK_PUBLIC_VISIBLE_OR_HAS_MARKERS
3116,publish,"Spegepølse (Danska fermentirana kobasica)",https://drycured.com/recepti-baza/spegeplse-danska-fermentirana-kobasica/,Danska,"Suha kobasica","fermentacija + sušenje",4112,4112,0,0,YES,YES,YES,200,304869,YES,4,OK_PUBLIC_VISIBLE_OR_HAS_MARKERS
3117,publish,"Irski spiced beef (Začinjeno sušeno goveđe meso)",https://drycured.com/recepti-baza/irski-spiced-beef-zacinjeno-suseno-govee-meso/,Irska,"Sušeni dimljeni cijeli komad","sušenje + soljenje/salamurenje",3765,3765,0,0,YES,YES,YES,200,304833,YES,5,OK_PUBLIC_VISIBLE_OR_HAS_MARKERS
3118,publish,"Kasseler pečenka s pireom od jabuka i krupir knedlama",https://drycured.com/recepti-baza/kasseler-pecenka-s-pireom-od-jabuka-i-krupir-knedlama/,Hrvatska,"suhomesnati proizvod",,3865,3865,0,0,YES,YES,YES,200,304887,YES,6,OK_PUBLIC_VISIBLE_OR_HAS_MARKERS
3119,private,"Leberkäse s prženim jajima i bavarskim röstijem",https://drycured.com/?post_type=dry_recipe&p=3119,,"suhomesnati proizvod",,3593,3593,0,0,YES,YES,NO,,0,,,OK_OR_NOT_CHECKED
3120,publish,"Rogatički Planinsko-Morski Raritet ""Vjetar i More""",https://drycured.com/recepti-baza/rogaticki-planinsko-morski-raritet-vjetar-i-more/,Hrvatska,"suhomesnati proizvod","fermentacija + sušenje",3662,3662,0,0,YES,YES,YES,200,305058,YES,5,OK_PUBLIC_VISIBLE_OR_HAS_MARKERS
3121,publish,"Istarski Morski Pršut ""Neptunov Dar""",https://drycured.com/recepti-baza/istarski-morski-prsut-neptunov-dar/,Hrvatska,"Pršut|sušena šunka","fermentacija + sušenje",3326,3326,0,0,YES,YES,YES,200,304656,YES,4,OK_PUBLIC_VISIBLE_OR_HAS_MARKERS
3122,publish,"Potted Beef (konzervirano goveđe meso)",https://drycured.com/recepti-baza/potted-beef-konzervirano-govee-meso/,Hrvatska,"Sušeni dimljeni cijeli komad",,3789,3789,0,0,YES,YES,YES,200,304619,YES,3,OK_PUBLIC_VISIBLE_OR_HAS_MARKERS
3123,private,"Tradicionalni engleski Black Pudding (krvavica)",https://drycured.com/?post_type=dry_recipe&p=3123,Hrvatska,"suhomesnati proizvod",sušenje,3885,3885,0,0,YES,YES,NO,,0,,,OK_OR_NOT_CHECKED
3124,publish,"Engleski sušeni goveđi jezik (Potted Ox Tongue)",https://drycured.com/recepti-baza/engleski-suseni-govei-jezik-potted-ox-tongue/,Hrvatska,"suhomesnati proizvod","sušenje + zrenje + soljenje/salamurenje",3872,3872,0,0,YES,YES,YES,200,304820,YES,6,OK_PUBLIC_VISIBLE_OR_HAS_MARKERS
3125,publish,"?? Talijansko-toskanski recept za salamu (Salame Toscano)",https://drycured.com/recepti-baza/talijansko-toskanski-recept-za-salamu-salame-toscano/,Italija,"suha salama",,3847,3847,0,0,YES,YES,YES,200,305069,YES,6,OK_PUBLIC_VISIBLE_OR_HAS_MARKERS
3126,publish,"?? Austrijski recept za Kmetzelsuppe kobasicu",https://drycured.com/recepti-baza/austrijski-recept-za-kmetzelsuppe-kobasicu/,Austrija,"Suha kobasica",,3850,3850,0,0,YES,YES,YES,200,304871,YES,4,OK_PUBLIC_VISIBLE_OR_HAS_MARKERS
3127,publish,"Poljska Kiełbasa Lisiecka (Lisiecka Kobasica)",https://drycured.com/recepti-baza/poljska-kiebasa-lisiecka-lisiecka-kobasica/,Poljska,"Suha kobasica","dimljenje + sušenje",4504,4504,0,0,YES,YES,YES,200,304953,YES,5,OK_PUBLIC_VISIBLE_OR_HAS_MARKERS
3128,publish,"KYLMÄSAVULOHI (HLADNO DIMLJENI LOSOS)",https://drycured.com/recepti-baza/kylmasavulohi-hladno-dimljeni-losos/,Finska,"dimljena riba","hladno dimljeno",3499,3499,0,0,YES,YES,YES,200,304737,YES,4,OK_PUBLIC_VISIBLE_OR_HAS_MARKERS
3129,publish,"Jambon de Bayonne (Bajonska šunka)",https://drycured.com/recepti-baza/jambon-de-bayonne-bajonska-sunka/,Francuska,"Pršut|sušena šunka","soljenje + sušenje + zrenje",3656,3656,0,0,YES,YES,YES,200,304505,YES,4,OK_PUBLIC_VISIBLE_OR_HAS_MARKERS
3130,private,"Rillettes du Mans (Pašteta od konfitiranog mesa)",https://drycured.com/?post_type=dry_recipe&p=3130,Hrvatska,"kuhana jetrena kobasica ili pašteta",,3805,3805,0,0,YES,YES,NO,,0,,,OK_OR_NOT_CHECKED
3131,publish,"SAUCISSON SEC D'AUVERGNE",https://drycured.com/recepti-baza/saucisson-sec-d-auvergne/,Hrvatska,"Suha kobasica","fermentacija + sušenje",4281,4281,0,0,YES,YES,YES,200,304565,YES,2,OK_PUBLIC_VISIBLE_OR_HAS_MARKERS
3132,publish,"Armatia (Αρματιά)",https://drycured.com/recepti-baza/armatia/,,"suhomesnati proizvod",sušenje,3849,3849,0,0,YES,YES,YES,200,304450,YES,2,OK_PUBLIC_VISIBLE_OR_HAS_MARKERS
3133,publish,"Pihti (Πηχτή)",https://drycured.com/recepti-baza/pihti/,,"suhomesnati proizvod",sušenje,3707,3707,0,0,YES,YES,YES,200,304329,YES,2,OK_PUBLIC_VISIBLE_OR_HAS_MARKERS
3134,publish,"Kavourmas (Καβουρμάς)",https://drycured.com/recepti-baza/kavourmas/,Hrvatska,"suhomesnati proizvod",,3881,3881,0,0,YES,YES,YES,200,304629,YES,2,OK_PUBLIC_VISIBLE_OR_HAS_MARKERS
3135,publish,"Pastourmas (Παστουρμάς)",https://drycured.com/recepti-baza/pastourmas/,,"suhomesnati proizvod",sušenje,3608,3608,0,0,YES,YES,YES,200,354445,YES,2,OK_PUBLIC_VISIBLE_OR_HAS_MARKERS
3136,publish,"Loukaniko (Λουκάνικο)",https://drycured.com/recepti-baza/loukaniko/,Grčka/Cipar,"suhomesnati proizvod",sušenje,3865,3865,0,0,YES,YES,YES,200,304629,YES,2,OK_PUBLIC_VISIBLE_OR_HAS_MARKERS
3137,publish,"Apaki (Απάκι)",https://drycured.com/recepti-baza/apaki/,,"suhomesnati proizvod",sušenje,3626,3626,0,0,YES,YES,YES,200,304329,YES,2,OK_PUBLIC_VISIBLE_OR_HAS_MARKERS
3138,publish,"Noumboulo (Νούμπουλο)",https://drycured.com/recepti-baza/noumboulo/,Grčka/Cipar,"suhomesnati proizvod","dimljenje + sušenje",3875,3875,0,0,YES,YES,YES,200,304629,YES,2,OK_PUBLIC_VISIBLE_OR_HAS_MARKERS
3139,publish,"Syglino (Σύγκλινο)",https://drycured.com/recepti-baza/syglino/,Grčka/Cipar,"suhomesnati proizvod",sušenje,3678,3678,0,0,YES,YES,YES,200,304527,YES,2,OK_PUBLIC_VISIBLE_OR_HAS_MARKERS
3140,publish,"Skirts and Kidneys (Tradicionalna irska marinirana goveđa dijafragma)",https://drycured.com/recepti-baza/skirts-and-kidneys-tradicionalna-irska-marinirana-govea-dijafragma/,Hrvatska,"suhomesnati proizvod","dimljenje + sušenje + soljenje/salamurenje",3782,3782,0,0,YES,YES,YES,200,305320,YES,7,OK_PUBLIC_VISIBLE_OR_HAS_MARKERS
3141,publish,"Svið (Dimljena janjeća glava)",https://drycured.com/recepti-baza/svi-dimljena-janjeca-glava/,Hrvatska,"suhomesnati proizvod","dimljenje + sušenje + soljenje/salamurenje",3567,3567,0,0,YES,YES,YES,200,304587,YES,3,OK_PUBLIC_VISIBLE_OR_HAS_MARKERS
3142,publish,"Heilhornað Hangikjöt (Sušena janjeća rebra)",https://drycured.com/recepti-baza/heilhorna-hangikjot-susena-janjeca-rebra/,Island,"suhomesnati proizvod","dimljenje + sušenje + soljenje/salamurenje",3614,3614,0,0,YES,YES,YES,200,354498,YES,5,OK_PUBLIC_VISIBLE_OR_HAS_MARKERS
3143,publish,"Torfær​ður Lambahryggur (Zakopana janjeća leđa)",https://drycured.com/recepti-baza/torfrur-lambahryggur-zakopana-janjeca-lea/,Island,"suhomesnati proizvod",sušenje,3715,3715,0,0,YES,YES,YES,200,305016,YES,4,OK_PUBLIC_VISIBLE_OR_HAS_MARKERS
3144,publish,"Selshreifar (Sušeni tuljanovi peraji)",https://drycured.com/recepti-baza/selshreifar-suseni-tuljanovi-peraji/,Hrvatska,"suhomesnati proizvod","sušenje + soljenje/salamurenje",3692,3692,0,0,YES,YES,YES,200,304717,YES,4,OK_PUBLIC_VISIBLE_OR_HAS_MARKERS
3145,publish,"Hákarlasullur (Fermentirani trbuh grenlandskog morskog psa)",https://drycured.com/recepti-baza/hakarlasullur-fermentirani-trbuh-grenlandskog-morskog-psa/,Island,"suhomesnati proizvod","fermentacija + sušenje",3632,3632,0,0,YES,YES,YES,200,305211,YES,5,OK_PUBLIC_VISIBLE_OR_HAS_MARKERS
3146,publish,"Gellur (Sušeni riblji jezici)",https://drycured.com/recepti-baza/gellur-suseni-riblji-jezici/,Hrvatska,"suhomesnati proizvod","sušenje + soljenje/salamurenje",3674,3674,0,0,YES,YES,YES,200,304501,YES,4,OK_PUBLIC_VISIBLE_OR_HAS_MARKERS
3147,publish,"Súrsaðir Hrútspungar Með Lyngi (Fermentirani ovnovski testisi s vrijeskom)",https://drycured.com/recepti-baza/sursair-hrutspungar-me-lyngi-fermentirani-ovnovski-testisi-s-vrijeskom/,Island,"suhomesnati proizvod","fermentacija + sušenje + soljenje/salamurenje",3764,3764,0,0,YES,YES,YES,200,305504,YES,7,OK_PUBLIC_VISIBLE_OR_HAS_MARKERS
3148,publish,"Sviðasulta (Želatinizirano janjeće meso s glave)",https://drycured.com/recepti-baza/sviasulta-zelatinizirano-janjece-meso-s-glave/,Island,"suhomesnati proizvod",,3800,3800,0,0,YES,YES,YES,200,304969,YES,4,OK_PUBLIC_VISIBLE_OR_HAS_MARKERS
3149,publish,"Harðfiskur (Sušeni oslić)",https://drycured.com/recepti-baza/harfiskur-suseni-oslic/,Hrvatska,"suhomesnati proizvod",sušenje,3437,3437,0,0,YES,YES,YES,200,304508,YES,3,OK_PUBLIC_VISIBLE_OR_HAS_MARKERS
3150,publish,"Kæstur Hákarl (Fermentirano meso grenlandskog morskog psa)",https://drycured.com/recepti-baza/kstur-hakarl-fermentirano-meso-grenlandskog-morskog-psa/,Island,"fermentirano i sušeno meso morskog psa","fermentacija + sušenje",3440,3440,0,0,YES,YES,YES,200,305117,YES,5,OK_PUBLIC_VISIBLE_OR_HAS_MARKERS
3151,publish,"Pastërma (Sušena govedina)",https://drycured.com/recepti-baza/pasterma-susena-govedina/,,"Sušeni cijeli komad","sušenje + soljenje/salamurenje",3425,3425,0,0,YES,YES,YES,200,304490,YES,3,OK_PUBLIC_VISIBLE_OR_HAS_MARKERS
3152,publish,"Skilandis (Tradicinis lietuviškas skilandis)",https://drycured.com/recepti-baza/skilandis-tradicinis-lietuviskas-skilandis/,Litva,"punjeni i sušeni mesni proizvod","punjenje u prirodni omotač + dimljenje/sušenje/zrenje",3567,3567,0,0,YES,YES,YES,200,304866,YES,4,OK_PUBLIC_VISIBLE_OR_HAS_MARKERS
3153,publish,"Kindziukas (Kindzius)",https://drycured.com/recepti-baza/kindziukas-kindzius/,Hrvatska,"suhomesnati proizvod","dimljenje + sušenje",3664,3664,0,0,YES,YES,YES,200,304440,YES,2,OK_PUBLIC_VISIBLE_OR_HAS_MARKERS
3154,publish,"Lašiniai (Tradicionalna litavska slanina)",https://drycured.com/recepti-baza/lasiniai-tradicionalna-litavska-slanina/,Litva,"Sušeni dimljeni cijeli komad","dimljenje + sušenje + soljenje/salamurenje",3321,3321,0,0,YES,YES,YES,200,304741,YES,4,OK_PUBLIC_VISIBLE_OR_HAS_MARKERS
3155,publish,"Vytinta dešra (Sušena litavska kobasica)",https://drycured.com/recepti-baza/vytinta-desra-susena-litavska-kobasica/,Litva,"Suha kobasica","dimljenje + sušenje",4010,4010,0,0,YES,YES,YES,200,304849,YES,5,OK_PUBLIC_VISIBLE_OR_HAS_MARKERS
3156,publish,"Lički Planinarski Navršak",https://drycured.com/recepti-baza/licki-planinarski-navrsak/,Hrvatska,"suhomesnati proizvod","dimljenje + sušenje + soljenje/salamurenje",3472,3472,0,0,YES,YES,YES,200,304513,YES,3,OK_PUBLIC_VISIBLE_OR_HAS_MARKERS
3157,private,"Maltežanski sušeni ovčji sir (Ġbejna Mnixxfa)",https://drycured.com/?post_type=dry_recipe&p=3157,Malta,"sušeni zreli sir","sušenje + zrenje + soljenje/salamurenje",3451,3451,0,0,YES,YES,NO,,0,,,OK_OR_NOT_CHECKED
3158,publish,"Mađarska Slanina (Szalonna)",https://drycured.com/recepti-baza/maarska-slanina-szalonna/,Mađarska,"Sušeni dimljeni cijeli komad",sušenje,3332,3332,0,0,YES,YES,YES,200,304446,YES,3,OK_PUBLIC_VISIBLE_OR_HAS_MARKERS
3159,publish,"Mađarska Dimljena Šunka (Füstölt Sonka)",https://drycured.com/recepti-baza/maarska-dimljena-sunka-fustolt-sonka/,Mađarska,"Pršut|sušena šunka","dimljenje + sušenje + soljenje/salamurenje",3457,3457,0,0,YES,YES,YES,200,304764,YES,5,OK_PUBLIC_VISIBLE_OR_HAS_MARKERS
3160,publish,"Mađarski Dimljeni Jezik (Füstölt Nyelv)",https://drycured.com/recepti-baza/maarski-dimljeni-jezik-fustolt-nyelv/,Mađarska,"suhomesnati proizvod","dimljenje + soljenje/salamurenje",3535,3535,0,0,YES,YES,YES,200,304762,YES,5,OK_PUBLIC_VISIBLE_OR_HAS_MARKERS
3161,private,"CHIȘCĂ (MOLDAVSKA KRVAVICA)",https://drycured.com/?post_type=dry_recipe&p=3161,Moldavija,"Suha kobasica",dimljenje,4092,4092,0,0,YES,YES,NO,,0,,,OK_OR_NOT_CHECKED
3162,publish,"Ossenworst (Goveđa sirova kobasica)",https://drycured.com/recepti-baza/ossenworst-govea-sirova-kobasica/,Hrvatska,"Suha kobasica",zrenje,4058,4058,0,0,YES,YES,YES,200,304682,YES,4,OK_PUBLIC_VISIBLE_OR_HAS_MARKERS
3163,publish,"MOSTBRÖCKLI (ALPSKA SUŠENA GOVEDINA)",https://drycured.com/recepti-baza/mostbrockli-alpska-susena-govedina/,Hrvatska,"Sušeni dimljeni cijeli komad","dimljenje + sušenje + zrenje",4005,4005,0,0,YES,YES,YES,200,304664,YES,4,OK_PUBLIC_VISIBLE_OR_HAS_MARKERS
3164,publish,"HOLSTEINER KATENSCHINKEN (HOLŠTAJNSKA DIMLJENA ŠUNKA)",https://drycured.com/recepti-baza/holsteiner-katenschinken-holstajnska-dimljena-sunka/,Hrvatska,"Pršut|sušena šunka","dimljenje + zrenje",3972,3972,0,0,YES,YES,YES,200,305071,YES,5,OK_PUBLIC_VISIBLE_OR_HAS_MARKERS
3165,private,"Schwarzwaldska šunka s kiselim kupusom i krumpirom",https://drycured.com/?post_type=dry_recipe&p=3165,Hrvatska,"Pršut|sušena šunka",,3522,3522,0,0,YES,YES,NO,,0,,,OK_OR_NOT_CHECKED
3166,publish,"Leichter Karreeschinken s povrćem u eintopfu",https://drycured.com/recepti-baza/leichter-karreeschinken-s-povrcem-u-eintopfu/,Hrvatska,"suhomesnati proizvod",,4001,4001,0,0,YES,YES,YES,200,304832,YES,4,OK_PUBLIC_VISIBLE_OR_HAS_MARKERS
3167,private,"Bonus: Juha od povrća s Schinkenspeck kobasicama",https://drycured.com/?post_type=dry_recipe&p=3167,Hrvatska,"Suha kobasica",,4142,4142,0,0,YES,YES,NO,,0,,,OK_OR_NOT_CHECKED
3168,publish,"RAKFISK (FERMENTIRANI SLATKOVODNI LOSOS)",https://drycured.com/recepti-baza/rakfisk-fermentirani-slatkovodni-losos/,Norveška,"fermentirana riba","soljenje + kontrolirana fermentacija",3587,3587,0,0,YES,YES,YES,200,304772,YES,4,OK_PUBLIC_VISIBLE_OR_HAS_MARKERS
3169,publish,"LUTEFISK (SUŠENI BAKALAR)",https://drycured.com/recepti-baza/lutefisk-suseni-bakalar/,Norveška,"sušena riba","sušenje + lužnati postupak",3487,3487,0,0,YES,YES,YES,200,304453,YES,3,OK_PUBLIC_VISIBLE_OR_HAS_MARKERS
3170,publish,"SMALAHOVE (SUŠENA OVČJA GLAVA)",https://drycured.com/recepti-baza/smalahove-susena-ovcja-glava/,Hrvatska,"suhomesnati proizvod","sušenje + soljenje/salamurenje",3575,3575,0,0,YES,YES,YES,200,304627,YES,4,OK_PUBLIC_VISIBLE_OR_HAS_MARKERS
3171,publish,"FÅREPØLSE (TRADICIONALNA OVČJA KOBASICA)",https://drycured.com/recepti-baza/fareplse-tradicionalna-ovcja-kobasica/,Danska/Norveška,"Suha kobasica","fermentacija + sušenje",4247,4247,0,0,YES,YES,YES,200,305110,YES,4,OK_PUBLIC_VISIBLE_OR_HAS_MARKERS
3172,publish,"ELGKJØTT SPEKEMAT (SUHO MESO LOSA)",https://drycured.com/recepti-baza/elgkjtt-spekemat-suho-meso-losa/,Hrvatska,"Sušeni cijeli komad",sušenje,3483,3483,0,0,YES,YES,YES,200,304511,YES,2,OK_PUBLIC_VISIBLE_OR_HAS_MARKERS
3173,publish,"TJUKKMJØLKSPØLSE (FERMENTIRANA KOBASICA S MLIJEČNOM KULTUROM)",https://drycured.com/recepti-baza/tjukkmjlksplse-fermentirana-kobasica-s-mlijecnom-kulturom/,Danska/Norveška,"Suha kobasica","fermentacija + sušenje",4494,4494,0,0,YES,YES,YES,200,305564,YES,5,OK_PUBLIC_VISIBLE_OR_HAS_MARKERS
3174,publish,"REINSDYRHJERTE (SUŠENO SRCE SOBA)",https://drycured.com/recepti-baza/reinsdyrhjerte-suseno-srce-soba/,Norveška,"suhomesnati proizvod",sušenje,3622,3622,0,0,YES,YES,YES,200,304629,YES,2,OK_PUBLIC_VISIBLE_OR_HAS_MARKERS
3175,publish,"PINNEKJØTT (SUŠENA REBRA)",https://drycured.com/recepti-baza/pinnekjtt-susena-rebra/,Norveška,"suhomesnati proizvod","dimljenje + sušenje",3566,3566,0,0,YES,YES,YES,200,351172,YES,3,OK_PUBLIC_VISIBLE_OR_HAS_MARKERS
3176,publish,"RØKELAKS (DIMLJENI LOSOS)",https://drycured.com/recepti-baza/rkelaks-dimljeni-losos/,Norveška,"dimljena riba",dimljenje,3711,3711,0,0,YES,YES,YES,200,304493,YES,3,OK_PUBLIC_VISIBLE_OR_HAS_MARKERS
3177,private,"Đakovački Specijalni Fermentirani Vrat",https://drycured.com/?post_type=dry_recipe&p=3177,Hrvatska,"svježa kobasica za pečenje","fermentacija + sušenje",3474,3474,0,0,YES,YES,NO,,0,,,OK_OR_NOT_CHECKED
3178,publish,"Kuşbaşı Jerky (Turski goveđi jerky)",https://drycured.com/recepti-baza/kusbas-jerky-turski-govei-jerky/,Hrvatska,jerky,sušenje,3831,3831,0,0,YES,YES,YES,200,304655,YES,5,OK_PUBLIC_VISIBLE_OR_HAS_MARKERS
3179,publish,"Işkembe Dolması (Punjeni goveđi burag)",https://drycured.com/recepti-baza/iskembe-dolmas-punjeni-govei-burag/,,"suhomesnati proizvod","dimljenje + sušenje",3829,3829,0,0,YES,YES,YES,200,304722,YES,5,OK_PUBLIC_VISIBLE_OR_HAS_MARKERS
3180,publish,"Varaždinski Š(p)ek",https://drycured.com/recepti-baza/varazdinski-s-p-ek/,,"suhomesnati proizvod",,3474,3474,0,0,YES,YES,YES,200,304466,YES,1,OK_PUBLIC_VISIBLE_OR_HAS_MARKERS
3181,publish,"Đurđevački Zelenjak",https://drycured.com/recepti-baza/urevacki-zelenjak/,,"suhomesnati proizvod",,3394,3394,0,0,YES,YES,YES,200,304488,YES,2,OK_PUBLIC_VISIBLE_OR_HAS_MARKERS
3182,publish,"KINDZIUK (POLJSKO-LITAVSKA SUHA KOBASICA)",https://drycured.com/recepti-baza/kindziuk-poljsko-litavska-suha-kobasica/,Litva,"Suha kobasica","fermentacija + sušenje",4086,4086,0,0,YES,YES,YES,200,304872,YES,4,OK_PUBLIC_VISIBLE_OR_HAS_MARKERS
3183,publish,"KIEŁBASA WĘDZONA (DIMLJENA POLJSKA KOBASICA)",https://drycured.com/recepti-baza/kiebasa-wedzona-dimljena-poljska-kobasica/,Poljska,"Suha kobasica",dimljenje,4003,4003,0,0,YES,YES,YES,200,304944,YES,5,OK_PUBLIC_VISIBLE_OR_HAS_MARKERS
3184,private,"Morcela de Assar (Portugalska krvavica za pečenje)",https://drycured.com/?post_type=dry_recipe&p=3184,Portugal,"Sušeni dimljeni cijeli komad","dimljenje + sušenje",3656,3656,0,0,YES,YES,NO,,0,,,OK_OR_NOT_CHECKED
3185,publish,"Presunto de Porco Preto (Pršut od Crne Iberijske Svinje)",https://drycured.com/recepti-baza/presunto-de-porco-preto-prsut-od-crne-iberijske-svinje/,,"Pršut|sušena šunka","sušenje + zrenje + soljenje/salamurenje",3415,3415,0,0,YES,YES,YES,200,304954,YES,6,OK_PUBLIC_VISIBLE_OR_HAS_MARKERS
3186,private,"Bonus: Schwarzwälder Speck (Crnogorska slanina)",https://drycured.com/?post_type=dry_recipe&p=3186,"Crna Gora","Sušeni dimljeni cijeli komad","dimljenje + sušenje + soljenje/salamurenje",3380,3380,0,0,YES,YES,NO,,0,,,OK_OR_NOT_CHECKED
3187,private,"Zalatina (Ζαλατίνα) - Ciparski hladetinasti svinjski narezak",https://drycured.com/?post_type=dry_recipe&p=3187,Cipar,hladetina|tlačenica,,3379,3379,0,0,YES,YES,NO,,0,,,OK_OR_NOT_CHECKED
3188,publish,"Lountza Kafteri (Λούντζα Καυτερή) - Ljuta dimljena svinjska vratina",https://drycured.com/recepti-baza/lountza-kafteri-ljuta-dimljena-svinjska-vratina/,Grčka/Cipar,"suhomesnati proizvod","dimljenje + sušenje + zrenje + soljenje/salamurenje",3907,3907,0,0,YES,YES,YES,200,357352,YES,8,OK_PUBLIC_VISIBLE_OR_HAS_MARKERS
3189,publish,"Posyrti (Ποσυρτή) - Ciparska suha kobasica s divljim biljem",https://drycured.com/recepti-baza/posyrti-ciparska-suha-kobasica-s-divljim-biljem/,Cipar,"Suha kobasica","fermentacija + sušenje",4326,4326,0,0,YES,YES,YES,200,305246,YES,6,OK_PUBLIC_VISIBLE_OR_HAS_MARKERS
3190,publish,"Afelia Pastarma (Αφέλια Παστάρμα) - Ciparska marinirana goveđa pisanica",https://drycured.com/recepti-baza/afelia-pastarma-ciparska-marinirana-govea-pisanica/,Cipar,"suhomesnati proizvod",sušenje,3964,3964,0,0,YES,YES,YES,200,305587,YES,8,OK_PUBLIC_VISIBLE_OR_HAS_MARKERS
3191,publish,"Ofto Lountza (Οφτή Λούντζα) - Ciparska zračno sušena janjetina",https://drycured.com/recepti-baza/ofto-lountza-ciparska-zracno-susena-janjetina/,Cipar,"suhomesnati proizvod","dimljenje + sušenje + zrenje + soljenje/salamurenje",3968,3968,0,0,YES,YES,YES,200,305328,YES,6,OK_PUBLIC_VISIBLE_OR_HAS_MARKERS
3192,publish,"Virovski ""Živi Čvarci""",https://drycured.com/recepti-baza/virovski-zivi-cvarci/,,"suhomesnati proizvod",sušenje,3613,3613,0,0,YES,YES,YES,200,304586,YES,2,OK_PUBLIC_VISIBLE_OR_HAS_MARKERS
3193,publish,"Ludbreška ""Tajna Kobasica""",https://drycured.com/recepti-baza/ludbreska-tajna-kobasica/,,"Suha kobasica",,4044,4044,0,0,YES,YES,YES,200,304679,YES,3,OK_PUBLIC_VISIBLE_OR_HAS_MARKERS
3194,publish,"Đurđevački ""Zaboravljeni Š(p)ek""",https://drycured.com/recepti-baza/urevacki-zaboravljeni-s-p-ek/,,"suhomesnati proizvod",,3490,3490,0,0,YES,YES,YES,200,304898,YES,2,OK_PUBLIC_VISIBLE_OR_HAS_MARKERS
3195,publish,"Pregradski ""Šumski Šaptat""",https://drycured.com/recepti-baza/pregradski-sumski-saptat/,,"suhomesnati proizvod",,3480,3480,0,0,YES,YES,YES,200,304653,YES,3,OK_PUBLIC_VISIBLE_OR_HAS_MARKERS
3196,publish,"Križevački ""Začinski Vjetar""",https://drycured.com/recepti-baza/krizevacki-zacinski-vjetar/,,"suhomesnati proizvod",,3449,3449,0,0,YES,YES,YES,200,304741,YES,3,OK_PUBLIC_VISIBLE_OR_HAS_MARKERS
3197,publish,"Našički ""Ratarski Sjećaj""",https://drycured.com/recepti-baza/nasicki-ratarski-sjecaj/,,"suhomesnati proizvod",,3465,3465,0,0,YES,YES,YES,200,304660,YES,3,OK_PUBLIC_VISIBLE_OR_HAS_MARKERS
3198,publish,"Draževački ""Veteranski Sjećaj""",https://drycured.com/recepti-baza/drazevacki-veteranski-sjecaj/,,"suhomesnati proizvod",sušenje,3473,3473,0,0,YES,YES,YES,200,304831,YES,3,OK_PUBLIC_VISIBLE_OR_HAS_MARKERS
3199,publish,"Kalničkog ""Gorski Trag""",https://drycured.com/recepti-baza/kalnickog-gorski-trag/,,"suhomesnati proizvod",,3459,3459,0,0,YES,YES,YES,200,304538,YES,2,OK_PUBLIC_VISIBLE_OR_HAS_MARKERS
3200,publish,"Podravski ""Zaboravljeni Vrbovec""",https://drycured.com/recepti-baza/podravski-zaboravljeni-vrbovec/,,"suhomesnati proizvod",,3511,3511,0,0,YES,YES,YES,200,304828,YES,3,OK_PUBLIC_VISIBLE_OR_HAS_MARKERS
3201,publish,"Koprivnički ""Seoski Izvor""",https://drycured.com/recepti-baza/koprivnicki-seoski-izvor/,,"suhomesnati proizvod",,3655,3655,0,0,YES,YES,YES,200,304619,YES,3,OK_PUBLIC_VISIBLE_OR_HAS_MARKERS
3202,publish,"Đurđevački ""Ribarski Sjaj""",https://drycured.com/recepti-baza/urevacki-ribarski-sjaj/,,"suhomesnati proizvod",,3453,3453,0,0,YES,YES,YES,200,304661,YES,2,OK_PUBLIC_VISIBLE_OR_HAS_MARKERS
3203,publish,"Ludbreški ""Planinski Trag""",https://drycured.com/recepti-baza/ludbreski-planinski-trag/,,"suhomesnati proizvod",,3479,3479,0,0,YES,YES,YES,200,304655,YES,2,OK_PUBLIC_VISIBLE_OR_HAS_MARKERS
3204,publish,"Virovski ""Šumski Biseri""",https://drycured.com/recepti-baza/virovski-sumski-biseri/,,"suhomesnati proizvod",,3457,3457,0,0,YES,YES,YES,200,304565,YES,3,OK_PUBLIC_VISIBLE_OR_HAS_MARKERS
3205,publish,"PASTRAMĂ DE OAIE (Sušena ovčetina)",https://drycured.com/recepti-baza/pastrama-de-oaie-susena-ovcetina/,,"suhomesnati proizvod",sušenje,3796,3796,0,0,YES,YES,YES,200,353090,YES,3,OK_PUBLIC_VISIBLE_OR_HAS_MARKERS
3206,publish,"Basturma (Бастурма - Začinjeno sušeno goveđe meso)",https://drycured.com/recepti-baza/basturma-zacinjeno-suseno-govee-meso/,,"suhomesnati proizvod","sušenje + soljenje/salamurenje",3808,3808,0,0,YES,YES,YES,200,355586,YES,5,OK_PUBLIC_VISIBLE_OR_HAS_MARKERS
3207,publish,"Koryushka (Корюшка - Dimljena mala riba)",https://drycured.com/recepti-baza/koryushka-dimljena-mala-riba/,Rusija,"dimljena riba","dimljenje + sušenje",3613,3613,0,0,YES,YES,YES,200,304783,YES,3,OK_PUBLIC_VISIBLE_OR_HAS_MARKERS
3208,publish,"Svinaya Vyrezka (Свиная вырезка - Sušeni svinjski file)",https://drycured.com/recepti-baza/svinaya-vyrezka-suseni-svinjski-file/,Hrvatska,"suhomesnati proizvod","sušenje + soljenje/salamurenje",3737,3737,0,0,YES,YES,YES,200,354716,YES,6,OK_PUBLIC_VISIBLE_OR_HAS_MARKERS
3209,private,"Vetchina (Ветчина - Domaća kuhana šunka)",https://drycured.com/?post_type=dry_recipe&p=3209,Hrvatska,"Pršut|sušena šunka",soljenje/salamurenje,3666,3666,0,0,YES,YES,NO,,0,,,OK_OR_NOT_CHECKED
3210,publish,"ARBROATH SMOKIES (DIMLJENA HARINGA)",https://drycured.com/recepti-baza/arbroath-smokies-dimljena-haringa/,Škotska,"dimljena riba","vruće dimljenje",3575,3575,0,0,YES,YES,YES,200,304629,YES,4,OK_PUBLIC_VISIBLE_OR_HAS_MARKERS
3211,publish,"Zgornjesavinjski želodec",https://drycured.com/recepti-baza/zgornjesavinjski-zelodec/,Slovenija,"zreli mesni proizvod u prirodnom omotaču","punjenje + sušenje/zrenje",3801,3801,0,0,YES,YES,YES,200,304537,YES,2,OK_PUBLIC_VISIBLE_OR_HAS_MARKERS
3212,publish,"Lomo Embuchado - Začinjena Suha Svinjska Leđa",https://drycured.com/recepti-baza/lomo-embuchado-zacinjena-suha-svinjska-lea/,,"suhomesnati proizvod","sušenje + zrenje + soljenje/salamurenje",4025,4025,0,0,YES,YES,YES,200,354349,YES,3,OK_PUBLIC_VISIBLE_OR_HAS_MARKERS
3213,publish,"Cecina de León - Sušena Goveđa Cecina",https://drycured.com/recepti-baza/cecina-de-leon-susena-govea-cecina/,Španjolska,"Sušeni dimljeni cijeli komad","soljenje + dimljenje + zrenje",3857,3857,0,0,YES,YES,YES,200,304572,YES,4,OK_PUBLIC_VISIBLE_OR_HAS_MARKERS
3214,publish,"Crnogorski Sudžuk",https://drycured.com/recepti-baza/crnogorski-sudzuk/,"Crna Gora","Suha kobasica","dimljenje + sušenje",3982,3982,0,0,YES,YES,YES,200,304340,YES,2,OK_PUBLIC_VISIBLE_OR_HAS_MARKERS
3215,publish,"SCHAFFHAUSER SCHÜBLIG (DIMLJENA GOVEĐA KOBASICA)",https://drycured.com/recepti-baza/schaffhauser-schublig-dimljena-govea-kobasica/,,"Suha kobasica","dimljenje + sušenje",4312,4312,0,0,YES,YES,YES,200,305125,YES,5,OK_PUBLIC_VISIBLE_OR_HAS_MARKERS
3216,publish,"BÜNDNERFLEISCH (GRAUBÜNDENSKI SUŠENI GOVEĐI BUT)",https://drycured.com/recepti-baza/bundnerfleisch-graubundenski-suseni-govei-but/,Švicarska,"suhomesnati proizvod","sušenje + soljenje/salamurenje",3517,3517,0,0,YES,YES,YES,200,352556,YES,4,OK_PUBLIC_VISIBLE_OR_HAS_MARKERS
3217,publish,"Culatello di Zibello - Kulatelo iz Zibella",https://drycured.com/recepti-baza/culatello-di-zibello-kulatelo-iz-zibella/,Italija,"sušeni dio svinjskog buta","soljenje + oblikovanje + zrenje",4044,4044,0,0,YES,YES,YES,200,304641,YES,4,OK_PUBLIC_VISIBLE_OR_HAS_MARKERS
3218,publish,"PANCETTA ARROTOLATA",https://drycured.com/recepti-baza/pancetta-arrotolata/,Hrvatska,"suhomesnati proizvod","sušenje + zrenje + soljenje/salamurenje",3542,3542,0,0,YES,YES,YES,200,304425,YES,2,OK_PUBLIC_VISIBLE_OR_HAS_MARKERS
3219,publish,"Herzegovina Livanjska Devenica",https://drycured.com/recepti-baza/herzegovina-livanjska-devenica/,,"suhomesnati proizvod",,3500,3500,0,0,YES,YES,YES,200,304674,YES,3,OK_PUBLIC_VISIBLE_OR_HAS_MARKERS
3220,private,"Tuzlanski Švargli",https://drycured.com/?post_type=dry_recipe&p=3220,,hladetina|tlačenica,,3023,3023,0,0,YES,YES,NO,,0,,,OK_OR_NOT_CHECKED
3221,private,"Zeleni Burek Kobasica (Specifičnost Cazinske doline)",https://drycured.com/?post_type=dry_recipe&p=3221,,"svježa kobasica za pečenje",,3491,3491,0,0,YES,YES,NO,,0,,,OK_OR_NOT_CHECKED
3222,publish,"Mostarsko Zrno - Unikatna Mesna Kombinacija",https://drycured.com/recepti-baza/mostarsko-zrno-unikatna-mesna-kombinacija/,,"suhomesnati proizvod",,3451,3451,0,0,YES,YES,YES,200,304756,YES,4,OK_PUBLIC_VISIBLE_OR_HAS_MARKERS
3223,publish,"Etnografska studija kulinarskog naslijeđa",https://drycured.com/recepti-baza/etnografska-studija-kulinarskog-naslijea/,Hrvatska,"Kulen|trajna fermentirana kobasica",,4001,4001,0,0,YES,YES,YES,200,304936,YES,4,OK_PUBLIC_VISIBLE_OR_HAS_MARKERS
3224,publish,"Polendvytsia (Полендвиця) - Sušeni svinjski file",https://drycured.com/recepti-baza/polendvytsia-suseni-svinjski-file/,Hrvatska,"suhomesnati proizvod","sušenje + soljenje/salamurenje",3596,3596,0,0,YES,YES,YES,200,305096,YES,4,OK_PUBLIC_VISIBLE_OR_HAS_MARKERS
3225,publish,"Shukhevychivska Kovbasa (Шухевичівська ковбаса) - Sušena kobasica s paprom",https://drycured.com/recepti-baza/shukhevychivska-kovbasa-susena-kobasica-s-paprom/,Hrvatska,"Suha kobasica","fermentacija + sušenje",4353,4353,0,0,YES,YES,YES,200,305969,YES,7,OK_PUBLIC_VISIBLE_OR_HAS_MARKERS
3226,publish,"Miasnyi Khlib (М'ясний хліб) - Mesni kruh",https://drycured.com/recepti-baza/miasnyi-khlib-mesni-kruh/,,"suhomesnati proizvod",sušenje,3902,3902,0,0,YES,YES,YES,200,304800,YES,4,OK_PUBLIC_VISIBLE_OR_HAS_MARKERS
3227,publish,"Dimlenyi Yazyk (Димлений язик) - Dimljeni goveđi jezik",https://drycured.com/recepti-baza/dimlenyi-yazyk-dimljeni-govei-jezik/,Hrvatska,"suhomesnati proizvod","dimljenje + sušenje + soljenje/salamurenje",3686,3686,0,0,YES,YES,YES,200,305126,YES,6,OK_PUBLIC_VISIBLE_OR_HAS_MARKERS
3228,publish,"Salo (Сало) - Ukrajinska slanina",https://drycured.com/recepti-baza/salo-ukrajinska-slanina/,Ukrajina,"Sušeni dimljeni cijeli komad","sušenje + soljenje/salamurenje",3553,3553,0,0,YES,YES,YES,200,304492,YES,2,OK_PUBLIC_VISIBLE_OR_HAS_MARKERS
3229,publish,"Domašnja Kovbasa (Домашня ковбаса) - Domaća kobasica",https://drycured.com/recepti-baza/domasnja-kovbasa-domaca-kobasica/,Hrvatska,"Suha kobasica","fermentacija + sušenje",4276,4276,0,0,YES,YES,YES,200,305375,YES,6,OK_PUBLIC_VISIBLE_OR_HAS_MARKERS
3230,publish,"Buženina (Буженина) - Pečena i sušena svinjetina",https://drycured.com/recepti-baza/buzenina-pecena-i-susena-svinjetina/,,"suhomesnati proizvod",sušenje,3647,3647,0,0,YES,YES,YES,200,305034,YES,5,OK_PUBLIC_VISIBLE_OR_HAS_MARKERS
3231,private,"Kholodets (Холодець) - Hladetina od mesa",https://drycured.com/?post_type=dry_recipe&p=3231,Hrvatska,hladetina|tlačenica,,3436,3436,0,0,YES,YES,NO,,0,,,OK_OR_NOT_CHECKED
3232,publish,"Solonina (Солонина) - Salamurena govedina",https://drycured.com/recepti-baza/solonina-salamurena-govedina/,Hrvatska,"suha salama","sušenje + soljenje/salamurenje",4012,4012,0,0,YES,YES,YES,200,304903,YES,4,OK_PUBLIC_VISIBLE_OR_HAS_MARKERS
3233,publish,"Češnjovke 1.2021 – domaća varijanta",https://drycured.com/recepti-baza/e-njovke-1-2021-doma-a-varijanta/,Hrvatska,"Suha kobasica","daljnji postupak prema namjeni|miješano|mljeveno|punjeno",3916,3916,0,0,YES,YES,YES,200,304765,YES,3,OK_PUBLIC_VISIBLE_OR_HAS_MARKERS
3234,publish,"Kranjska 1.2021 – domaća varijanta",https://drycured.com/recepti-baza/kranjska-1-2021-doma-a-varijanta/,Hrvatska|Slovenija,"Suha kobasica","daljnji postupak prema namjeni|miješano|mljeveno|punjeno",4117,4117,0,0,YES,YES,YES,200,304685,YES,3,OK_PUBLIC_VISIBLE_OR_HAS_MARKERS
3235,private,"Pečenice 1.2021 – domaća varijanta",https://drycured.com/?post_type=dry_recipe&p=3235,Hrvatska,"svježa kobasica za pečenje","miješano|mljeveno|punjeno|svježe za pečenje",3497,3497,0,0,YES,YES,NO,,0,,,OK_OR_NOT_CHECKED
3236,publish,"Pečena salamurena slanina s toplim dimom",https://drycured.com/recepti-baza/pe-ena-salamurena-slanina-s-toplim-dimom/,Hrvatska,"suha salama","mokri pac|pečenje|toplo dimljenje",3820,3820,0,0,YES,YES,YES,200,304728,YES,5,OK_PUBLIC_VISIBLE_OR_HAS_MARKERS
3308,publish,"Istarska kobasica",https://drycured.com/recepti-baza/hr-is-001-istarska-kobasica/,Hrvatska,"Suhe fermentirane kobasice","Fermentirano sušeno",50,5856,6136,0,NO,YES,YES,200,304390,YES,2,OK_PUBLIC_VISIBLE_OR_HAS_MARKERS
3309,publish,"Rovinjska kobasica",https://drycured.com/recepti-baza/hr-is-002-rovinjska-kobasica/,Hrvatska,"Suhe fermentirane kobasice","Fermentirano sušeno",76,5856,6136,0,NO,YES,YES,200,304529,YES,2,OK_PUBLIC_VISIBLE_OR_HAS_MARKERS
3310,publish,"Pazinska kobasica",https://drycured.com/recepti-baza/hr-is-003-pazinska-kobasica/,Hrvatska,"Suhe fermentirane kobasice","Fermentirano sušeno dimljeno",67,5856,6136,0,NO,YES,YES,200,304462,YES,2,OK_PUBLIC_VISIBLE_OR_HAS_MARKERS
3311,publish,"Lička kobasica",https://drycured.com/recepti-baza/hr-li-001-licka-kobasica/,Hrvatska,"Suhe fermentirane kobasice","Fermentirano dimljeno sušeno",71,5856,6136,0,NO,YES,YES,200,304443,YES,2,OK_PUBLIC_VISIBLE_OR_HAS_MARKERS
3312,publish,"Sinjska kobasica",https://drycured.com/recepti-baza/hr-da-001-sinjska-kobasica/,Hrvatska,"Suhe fermentirane kobasice","Fermentirano blago dimljeno sušeno",41,5856,6136,0,NO,YES,YES,200,304339,YES,2,OK_PUBLIC_VISIBLE_OR_HAS_MARKERS
3313,publish,"Korčulanska kobasica",https://drycured.com/recepti-baza/hr-da-002-korculanska-kobasica/,Hrvatska,"Suhe fermentirane kobasice","Fermentirano nedimljeno sušeno",71,5856,6136,0,NO,YES,YES,200,304565,YES,2,OK_PUBLIC_VISIBLE_OR_HAS_MARKERS
3314,publish,"Hvarska prstena kobasica",https://drycured.com/recepti-baza/hr-da-003-hvarska-prstena-kobasica/,Hrvatska,"Suhe fermentirane kobasice","Fermentirano sušeno (oblik prstena)",65,5856,6136,0,NO,YES,YES,200,304595,YES,3,OK_PUBLIC_VISIBLE_OR_HAS_MARKERS
3315,publish,"Vrgorački kulen",https://drycured.com/recepti-baza/hr-da-004-vrgoracki-kulen/,Hrvatska,"Suhe fermentirane kobasice","Fermentirano dimljeno dugo sušeno",62,5856,6136,0,NO,YES,YES,200,304421,YES,2,OK_PUBLIC_VISIBLE_OR_HAS_MARKERS
3524,private,"PREVIEW CANON — Slavonska kobasica",https://drycured.com/?post_type=dry_recipe&p=3524,Hrvatska,Kobasica,,5856,6220,6605,0,YES,YES,NO,,0,,,OK_OR_NOT_CHECKED
3525,private,"PREVIEW CANON — Prosciutto di Parma",https://drycured.com/?post_type=dry_recipe&p=3525,Italija,"sušeni zreli sir","soljenje + dugo zrenje",3344,3344,0,2529,YES,YES,NO,,0,,,OK_OR_NOT_CHECKED
3526,private,"PREVIEW CANON — Prosciutto di San Daniele",https://drycured.com/?post_type=dry_recipe&p=3526,Italija,"sušeni zreli sir","soljenje + dugo zrenje",3426,3426,0,8610,YES,YES,NO,,0,,,OK_OR_NOT_CHECKED
3527,private,"PREVIEW CANON — Bresaola della Valtellina",https://drycured.com/?post_type=dry_recipe&p=3527,Italija,"Sušeni cijeli komad","soljenje + sušenje + zrenje",3511,3511,0,9444,YES,YES,NO,,0,,,OK_OR_NOT_CHECKED
3528,private,"PREVIEW CANON — Kraški pršut",https://drycured.com/?post_type=dry_recipe&p=3528,Slovenija,"Pršut|sušena šunka","suho soljenje + sušenje + zrenje",3270,3270,0,6153,YES,YES,NO,,0,,,OK_OR_NOT_CHECKED
3529,private,"PREVIEW CANON — Lardo di Colonnata",https://drycured.com/?post_type=dry_recipe&p=3529,Italija,"sazrela svinjska leđna mast","soljenje + začini + zrenje u mramornim posudama",3965,3965,0,6573,YES,YES,NO,,0,,,OK_OR_NOT_CHECKED
3530,private,"PREVIEW CANON — Coppa Piacentina",https://drycured.com/?post_type=dry_recipe&p=3530,Italija,"coppa|sušeni svinjski vrat","soljenje + zrenje",3777,3777,0,6027,YES,YES,NO,,0,,,OK_OR_NOT_CHECKED
3531,private,"PREVIEW CANON — Pancetta Arrotolata",https://drycured.com/?post_type=dry_recipe&p=3531,Hrvatska,"suhomesnati proizvod","sušenje + zrenje + soljenje/salamurenje",3542,3542,0,0,YES,YES,NO,,0,,,OK_OR_NOT_CHECKED
3532,private,"PREVIEW GRANULACIJA — Kulenova seka",https://drycured.com/?post_type=dry_recipe&p=3532,Hrvatska,Kobasica,,5471,5471,5764,0,YES,YES,NO,,0,,,OK_OR_NOT_CHECKED
