post_id,title,url,post_content_bytes,full_markdown_bytes,sections_bytes,http_code,html_bytes,real_dcv5_recipe_in_body,visible_text_bytes,visible_has_title_word,visible_has_radni_sazetak,visible_has_gotovo,risk_class,visible_preview
1982,"FINOCCHIONA TOSCANA",https://drycured.com/recepti-baza/finocchiona-toscana/,4378,4378,0,200,302843,NO,1833,NO,NO,NO,RISK_VISIBLE_TOO_SHORT_OR_HIDDEN,"Skip to content drycured.com RECEPTI BLOG KNJIGA FORUM Kalkulator Drycured podcast ALATI Menu Toggle Dijagnostika problema Praćenje gubitka težine Dnevnik serije Planer dimljenja Monitor sušionice HACCP kontrolna lista Inventar i sirovina Kalkulator soli Gener"
1983,"PROSCIUTTO DI SAN DANIELE",https://drycured.com/recepti-baza/prosciutto-di-san-daniele/,3426,3426,0,200,303005,NO,1833,NO,NO,NO,RISK_VISIBLE_TOO_SHORT_OR_HIDDEN,"Skip to content drycured.com RECEPTI BLOG KNJIGA FORUM Kalkulator Drycured podcast ALATI Menu Toggle Dijagnostika problema Praćenje gubitka težine Dnevnik serije Planer dimljenja Monitor sušionice HACCP kontrolna lista Inventar i sirovina Kalkulator soli Gener"
1984,"NDUJA CALABRESE",https://drycured.com/recepti-baza/nduja-calabrese/,4217,4217,0,200,302767,NO,1833,NO,NO,NO,RISK_VISIBLE_TOO_SHORT_OR_HIDDEN,"Skip to content drycured.com RECEPTI BLOG KNJIGA FORUM Kalkulator Drycured podcast ALATI Menu Toggle Dijagnostika problema Praćenje gubitka težine Dnevnik serije Planer dimljenja Monitor sušionice HACCP kontrolna lista Inventar i sirovina Kalkulator soli Gener"
1986,"LARDO DI COLONNATA",https://drycured.com/recepti-baza/lardo-di-colonnata/,3965,3965,0,200,302868,NO,1833,NO,NO,NO,RISK_VISIBLE_TOO_SHORT_OR_HIDDEN,"Skip to content drycured.com RECEPTI BLOG KNJIGA FORUM Kalkulator Drycured podcast ALATI Menu Toggle Dijagnostika problema Praćenje gubitka težine Dnevnik serije Planer dimljenja Monitor sušionice HACCP kontrolna lista Inventar i sirovina Kalkulator soli Gener"
1988,"SOPPRESSA VICENTINA",https://drycured.com/recepti-baza/soppressa-vicentina/,3806,3806,0,200,302843,NO,1833,NO,NO,NO,RISK_VISIBLE_TOO_SHORT_OR_HIDDEN,"Skip to content drycured.com RECEPTI BLOG KNJIGA FORUM Kalkulator Drycured podcast ALATI Menu Toggle Dijagnostika problema Praćenje gubitka težine Dnevnik serije Planer dimljenja Monitor sušionice HACCP kontrolna lista Inventar i sirovina Kalkulator soli Gener"
1990,"SALAME DI FELINO",https://drycured.com/recepti-baza/salame-di-felino/,4314,4314,0,200,302786,NO,1833,NO,NO,NO,RISK_VISIBLE_TOO_SHORT_OR_HIDDEN,"Skip to content drycured.com RECEPTI BLOG KNJIGA FORUM Kalkulator Drycured podcast ALATI Menu Toggle Dijagnostika problema Praćenje gubitka težine Dnevnik serije Planer dimljenja Monitor sušionice HACCP kontrolna lista Inventar i sirovina Kalkulator soli Gener"
1991,"GUANCIALE ROMANO",https://drycured.com/recepti-baza/guanciale-romano/,3632,3632,0,200,302830,NO,1833,NO,NO,NO,RISK_VISIBLE_TOO_SHORT_OR_HIDDEN,"Skip to content drycured.com RECEPTI BLOG KNJIGA FORUM Kalkulator Drycured podcast ALATI Menu Toggle Dijagnostika problema Praćenje gubitka težine Dnevnik serije Planer dimljenja Monitor sušionice HACCP kontrolna lista Inventar i sirovina Kalkulator soli Gener"
2018,"Irska salama (Spiced Irish Salami)",https://drycured.com/recepti-baza/irska-salama-spiced-irish-salami/,4359,4359,0,200,303094,NO,1833,NO,NO,NO,RISK_VISIBLE_TOO_SHORT_OR_HIDDEN,"Skip to content drycured.com RECEPTI BLOG KNJIGA FORUM Kalkulator Drycured podcast ALATI Menu Toggle Dijagnostika problema Praćenje gubitka težine Dnevnik serije Planer dimljenja Monitor sušionice HACCP kontrolna lista Inventar i sirovina Kalkulator soli Gener"
2021,"Cumberland kobasica",https://drycured.com/recepti-baza/cumberland-kobasica/,4280,4280,0,200,302855,NO,1833,NO,NO,NO,RISK_VISIBLE_TOO_SHORT_OR_HIDDEN,"Skip to content drycured.com RECEPTI BLOG KNJIGA FORUM Kalkulator Drycured podcast ALATI Menu Toggle Dijagnostika problema Praćenje gubitka težine Dnevnik serije Planer dimljenja Monitor sušionice HACCP kontrolna lista Inventar i sirovina Kalkulator soli Gener"
2023,"?? Grčki tradicionalni recept - Loukaniko",https://drycured.com/recepti-baza/grcki-tradicionalni-recept-loukaniko/,3437,3437,0,200,303233,NO,1833,YES,NO,NO,OK_VISIBLE_MARKDOWN_OR_FALLBACK,"Skip to content drycured.com RECEPTI BLOG KNJIGA FORUM Kalkulator Drycured podcast ALATI Menu Toggle Dijagnostika problema Praćenje gubitka težine Dnevnik serije Planer dimljenja Monitor sušionice HACCP kontrolna lista Inventar i sirovina Kalkulator soli Gener"
2026,"?? Španjolski recept za chorizo",https://drycured.com/recepti-baza/spanjolski-recept-za-chorizo/,3790,3790,0,200,303070,NO,1833,YES,NO,NO,OK_VISIBLE_MARKDOWN_OR_FALLBACK,"Skip to content drycured.com RECEPTI BLOG KNJIGA FORUM Kalkulator Drycured podcast ALATI Menu Toggle Dijagnostika problema Praćenje gubitka težine Dnevnik serije Planer dimljenja Monitor sušionice HACCP kontrolna lista Inventar i sirovina Kalkulator soli Gener"
2028,"Češki Špekáček (Špek Kobasica)",https://drycured.com/recepti-baza/ceski-spekacek-spek-kobasica/,4378,4378,0,200,303186,NO,1833,NO,NO,NO,RISK_VISIBLE_TOO_SHORT_OR_HIDDEN,"Skip to content drycured.com RECEPTI BLOG KNJIGA FORUM Kalkulator Drycured podcast ALATI Menu Toggle Dijagnostika problema Praćenje gubitka težine Dnevnik serije Planer dimljenja Monitor sušionice HACCP kontrolna lista Inventar i sirovina Kalkulator soli Gener"
2029,"JAMBON DE BAYONNE",https://drycured.com/recepti-baza/jambon-de-bayonne/,3482,3482,0,200,302861,NO,1833,NO,NO,NO,RISK_VISIBLE_TOO_SHORT_OR_HIDDEN,"Skip to content drycured.com RECEPTI BLOG KNJIGA FORUM Kalkulator Drycured podcast ALATI Menu Toggle Dijagnostika problema Praćenje gubitka težine Dnevnik serije Planer dimljenja Monitor sušionice HACCP kontrolna lista Inventar i sirovina Kalkulator soli Gener"
2032,"Coppa (Kapula)",https://drycured.com/recepti-baza/coppa-kapula/,3683,3683,0,200,302758,NO,1833,NO,NO,NO,RISK_VISIBLE_TOO_SHORT_OR_HIDDEN,"Skip to content drycured.com RECEPTI BLOG KNJIGA FORUM Kalkulator Drycured podcast ALATI Menu Toggle Dijagnostika problema Praćenje gubitka težine Dnevnik serije Planer dimljenja Monitor sušionice HACCP kontrolna lista Inventar i sirovina Kalkulator soli Gener"
2033,"Andouille de Guémené",https://drycured.com/recepti-baza/andouille-de-guemene/,3761,3761,0,200,302914,NO,1833,NO,NO,NO,RISK_VISIBLE_TOO_SHORT_OR_HIDDEN,"Skip to content drycured.com RECEPTI BLOG KNJIGA FORUM Kalkulator Drycured podcast ALATI Menu Toggle Dijagnostika problema Praćenje gubitka težine Dnevnik serije Planer dimljenja Monitor sušionice HACCP kontrolna lista Inventar i sirovina Kalkulator soli Gener"
2037,"Hangikjöt (Dimljeni janjeti but)",https://drycured.com/recepti-baza/hangikjot-dimljeni-janjeti-but/,3564,3564,0,200,351915,YES,10291,YES,NO,YES,OK_REAL_DCV5,"Skip to content drycured.com RECEPTI BLOG KNJIGA FORUM Kalkulator Drycured podcast ALATI Menu Toggle Dijagnostika problema Praćenje gubitka težine Dnevnik serije Planer dimljenja Monitor sušionice HACCP kontrolna lista Inventar i sirovina Kalkulator soli Gener"
2039,"Ukrajinska Domashnia Kovbasa (Domaća Kobasica)",https://drycured.com/recepti-baza/ukrajinska-domashnia-kovbasa-domaca-kobasica/,4281,4281,0,200,303360,NO,1833,NO,NO,NO,RISK_VISIBLE_TOO_SHORT_OR_HIDDEN,"Skip to content drycured.com RECEPTI BLOG KNJIGA FORUM Kalkulator Drycured podcast ALATI Menu Toggle Dijagnostika problema Praćenje gubitka težine Dnevnik serije Planer dimljenja Monitor sušionice HACCP kontrolna lista Inventar i sirovina Kalkulator soli Gener"
2042,"BALMOȘ CU SLANINĂ (PALENTA SA SLANINOM)",https://drycured.com/recepti-baza/balmos-cu-slanina-palenta-sa-slaninom/,3503,3503,0,200,303285,NO,1833,NO,NO,NO,RISK_VISIBLE_TOO_SHORT_OR_HIDDEN,"Skip to content drycured.com RECEPTI BLOG KNJIGA FORUM Kalkulator Drycured podcast ALATI Menu Toggle Dijagnostika problema Praćenje gubitka težine Dnevnik serije Planer dimljenja Monitor sušionice HACCP kontrolna lista Inventar i sirovina Kalkulator soli Gener"
2043,"PFÄLZER SAUMAGEN (FALAČKA SVINJSKA ŽELUDAC-KOBASICA)",https://drycured.com/recepti-baza/pfalzer-saumagen-falacka-svinjska-zeludac-kobasica/,4741,4741,0,200,303554,NO,1833,NO,NO,NO,RISK_VISIBLE_TOO_SHORT_OR_HIDDEN,"Skip to content drycured.com RECEPTI BLOG KNJIGA FORUM Kalkulator Drycured podcast ALATI Menu Toggle Dijagnostika problema Praćenje gubitka težine Dnevnik serije Planer dimljenja Monitor sušionice HACCP kontrolna lista Inventar i sirovina Kalkulator soli Gener"
2047,"Domaći Bratwurst",https://drycured.com/recepti-baza/domaci-bratwurst/,3704,3704,0,200,302832,NO,1833,NO,NO,NO,RISK_VISIBLE_TOO_SHORT_OR_HIDDEN,"Skip to content drycured.com RECEPTI BLOG KNJIGA FORUM Kalkulator Drycured podcast ALATI Menu Toggle Dijagnostika problema Praćenje gubitka težine Dnevnik serije Planer dimljenja Monitor sušionice HACCP kontrolna lista Inventar i sirovina Kalkulator soli Gener"
2049,"Hausmacher Mettwurst (Domaća dimljena kobasica za mazanje)",https://drycured.com/recepti-baza/hausmacher-mettwurst-domaca-dimljena-kobasica-za-mazanje/,4079,4079,0,200,303604,NO,1833,NO,NO,NO,RISK_VISIBLE_TOO_SHORT_OR_HIDDEN,"Skip to content drycured.com RECEPTI BLOG KNJIGA FORUM Kalkulator Drycured podcast ALATI Menu Toggle Dijagnostika problema Praćenje gubitka težine Dnevnik serije Planer dimljenja Monitor sušionice HACCP kontrolna lista Inventar i sirovina Kalkulator soli Gener"
2051,"ŠKOTSKI LORNE SAUSAGE (ČETVRTASTI KOBASIČASTI ODREZAK)",https://drycured.com/recepti-baza/skotski-lorne-sausage-cetvrtasti-kobasicasti-odrezak/,4267,4267,0,200,303552,NO,1833,NO,NO,NO,RISK_VISIBLE_TOO_SHORT_OR_HIDDEN,"Skip to content drycured.com RECEPTI BLOG KNJIGA FORUM Kalkulator Drycured podcast ALATI Menu Toggle Dijagnostika problema Praćenje gubitka težine Dnevnik serije Planer dimljenja Monitor sušionice HACCP kontrolna lista Inventar i sirovina Kalkulator soli Gener"
2052,"Jamón Ibérico de Bellota - Iberijski Pršut od Žira",https://drycured.com/recepti-baza/jamon-iberico-de-bellota-iberijski-prsut-od-zira/,3757,3757,0,200,303557,NO,1833,NO,NO,NO,RISK_VISIBLE_TOO_SHORT_OR_HIDDEN,"Skip to content drycured.com RECEPTI BLOG KNJIGA FORUM Kalkulator Drycured podcast ALATI Menu Toggle Dijagnostika problema Praćenje gubitka težine Dnevnik serije Planer dimljenja Monitor sušionice HACCP kontrolna lista Inventar i sirovina Kalkulator soli Gener"
2053,"Chorizo de Pamplona - Čorizo iz Pamplone",https://drycured.com/recepti-baza/chorizo-de-pamplona-corizo-iz-pamplone/,4504,4504,0,200,303265,NO,1833,NO,NO,NO,RISK_VISIBLE_TOO_SHORT_OR_HIDDEN,"Skip to content drycured.com RECEPTI BLOG KNJIGA FORUM Kalkulator Drycured podcast ALATI Menu Toggle Dijagnostika problema Praćenje gubitka težine Dnevnik serije Planer dimljenja Monitor sušionice HACCP kontrolna lista Inventar i sirovina Kalkulator soli Gener"
2055,"Coppa Piacentina - Piacentinska Coppa",https://drycured.com/recepti-baza/coppa-piacentina-piacentinska-coppa/,3950,3950,0,200,303198,NO,1833,NO,NO,NO,RISK_VISIBLE_TOO_SHORT_OR_HIDDEN,"Skip to content drycured.com RECEPTI BLOG KNJIGA FORUM Kalkulator Drycured podcast ALATI Menu Toggle Dijagnostika problema Praćenje gubitka težine Dnevnik serije Planer dimljenja Monitor sušionice HACCP kontrolna lista Inventar i sirovina Kalkulator soli Gener"
2056,"Nduja Calabrese - Kalabrijska Nduja",https://drycured.com/recepti-baza/nduja-calabrese-kalabrijska-nduja/,3775,3775,0,200,303132,NO,1833,NO,NO,NO,RISK_VISIBLE_TOO_SHORT_OR_HIDDEN,"Skip to content drycured.com RECEPTI BLOG KNJIGA FORUM Kalkulator Drycured podcast ALATI Menu Toggle Dijagnostika problema Praćenje gubitka težine Dnevnik serije Planer dimljenja Monitor sušionice HACCP kontrolna lista Inventar i sirovina Kalkulator soli Gener"
2057,"Bresaola Valtellinese - Valtelinska Bresaola",https://drycured.com/recepti-baza/bresaola-valtellinese-valtelinska-bresaola/,3710,3710,0,200,303331,NO,1833,NO,NO,NO,RISK_VISIBLE_TOO_SHORT_OR_HIDDEN,"Skip to content drycured.com RECEPTI BLOG KNJIGA FORUM Kalkulator Drycured podcast ALATI Menu Toggle Dijagnostika problema Praćenje gubitka težine Dnevnik serije Planer dimljenja Monitor sušionice HACCP kontrolna lista Inventar i sirovina Kalkulator soli Gener"
2058,"Guanciale Romano - Rimski Guanciale",https://drycured.com/recepti-baza/guanciale-romano-rimski-guanciale/,3831,3831,0,200,303176,NO,1833,NO,NO,NO,RISK_VISIBLE_TOO_SHORT_OR_HIDDEN,"Skip to content drycured.com RECEPTI BLOG KNJIGA FORUM Kalkulator Drycured podcast ALATI Menu Toggle Dijagnostika problema Praćenje gubitka težine Dnevnik serije Planer dimljenja Monitor sušionice HACCP kontrolna lista Inventar i sirovina Kalkulator soli Gener"
2059,"SALAME MILANO - MILANSKA SALAMA",https://drycured.com/recepti-baza/salame-milano-milanska-salama/,4400,4400,0,200,303056,NO,1833,NO,NO,NO,RISK_VISIBLE_TOO_SHORT_OR_HIDDEN,"Skip to content drycured.com RECEPTI BLOG KNJIGA FORUM Kalkulator Drycured podcast ALATI Menu Toggle Dijagnostika problema Praćenje gubitka težine Dnevnik serije Planer dimljenja Monitor sušionice HACCP kontrolna lista Inventar i sirovina Kalkulator soli Gener"
2060,"SOPPRESSATA CALABRESE - KALABRIJSKA SOPPRESSATA",https://drycured.com/recepti-baza/soppressata-calabrese-kalabrijska-soppressata/,4071,4071,0,200,303360,NO,1833,NO,NO,NO,RISK_VISIBLE_TOO_SHORT_OR_HIDDEN,"Skip to content drycured.com RECEPTI BLOG KNJIGA FORUM Kalkulator Drycured podcast ALATI Menu Toggle Dijagnostika problema Praćenje gubitka težine Dnevnik serije Planer dimljenja Monitor sušionice HACCP kontrolna lista Inventar i sirovina Kalkulator soli Gener"
2061,"PROSCIUTTO DI PARMA - PARMSKA ŠUNKA",https://drycured.com/recepti-baza/prosciutto-di-parma-parmska-sunka/,3344,3344,0,200,303198,NO,1833,NO,NO,NO,RISK_VISIBLE_TOO_SHORT_OR_HIDDEN,"Skip to content drycured.com RECEPTI BLOG KNJIGA FORUM Kalkulator Drycured podcast ALATI Menu Toggle Dijagnostika problema Praćenje gubitka težine Dnevnik serije Planer dimljenja Monitor sušionice HACCP kontrolna lista Inventar i sirovina Kalkulator soli Gener"
2062,"PANCETTA ARROTOLATA - ROLANA PANCETA",https://drycured.com/recepti-baza/pancetta-arrotolata-rolana-panceta/,3816,3816,0,200,303195,NO,1833,NO,NO,NO,RISK_VISIBLE_TOO_SHORT_OR_HIDDEN,"Skip to content drycured.com RECEPTI BLOG KNJIGA FORUM Kalkulator Drycured podcast ALATI Menu Toggle Dijagnostika problema Praćenje gubitka težine Dnevnik serije Planer dimljenja Monitor sušionice HACCP kontrolna lista Inventar i sirovina Kalkulator soli Gener"
2063,"FINOCCHIONA TOSCANA - TOSKANSKA KOBASICA S KOMORAČEM",https://drycured.com/recepti-baza/finocchiona-toscana-toskanska-kobasica-s-komoracem/,4344,4344,0,200,303481,NO,1833,NO,NO,NO,RISK_VISIBLE_TOO_SHORT_OR_HIDDEN,"Skip to content drycured.com RECEPTI BLOG KNJIGA FORUM Kalkulator Drycured podcast ALATI Menu Toggle Dijagnostika problema Praćenje gubitka težine Dnevnik serije Planer dimljenja Monitor sušionice HACCP kontrolna lista Inventar i sirovina Kalkulator soli Gener"
2064,"COPPA (CAPOCOLLO) - TALIJANSKA VRATINA",https://drycured.com/recepti-baza/coppa-capocollo-talijanska-vratina/,3766,3766,0,200,352533,YES,10351,YES,NO,YES,OK_REAL_DCV5,"Skip to content drycured.com RECEPTI BLOG KNJIGA FORUM Kalkulator Drycured podcast ALATI Menu Toggle Dijagnostika problema Praćenje gubitka težine Dnevnik serije Planer dimljenja Monitor sušionice HACCP kontrolna lista Inventar i sirovina Kalkulator soli Gener"
2072,"Njeguški pršut",https://drycured.com/recepti-baza/njeguski-prsut/,3257,3257,0,200,302852,NO,1833,NO,NO,NO,RISK_VISIBLE_TOO_SHORT_OR_HIDDEN,"Skip to content drycured.com RECEPTI BLOG KNJIGA FORUM Kalkulator Drycured podcast ALATI Menu Toggle Dijagnostika problema Praćenje gubitka težine Dnevnik serije Planer dimljenja Monitor sušionice HACCP kontrolna lista Inventar i sirovina Kalkulator soli Gener"
2075,"Vrgorački kulen iz zaboravljenih recepata",https://drycured.com/recepti-baza/vrgoracki-kulen-iz-zaboravljenih-recepata/,3995,3995,0,200,303283,NO,1833,NO,NO,NO,RISK_VISIBLE_TOO_SHORT_OR_HIDDEN,"Skip to content drycured.com RECEPTI BLOG KNJIGA FORUM Kalkulator Drycured podcast ALATI Menu Toggle Dijagnostika problema Praćenje gubitka težine Dnevnik serije Planer dimljenja Monitor sušionice HACCP kontrolna lista Inventar i sirovina Kalkulator soli Gener"
2076,"Senjska Morska Panceta ""Bura Intenzitet""",https://drycured.com/recepti-baza/senjska-morska-panceta-bura-intenzitet/,3370,3370,0,200,303290,NO,1833,NO,NO,NO,RISK_VISIBLE_TOO_SHORT_OR_HIDDEN,"Skip to content drycured.com RECEPTI BLOG KNJIGA FORUM Kalkulator Drycured podcast ALATI Menu Toggle Dijagnostika problema Praćenje gubitka težine Dnevnik serije Planer dimljenja Monitor sušionice HACCP kontrolna lista Inventar i sirovina Kalkulator soli Gener"
2078,"ANDOUILLE DE VIRE",https://drycured.com/recepti-baza/andouille-de-vire/,4161,4161,0,200,302821,NO,1833,NO,NO,NO,RISK_VISIBLE_TOO_SHORT_OR_HIDDEN,"Skip to content drycured.com RECEPTI BLOG KNJIGA FORUM Kalkulator Drycured podcast ALATI Menu Toggle Dijagnostika problema Praćenje gubitka težine Dnevnik serije Planer dimljenja Monitor sušionice HACCP kontrolna lista Inventar i sirovina Kalkulator soli Gener"
2079,"COPPA CORSE",https://drycured.com/recepti-baza/coppa-corse/,3900,3900,0,200,302727,NO,1833,NO,NO,NO,RISK_VISIBLE_TOO_SHORT_OR_HIDDEN,"Skip to content drycured.com RECEPTI BLOG KNJIGA FORUM Kalkulator Drycured podcast ALATI Menu Toggle Dijagnostika problema Praćenje gubitka težine Dnevnik serije Planer dimljenja Monitor sušionice HACCP kontrolna lista Inventar i sirovina Kalkulator soli Gener"
2080,"SAUCISSE DE MORTEAU",https://drycured.com/recepti-baza/saucisse-de-morteau/,4163,4163,0,200,302859,NO,1833,NO,NO,NO,RISK_VISIBLE_TOO_SHORT_OR_HIDDEN,"Skip to content drycured.com RECEPTI BLOG KNJIGA FORUM Kalkulator Drycured podcast ALATI Menu Toggle Dijagnostika problema Praćenje gubitka težine Dnevnik serije Planer dimljenja Monitor sušionice HACCP kontrolna lista Inventar i sirovina Kalkulator soli Gener"
2086,"Prekomurska Slaninska Rolada ""Trnčova""",https://drycured.com/recepti-baza/prekomurska-slaninska-rolada-trncova/,3340,3340,0,200,303270,NO,1833,NO,NO,NO,RISK_VISIBLE_TOO_SHORT_OR_HIDDEN,"Skip to content drycured.com RECEPTI BLOG KNJIGA FORUM Kalkulator Drycured podcast ALATI Menu Toggle Dijagnostika problema Praćenje gubitka težine Dnevnik serije Planer dimljenja Monitor sušionice HACCP kontrolna lista Inventar i sirovina Kalkulator soli Gener"
2088,"Koprivnička Kulen",https://drycured.com/recepti-baza/koprivnicka-kulen/,3955,3955,0,200,302827,NO,1833,NO,NO,NO,RISK_VISIBLE_TOO_SHORT_OR_HIDDEN,"Skip to content drycured.com RECEPTI BLOG KNJIGA FORUM Kalkulator Drycured podcast ALATI Menu Toggle Dijagnostika problema Praćenje gubitka težine Dnevnik serije Planer dimljenja Monitor sušionice HACCP kontrolna lista Inventar i sirovina Kalkulator soli Gener"
2089,"KABANOSY (TANKE SUHE KOBASICE)",https://drycured.com/recepti-baza/kabanosy-tanke-suhe-kobasice/,4151,4151,0,200,303070,NO,1833,NO,NO,NO,RISK_VISIBLE_TOO_SHORT_OR_HIDDEN,"Skip to content drycured.com RECEPTI BLOG KNJIGA FORUM Kalkulator Drycured podcast ALATI Menu Toggle Dijagnostika problema Praćenje gubitka težine Dnevnik serije Planer dimljenja Monitor sušionice HACCP kontrolna lista Inventar i sirovina Kalkulator soli Gener"
2092,"Crikvenička Panceta",https://drycured.com/recepti-baza/crikvenicka-panceta/,3249,3249,0,200,302909,NO,1833,NO,NO,NO,RISK_VISIBLE_TOO_SHORT_OR_HIDDEN,"Skip to content drycured.com RECEPTI BLOG KNJIGA FORUM Kalkulator Drycured podcast ALATI Menu Toggle Dijagnostika problema Praćenje gubitka težine Dnevnik serije Planer dimljenja Monitor sušionice HACCP kontrolna lista Inventar i sirovina Kalkulator soli Gener"
2093,"Stara Koprivnička Salama ""Šokačka Priča""",https://drycured.com/recepti-baza/stara-koprivnicka-salama-sokacka-prica/,4115,4115,0,200,303318,NO,1833,NO,NO,NO,RISK_VISIBLE_TOO_SHORT_OR_HIDDEN,"Skip to content drycured.com RECEPTI BLOG KNJIGA FORUM Kalkulator Drycured podcast ALATI Menu Toggle Dijagnostika problema Praćenje gubitka težine Dnevnik serije Planer dimljenja Monitor sušionice HACCP kontrolna lista Inventar i sirovina Kalkulator soli Gener"
2094,"Pitomački ""Divlji Kulen""",https://drycured.com/recepti-baza/pitomacki-divlji-kulen/,3995,3995,0,200,302960,NO,1833,NO,NO,NO,RISK_VISIBLE_TOO_SHORT_OR_HIDDEN,"Skip to content drycured.com RECEPTI BLOG KNJIGA FORUM Kalkulator Drycured podcast ALATI Menu Toggle Dijagnostika problema Praćenje gubitka težine Dnevnik serije Planer dimljenja Monitor sušionice HACCP kontrolna lista Inventar i sirovina Kalkulator soli Gener"
2096,"SLĂNINĂ AFUMATĂ (Dimljena slanina)",https://drycured.com/recepti-baza/slanina-afumata-dimljena-slanina/,3643,3643,0,200,303208,NO,1833,NO,NO,NO,RISK_VISIBLE_TOO_SHORT_OR_HIDDEN,"Skip to content drycured.com RECEPTI BLOG KNJIGA FORUM Kalkulator Drycured podcast ALATI Menu Toggle Dijagnostika problema Praćenje gubitka težine Dnevnik serije Planer dimljenja Monitor sušionice HACCP kontrolna lista Inventar i sirovina Kalkulator soli Gener"
2097,"CHIȘCĂ (Puhana želuca s krvlju)",https://drycured.com/recepti-baza/chisca-puhana-zeluca-s-krvlju/,3895,3895,0,200,303115,NO,1833,NO,NO,NO,RISK_VISIBLE_TOO_SHORT_OR_HIDDEN,"Skip to content drycured.com RECEPTI BLOG KNJIGA FORUM Kalkulator Drycured podcast ALATI Menu Toggle Dijagnostika problema Praćenje gubitka težine Dnevnik serije Planer dimljenja Monitor sušionice HACCP kontrolna lista Inventar i sirovina Kalkulator soli Gener"
2100,"Miholjačka Začinska Salama",https://drycured.com/recepti-baza/miholjacka-zacinska-salama/,3963,3963,0,200,303016,NO,1833,NO,NO,NO,RISK_VISIBLE_TOO_SHORT_OR_HIDDEN,"Skip to content drycured.com RECEPTI BLOG KNJIGA FORUM Kalkulator Drycured podcast ALATI Menu Toggle Dijagnostika problema Praćenje gubitka težine Dnevnik serije Planer dimljenja Monitor sušionice HACCP kontrolna lista Inventar i sirovina Kalkulator soli Gener"
2101,"Vinkovački Slavonski Kulen - Stara obiteljska receptura",https://drycured.com/recepti-baza/vinkovacki-slavonski-kulen-stara-obiteljska-receptura/,4105,4105,0,200,303534,NO,1833,YES,NO,NO,OK_VISIBLE_MARKDOWN_OR_FALLBACK,"Skip to content drycured.com RECEPTI BLOG KNJIGA FORUM Kalkulator Drycured podcast ALATI Menu Toggle Dijagnostika problema Praćenje gubitka težine Dnevnik serije Planer dimljenja Monitor sušionice HACCP kontrolna lista Inventar i sirovina Kalkulator soli Gener"
2102,"Slovačka slanina (Slovenská slanina)",https://drycured.com/recepti-baza/slovacka-slanina-slovenska-slanina/,3485,3485,0,200,303228,NO,1833,NO,NO,NO,RISK_VISIBLE_TOO_SHORT_OR_HIDDEN,"Skip to content drycured.com RECEPTI BLOG KNJIGA FORUM Kalkulator Drycured podcast ALATI Menu Toggle Dijagnostika problema Praćenje gubitka težine Dnevnik serije Planer dimljenja Monitor sušionice HACCP kontrolna lista Inventar i sirovina Kalkulator soli Gener"
2103,"Kranjska klobasa (Kranjska kobasica)",https://drycured.com/recepti-baza/kranjska-klobasa-kranjska-kobasica/,4072,4072,0,200,303156,NO,1833,NO,NO,NO,RISK_VISIBLE_TOO_SHORT_OR_HIDDEN,"Skip to content drycured.com RECEPTI BLOG KNJIGA FORUM Kalkulator Drycured podcast ALATI Menu Toggle Dijagnostika problema Praćenje gubitka težine Dnevnik serije Planer dimljenja Monitor sušionice HACCP kontrolna lista Inventar i sirovina Kalkulator soli Gener"
2104,"Kraški pršut",https://drycured.com/recepti-baza/kraski-prsut/,3270,3270,0,200,302802,NO,1833,NO,NO,NO,RISK_VISIBLE_TOO_SHORT_OR_HIDDEN,"Skip to content drycured.com RECEPTI BLOG KNJIGA FORUM Kalkulator Drycured podcast ALATI Menu Toggle Dijagnostika problema Praćenje gubitka težine Dnevnik serije Planer dimljenja Monitor sušionice HACCP kontrolna lista Inventar i sirovina Kalkulator soli Gener"
2106,"Gorenjska zaseka",https://drycured.com/recepti-baza/gorenjska-zaseka/,3534,3534,0,200,302838,NO,1833,NO,NO,NO,RISK_VISIBLE_TOO_SHORT_OR_HIDDEN,"Skip to content drycured.com RECEPTI BLOG KNJIGA FORUM Kalkulator Drycured podcast ALATI Menu Toggle Dijagnostika problema Praćenje gubitka težine Dnevnik serije Planer dimljenja Monitor sušionice HACCP kontrolna lista Inventar i sirovina Kalkulator soli Gener"
2107,"Vipavska panceta",https://drycured.com/recepti-baza/vipavska-panceta/,3704,3704,0,200,302838,NO,1833,NO,NO,NO,RISK_VISIBLE_TOO_SHORT_OR_HIDDEN,"Skip to content drycured.com RECEPTI BLOG KNJIGA FORUM Kalkulator Drycured podcast ALATI Menu Toggle Dijagnostika problema Praćenje gubitka težine Dnevnik serije Planer dimljenja Monitor sušionice HACCP kontrolna lista Inventar i sirovina Kalkulator soli Gener"
2108,"Tolminska salama",https://drycured.com/recepti-baza/tolminska-salama/,4277,4277,0,200,302794,NO,1833,NO,NO,NO,RISK_VISIBLE_TOO_SHORT_OR_HIDDEN,"Skip to content drycured.com RECEPTI BLOG KNJIGA FORUM Kalkulator Drycured podcast ALATI Menu Toggle Dijagnostika problema Praćenje gubitka težine Dnevnik serije Planer dimljenja Monitor sušionice HACCP kontrolna lista Inventar i sirovina Kalkulator soli Gener"
2110,"Crnogorska Slanina (Durmitorska panćeta)",https://drycured.com/recepti-baza/crnogorska-slanina-durmitorska-panceta/,3320,3320,0,200,303286,NO,1833,NO,NO,NO,RISK_VISIBLE_TOO_SHORT_OR_HIDDEN,"Skip to content drycured.com RECEPTI BLOG KNJIGA FORUM Kalkulator Drycured podcast ALATI Menu Toggle Dijagnostika problema Praćenje gubitka težine Dnevnik serije Planer dimljenja Monitor sušionice HACCP kontrolna lista Inventar i sirovina Kalkulator soli Gener"
2111,"LANDJÄGER (TRADICIONALNE DIMLJENE KOBASICE)",https://drycured.com/recepti-baza/landjager-tradicionalne-dimljene-kobasice/,4138,4138,0,200,303315,NO,1833,NO,NO,NO,RISK_VISIBLE_TOO_SHORT_OR_HIDDEN,"Skip to content drycured.com RECEPTI BLOG KNJIGA FORUM Kalkulator Drycured podcast ALATI Menu Toggle Dijagnostika problema Praćenje gubitka težine Dnevnik serije Planer dimljenja Monitor sušionice HACCP kontrolna lista Inventar i sirovina Kalkulator soli Gener"
2113,"VACHERIN FRIBOURGEOIS METTWURST (DIMLJENA KOBASICA S ALPSKIM SIROM)",https://drycured.com/recepti-baza/vacherin-fribourgeois-mettwurst-dimljena-kobasica-s-alpskim-sirom/,4251,4251,0,200,303753,NO,1833,NO,NO,NO,RISK_VISIBLE_TOO_SHORT_OR_HIDDEN,"Skip to content drycured.com RECEPTI BLOG KNJIGA FORUM Kalkulator Drycured podcast ALATI Menu Toggle Dijagnostika problema Praćenje gubitka težine Dnevnik serije Planer dimljenja Monitor sušionice HACCP kontrolna lista Inventar i sirovina Kalkulator soli Gener"
2115,"BRESAOLA DELLA VALTELLINA",https://drycured.com/recepti-baza/bresaola-della-valtellina/,3511,3511,0,200,302957,NO,1833,NO,NO,NO,RISK_VISIBLE_TOO_SHORT_OR_HIDDEN,"Skip to content drycured.com RECEPTI BLOG KNJIGA FORUM Kalkulator Drycured podcast ALATI Menu Toggle Dijagnostika problema Praćenje gubitka težine Dnevnik serije Planer dimljenja Monitor sušionice HACCP kontrolna lista Inventar i sirovina Kalkulator soli Gener"
2116,"COPPA PIACENTINA",https://drycured.com/recepti-baza/coppa-piacentina/,3777,3777,0,200,302786,NO,1833,NO,NO,NO,RISK_VISIBLE_TOO_SHORT_OR_HIDDEN,"Skip to content drycured.com RECEPTI BLOG KNJIGA FORUM Kalkulator Drycured podcast ALATI Menu Toggle Dijagnostika problema Praćenje gubitka težine Dnevnik serije Planer dimljenja Monitor sušionice HACCP kontrolna lista Inventar i sirovina Kalkulator soli Gener"
2353,"Pastërma (Albansko suho meso)",https://drycured.com/recepti-baza/pasterma-albansko-suho-meso/,3504,3504,0,200,304441,NO,1833,NO,NO,NO,RISK_VISIBLE_TOO_SHORT_OR_HIDDEN,"Skip to content drycured.com RECEPTI BLOG KNJIGA FORUM Kalkulator Drycured podcast ALATI Menu Toggle Dijagnostika problema Praćenje gubitka težine Dnevnik serije Planer dimljenja Monitor sušionice HACCP kontrolna lista Inventar i sirovina Kalkulator soli Gener"
2355,"Proshuta Shqiptare – albanska pršuta",https://drycured.com/recepti-baza/proshuta-shqiptare-albanska-prsuta/,3494,3494,0,200,304621,NO,1833,NO,NO,NO,RISK_VISIBLE_TOO_SHORT_OR_HIDDEN,"Skip to content drycured.com RECEPTI BLOG KNJIGA FORUM Kalkulator Drycured podcast ALATI Menu Toggle Dijagnostika problema Praćenje gubitka težine Dnevnik serije Planer dimljenja Monitor sušionice HACCP kontrolna lista Inventar i sirovina Kalkulator soli Gener"
2359,"Vorarlberger Mostbröckle – vorarlberška dimljena govedina",https://drycured.com/recepti-baza/vorarlberger-mostbrockle-vorarlberska-dimljena-govedina/,3466,3466,0,200,305186,NO,1833,NO,NO,NO,RISK_VISIBLE_TOO_SHORT_OR_HIDDEN,"Skip to content drycured.com RECEPTI BLOG KNJIGA FORUM Kalkulator Drycured podcast ALATI Menu Toggle Dijagnostika problema Praćenje gubitka težine Dnevnik serije Planer dimljenja Monitor sušionice HACCP kontrolna lista Inventar i sirovina Kalkulator soli Gener"
2398,"Traditionele Droge Worst (Klasična suha kobasica)",https://drycured.com/recepti-baza/traditionele-droge-worst-klasicna-suha-kobasica/,4004,4004,0,200,305035,NO,1833,NO,NO,NO,RISK_VISIBLE_TOO_SHORT_OR_HIDDEN,"Skip to content drycured.com RECEPTI BLOG KNJIGA FORUM Kalkulator Drycured podcast ALATI Menu Toggle Dijagnostika problema Praćenje gubitka težine Dnevnik serije Planer dimljenja Monitor sušionice HACCP kontrolna lista Inventar i sirovina Kalkulator soli Gener"
2399,"Rookworst (Dimljena kobasica)",https://drycured.com/recepti-baza/rookworst-dimljena-kobasica/,3958,3958,0,200,304612,NO,1833,NO,NO,NO,RISK_VISIBLE_TOO_SHORT_OR_HIDDEN,"Skip to content drycured.com RECEPTI BLOG KNJIGA FORUM Kalkulator Drycured podcast ALATI Menu Toggle Dijagnostika problema Praćenje gubitka težine Dnevnik serije Planer dimljenja Monitor sušionice HACCP kontrolna lista Inventar i sirovina Kalkulator soli Gener"
2428,"Durmitorska kastradina",https://drycured.com/recepti-baza/durmitorska-kastradina/,3504,3504,0,200,304396,NO,1833,NO,NO,NO,RISK_VISIBLE_TOO_SHORT_OR_HIDDEN,"Skip to content drycured.com RECEPTI BLOG KNJIGA FORUM Kalkulator Drycured podcast ALATI Menu Toggle Dijagnostika problema Praćenje gubitka težine Dnevnik serije Planer dimljenja Monitor sušionice HACCP kontrolna lista Inventar i sirovina Kalkulator soli Gener"
2430,"Vasojevićka preukuša",https://drycured.com/recepti-baza/vasojevicka-preukusa/,4092,4092,0,200,304491,NO,1833,NO,NO,NO,RISK_VISIBLE_TOO_SHORT_OR_HIDDEN,"Skip to content drycured.com RECEPTI BLOG KNJIGA FORUM Kalkulator Drycured podcast ALATI Menu Toggle Dijagnostika problema Praćenje gubitka težine Dnevnik serije Planer dimljenja Monitor sušionice HACCP kontrolna lista Inventar i sirovina Kalkulator soli Gener"
2432,"Kučka pršura",https://drycured.com/recepti-baza/kucka-prsura/,3730,3730,0,200,304320,NO,1833,NO,NO,NO,RISK_VISIBLE_TOO_SHORT_OR_HIDDEN,"Skip to content drycured.com RECEPTI BLOG KNJIGA FORUM Kalkulator Drycured podcast ALATI Menu Toggle Dijagnostika problema Praćenje gubitka težine Dnevnik serije Planer dimljenja Monitor sušionice HACCP kontrolna lista Inventar i sirovina Kalkulator soli Gener"
2434,"Crnogorska kobasica",https://drycured.com/recepti-baza/crnogorska-kobasica/,3959,3959,0,200,304437,NO,1833,NO,NO,NO,RISK_VISIBLE_TOO_SHORT_OR_HIDDEN,"Skip to content drycured.com RECEPTI BLOG KNJIGA FORUM Kalkulator Drycured podcast ALATI Menu Toggle Dijagnostika problema Praćenje gubitka težine Dnevnik serije Planer dimljenja Monitor sušionice HACCP kontrolna lista Inventar i sirovina Kalkulator soli Gener"
2435,"Crnogorska stelja",https://drycured.com/recepti-baza/crnogorska-stelja/,3453,3453,0,200,304387,NO,1833,NO,NO,NO,RISK_VISIBLE_TOO_SHORT_OR_HIDDEN,"Skip to content drycured.com RECEPTI BLOG KNJIGA FORUM Kalkulator Drycured podcast ALATI Menu Toggle Dijagnostika problema Praćenje gubitka težine Dnevnik serije Planer dimljenja Monitor sušionice HACCP kontrolna lista Inventar i sirovina Kalkulator soli Gener"
2440,"Splitski Maestral Narezak",https://drycured.com/recepti-baza/splitski-maestral-narezak/,3485,3485,0,200,304535,NO,1833,NO,NO,NO,RISK_VISIBLE_TOO_SHORT_OR_HIDDEN,"Skip to content drycured.com RECEPTI BLOG KNJIGA FORUM Kalkulator Drycured podcast ALATI Menu Toggle Dijagnostika problema Praćenje gubitka težine Dnevnik serije Planer dimljenja Monitor sušionice HACCP kontrolna lista Inventar i sirovina Kalkulator soli Gener"
2441,"Trogirski Zephyr",https://drycured.com/recepti-baza/trogirski-zephyr/,3442,3442,0,200,304331,NO,1833,NO,NO,NO,RISK_VISIBLE_TOO_SHORT_OR_HIDDEN,"Skip to content drycured.com RECEPTI BLOG KNJIGA FORUM Kalkulator Drycured podcast ALATI Menu Toggle Dijagnostika problema Praćenje gubitka težine Dnevnik serije Planer dimljenja Monitor sušionice HACCP kontrolna lista Inventar i sirovina Kalkulator soli Gener"
2442,"Makarski Jugo Narezak",https://drycured.com/recepti-baza/makarski-jugo-narezak/,3474,3474,0,200,304427,NO,1833,NO,NO,NO,RISK_VISIBLE_TOO_SHORT_OR_HIDDEN,"Skip to content drycured.com RECEPTI BLOG KNJIGA FORUM Kalkulator Drycured podcast ALATI Menu Toggle Dijagnostika problema Praćenje gubitka težine Dnevnik serije Planer dimljenja Monitor sušionice HACCP kontrolna lista Inventar i sirovina Kalkulator soli Gener"
2445,"Hvarski stolen (zaboravljena delicija)",https://drycured.com/recepti-baza/hvarski-stolen-zaboravljena-delicija/,3461,3461,0,200,304775,NO,1833,YES,NO,NO,OK_VISIBLE_MARKDOWN_OR_FALLBACK,"Skip to content drycured.com RECEPTI BLOG KNJIGA FORUM Kalkulator Drycured podcast ALATI Menu Toggle Dijagnostika problema Praćenje gubitka težine Dnevnik serije Planer dimljenja Monitor sušionice HACCP kontrolna lista Inventar i sirovina Kalkulator soli Gener"
2449,"Ribbenssteg (Danska dimljena svinjska rebra)",https://drycured.com/recepti-baza/ribbenssteg-danska-dimljena-svinjska-rebra/,3735,3735,0,200,304808,NO,1833,NO,NO,NO,RISK_VISIBLE_TOO_SHORT_OR_HIDDEN,"Skip to content drycured.com RECEPTI BLOG KNJIGA FORUM Kalkulator Drycured podcast ALATI Menu Toggle Dijagnostika problema Praćenje gubitka težine Dnevnik serije Planer dimljenja Monitor sušionice HACCP kontrolna lista Inventar i sirovina Kalkulator soli Gener"
2450,"Bayonneskinke (Danska zasoljena i dimljena šunka)",https://drycured.com/recepti-baza/bayonneskinke-danska-zasoljena-i-dimljena-sunka/,3729,3729,0,200,304893,NO,1833,NO,NO,NO,RISK_VISIBLE_TOO_SHORT_OR_HIDDEN,"Skip to content drycured.com RECEPTI BLOG KNJIGA FORUM Kalkulator Drycured podcast ALATI Menu Toggle Dijagnostika problema Praćenje gubitka težine Dnevnik serije Planer dimljenja Monitor sušionice HACCP kontrolna lista Inventar i sirovina Kalkulator soli Gener"
2456,"Spegeskinke (Danska sušena šunka)",https://drycured.com/recepti-baza/spegeskinke-danska-susena-sunka/,3551,3551,0,200,304567,NO,1833,NO,NO,NO,RISK_VISIBLE_TOO_SHORT_OR_HIDDEN,"Skip to content drycured.com RECEPTI BLOG KNJIGA FORUM Kalkulator Drycured podcast ALATI Menu Toggle Dijagnostika problema Praćenje gubitka težine Dnevnik serije Planer dimljenja Monitor sušionice HACCP kontrolna lista Inventar i sirovina Kalkulator soli Gener"
2458,"Crubeens (Salamurena i dimljena svinjska stopala)",https://drycured.com/recepti-baza/crubeens-salamurena-i-dimljena-svinjska-stopala/,4131,4131,0,200,305061,NO,1833,NO,NO,NO,RISK_VISIBLE_TOO_SHORT_OR_HIDDEN,"Skip to content drycured.com RECEPTI BLOG KNJIGA FORUM Kalkulator Drycured podcast ALATI Menu Toggle Dijagnostika problema Praćenje gubitka težine Dnevnik serije Planer dimljenja Monitor sušionice HACCP kontrolna lista Inventar i sirovina Kalkulator soli Gener"
2464,"StarohrvatskiMore-Kopno Salamet (Salama Maritima)",https://drycured.com/recepti-baza/starohrvatskimore-kopno-salamet-salama-maritima/,4075,4075,0,200,305101,NO,1833,NO,NO,NO,RISK_VISIBLE_TOO_SHORT_OR_HIDDEN,"Skip to content drycured.com RECEPTI BLOG KNJIGA FORUM Kalkulator Drycured podcast ALATI Menu Toggle Dijagnostika problema Praćenje gubitka težine Dnevnik serije Planer dimljenja Monitor sušionice HACCP kontrolna lista Inventar i sirovina Kalkulator soli Gener"
2465,"Krčki Ovčji Dimljeni Raritet",https://drycured.com/recepti-baza/krcki-ovcji-dimljeni-raritet/,3483,3483,0,200,304599,NO,1833,NO,NO,NO,RISK_VISIBLE_TOO_SHORT_OR_HIDDEN,"Skip to content drycured.com RECEPTI BLOG KNJIGA FORUM Kalkulator Drycured podcast ALATI Menu Toggle Dijagnostika problema Praćenje gubitka težine Dnevnik serije Planer dimljenja Monitor sušionice HACCP kontrolna lista Inventar i sirovina Kalkulator soli Gener"
2466,"Kvarnerski Divovski Salamet",https://drycured.com/recepti-baza/kvarnerski-divovski-salamet/,3900,3900,0,200,304625,NO,1833,NO,NO,NO,RISK_VISIBLE_TOO_SHORT_OR_HIDDEN,"Skip to content drycured.com RECEPTI BLOG KNJIGA FORUM Kalkulator Drycured podcast ALATI Menu Toggle Dijagnostika problema Praćenje gubitka težine Dnevnik serije Planer dimljenja Monitor sušionice HACCP kontrolna lista Inventar i sirovina Kalkulator soli Gener"
2468,"Lincolnshire kobasica",https://drycured.com/recepti-baza/lincolnshire-kobasica/,4313,4313,0,200,304499,NO,1833,NO,NO,NO,RISK_VISIBLE_TOO_SHORT_OR_HIDDEN,"Skip to content drycured.com RECEPTI BLOG KNJIGA FORUM Kalkulator Drycured podcast ALATI Menu Toggle Dijagnostika problema Praćenje gubitka težine Dnevnik serije Planer dimljenja Monitor sušionice HACCP kontrolna lista Inventar i sirovina Kalkulator soli Gener"
2470,"Bath Chaps (ukiseljene svinjske obrazine)",https://drycured.com/recepti-baza/bath-chaps-ukiseljene-svinjske-obrazine/,4044,4044,0,200,304727,NO,1833,NO,NO,NO,RISK_VISIBLE_TOO_SHORT_OR_HIDDEN,"Skip to content drycured.com RECEPTI BLOG KNJIGA FORUM Kalkulator Drycured podcast ALATI Menu Toggle Dijagnostika problema Praćenje gubitka težine Dnevnik serije Planer dimljenja Monitor sušionice HACCP kontrolna lista Inventar i sirovina Kalkulator soli Gener"
2474,"Tradicionalna engleska šunka (Wiltshire Ham)",https://drycured.com/recepti-baza/tradicionalna-engleska-sunka-wiltshire-ham/,3828,3828,0,200,304794,NO,1833,NO,NO,NO,RISK_VISIBLE_TOO_SHORT_OR_HIDDEN,"Skip to content drycured.com RECEPTI BLOG KNJIGA FORUM Kalkulator Drycured podcast ALATI Menu Toggle Dijagnostika problema Praćenje gubitka težine Dnevnik serije Planer dimljenja Monitor sušionice HACCP kontrolna lista Inventar i sirovina Kalkulator soli Gener"
2476,"Engleski pork pie (svinjetina u tijestu)",https://drycured.com/recepti-baza/engleski-pork-pie-svinjetina-u-tijestu/,4171,4171,0,200,304664,NO,1833,NO,NO,NO,RISK_VISIBLE_TOO_SHORT_OR_HIDDEN,"Skip to content drycured.com RECEPTI BLOG KNJIGA FORUM Kalkulator Drycured podcast ALATI Menu Toggle Dijagnostika problema Praćenje gubitka težine Dnevnik serije Planer dimljenja Monitor sušionice HACCP kontrolna lista Inventar i sirovina Kalkulator soli Gener"
2478,"Suitsink (Dimljena svinjska šunka)",https://drycured.com/recepti-baza/suitsink-dimljena-svinjska-sunka/,3528,3528,0,200,304620,NO,1833,NO,NO,NO,RISK_VISIBLE_TOO_SHORT_OR_HIDDEN,"Skip to content drycured.com RECEPTI BLOG KNJIGA FORUM Kalkulator Drycured podcast ALATI Menu Toggle Dijagnostika problema Praćenje gubitka težine Dnevnik serije Planer dimljenja Monitor sušionice HACCP kontrolna lista Inventar i sirovina Kalkulator soli Gener"
2480,"Talleliha (Polutrajno sušena govedina)",https://drycured.com/recepti-baza/talleliha-polutrajno-susena-govedina/,3637,3637,0,200,304728,NO,1833,NO,NO,NO,RISK_VISIBLE_TOO_SHORT_OR_HIDDEN,"Skip to content drycured.com RECEPTI BLOG KNJIGA FORUM Kalkulator Drycured podcast ALATI Menu Toggle Dijagnostika problema Praćenje gubitka težine Dnevnik serije Planer dimljenja Monitor sušionice HACCP kontrolna lista Inventar i sirovina Kalkulator soli Gener"
2481,"Sealiha õlis (Svinjsko meso u ulju)",https://drycured.com/recepti-baza/sealiha-olis-svinjsko-meso-u-ulju/,3810,3810,0,200,304563,NO,1833,NO,NO,NO,RISK_VISIBLE_TOO_SHORT_OR_HIDDEN,"Skip to content drycured.com RECEPTI BLOG KNJIGA FORUM Kalkulator Drycured podcast ALATI Menu Toggle Dijagnostika problema Praćenje gubitka težine Dnevnik serije Planer dimljenja Monitor sušionice HACCP kontrolna lista Inventar i sirovina Kalkulator soli Gener"
2501,"Slovačka Klobása (Slovenská Klobása)",https://drycured.com/recepti-baza/slovacka-klobasa-slovenska-klobasa/,4324,4324,0,200,304913,NO,1833,NO,NO,NO,RISK_VISIBLE_TOO_SHORT_OR_HIDDEN,"Skip to content drycured.com RECEPTI BLOG KNJIGA FORUM Kalkulator Drycured podcast ALATI Menu Toggle Dijagnostika problema Praćenje gubitka težine Dnevnik serije Planer dimljenja Monitor sušionice HACCP kontrolna lista Inventar i sirovina Kalkulator soli Gener"
2503,"RIIPUTETTU HIRVENLIHA (SUHO-ZRELA JELENOVINA)",https://drycured.com/recepti-baza/riiputettu-hirvenliha-suho-zrela-jelenovina/,3535,3535,0,200,304919,NO,1833,NO,NO,NO,RISK_VISIBLE_TOO_SHORT_OR_HIDDEN,"Skip to content drycured.com RECEPTI BLOG KNJIGA FORUM Kalkulator Drycured podcast ALATI Menu Toggle Dijagnostika problema Praćenje gubitka težine Dnevnik serije Planer dimljenja Monitor sušionice HACCP kontrolna lista Inventar i sirovina Kalkulator soli Gener"
2504,"SAVUSIIKA (DIMLJENI SIIKA - BIJELA RIBA)",https://drycured.com/recepti-baza/savusiika-dimljeni-siika-bijela-riba/,3568,3568,0,200,304649,NO,1833,NO,NO,NO,RISK_VISIBLE_TOO_SHORT_OR_HIDDEN,"Skip to content drycured.com RECEPTI BLOG KNJIGA FORUM Kalkulator Drycured podcast ALATI Menu Toggle Dijagnostika problema Praćenje gubitka težine Dnevnik serije Planer dimljenja Monitor sušionice HACCP kontrolna lista Inventar i sirovina Kalkulator soli Gener"
2505,"METSOPAISTI (SUHO-SALAMURENI TETRIJEB)",https://drycured.com/recepti-baza/metsopaisti-suho-salamureni-tetrijeb/,4003,4003,0,200,304754,NO,1833,NO,NO,NO,RISK_VISIBLE_TOO_SHORT_OR_HIDDEN,"Skip to content drycured.com RECEPTI BLOG KNJIGA FORUM Kalkulator Drycured podcast ALATI Menu Toggle Dijagnostika problema Praćenje gubitka težine Dnevnik serije Planer dimljenja Monitor sušionice HACCP kontrolna lista Inventar i sirovina Kalkulator soli Gener"
2506,"LAMPAAN ILMAKUIVATTU KYLKI (ZRAČNO-SUŠENA JANJEĆJA PRSA)",https://drycured.com/recepti-baza/lampaan-ilmakuivattu-kylki-zracno-susena-janjecja-prsa/,3604,3604,0,200,305198,NO,1833,NO,NO,NO,RISK_VISIBLE_TOO_SHORT_OR_HIDDEN,"Skip to content drycured.com RECEPTI BLOG KNJIGA FORUM Kalkulator Drycured podcast ALATI Menu Toggle Dijagnostika problema Praćenje gubitka težine Dnevnik serije Planer dimljenja Monitor sušionice HACCP kontrolna lista Inventar i sirovina Kalkulator soli Gener"
2508,"SAVUPORONLIHA (DIMLJENO SOBOVO MESO)",https://drycured.com/recepti-baza/savuporonliha-dimljeno-sobovo-meso/,3508,3508,0,200,304676,NO,1833,NO,NO,NO,RISK_VISIBLE_TOO_SHORT_OR_HIDDEN,"Skip to content drycured.com RECEPTI BLOG KNJIGA FORUM Kalkulator Drycured podcast ALATI Menu Toggle Dijagnostika problema Praćenje gubitka težine Dnevnik serije Planer dimljenja Monitor sušionice HACCP kontrolna lista Inventar i sirovina Kalkulator soli Gener"
2510,"ILMAKUIVATTU PORONPAISTI (ZRAČNO-SUŠENI SOBOV BUT)",https://drycured.com/recepti-baza/ilmakuivattu-poronpaisti-zracno-suseni-sobov-but/,3540,3540,0,200,305038,NO,1833,NO,NO,NO,RISK_VISIBLE_TOO_SHORT_OR_HIDDEN,"Skip to content drycured.com RECEPTI BLOG KNJIGA FORUM Kalkulator Drycured podcast ALATI Menu Toggle Dijagnostika problema Praćenje gubitka težine Dnevnik serije Planer dimljenja Monitor sušionice HACCP kontrolna lista Inventar i sirovina Kalkulator soli Gener"
2511,"GRAAVILOHI (GRAVLAX - FINSKI MARINIRANI LOSOS)",https://drycured.com/recepti-baza/graavilohi-gravlax-finski-marinirani-losos/,3601,3601,0,200,304811,NO,1833,NO,NO,NO,RISK_VISIBLE_TOO_SHORT_OR_HIDDEN,"Skip to content drycured.com RECEPTI BLOG KNJIGA FORUM Kalkulator Drycured podcast ALATI Menu Toggle Dijagnostika problema Praćenje gubitka težine Dnevnik serije Planer dimljenja Monitor sušionice HACCP kontrolna lista Inventar i sirovina Kalkulator soli Gener"
2513,"LONZO CORSE",https://drycured.com/recepti-baza/lonzo-corse/,4156,4156,0,200,304209,NO,1833,NO,NO,NO,RISK_VISIBLE_TOO_SHORT_OR_HIDDEN,"Skip to content drycured.com RECEPTI BLOG KNJIGA FORUM Kalkulator Drycured podcast ALATI Menu Toggle Dijagnostika problema Praćenje gubitka težine Dnevnik serije Planer dimljenja Monitor sušionice HACCP kontrolna lista Inventar i sirovina Kalkulator soli Gener"
2525,"Dulse and Yellowman Bacon (Slanina s morskom travom)",https://drycured.com/recepti-baza/dulse-and-yellowman-bacon-slanina-s-morskom-travom/,3578,3578,0,200,304884,NO,1833,NO,NO,NO,RISK_VISIBLE_TOO_SHORT_OR_HIDDEN,"Skip to content drycured.com RECEPTI BLOG KNJIGA FORUM Kalkulator Drycured podcast ALATI Menu Toggle Dijagnostika problema Praćenje gubitka težine Dnevnik serije Planer dimljenja Monitor sušionice HACCP kontrolna lista Inventar i sirovina Kalkulator soli Gener"
2526,"Caillín Báin (Bieli spek - Irska verzija slanine sa začinima)",https://drycured.com/recepti-baza/caillin-bain-bieli-spek-irska-verzija-slanine-sa-zacinima/,3800,3800,0,200,305090,NO,1833,NO,NO,NO,RISK_VISIBLE_TOO_SHORT_OR_HIDDEN,"Skip to content drycured.com RECEPTI BLOG KNJIGA FORUM Kalkulator Drycured podcast ALATI Menu Toggle Dijagnostika problema Praćenje gubitka težine Dnevnik serije Planer dimljenja Monitor sušionice HACCP kontrolna lista Inventar i sirovina Kalkulator soli Gener"
2527,"Marrowbone Roll (Rolana kobasica s koštanom srži)",https://drycured.com/recepti-baza/marrowbone-roll-rolana-kobasica-s-kostanom-srzi/,4217,4217,0,200,305041,NO,1833,NO,NO,NO,RISK_VISIBLE_TOO_SHORT_OR_HIDDEN,"Skip to content drycured.com RECEPTI BLOG KNJIGA FORUM Kalkulator Drycured podcast ALATI Menu Toggle Dijagnostika problema Praćenje gubitka težine Dnevnik serije Planer dimljenja Monitor sušionice HACCP kontrolna lista Inventar i sirovina Kalkulator soli Gener"
2529,"Irski soljena govedina (Corned Beef)",https://drycured.com/recepti-baza/irski-soljena-govedina-corned-beef/,3501,3501,0,200,304520,NO,1833,NO,NO,NO,RISK_VISIBLE_TOO_SHORT_OR_HIDDEN,"Skip to content drycured.com RECEPTI BLOG KNJIGA FORUM Kalkulator Drycured podcast ALATI Menu Toggle Dijagnostika problema Praćenje gubitka težine Dnevnik serije Planer dimljenja Monitor sušionice HACCP kontrolna lista Inventar i sirovina Kalkulator soli Gener"
2530,"Irska šunka u pivu (Beer-Cured Ham)",https://drycured.com/recepti-baza/irska-sunka-u-pivu-beer-cured-ham/,3557,3557,0,200,304507,NO,1833,NO,NO,NO,RISK_VISIBLE_TOO_SHORT_OR_HIDDEN,"Skip to content drycured.com RECEPTI BLOG KNJIGA FORUM Kalkulator Drycured podcast ALATI Menu Toggle Dijagnostika problema Praćenje gubitka težine Dnevnik serije Planer dimljenja Monitor sušionice HACCP kontrolna lista Inventar i sirovina Kalkulator soli Gener"
2533,"Bjúgu (Islandska dimljena kobasica)",https://drycured.com/recepti-baza/bjugu-islandska-dimljena-kobasica/,4144,4144,0,200,304830,NO,1833,NO,NO,NO,RISK_VISIBLE_TOO_SHORT_OR_HIDDEN,"Skip to content drycured.com RECEPTI BLOG KNJIGA FORUM Kalkulator Drycured podcast ALATI Menu Toggle Dijagnostika problema Praćenje gubitka težine Dnevnik serije Planer dimljenja Monitor sušionice HACCP kontrolna lista Inventar i sirovina Kalkulator soli Gener"
2540,"Hrútspungar (Prešana janjeća muda)",https://drycured.com/recepti-baza/hrutspungar-presana-janjeca-muda/,3601,3601,0,200,304769,NO,1833,NO,NO,NO,RISK_VISIBLE_TOO_SHORT_OR_HIDDEN,"Skip to content drycured.com RECEPTI BLOG KNJIGA FORUM Kalkulator Drycured podcast ALATI Menu Toggle Dijagnostika problema Praćenje gubitka težine Dnevnik serije Planer dimljenja Monitor sušionice HACCP kontrolna lista Inventar i sirovina Kalkulator soli Gener"
2543,"Lundabaggar (Dimljena prskalina od janjetine)",https://drycured.com/recepti-baza/lundabaggar-dimljena-prskalina-od-janjetine/,3653,3653,0,200,304835,NO,1833,NO,NO,NO,RISK_VISIBLE_TOO_SHORT_OR_HIDDEN,"Skip to content drycured.com RECEPTI BLOG KNJIGA FORUM Kalkulator Drycured podcast ALATI Menu Toggle Dijagnostika problema Praćenje gubitka težine Dnevnik serije Planer dimljenja Monitor sušionice HACCP kontrolna lista Inventar i sirovina Kalkulator soli Gener"
2544,"Moldavska Cârnaţi de Oaie (Kobasica od Ovčetine)",https://drycured.com/recepti-baza/moldavska-carnati-de-oaie-kobasica-od-ovcetine/,4463,4463,0,200,305072,NO,1833,NO,NO,NO,RISK_VISIBLE_TOO_SHORT_OR_HIDDEN,"Skip to content drycured.com RECEPTI BLOG KNJIGA FORUM Kalkulator Drycured podcast ALATI Menu Toggle Dijagnostika problema Praćenje gubitka težine Dnevnik serije Planer dimljenja Monitor sušionice HACCP kontrolna lista Inventar i sirovina Kalkulator soli Gener"
2545,"Estonska Suitsusink (Dimljena Šunka)",https://drycured.com/recepti-baza/estonska-suitsusink-dimljena-sunka/,3631,3631,0,200,304630,NO,1833,NO,NO,NO,RISK_VISIBLE_TOO_SHORT_OR_HIDDEN,"Skip to content drycured.com RECEPTI BLOG KNJIGA FORUM Kalkulator Drycured podcast ALATI Menu Toggle Dijagnostika problema Praćenje gubitka težine Dnevnik serije Planer dimljenja Monitor sušionice HACCP kontrolna lista Inventar i sirovina Kalkulator soli Gener"
2546,"Sudžuk (Sudžuk Kosovar)",https://drycured.com/recepti-baza/sudzuk-sudzuk-kosovar/,4067,4067,0,200,304490,NO,1833,NO,NO,NO,RISK_VISIBLE_TOO_SHORT_OR_HIDDEN,"Skip to content drycured.com RECEPTI BLOG KNJIGA FORUM Kalkulator Drycured podcast ALATI Menu Toggle Dijagnostika problema Praćenje gubitka težine Dnevnik serije Planer dimljenja Monitor sušionice HACCP kontrolna lista Inventar i sirovina Kalkulator soli Gener"
2549,"Suxhuk me Spec (Sudžuk s paprikom)",https://drycured.com/recepti-baza/suxhuk-me-spec-sudzuk-s-paprikom/,4076,4076,0,200,304552,NO,1833,NO,NO,NO,RISK_VISIBLE_TOO_SHORT_OR_HIDDEN,"Skip to content drycured.com RECEPTI BLOG KNJIGA FORUM Kalkulator Drycured podcast ALATI Menu Toggle Dijagnostika problema Praćenje gubitka težine Dnevnik serije Planer dimljenja Monitor sušionice HACCP kontrolna lista Inventar i sirovina Kalkulator soli Gener"
2552,"Otočac Začinski Vrat s Planine (Mountainski naresak)",https://drycured.com/recepti-baza/otocac-zacinski-vrat-s-planine-mountainski-naresak/,3541,3541,0,200,352598,YES,9960,YES,NO,YES,OK_REAL_DCV5,"Skip to content drycured.com RECEPTI BLOG KNJIGA FORUM Kalkulator Drycured podcast ALATI Menu Toggle Dijagnostika problema Praćenje gubitka težine Dnevnik serije Planer dimljenja Monitor sušionice HACCP kontrolna lista Inventar i sirovina Kalkulator soli Gener"
2553,"Skilandis (litavska dimljena kobasica)",https://drycured.com/recepti-baza/skilandis-litavska-dimljena-kobasica/,4381,4381,0,200,304815,NO,1833,NO,NO,NO,RISK_VISIBLE_TOO_SHORT_OR_HIDDEN,"Skip to content drycured.com RECEPTI BLOG KNJIGA FORUM Kalkulator Drycured podcast ALATI Menu Toggle Dijagnostika problema Praćenje gubitka težine Dnevnik serije Planer dimljenja Monitor sušionice HACCP kontrolna lista Inventar i sirovina Kalkulator soli Gener"
2554,"Kindziukas (litavska dimljena šunka)",https://drycured.com/recepti-baza/kindziukas-litavska-dimljena-sunka/,3691,3691,0,200,304606,NO,1833,NO,NO,NO,RISK_VISIBLE_TOO_SHORT_OR_HIDDEN,"Skip to content drycured.com RECEPTI BLOG KNJIGA FORUM Kalkulator Drycured podcast ALATI Menu Toggle Dijagnostika problema Praćenje gubitka težine Dnevnik serije Planer dimljenja Monitor sušionice HACCP kontrolna lista Inventar i sirovina Kalkulator soli Gener"
2555,"Lašiniai (litavska slanina)",https://drycured.com/recepti-baza/lasiniai-litavska-slanina/,3470,3470,0,200,304419,NO,1833,NO,NO,NO,RISK_VISIBLE_TOO_SHORT_OR_HIDDEN,"Skip to content drycured.com RECEPTI BLOG KNJIGA FORUM Kalkulator Drycured podcast ALATI Menu Toggle Dijagnostika problema Praćenje gubitka težine Dnevnik serije Planer dimljenja Monitor sušionice HACCP kontrolna lista Inventar i sirovina Kalkulator soli Gener"
2556,"Vytinta dešra (litavska suha kobasica)",https://drycured.com/recepti-baza/vytinta-desra-litavska-suha-kobasica/,4361,4361,0,200,304761,NO,1833,NO,NO,NO,RISK_VISIBLE_TOO_SHORT_OR_HIDDEN,"Skip to content drycured.com RECEPTI BLOG KNJIGA FORUM Kalkulator Drycured podcast ALATI Menu Toggle Dijagnostika problema Praćenje gubitka težine Dnevnik serije Planer dimljenja Monitor sušionice HACCP kontrolna lista Inventar i sirovina Kalkulator soli Gener"
2557,"Rūkyti lašišos (dimljen losos na litavski način)",https://drycured.com/recepti-baza/rukyti-lasisos-dimljen-losos-na-litavski-nacin/,3683,3683,0,200,304928,NO,1833,YES,NO,NO,OK_VISIBLE_MARKDOWN_OR_FALLBACK,"Skip to content drycured.com RECEPTI BLOG KNJIGA FORUM Kalkulator Drycured podcast ALATI Menu Toggle Dijagnostika problema Praćenje gubitka težine Dnevnik serije Planer dimljenja Monitor sušionice HACCP kontrolna lista Inventar i sirovina Kalkulator soli Gener"
2558,"Pounje Planinski Vrtlog",https://drycured.com/recepti-baza/pounje-planinski-vrtlog/,3529,3529,0,200,304391,NO,1833,NO,NO,NO,RISK_VISIBLE_TOO_SHORT_OR_HIDDEN,"Skip to content drycured.com RECEPTI BLOG KNJIGA FORUM Kalkulator Drycured podcast ALATI Menu Toggle Dijagnostika problema Praćenje gubitka težine Dnevnik serije Planer dimljenja Monitor sušionice HACCP kontrolna lista Inventar i sirovina Kalkulator soli Gener"
2560,"Drežnički Šušanj",https://drycured.com/recepti-baza/dreznicki-susanj/,3481,3481,0,200,304467,NO,1833,NO,NO,NO,RISK_VISIBLE_TOO_SHORT_OR_HIDDEN,"Skip to content drycured.com RECEPTI BLOG KNJIGA FORUM Kalkulator Drycured podcast ALATI Menu Toggle Dijagnostika problema Praćenje gubitka težine Dnevnik serije Planer dimljenja Monitor sušionice HACCP kontrolna lista Inventar i sirovina Kalkulator soli Gener"
2561,"Gospićki Vjetar",https://drycured.com/recepti-baza/gospicki-vjetar/,3451,3451,0,200,304367,NO,1833,NO,NO,NO,RISK_VISIBLE_TOO_SHORT_OR_HIDDEN,"Skip to content drycured.com RECEPTI BLOG KNJIGA FORUM Kalkulator Drycured podcast ALATI Menu Toggle Dijagnostika problema Praćenje gubitka težine Dnevnik serije Planer dimljenja Monitor sušionice HACCP kontrolna lista Inventar i sirovina Kalkulator soli Gener"
2563,"Maltežanska kobasica (Zalzett Malti)",https://drycured.com/recepti-baza/maltezanska-kobasica-zalzett-malti/,4000,4000,0,200,304784,NO,1833,NO,NO,NO,RISK_VISIBLE_TOO_SHORT_OR_HIDDEN,"Skip to content drycured.com RECEPTI BLOG KNJIGA FORUM Kalkulator Drycured podcast ALATI Menu Toggle Dijagnostika problema Praćenje gubitka težine Dnevnik serije Planer dimljenja Monitor sušionice HACCP kontrolna lista Inventar i sirovina Kalkulator soli Gener"
2564,"Maltežanski pršut (Prosciutto Malti)",https://drycured.com/recepti-baza/maltezanski-prsut-prosciutto-malti/,3502,3502,0,200,304640,NO,1833,NO,NO,NO,RISK_VISIBLE_TOO_SHORT_OR_HIDDEN,"Skip to content drycured.com RECEPTI BLOG KNJIGA FORUM Kalkulator Drycured podcast ALATI Menu Toggle Dijagnostika problema Praćenje gubitka težine Dnevnik serije Planer dimljenja Monitor sušionice HACCP kontrolna lista Inventar i sirovina Kalkulator soli Gener"
2565,"Maltežanska suha govedina (Carne Secca Maltija)",https://drycured.com/recepti-baza/maltezanska-suha-govedina-carne-secca-maltija/,3469,3469,0,200,304807,NO,1833,NO,NO,NO,RISK_VISIBLE_TOO_SHORT_OR_HIDDEN,"Skip to content drycured.com RECEPTI BLOG KNJIGA FORUM Kalkulator Drycured podcast ALATI Menu Toggle Dijagnostika problema Praćenje gubitka težine Dnevnik serije Planer dimljenja Monitor sušionice HACCP kontrolna lista Inventar i sirovina Kalkulator soli Gener"
2571,"Zaprešićki Vrganjevi Narezak",https://drycured.com/recepti-baza/zapresicki-vrganjevi-narezak/,3530,3530,0,200,304684,NO,1833,NO,NO,NO,RISK_VISIBLE_TOO_SHORT_OR_HIDDEN,"Skip to content drycured.com RECEPTI BLOG KNJIGA FORUM Kalkulator Drycured podcast ALATI Menu Toggle Dijagnostika problema Praćenje gubitka težine Dnevnik serije Planer dimljenja Monitor sušionice HACCP kontrolna lista Inventar i sirovina Kalkulator soli Gener"
2572,"Medžimurski Divljač Narezak",https://drycured.com/recepti-baza/medzimurski-divljac-narezak/,3513,3513,0,200,304652,NO,1833,NO,NO,NO,RISK_VISIBLE_TOO_SHORT_OR_HIDDEN,"Skip to content drycured.com RECEPTI BLOG KNJIGA FORUM Kalkulator Drycured podcast ALATI Menu Toggle Dijagnostika problema Praćenje gubitka težine Dnevnik serije Planer dimljenja Monitor sušionice HACCP kontrolna lista Inventar i sirovina Kalkulator soli Gener"
2573,"Gornjomurečki Začinski Narezak",https://drycured.com/recepti-baza/gornjomurecki-zacinski-narezak/,3492,3492,0,200,304697,NO,1833,NO,NO,NO,RISK_VISIBLE_TOO_SHORT_OR_HIDDEN,"Skip to content drycured.com RECEPTI BLOG KNJIGA FORUM Kalkulator Drycured podcast ALATI Menu Toggle Dijagnostika problema Praćenje gubitka težine Dnevnik serije Planer dimljenja Monitor sušionice HACCP kontrolna lista Inventar i sirovina Kalkulator soli Gener"
2574,"ȘUNCĂ AFUMATĂ (DIMLJENA ŠUNKA)",https://drycured.com/recepti-baza/sunca-afumata-dimljena-sunka/,3396,3396,0,200,304614,NO,1833,NO,NO,NO,RISK_VISIBLE_TOO_SHORT_OR_HIDDEN,"Skip to content drycured.com RECEPTI BLOG KNJIGA FORUM Kalkulator Drycured podcast ALATI Menu Toggle Dijagnostika problema Praćenje gubitka težine Dnevnik serije Planer dimljenja Monitor sušionice HACCP kontrolna lista Inventar i sirovina Kalkulator soli Gener"
2575,"PASTRAMĂ DE OAIE (OVČJA PASTRAMA)",https://drycured.com/recepti-baza/pastrama-de-oaie-ovcja-pastrama/,3659,3659,0,200,304579,NO,1833,NO,NO,NO,RISK_VISIBLE_TOO_SHORT_OR_HIDDEN,"Skip to content drycured.com RECEPTI BLOG KNJIGA FORUM Kalkulator Drycured podcast ALATI Menu Toggle Dijagnostika problema Praćenje gubitka težine Dnevnik serije Planer dimljenja Monitor sušionice HACCP kontrolna lista Inventar i sirovina Kalkulator soli Gener"
2576,"CÂRNAȚ AFUMAT (DIMLJENE KOBASICE)",https://drycured.com/recepti-baza/carnat-afumat-dimljene-kobasice/,4263,4263,0,200,304769,NO,1833,NO,NO,NO,RISK_VISIBLE_TOO_SHORT_OR_HIDDEN,"Skip to content drycured.com RECEPTI BLOG KNJIGA FORUM Kalkulator Drycured podcast ALATI Menu Toggle Dijagnostika problema Praćenje gubitka težine Dnevnik serije Planer dimljenja Monitor sušionice HACCP kontrolna lista Inventar i sirovina Kalkulator soli Gener"
2577,"Droge Worst (Suha kobasica)",https://drycured.com/recepti-baza/droge-worst-suha-kobasica/,4064,4064,0,200,304534,NO,1833,NO,NO,NO,RISK_VISIBLE_TOO_SHORT_OR_HIDDEN,"Skip to content drycured.com RECEPTI BLOG KNJIGA FORUM Kalkulator Drycured podcast ALATI Menu Toggle Dijagnostika problema Praćenje gubitka težine Dnevnik serije Planer dimljenja Monitor sušionice HACCP kontrolna lista Inventar i sirovina Kalkulator soli Gener"
2579,"Spekdikken (Slanina s medom)",https://drycured.com/recepti-baza/spekdikken-slanina-s-medom/,3442,3442,0,200,304424,NO,1833,NO,NO,NO,RISK_VISIBLE_TOO_SHORT_OR_HIDDEN,"Skip to content drycured.com RECEPTI BLOG KNJIGA FORUM Kalkulator Drycured podcast ALATI Menu Toggle Dijagnostika problema Praćenje gubitka težine Dnevnik serije Planer dimljenja Monitor sušionice HACCP kontrolna lista Inventar i sirovina Kalkulator soli Gener"
2587,"VOSSAKORV (TRADICIONALNA DIMLJENA KOBASICA IZ VOSSA)",https://drycured.com/recepti-baza/vossakorv-tradicionalna-dimljena-kobasica-iz-vossa/,4413,4413,0,200,305163,NO,1833,NO,NO,NO,RISK_VISIBLE_TOO_SHORT_OR_HIDDEN,"Skip to content drycured.com RECEPTI BLOG KNJIGA FORUM Kalkulator Drycured podcast ALATI Menu Toggle Dijagnostika problema Praćenje gubitka težine Dnevnik serije Planer dimljenja Monitor sušionice HACCP kontrolna lista Inventar i sirovina Kalkulator soli Gener"
2589,"SPEKELÅR (SUŠENA I DIMLJENA JELEN/SRNETINA)",https://drycured.com/recepti-baza/spekelar-susena-i-dimljena-jelen-srnetina/,3819,3819,0,200,304854,NO,1833,NO,NO,NO,RISK_VISIBLE_TOO_SHORT_OR_HIDDEN,"Skip to content drycured.com RECEPTI BLOG KNJIGA FORUM Kalkulator Drycured podcast ALATI Menu Toggle Dijagnostika problema Praćenje gubitka težine Dnevnik serije Planer dimljenja Monitor sušionice HACCP kontrolna lista Inventar i sirovina Kalkulator soli Gener"
2594,"GRAVET LAKS (GRAVLAKS - MARINIRANI LOSOS)",https://drycured.com/recepti-baza/gravet-laks-gravlaks-marinirani-losos/,3686,3686,0,200,304697,NO,1833,NO,NO,NO,RISK_VISIBLE_TOO_SHORT_OR_HIDDEN,"Skip to content drycured.com RECEPTI BLOG KNJIGA FORUM Kalkulator Drycured podcast ALATI Menu Toggle Dijagnostika problema Praćenje gubitka težine Dnevnik serije Planer dimljenja Monitor sušionice HACCP kontrolna lista Inventar i sirovina Kalkulator soli Gener"
2597,"FENALÅR (SUŠENI BUT JANJETA)",https://drycured.com/recepti-baza/fenalar-suseni-but-janjeta/,3642,3642,0,200,304573,NO,1833,NO,NO,NO,RISK_VISIBLE_TOO_SHORT_OR_HIDDEN,"Skip to content drycured.com RECEPTI BLOG KNJIGA FORUM Kalkulator Drycured podcast ALATI Menu Toggle Dijagnostika problema Praćenje gubitka težine Dnevnik serije Planer dimljenja Monitor sušionice HACCP kontrolna lista Inventar i sirovina Kalkulator soli Gener"
2598,"SPEKESKINKE (NORŠKA PRŠUTA)",https://drycured.com/recepti-baza/spekeskinke-norska-prsuta/,3571,3571,0,200,304477,NO,1833,NO,NO,NO,RISK_VISIBLE_TOO_SHORT_OR_HIDDEN,"Skip to content drycured.com RECEPTI BLOG KNJIGA FORUM Kalkulator Drycured podcast ALATI Menu Toggle Dijagnostika problema Praćenje gubitka težine Dnevnik serije Planer dimljenja Monitor sušionice HACCP kontrolna lista Inventar i sirovina Kalkulator soli Gener"
2600,"MORR (NORVEŠKA KOBASICA)",https://drycured.com/recepti-baza/morr-norveska-kobasica/,4136,4136,0,200,304629,NO,1833,NO,NO,NO,RISK_VISIBLE_TOO_SHORT_OR_HIDDEN,"Skip to content drycured.com RECEPTI BLOG KNJIGA FORUM Kalkulator Drycured podcast ALATI Menu Toggle Dijagnostika problema Praćenje gubitka težine Dnevnik serije Planer dimljenja Monitor sušionice HACCP kontrolna lista Inventar i sirovina Kalkulator soli Gener"
2603,"Vinkovački Aromatični Začinski Špek",https://drycured.com/recepti-baza/vinkovacki-aromaticni-zacinski-spek/,3492,3492,0,200,304731,NO,1833,NO,NO,NO,RISK_VISIBLE_TOO_SHORT_OR_HIDDEN,"Skip to content drycured.com RECEPTI BLOG KNJIGA FORUM Kalkulator Drycured podcast ALATI Menu Toggle Dijagnostika problema Praćenje gubitka težine Dnevnik serije Planer dimljenja Monitor sušionice HACCP kontrolna lista Inventar i sirovina Kalkulator soli Gener"
2604,"Osiječki Ljuti Začinski Vrat s Divljim Travkama",https://drycured.com/recepti-baza/osijecki-ljuti-zacinski-vrat-s-divljim-travkama/,3645,3645,0,200,351707,YES,9827,YES,NO,YES,OK_REAL_DCV5,"Skip to content drycured.com RECEPTI BLOG KNJIGA FORUM Kalkulator Drycured podcast ALATI Menu Toggle Dijagnostika problema Praćenje gubitka težine Dnevnik serije Planer dimljenja Monitor sušionice HACCP kontrolna lista Inventar i sirovina Kalkulator soli Gener"
2606,"Požeški Aromatični Sušeni Vrat s Divljim Travkama",https://drycured.com/recepti-baza/pozeski-aromaticni-suseni-vrat-s-divljim-travkama/,3642,3642,0,200,351805,YES,9818,YES,NO,YES,OK_REAL_DCV5,"Skip to content drycured.com RECEPTI BLOG KNJIGA FORUM Kalkulator Drycured podcast ALATI Menu Toggle Dijagnostika problema Praćenje gubitka težine Dnevnik serije Planer dimljenja Monitor sušionice HACCP kontrolna lista Inventar i sirovina Kalkulator soli Gener"
2608,"Kuru Et (Suho meso sa smrekom)",https://drycured.com/recepti-baza/kuru-et-suho-meso-sa-smrekom/,3459,3459,0,200,304378,NO,1833,NO,NO,NO,RISK_VISIBLE_TOO_SHORT_OR_HIDDEN,"Skip to content drycured.com RECEPTI BLOG KNJIGA FORUM Kalkulator Drycured podcast ALATI Menu Toggle Dijagnostika problema Praćenje gubitka težine Dnevnik serije Planer dimljenja Monitor sušionice HACCP kontrolna lista Inventar i sirovina Kalkulator soli Gener"
2610,"Tulum Peyniri Dolgulu Et (Meso punjeno sirom)",https://drycured.com/recepti-baza/tulum-peyniri-dolgulu-et-meso-punjeno-sirom/,3614,3614,0,200,304711,NO,1833,NO,NO,NO,RISK_VISIBLE_TOO_SHORT_OR_HIDDEN,"Skip to content drycured.com RECEPTI BLOG KNJIGA FORUM Kalkulator Drycured podcast ALATI Menu Toggle Dijagnostika problema Praćenje gubitka težine Dnevnik serije Planer dimljenja Monitor sušionice HACCP kontrolna lista Inventar i sirovina Kalkulator soli Gener"
2614,"Virovski Čvarci",https://drycured.com/recepti-baza/virovski-cvarci/,3320,3320,0,200,304338,NO,1833,NO,NO,NO,RISK_VISIBLE_TOO_SHORT_OR_HIDDEN,"Skip to content drycured.com RECEPTI BLOG KNJIGA FORUM Kalkulator Drycured podcast ALATI Menu Toggle Dijagnostika problema Praćenje gubitka težine Dnevnik serije Planer dimljenja Monitor sušionice HACCP kontrolna lista Inventar i sirovina Kalkulator soli Gener"
2616,"BALERON (POLJSKA DIMLJENA VRATINA)",https://drycured.com/recepti-baza/baleron-poljska-dimljena-vratina/,3655,3655,0,200,304659,NO,1833,NO,NO,NO,RISK_VISIBLE_TOO_SHORT_OR_HIDDEN,"Skip to content drycured.com RECEPTI BLOG KNJIGA FORUM Kalkulator Drycured podcast ALATI Menu Toggle Dijagnostika problema Praćenje gubitka težine Dnevnik serije Planer dimljenja Monitor sušionice HACCP kontrolna lista Inventar i sirovina Kalkulator soli Gener"
2620,"SZYNKA WĘDZONA (DIMLJENA ŠUNKA)",https://drycured.com/recepti-baza/szynka-wedzona-dimljena-sunka/,3470,3470,0,200,304573,NO,1833,NO,NO,NO,RISK_VISIBLE_TOO_SHORT_OR_HIDDEN,"Skip to content drycured.com RECEPTI BLOG KNJIGA FORUM Kalkulator Drycured podcast ALATI Menu Toggle Dijagnostika problema Praćenje gubitka težine Dnevnik serije Planer dimljenja Monitor sušionice HACCP kontrolna lista Inventar i sirovina Kalkulator soli Gener"
2621,"BOCZEK WĘDZONY (DIMLJENA SLANINA)",https://drycured.com/recepti-baza/boczek-wedzony-dimljena-slanina/,3467,3467,0,200,304593,NO,1833,NO,NO,NO,RISK_VISIBLE_TOO_SHORT_OR_HIDDEN,"Skip to content drycured.com RECEPTI BLOG KNJIGA FORUM Kalkulator Drycured podcast ALATI Menu Toggle Dijagnostika problema Praćenje gubitka težine Dnevnik serije Planer dimljenja Monitor sušionice HACCP kontrolna lista Inventar i sirovina Kalkulator soli Gener"
2622,"Chouriço Tradicional Português (Tradicionalna portugalska kobasica)",https://drycured.com/recepti-baza/chourico-tradicional-portugues-tradicionalna-portugalska-kobasica/,4224,4224,0,200,305555,NO,1833,NO,NO,NO,RISK_VISIBLE_TOO_SHORT_OR_HIDDEN,"Skip to content drycured.com RECEPTI BLOG KNJIGA FORUM Kalkulator Drycured podcast ALATI Menu Toggle Dijagnostika problema Praćenje gubitka težine Dnevnik serije Planer dimljenja Monitor sušionice HACCP kontrolna lista Inventar i sirovina Kalkulator soli Gener"
2623,"Presunto Português (Portugalska pršuta)",https://drycured.com/recepti-baza/presunto-portugues-portugalska-prsuta/,3526,3526,0,200,304745,NO,1833,NO,NO,NO,RISK_VISIBLE_TOO_SHORT_OR_HIDDEN,"Skip to content drycured.com RECEPTI BLOG KNJIGA FORUM Kalkulator Drycured podcast ALATI Menu Toggle Dijagnostika problema Praćenje gubitka težine Dnevnik serije Planer dimljenja Monitor sušionice HACCP kontrolna lista Inventar i sirovina Kalkulator soli Gener"
2624,"Paio Alentejano (Alentejanska kobasica)",https://drycured.com/recepti-baza/paio-alentejano-alentejanska-kobasica/,4379,4379,0,200,304855,NO,1833,NO,NO,NO,RISK_VISIBLE_TOO_SHORT_OR_HIDDEN,"Skip to content drycured.com RECEPTI BLOG KNJIGA FORUM Kalkulator Drycured podcast ALATI Menu Toggle Dijagnostika problema Praćenje gubitka težine Dnevnik serije Planer dimljenja Monitor sušionice HACCP kontrolna lista Inventar i sirovina Kalkulator soli Gener"
2625,"Farinheira Alentejana (Kobasica s brašnom iz Alenteja)",https://drycured.com/recepti-baza/farinheira-alentejana-kobasica-s-brasnom-iz-alenteja/,4497,4497,0,200,305190,NO,1833,NO,NO,NO,RISK_VISIBLE_TOO_SHORT_OR_HIDDEN,"Skip to content drycured.com RECEPTI BLOG KNJIGA FORUM Kalkulator Drycured podcast ALATI Menu Toggle Dijagnostika problema Praćenje gubitka težine Dnevnik serije Planer dimljenja Monitor sušionice HACCP kontrolna lista Inventar i sirovina Kalkulator soli Gener"
2627,"Chouriço de Vinho (Kobasica s Vinom)",https://drycured.com/recepti-baza/chourico-de-vinho-kobasica-s-vinom/,4221,4221,0,200,304684,NO,1833,NO,NO,NO,RISK_VISIBLE_TOO_SHORT_OR_HIDDEN,"Skip to content drycured.com RECEPTI BLOG KNJIGA FORUM Kalkulator Drycured podcast ALATI Menu Toggle Dijagnostika problema Praćenje gubitka težine Dnevnik serije Planer dimljenja Monitor sušionice HACCP kontrolna lista Inventar i sirovina Kalkulator soli Gener"
2628,"Paio do Alentejo (Alentejo Dimljena Kobasica)",https://drycured.com/recepti-baza/paio-do-alentejo-alentejo-dimljena-kobasica/,4195,4195,0,200,304893,NO,1833,NO,NO,NO,RISK_VISIBLE_TOO_SHORT_OR_HIDDEN,"Skip to content drycured.com RECEPTI BLOG KNJIGA FORUM Kalkulator Drycured podcast ALATI Menu Toggle Dijagnostika problema Praćenje gubitka težine Dnevnik serije Planer dimljenja Monitor sušionice HACCP kontrolna lista Inventar i sirovina Kalkulator soli Gener"
2629,"Alheira de Mirandela (Kobasica iz Mirandele)",https://drycured.com/recepti-baza/alheira-de-mirandela-kobasica-iz-mirandele/,4299,4299,0,200,304886,NO,1833,NO,NO,NO,RISK_VISIBLE_TOO_SHORT_OR_HIDDEN,"Skip to content drycured.com RECEPTI BLOG KNJIGA FORUM Kalkulator Drycured podcast ALATI Menu Toggle Dijagnostika problema Praćenje gubitka težine Dnevnik serije Planer dimljenja Monitor sušionice HACCP kontrolna lista Inventar i sirovina Kalkulator soli Gener"
2631,"Rovinjska Kobasica",https://drycured.com/recepti-baza/rovinjska-kobasica/,3869,3869,0,200,304406,NO,1833,NO,NO,NO,RISK_VISIBLE_TOO_SHORT_OR_HIDDEN,"Skip to content drycured.com RECEPTI BLOG KNJIGA FORUM Kalkulator Drycured podcast ALATI Menu Toggle Dijagnostika problema Praćenje gubitka težine Dnevnik serije Planer dimljenja Monitor sušionice HACCP kontrolna lista Inventar i sirovina Kalkulator soli Gener"
2632,"Krčki Sir-Kobasica",https://drycured.com/recepti-baza/krcki-sir-kobasica/,3928,3928,0,200,304573,NO,1833,NO,NO,NO,RISK_VISIBLE_TOO_SHORT_OR_HIDDEN,"Skip to content drycured.com RECEPTI BLOG KNJIGA FORUM Kalkulator Drycured podcast ALATI Menu Toggle Dijagnostika problema Praćenje gubitka težine Dnevnik serije Planer dimljenja Monitor sušionice HACCP kontrolna lista Inventar i sirovina Kalkulator soli Gener"
2633,"Senjska Šunka",https://drycured.com/recepti-baza/senjska-sunka/,3242,3242,0,200,304115,NO,1833,NO,NO,NO,RISK_VISIBLE_TOO_SHORT_OR_HIDDEN,"Skip to content drycured.com RECEPTI BLOG KNJIGA FORUM Kalkulator Drycured podcast ALATI Menu Toggle Dijagnostika problema Praćenje gubitka težine Dnevnik serije Planer dimljenja Monitor sušionice HACCP kontrolna lista Inventar i sirovina Kalkulator soli Gener"
2637,"Tradicionalni Thüringer Schinken (Tirinška šunka)",https://drycured.com/recepti-baza/tradicionalni-thuringer-schinken-tirinska-sunka/,3450,3450,0,200,305049,NO,1833,NO,NO,NO,RISK_VISIBLE_TOO_SHORT_OR_HIDDEN,"Skip to content drycured.com RECEPTI BLOG KNJIGA FORUM Kalkulator Drycured podcast ALATI Menu Toggle Dijagnostika problema Praćenje gubitka težine Dnevnik serije Planer dimljenja Monitor sušionice HACCP kontrolna lista Inventar i sirovina Kalkulator soli Gener"
2638,"Bavarski Bierschinken (Šunka od piva)",https://drycured.com/recepti-baza/bavarski-bierschinken-sunka-od-piva/,3510,3510,0,200,304657,NO,1833,NO,NO,NO,RISK_VISIBLE_TOO_SHORT_OR_HIDDEN,"Skip to content drycured.com RECEPTI BLOG KNJIGA FORUM Kalkulator Drycured podcast ALATI Menu Toggle Dijagnostika problema Praćenje gubitka težine Dnevnik serije Planer dimljenja Monitor sušionice HACCP kontrolna lista Inventar i sirovina Kalkulator soli Gener"
2645,"Viganjska kobasica od divlje svinje s tavom",https://drycured.com/recepti-baza/viganjska-kobasica-od-divlje-svinje-s-tavom/,3953,3953,0,200,304885,NO,1833,NO,NO,NO,RISK_VISIBLE_TOO_SHORT_OR_HIDDEN,"Skip to content drycured.com RECEPTI BLOG KNJIGA FORUM Kalkulator Drycured podcast ALATI Menu Toggle Dijagnostika problema Praćenje gubitka težine Dnevnik serije Planer dimljenja Monitor sušionice HACCP kontrolna lista Inventar i sirovina Kalkulator soli Gener"
2664,"BABIC (Tradicionalna babić kobasica)",https://drycured.com/recepti-baza/babic-tradicionalna-babic-kobasica/,4432,4432,0,200,304873,NO,1833,NO,NO,NO,RISK_VISIBLE_TOO_SHORT_OR_HIDDEN,"Skip to content drycured.com RECEPTI BLOG KNJIGA FORUM Kalkulator Drycured podcast ALATI Menu Toggle Dijagnostika problema Praćenje gubitka težine Dnevnik serije Planer dimljenja Monitor sušionice HACCP kontrolna lista Inventar i sirovina Kalkulator soli Gener"
2665,"MUȘCHI ȚIGĂNESC (Ciganski vrat)",https://drycured.com/recepti-baza/muschi-tiganesc-ciganski-vrat/,3869,3869,0,200,304680,NO,1833,NO,NO,NO,RISK_VISIBLE_TOO_SHORT_OR_HIDDEN,"Skip to content drycured.com RECEPTI BLOG KNJIGA FORUM Kalkulator Drycured podcast ALATI Menu Toggle Dijagnostika problema Praćenje gubitka težine Dnevnik serije Planer dimljenja Monitor sušionice HACCP kontrolna lista Inventar i sirovina Kalkulator soli Gener"
2666,"CÂRNAȚI DE BURDUF (Sirnate kobasice)",https://drycured.com/recepti-baza/carnati-de-burduf-sirnate-kobasice/,4285,4285,0,200,304847,NO,1833,NO,NO,NO,RISK_VISIBLE_TOO_SHORT_OR_HIDDEN,"Skip to content drycured.com RECEPTI BLOG KNJIGA FORUM Kalkulator Drycured podcast ALATI Menu Toggle Dijagnostika problema Praćenje gubitka težine Dnevnik serije Planer dimljenja Monitor sušionice HACCP kontrolna lista Inventar i sirovina Kalkulator soli Gener"
2667,"ȘUNCĂ DE MANGALIȚA AFUMATĂ (Dimljena mangulica šunka)",https://drycured.com/recepti-baza/sunca-de-mangalita-afumata-dimljena-mangulica-sunka/,3829,3829,0,200,305121,NO,1833,NO,NO,NO,RISK_VISIBLE_TOO_SHORT_OR_HIDDEN,"Skip to content drycured.com RECEPTI BLOG KNJIGA FORUM Kalkulator Drycured podcast ALATI Menu Toggle Dijagnostika problema Praćenje gubitka težine Dnevnik serije Planer dimljenja Monitor sušionice HACCP kontrolna lista Inventar i sirovina Kalkulator soli Gener"
2668,"CÂRNAŢI DE PLEŞCOI (Pleščojske kobasice)",https://drycured.com/recepti-baza/carnati-de-plescoi-plescojske-kobasice/,4270,4270,0,200,305005,NO,1833,NO,NO,NO,RISK_VISIBLE_TOO_SHORT_OR_HIDDEN,"Skip to content drycured.com RECEPTI BLOG KNJIGA FORUM Kalkulator Drycured podcast ALATI Menu Toggle Dijagnostika problema Praćenje gubitka težine Dnevnik serije Planer dimljenja Monitor sušionice HACCP kontrolna lista Inventar i sirovina Kalkulator soli Gener"
2670,"GHIUDEM (Suha kobasica od ovčetine)",https://drycured.com/recepti-baza/ghiudem-suha-kobasica-od-ovcetine/,4177,4177,0,200,304692,NO,1833,NO,NO,NO,RISK_VISIBLE_TOO_SHORT_OR_HIDDEN,"Skip to content drycured.com RECEPTI BLOG KNJIGA FORUM Kalkulator Drycured podcast ALATI Menu Toggle Dijagnostika problema Praćenje gubitka težine Dnevnik serije Planer dimljenja Monitor sušionice HACCP kontrolna lista Inventar i sirovina Kalkulator soli Gener"
2682,"HIGHLAND VENISON HAM (DIMLJENA ŠUNKA OD JELENA)",https://drycured.com/recepti-baza/highland-venison-ham-dimljena-sunka-od-jelena/,3736,3736,0,200,304775,NO,1833,NO,NO,NO,RISK_VISIBLE_TOO_SHORT_OR_HIDDEN,"Skip to content drycured.com RECEPTI BLOG KNJIGA FORUM Kalkulator Drycured podcast ALATI Menu Toggle Dijagnostika problema Praćenje gubitka težine Dnevnik serije Planer dimljenja Monitor sušionice HACCP kontrolna lista Inventar i sirovina Kalkulator soli Gener"
2683,"EDINBURGH POTTED HOG (KONZERVIRANO SVINJSKO MESO)",https://drycured.com/recepti-baza/edinburgh-potted-hog-konzervirano-svinjsko-meso/,3964,3964,0,200,304907,NO,1833,NO,NO,NO,RISK_VISIBLE_TOO_SHORT_OR_HIDDEN,"Skip to content drycured.com RECEPTI BLOG KNJIGA FORUM Kalkulator Drycured podcast ALATI Menu Toggle Dijagnostika problema Praćenje gubitka težine Dnevnik serije Planer dimljenja Monitor sušionice HACCP kontrolna lista Inventar i sirovina Kalkulator soli Gener"
2684,"ŠKOTSKI HAGGIS",https://drycured.com/recepti-baza/skotski-haggis/,3665,3665,0,200,304327,NO,1833,NO,NO,NO,RISK_VISIBLE_TOO_SHORT_OR_HIDDEN,"Skip to content drycured.com RECEPTI BLOG KNJIGA FORUM Kalkulator Drycured podcast ALATI Menu Toggle Dijagnostika problema Praćenje gubitka težine Dnevnik serije Planer dimljenja Monitor sušionice HACCP kontrolna lista Inventar i sirovina Kalkulator soli Gener"
2687,"AYRSHIRE PRESAVICA (AYRSHIRE MIDDLE CUT)",https://drycured.com/recepti-baza/ayrshire-presavica-ayrshire-middle-cut/,3761,3761,0,200,304700,NO,1833,NO,NO,NO,RISK_VISIBLE_TOO_SHORT_OR_HIDDEN,"Skip to content drycured.com RECEPTI BLOG KNJIGA FORUM Kalkulator Drycured podcast ALATI Menu Toggle Dijagnostika problema Praćenje gubitka težine Dnevnik serije Planer dimljenja Monitor sušionice HACCP kontrolna lista Inventar i sirovina Kalkulator soli Gener"
2688,"HIGHLANDS JERKY (SUŠENA DIVLJAČ)",https://drycured.com/recepti-baza/highlands-jerky-susena-divljac/,3760,3760,0,200,304625,NO,1833,NO,NO,NO,RISK_VISIBLE_TOO_SHORT_OR_HIDDEN,"Skip to content drycured.com RECEPTI BLOG KNJIGA FORUM Kalkulator Drycured podcast ALATI Menu Toggle Dijagnostika problema Praćenje gubitka težine Dnevnik serije Planer dimljenja Monitor sušionice HACCP kontrolna lista Inventar i sirovina Kalkulator soli Gener"
2689,"KopačkiRib Začinska Štruca",https://drycured.com/recepti-baza/kopackirib-zacinska-struca/,3544,3544,0,200,304659,NO,1833,NO,NO,NO,RISK_VISIBLE_TOO_SHORT_OR_HIDDEN,"Skip to content drycured.com RECEPTI BLOG KNJIGA FORUM Kalkulator Drycured podcast ALATI Menu Toggle Dijagnostika problema Praćenje gubitka težine Dnevnik serije Planer dimljenja Monitor sušionice HACCP kontrolna lista Inventar i sirovina Kalkulator soli Gener"
2691,"Valpovačka Zimska Devenica",https://drycured.com/recepti-baza/valpovacka-zimska-devenica/,3487,3487,0,200,304555,NO,1833,NO,NO,NO,RISK_VISIBLE_TOO_SHORT_OR_HIDDEN,"Skip to content drycured.com RECEPTI BLOG KNJIGA FORUM Kalkulator Drycured podcast ALATI Menu Toggle Dijagnostika problema Praćenje gubitka težine Dnevnik serije Planer dimljenja Monitor sušionice HACCP kontrolna lista Inventar i sirovina Kalkulator soli Gener"
2692,"Požeška Začinska Štruca",https://drycured.com/recepti-baza/pozeska-zacinska-struca/,3486,3486,0,200,304576,NO,1833,NO,NO,NO,RISK_VISIBLE_TOO_SHORT_OR_HIDDEN,"Skip to content drycured.com RECEPTI BLOG KNJIGA FORUM Kalkulator Drycured podcast ALATI Menu Toggle Dijagnostika problema Praćenje gubitka težine Dnevnik serije Planer dimljenja Monitor sušionice HACCP kontrolna lista Inventar i sirovina Kalkulator soli Gener"
2693,"Osječki Začinski Špek",https://drycured.com/recepti-baza/osjecki-zacinski-spek/,3442,3442,0,200,304375,NO,1833,NO,NO,NO,RISK_VISIBLE_TOO_SHORT_OR_HIDDEN,"Skip to content drycured.com RECEPTI BLOG KNJIGA FORUM Kalkulator Drycured podcast ALATI Menu Toggle Dijagnostika problema Praćenje gubitka težine Dnevnik serije Planer dimljenja Monitor sušionice HACCP kontrolna lista Inventar i sirovina Kalkulator soli Gener"
2694,"Požeški Pikantni Vrat",https://drycured.com/recepti-baza/pozeski-pikantni-vrat/,3573,3573,0,200,351052,YES,9750,YES,NO,YES,OK_REAL_DCV5,"Skip to content drycured.com RECEPTI BLOG KNJIGA FORUM Kalkulator Drycured podcast ALATI Menu Toggle Dijagnostika problema Praćenje gubitka težine Dnevnik serije Planer dimljenja Monitor sušionice HACCP kontrolna lista Inventar i sirovina Kalkulator soli Gener"
2695,"Slavonsko-Brodski Ljuti Čvarci",https://drycured.com/recepti-baza/slavonsko-brodski-ljuti-cvarci/,3568,3568,0,200,304663,NO,1833,NO,NO,NO,RISK_VISIBLE_TOO_SHORT_OR_HIDDEN,"Skip to content drycured.com RECEPTI BLOG KNJIGA FORUM Kalkulator Drycured podcast ALATI Menu Toggle Dijagnostika problema Praćenje gubitka težine Dnevnik serije Planer dimljenja Monitor sušionice HACCP kontrolna lista Inventar i sirovina Kalkulator soli Gener"
2696,"Nasički Fermentirani Vrat",https://drycured.com/recepti-baza/nasicki-fermentirani-vrat/,3552,3552,0,200,350649,YES,9653,YES,NO,YES,OK_REAL_DCV5,"Skip to content drycured.com RECEPTI BLOG KNJIGA FORUM Kalkulator Drycured podcast ALATI Menu Toggle Dijagnostika problema Praćenje gubitka težine Dnevnik serije Planer dimljenja Monitor sušionice HACCP kontrolna lista Inventar i sirovina Kalkulator soli Gener"
2697,"Baranjska Ljuta Slavonska Kobasica",https://drycured.com/recepti-baza/baranjska-ljuta-slavonska-kobasica/,3937,3937,0,200,304746,NO,1833,NO,NO,NO,RISK_VISIBLE_TOO_SHORT_OR_HIDDEN,"Skip to content drycured.com RECEPTI BLOG KNJIGA FORUM Kalkulator Drycured podcast ALATI Menu Toggle Dijagnostika problema Praćenje gubitka težine Dnevnik serije Planer dimljenja Monitor sušionice HACCP kontrolna lista Inventar i sirovina Kalkulator soli Gener"
2698,"Slavonska Domaća Suhomesnata Salama",https://drycured.com/recepti-baza/slavonska-domaca-suhomesnata-salama/,3972,3972,0,200,304799,NO,1833,NO,NO,NO,RISK_VISIBLE_TOO_SHORT_OR_HIDDEN,"Skip to content drycured.com RECEPTI BLOG KNJIGA FORUM Kalkulator Drycured podcast ALATI Menu Toggle Dijagnostika problema Praćenje gubitka težine Dnevnik serije Planer dimljenja Monitor sušionice HACCP kontrolna lista Inventar i sirovina Kalkulator soli Gener"
2699,"Baranjska Fermenetirana Kobasica",https://drycured.com/recepti-baza/baranjska-fermenetirana-kobasica/,3849,3849,0,200,304703,NO,1833,NO,NO,NO,RISK_VISIBLE_TOO_SHORT_OR_HIDDEN,"Skip to content drycured.com RECEPTI BLOG KNJIGA FORUM Kalkulator Drycured podcast ALATI Menu Toggle Dijagnostika problema Praćenje gubitka težine Dnevnik serije Planer dimljenja Monitor sušionice HACCP kontrolna lista Inventar i sirovina Kalkulator soli Gener"
2701,"Vukovarska Tradicionalna Kobasica",https://drycured.com/recepti-baza/vukovarska-tradicionalna-kobasica/,3823,3823,0,200,304730,NO,1833,NO,NO,NO,RISK_VISIBLE_TOO_SHORT_OR_HIDDEN,"Skip to content drycured.com RECEPTI BLOG KNJIGA FORUM Kalkulator Drycured podcast ALATI Menu Toggle Dijagnostika problema Praćenje gubitka težine Dnevnik serije Planer dimljenja Monitor sušionice HACCP kontrolna lista Inventar i sirovina Kalkulator soli Gener"
2702,"Baranjski Začinski Špek s Pustara Začinima",https://drycured.com/recepti-baza/baranjski-zacinski-spek-s-pustara-zacinima/,3409,3409,0,200,304790,NO,1833,NO,NO,NO,RISK_VISIBLE_TOO_SHORT_OR_HIDDEN,"Skip to content drycured.com RECEPTI BLOG KNJIGA FORUM Kalkulator Drycured podcast ALATI Menu Toggle Dijagnostika problema Praćenje gubitka težine Dnevnik serije Planer dimljenja Monitor sušionice HACCP kontrolna lista Inventar i sirovina Kalkulator soli Gener"
2703,"Erdutski Fermentirani Vrat s Podunavskim Začinima",https://drycured.com/recepti-baza/erdutski-fermentirani-vrat-s-podunavskim-zacinima/,3705,3705,0,200,352337,YES,9938,YES,NO,YES,OK_REAL_DCV5,"Skip to content drycured.com RECEPTI BLOG KNJIGA FORUM Kalkulator Drycured podcast ALATI Menu Toggle Dijagnostika problema Praćenje gubitka težine Dnevnik serije Planer dimljenja Monitor sušionice HACCP kontrolna lista Inventar i sirovina Kalkulator soli Gener"
2704,"Osječko-Baranjski Ljuti Špek s Divljim Travama",https://drycured.com/recepti-baza/osjecko-baranjski-ljuti-spek-s-divljim-travama/,3343,3343,0,200,304864,NO,1833,NO,NO,NO,RISK_VISIBLE_TOO_SHORT_OR_HIDDEN,"Skip to content drycured.com RECEPTI BLOG KNJIGA FORUM Kalkulator Drycured podcast ALATI Menu Toggle Dijagnostika problema Praćenje gubitka težine Dnevnik serije Planer dimljenja Monitor sušionice HACCP kontrolna lista Inventar i sirovina Kalkulator soli Gener"
2705,"Vukovarski Fermentirani Vrat s Podunavskim Začinima",https://drycured.com/recepti-baza/vukovarski-fermentirani-vrat-s-podunavskim-zacinima/,3678,3678,0,200,352397,YES,9944,YES,NO,YES,OK_REAL_DCV5,"Skip to content drycured.com RECEPTI BLOG KNJIGA FORUM Kalkulator Drycured podcast ALATI Menu Toggle Dijagnostika problema Praćenje gubitka težine Dnevnik serije Planer dimljenja Monitor sušionice HACCP kontrolna lista Inventar i sirovina Kalkulator soli Gener"
2707,"Klobása (slovačka kobasica)",https://drycured.com/recepti-baza/klobasa-slovacka-kobasica/,4343,4343,0,200,304626,NO,1833,NO,NO,NO,RISK_VISIBLE_TOO_SHORT_OR_HIDDEN,"Skip to content drycured.com RECEPTI BLOG KNJIGA FORUM Kalkulator Drycured podcast ALATI Menu Toggle Dijagnostika problema Praćenje gubitka težine Dnevnik serije Planer dimljenja Monitor sušionice HACCP kontrolna lista Inventar i sirovina Kalkulator soli Gener"
2708,"Údené mäso (dimljeno meso)",https://drycured.com/recepti-baza/udene-maso-dimljeno-meso/,3834,3834,0,200,304545,NO,1833,NO,NO,NO,RISK_VISIBLE_TOO_SHORT_OR_HIDDEN,"Skip to content drycured.com RECEPTI BLOG KNJIGA FORUM Kalkulator Drycured podcast ALATI Menu Toggle Dijagnostika problema Praćenje gubitka težine Dnevnik serije Planer dimljenja Monitor sušionice HACCP kontrolna lista Inventar i sirovina Kalkulator soli Gener"
2712,"Koroška tunka",https://drycured.com/recepti-baza/koroska-tunka/,4221,4221,0,200,304268,NO,1833,NO,NO,NO,RISK_VISIBLE_TOO_SHORT_OR_HIDDEN,"Skip to content drycured.com RECEPTI BLOG KNJIGA FORUM Kalkulator Drycured podcast ALATI Menu Toggle Dijagnostika problema Praćenje gubitka težine Dnevnik serije Planer dimljenja Monitor sušionice HACCP kontrolna lista Inventar i sirovina Kalkulator soli Gener"
2713,"Zasavska klobasa (Zasavska kobasica)",https://drycured.com/recepti-baza/zasavska-klobasa-zasavska-kobasica/,4243,4243,0,200,304793,NO,1833,NO,NO,NO,RISK_VISIBLE_TOO_SHORT_OR_HIDDEN,"Skip to content drycured.com RECEPTI BLOG KNJIGA FORUM Kalkulator Drycured podcast ALATI Menu Toggle Dijagnostika problema Praćenje gubitka težine Dnevnik serije Planer dimljenja Monitor sušionice HACCP kontrolna lista Inventar i sirovina Kalkulator soli Gener"
2714,"Prleška tünka",https://drycured.com/recepti-baza/prleska-tunka/,3894,3894,0,200,304318,NO,1833,NO,NO,NO,RISK_VISIBLE_TOO_SHORT_OR_HIDDEN,"Skip to content drycured.com RECEPTI BLOG KNJIGA FORUM Kalkulator Drycured podcast ALATI Menu Toggle Dijagnostika problema Praćenje gubitka težine Dnevnik serije Planer dimljenja Monitor sušionice HACCP kontrolna lista Inventar i sirovina Kalkulator soli Gener"
2715,"Idrijsko kosilo",https://drycured.com/recepti-baza/idrijsko-kosilo/,3795,3795,0,200,304304,NO,1833,NO,NO,NO,RISK_VISIBLE_TOO_SHORT_OR_HIDDEN,"Skip to content drycured.com RECEPTI BLOG KNJIGA FORUM Kalkulator Drycured podcast ALATI Menu Toggle Dijagnostika problema Praćenje gubitka težine Dnevnik serije Planer dimljenja Monitor sušionice HACCP kontrolna lista Inventar i sirovina Kalkulator soli Gener"
2717,"Savinjski želodec (Savinjski želudac)",https://drycured.com/recepti-baza/savinjski-zelodec-savinjski-zeludac/,3567,3567,0,200,304691,NO,1833,NO,NO,NO,RISK_VISIBLE_TOO_SHORT_OR_HIDDEN,"Skip to content drycured.com RECEPTI BLOG KNJIGA FORUM Kalkulator Drycured podcast ALATI Menu Toggle Dijagnostika problema Praćenje gubitka težine Dnevnik serije Planer dimljenja Monitor sušionice HACCP kontrolna lista Inventar i sirovina Kalkulator soli Gener"
2718,"Prekmurska šunka",https://drycured.com/recepti-baza/prekmurska-sunka/,3311,3311,0,200,304268,NO,1833,NO,NO,NO,RISK_VISIBLE_TOO_SHORT_OR_HIDDEN,"Skip to content drycured.com RECEPTI BLOG KNJIGA FORUM Kalkulator Drycured podcast ALATI Menu Toggle Dijagnostika problema Praćenje gubitka težine Dnevnik serije Planer dimljenja Monitor sušionice HACCP kontrolna lista Inventar i sirovina Kalkulator soli Gener"
2722,"Crnogorska Pršuta (Njeguška pršuta)",https://drycured.com/recepti-baza/crnogorska-prsuta-njeguska-prsuta/,3330,3330,0,200,304627,NO,1833,NO,NO,NO,RISK_VISIBLE_TOO_SHORT_OR_HIDDEN,"Skip to content drycured.com RECEPTI BLOG KNJIGA FORUM Kalkulator Drycured podcast ALATI Menu Toggle Dijagnostika problema Praćenje gubitka težine Dnevnik serije Planer dimljenja Monitor sušionice HACCP kontrolna lista Inventar i sirovina Kalkulator soli Gener"
2723,"Crnogorska Kastradina",https://drycured.com/recepti-baza/crnogorska-kastradina/,3459,3459,0,200,304495,NO,1833,NO,NO,NO,RISK_VISIBLE_TOO_SHORT_OR_HIDDEN,"Skip to content drycured.com RECEPTI BLOG KNJIGA FORUM Kalkulator Drycured podcast ALATI Menu Toggle Dijagnostika problema Praćenje gubitka težine Dnevnik serije Planer dimljenja Monitor sušionice HACCP kontrolna lista Inventar i sirovina Kalkulator soli Gener"
2724,"PRINSKORV (ŠVEDSKE TANKE DIMLJENE KOBASICE)",https://drycured.com/recepti-baza/prinskorv-svedske-tanke-dimljene-kobasice/,4124,4124,0,200,304977,NO,1833,NO,NO,NO,RISK_VISIBLE_TOO_SHORT_OR_HIDDEN,"Skip to content drycured.com RECEPTI BLOG KNJIGA FORUM Kalkulator Drycured podcast ALATI Menu Toggle Dijagnostika problema Praćenje gubitka težine Dnevnik serije Planer dimljenja Monitor sušionice HACCP kontrolna lista Inventar i sirovina Kalkulator soli Gener"
2725,"FLÄSKLÄGG (DIMLJENA SVINJSKA KOLJENICA)",https://drycured.com/recepti-baza/flasklagg-dimljena-svinjska-koljenica/,3704,3704,0,200,304862,NO,1833,NO,NO,NO,RISK_VISIBLE_TOO_SHORT_OR_HIDDEN,"Skip to content drycured.com RECEPTI BLOG KNJIGA FORUM Kalkulator Drycured podcast ALATI Menu Toggle Dijagnostika problema Praćenje gubitka težine Dnevnik serije Planer dimljenja Monitor sušionice HACCP kontrolna lista Inventar i sirovina Kalkulator soli Gener"
2726,"ÖLÄNDSK GETKORV (ÖLANDSKA KOZJA KOBASICA)",https://drycured.com/recepti-baza/olandsk-getkorv-olandska-kozja-kobasica/,4059,4059,0,200,304918,NO,1833,NO,NO,NO,RISK_VISIBLE_TOO_SHORT_OR_HIDDEN,"Skip to content drycured.com RECEPTI BLOG KNJIGA FORUM Kalkulator Drycured podcast ALATI Menu Toggle Dijagnostika problema Praćenje gubitka težine Dnevnik serije Planer dimljenja Monitor sušionice HACCP kontrolna lista Inventar i sirovina Kalkulator soli Gener"
2727,"KRONOBERGSKORV (KRONOBERGŠKA KOBASICA)",https://drycured.com/recepti-baza/kronobergskorv-kronobergska-kobasica/,4158,4158,0,200,304873,NO,1833,NO,NO,NO,RISK_VISIBLE_TOO_SHORT_OR_HIDDEN,"Skip to content drycured.com RECEPTI BLOG KNJIGA FORUM Kalkulator Drycured podcast ALATI Menu Toggle Dijagnostika problema Praćenje gubitka težine Dnevnik serije Planer dimljenja Monitor sušionice HACCP kontrolna lista Inventar i sirovina Kalkulator soli Gener"
2728,"VÄRMLANDSKORV (VÄRMLANDSKA DIMLJENA KOBASICA)",https://drycured.com/recepti-baza/varmlandskorv-varmlandska-dimljena-kobasica/,4166,4166,0,200,305040,NO,1833,NO,NO,NO,RISK_VISIBLE_TOO_SHORT_OR_HIDDEN,"Skip to content drycured.com RECEPTI BLOG KNJIGA FORUM Kalkulator Drycured podcast ALATI Menu Toggle Dijagnostika problema Praćenje gubitka težine Dnevnik serije Planer dimljenja Monitor sušionice HACCP kontrolna lista Inventar i sirovina Kalkulator soli Gener"
2729,"FALUKORV (TRADICIONALNA ŠVEDSKA KOBASICA)",https://drycured.com/recepti-baza/falukorv-tradicionalna-svedska-kobasica/,3977,3977,0,200,304906,NO,1833,NO,NO,NO,RISK_VISIBLE_TOO_SHORT_OR_HIDDEN,"Skip to content drycured.com RECEPTI BLOG KNJIGA FORUM Kalkulator Drycured podcast ALATI Menu Toggle Dijagnostika problema Praćenje gubitka težine Dnevnik serije Planer dimljenja Monitor sušionice HACCP kontrolna lista Inventar i sirovina Kalkulator soli Gener"
2730,"GRAVAD LAX (ŠVEDSKI GRAVLJENI LOSOS)",https://drycured.com/recepti-baza/gravad-lax-svedski-gravljeni-losos/,3579,3579,0,200,304647,NO,1833,NO,NO,NO,RISK_VISIBLE_TOO_SHORT_OR_HIDDEN,"Skip to content drycured.com RECEPTI BLOG KNJIGA FORUM Kalkulator Drycured podcast ALATI Menu Toggle Dijagnostika problema Praćenje gubitka težine Dnevnik serije Planer dimljenja Monitor sušionice HACCP kontrolna lista Inventar i sirovina Kalkulator soli Gener"
2732,"ISTERBAND (ŠVEDSKA FERMENTIRANA KOBASICA)",https://drycured.com/recepti-baza/isterband-svedska-fermentirana-kobasica/,4166,4166,0,200,304906,NO,1833,NO,NO,NO,RISK_VISIBLE_TOO_SHORT_OR_HIDDEN,"Skip to content drycured.com RECEPTI BLOG KNJIGA FORUM Kalkulator Drycured podcast ALATI Menu Toggle Dijagnostika problema Praćenje gubitka težine Dnevnik serije Planer dimljenja Monitor sušionice HACCP kontrolna lista Inventar i sirovina Kalkulator soli Gener"
2733,"SPICKESKINKA (ŠVEDSKA SUHA ŠUNKA)",https://drycured.com/recepti-baza/spickeskinka-svedska-suha-sunka/,3418,3418,0,200,304599,NO,1833,NO,NO,NO,RISK_VISIBLE_TOO_SHORT_OR_HIDDEN,"Skip to content drycured.com RECEPTI BLOG KNJIGA FORUM Kalkulator Drycured podcast ALATI Menu Toggle Dijagnostika problema Praćenje gubitka težine Dnevnik serije Planer dimljenja Monitor sušionice HACCP kontrolna lista Inventar i sirovina Kalkulator soli Gener"
2736,"GLARNER KALBERWURST (TELEĆA KOBASICA IZ GLARUSA)",https://drycured.com/recepti-baza/glarner-kalberwurst-teleca-kobasica-iz-glarusa/,4359,4359,0,200,305008,NO,1833,NO,NO,NO,RISK_VISIBLE_TOO_SHORT_OR_HIDDEN,"Skip to content drycured.com RECEPTI BLOG KNJIGA FORUM Kalkulator Drycured podcast ALATI Menu Toggle Dijagnostika problema Praćenje gubitka težine Dnevnik serije Planer dimljenja Monitor sušionice HACCP kontrolna lista Inventar i sirovina Kalkulator soli Gener"
2737,"CHURER SALSIZ (DIVLJAČKA KOBASICA IZ CHURA)",https://drycured.com/recepti-baza/churer-salsiz-divljacka-kobasica-iz-chura/,4550,4550,0,200,304933,NO,1833,NO,NO,NO,RISK_VISIBLE_TOO_SHORT_OR_HIDDEN,"Skip to content drycured.com RECEPTI BLOG KNJIGA FORUM Kalkulator Drycured podcast ALATI Menu Toggle Dijagnostika problema Praćenje gubitka težine Dnevnik serije Planer dimljenja Monitor sušionice HACCP kontrolna lista Inventar i sirovina Kalkulator soli Gener"
2741,"AARGAUER RÜEBLIWURST (MESNATA KOBASICA S MRKVOM)",https://drycured.com/recepti-baza/aargauer-ruebliwurst-mesnata-kobasica-s-mrkvom/,4277,4277,0,200,305076,NO,1833,NO,NO,NO,RISK_VISIBLE_TOO_SHORT_OR_HIDDEN,"Skip to content drycured.com RECEPTI BLOG KNJIGA FORUM Kalkulator Drycured podcast ALATI Menu Toggle Dijagnostika problema Praćenje gubitka težine Dnevnik serije Planer dimljenja Monitor sušionice HACCP kontrolna lista Inventar i sirovina Kalkulator soli Gener"
2744,"WALLISER TROCKENFLEISCH (SUŠENA GOVEDINA IZ VALAISA)",https://drycured.com/recepti-baza/walliser-trockenfleisch-susena-govedina-iz-valaisa/,3449,3449,0,200,304974,NO,1833,NO,NO,NO,RISK_VISIBLE_TOO_SHORT_OR_HIDDEN,"Skip to content drycured.com RECEPTI BLOG KNJIGA FORUM Kalkulator Drycured podcast ALATI Menu Toggle Dijagnostika problema Praćenje gubitka težine Dnevnik serije Planer dimljenja Monitor sušionice HACCP kontrolna lista Inventar i sirovina Kalkulator soli Gener"
2745,"SALSIZ (ALPSKA SUHA KOBASICA)",https://drycured.com/recepti-baza/salsiz-alpska-suha-kobasica/,4379,4379,0,200,304609,NO,1833,NO,NO,NO,RISK_VISIBLE_TOO_SHORT_OR_HIDDEN,"Skip to content drycured.com RECEPTI BLOG KNJIGA FORUM Kalkulator Drycured podcast ALATI Menu Toggle Dijagnostika problema Praćenje gubitka težine Dnevnik serije Planer dimljenja Monitor sušionice HACCP kontrolna lista Inventar i sirovina Kalkulator soli Gener"
2746,"CULATELLO DI ZIBELLO",https://drycured.com/recepti-baza/culatello-di-zibello/,3706,3706,0,200,304335,NO,1833,NO,NO,NO,RISK_VISIBLE_TOO_SHORT_OR_HIDDEN,"Skip to content drycured.com RECEPTI BLOG KNJIGA FORUM Kalkulator Drycured podcast ALATI Menu Toggle Dijagnostika problema Praćenje gubitka težine Dnevnik serije Planer dimljenja Monitor sušionice HACCP kontrolna lista Inventar i sirovina Kalkulator soli Gener"
2747,"LONZINO (LOMBO)",https://drycured.com/recepti-baza/lonzino-lombo/,3582,3582,0,200,304291,NO,1833,NO,NO,NO,RISK_VISIBLE_TOO_SHORT_OR_HIDDEN,"Skip to content drycured.com RECEPTI BLOG KNJIGA FORUM Kalkulator Drycured podcast ALATI Menu Toggle Dijagnostika problema Praćenje gubitka težine Dnevnik serije Planer dimljenja Monitor sušionice HACCP kontrolna lista Inventar i sirovina Kalkulator soli Gener"
2774,"Jambon Persillé (Šunka u želeu s peršinom)",https://drycured.com/recepti-baza/jambon-persille-sunka-u-zeleu-s-persinom/,3638,3638,0,200,304734,NO,1833,NO,NO,NO,RISK_VISIBLE_TOO_SHORT_OR_HIDDEN,"Skip to content drycured.com RECEPTI BLOG KNJIGA FORUM Kalkulator Drycured podcast ALATI Menu Toggle Dijagnostika problema Praćenje gubitka težine Dnevnik serije Planer dimljenja Monitor sušionice HACCP kontrolna lista Inventar i sirovina Kalkulator soli Gener"
2778,"Čvarci s Papuka - Planinski recept",https://drycured.com/recepti-baza/cvarci-s-papuka-planinski-recept/,3621,3621,0,200,304547,NO,1833,YES,NO,NO,OK_VISIBLE_MARKDOWN_OR_FALLBACK,"Skip to content drycured.com RECEPTI BLOG KNJIGA FORUM Kalkulator Drycured podcast ALATI Menu Toggle Dijagnostika problema Praćenje gubitka težine Dnevnik serije Planer dimljenja Monitor sušionice HACCP kontrolna lista Inventar i sirovina Kalkulator soli Gener"
2779,"Slavonski cviček (suhomesnati narez)",https://drycured.com/recepti-baza/slavonski-cvicek-suhomesnati-narez/,3420,3420,0,200,304747,NO,1833,NO,NO,NO,RISK_VISIBLE_TOO_SHORT_OR_HIDDEN,"Skip to content drycured.com RECEPTI BLOG KNJIGA FORUM Kalkulator Drycured podcast ALATI Menu Toggle Dijagnostika problema Praćenje gubitka težine Dnevnik serije Planer dimljenja Monitor sušionice HACCP kontrolna lista Inventar i sirovina Kalkulator soli Gener"
2780,"Slavonski pikantni vrat",https://drycured.com/recepti-baza/slavonski-pikantni-vrat/,3556,3556,0,200,350569,YES,9650,YES,NO,YES,OK_REAL_DCV5,"Skip to content drycured.com RECEPTI BLOG KNJIGA FORUM Kalkulator Drycured podcast ALATI Menu Toggle Dijagnostika problema Praćenje gubitka težine Dnevnik serije Planer dimljenja Monitor sušionice HACCP kontrolna lista Inventar i sirovina Kalkulator soli Gener"
2781,"Esencijalni slavonski sušeni vrat s divljim začinima",https://drycured.com/recepti-baza/esencijalni-slavonski-suseni-vrat-s-divljim-zacinima/,3440,3440,0,200,351245,YES,9654,YES,NO,YES,OK_REAL_DCV5,"Skip to content drycured.com RECEPTI BLOG KNJIGA FORUM Kalkulator Drycured podcast ALATI Menu Toggle Dijagnostika problema Praćenje gubitka težine Dnevnik serije Planer dimljenja Monitor sušionice HACCP kontrolna lista Inventar i sirovina Kalkulator soli Gener"
2972,"Slavonski kulen (PDO EU)",https://drycured.com/recepti-baza/hr-sl-001-slavonski-kulen-pdo-eu/,6032,6032,6315,200,371196,YES,12478,YES,YES,YES,OK_REAL_DCV5,"Skip to content drycured.com RECEPTI BLOG KNJIGA FORUM Kalkulator Drycured podcast ALATI Menu Toggle Dijagnostika problema Praćenje gubitka težine Dnevnik serije Planer dimljenja Monitor sušionice HACCP kontrolna lista Inventar i sirovina Kalkulator soli Gener"
2973,"Kulenova seka",https://drycured.com/recepti-baza/hr-sl-002-kulenova-seka/,5471,5471,5764,200,356194,YES,9178,YES,NO,YES,OK_REAL_DCV5,"Skip to content drycured.com RECEPTI BLOG KNJIGA FORUM Kalkulator Drycured podcast ALATI Menu Toggle Dijagnostika problema Praćenje gubitka težine Dnevnik serije Planer dimljenja Monitor sušionice HACCP kontrolna lista Inventar i sirovina Kalkulator soli Gener"
2974,"Baranjski kulen (ZOZP EU)",https://drycured.com/recepti-baza/hr-sl-003-baranjski-kulen-zozp-eu/,5743,5743,6024,200,358533,YES,9659,YES,NO,YES,OK_REAL_DCV5,"Skip to content drycured.com RECEPTI BLOG KNJIGA FORUM Kalkulator Drycured podcast ALATI Menu Toggle Dijagnostika problema Praćenje gubitka težine Dnevnik serije Planer dimljenja Monitor sušionice HACCP kontrolna lista Inventar i sirovina Kalkulator soli Gener"
2975,"Đakovački kulen",https://drycured.com/recepti-baza/hr-sl-004-dakovacki-kulen/,5598,5598,5887,200,357822,YES,9551,YES,NO,YES,OK_REAL_DCV5,"Skip to content drycured.com RECEPTI BLOG KNJIGA FORUM Kalkulator Drycured podcast ALATI Menu Toggle Dijagnostika problema Praćenje gubitka težine Dnevnik serije Planer dimljenja Monitor sušionice HACCP kontrolna lista Inventar i sirovina Kalkulator soli Gener"
2976,"Slavonska domaća kobasica",https://drycured.com/recepti-baza/hr-sl-005-slavonska-domaca-kobasica/,5856,5856,6136,200,358070,YES,9621,YES,NO,YES,OK_REAL_DCV5,"Skip to content drycured.com RECEPTI BLOG KNJIGA FORUM Kalkulator Drycured podcast ALATI Menu Toggle Dijagnostika problema Praćenje gubitka težine Dnevnik serije Planer dimljenja Monitor sušionice HACCP kontrolna lista Inventar i sirovina Kalkulator soli Gener"
2977,"Srijemska kobasica (OGP)",https://drycured.com/recepti-baza/hr-sl-006-srijemska-kobasica-ogp/,5798,5798,6080,200,358387,YES,9641,YES,NO,YES,OK_REAL_DCV5,"Skip to content drycured.com RECEPTI BLOG KNJIGA FORUM Kalkulator Drycured podcast ALATI Menu Toggle Dijagnostika problema Praćenje gubitka težine Dnevnik serije Planer dimljenja Monitor sušionice HACCP kontrolna lista Inventar i sirovina Kalkulator soli Gener"
2979,"Baranjska kobasica",https://drycured.com/recepti-baza/hr-sl-008-baranjska-kobasica/,5720,5720,6008,200,358197,YES,9648,YES,NO,YES,OK_REAL_DCV5,"Skip to content drycured.com RECEPTI BLOG KNJIGA FORUM Kalkulator Drycured podcast ALATI Menu Toggle Dijagnostika problema Praćenje gubitka težine Dnevnik serije Planer dimljenja Monitor sušionice HACCP kontrolna lista Inventar i sirovina Kalkulator soli Gener"
2981,"Slavonska kobasica (ZOI EU 2023)",https://drycured.com/recepti-baza/hr-sl-010-slavonska-kobasica-zoi-eu-2023/,5771,5771,6045,200,358176,YES,9603,YES,NO,YES,OK_REAL_DCV5,"Skip to content drycured.com RECEPTI BLOG KNJIGA FORUM Kalkulator Drycured podcast ALATI Menu Toggle Dijagnostika problema Praćenje gubitka težine Dnevnik serije Planer dimljenja Monitor sušionice HACCP kontrolna lista Inventar i sirovina Kalkulator soli Gener"
2996,"Brodska kobasica (Slavonski Brod)",https://drycured.com/recepti-baza/hr-sl-030-brodska-kobasica-slavonski-brod/,5677,5677,5950,200,358278,YES,9632,YES,NO,YES,OK_REAL_DCV5,"Skip to content drycured.com RECEPTI BLOG KNJIGA FORUM Kalkulator Drycured podcast ALATI Menu Toggle Dijagnostika problema Praćenje gubitka težine Dnevnik serije Planer dimljenja Monitor sušionice HACCP kontrolna lista Inventar i sirovina Kalkulator soli Gener"
2997,"Osječka kobasica",https://drycured.com/recepti-baza/hr-sl-031-osjecka-kobasica/,5816,5816,6105,200,357815,YES,9599,YES,NO,YES,OK_REAL_DCV5,"Skip to content drycured.com RECEPTI BLOG KNJIGA FORUM Kalkulator Drycured podcast ALATI Menu Toggle Dijagnostika problema Praćenje gubitka težine Dnevnik serije Planer dimljenja Monitor sušionice HACCP kontrolna lista Inventar i sirovina Kalkulator soli Gener"
3000,"Slavonska domaća salama",https://drycured.com/recepti-baza/hr-sl-034-slavonska-domaca-salama/,5611,5611,5893,200,358846,YES,9719,YES,NO,YES,OK_REAL_DCV5,"Skip to content drycured.com RECEPTI BLOG KNJIGA FORUM Kalkulator Drycured podcast ALATI Menu Toggle Dijagnostika problema Praćenje gubitka težine Dnevnik serije Planer dimljenja Monitor sušionice HACCP kontrolna lista Inventar i sirovina Kalkulator soli Gener"
3001,"Slavonska čvarkovača (kobasica od čvaraka)",https://drycured.com/recepti-baza/hr-sl-036-slavonska-cvarkovaca-kobasica-od-cvaraka/,5682,5682,5943,200,358076,YES,9119,YES,NO,YES,OK_REAL_DCV5,"Skip to content drycured.com RECEPTI BLOG KNJIGA FORUM Kalkulator Drycured podcast ALATI Menu Toggle Dijagnostika problema Praćenje gubitka težine Dnevnik serije Planer dimljenja Monitor sušionice HACCP kontrolna lista Inventar i sirovina Kalkulator soli Gener"
3002,"Vinkovačka kobasica",https://drycured.com/recepti-baza/hr-sl-037-vinkovacka-kobasica/,5688,5688,5974,200,358382,YES,9706,YES,NO,YES,OK_REAL_DCV5,"Skip to content drycured.com RECEPTI BLOG KNJIGA FORUM Kalkulator Drycured podcast ALATI Menu Toggle Dijagnostika problema Praćenje gubitka težine Dnevnik serije Planer dimljenja Monitor sušionice HACCP kontrolna lista Inventar i sirovina Kalkulator soli Gener"
3003,"Slavonska lovačka kobasica (divljač + svinjetina)",https://drycured.com/recepti-baza/hr-sl-038-slavonska-lovacka-kobasica-divljac-svinjetina/,6095,6095,6350,200,360209,YES,9882,YES,NO,YES,OK_REAL_DCV5,"Skip to content drycured.com RECEPTI BLOG KNJIGA FORUM Kalkulator Drycured podcast ALATI Menu Toggle Dijagnostika problema Praćenje gubitka težine Dnevnik serije Planer dimljenja Monitor sušionice HACCP kontrolna lista Inventar i sirovina Kalkulator soli Gener"
3024,"Irska dimljena kobasica (Smoked Sausage)",https://drycured.com/recepti-baza/irska-dimljena-kobasica-smoked-sausage/,4119,4119,6212,200,303380,NO,1833,NO,NO,NO,RISK_VISIBLE_TOO_SHORT_OR_HIDDEN,"Skip to content drycured.com RECEPTI BLOG KNJIGA FORUM Kalkulator Drycured podcast ALATI Menu Toggle Dijagnostika problema Praćenje gubitka težine Dnevnik serije Planer dimljenja Monitor sušionice HACCP kontrolna lista Inventar i sirovina Kalkulator soli Gener"
3025,"Pršuta e Kosovës (Kosovska pršuta)",https://drycured.com/recepti-baza/prsuta-e-kosoves-kosovska-prsuta-2/,3433,3433,6132,200,303346,NO,1833,NO,NO,NO,RISK_VISIBLE_TOO_SHORT_OR_HIDDEN,"Skip to content drycured.com RECEPTI BLOG KNJIGA FORUM Kalkulator Drycured podcast ALATI Menu Toggle Dijagnostika problema Praćenje gubitka težine Dnevnik serije Planer dimljenja Monitor sušionice HACCP kontrolna lista Inventar i sirovina Kalkulator soli Gener"
3026,"Scharfe Edelrohwurst s povrćem na žaru",https://drycured.com/recepti-baza/scharfe-edelrohwurst-s-povrcem-na-zaru/,4360,4360,5534,200,303404,NO,1833,NO,NO,NO,RISK_VISIBLE_TOO_SHORT_OR_HIDDEN,"Skip to content drycured.com RECEPTI BLOG KNJIGA FORUM Kalkulator Drycured podcast ALATI Menu Toggle Dijagnostika problema Praćenje gubitka težine Dnevnik serije Planer dimljenja Monitor sušionice HACCP kontrolna lista Inventar i sirovina Kalkulator soli Gener"
3027,"ENGADINER HATECLETT (SUŠENI KOZJI BUT)",https://drycured.com/recepti-baza/engadiner-hateclett-suseni-kozji-but-2/,3612,3612,6134,200,351909,YES,10210,YES,NO,YES,OK_REAL_DCV5,"Skip to content drycured.com RECEPTI BLOG KNJIGA FORUM Kalkulator Drycured podcast ALATI Menu Toggle Dijagnostika problema Praćenje gubitka težine Dnevnik serije Planer dimljenja Monitor sušionice HACCP kontrolna lista Inventar i sirovina Kalkulator soli Gener"
3028,"ZUGER HIRSCHTROCKENWURST (KOBASICA OD JELENA IZ ZUGA)",https://drycured.com/recepti-baza/zuger-hirschtrockenwurst-kobasica-od-jelena-iz-zuga-2/,4442,4442,6164,200,303653,NO,1833,NO,NO,NO,RISK_VISIBLE_TOO_SHORT_OR_HIDDEN,"Skip to content drycured.com RECEPTI BLOG KNJIGA FORUM Kalkulator Drycured podcast ALATI Menu Toggle Dijagnostika problema Praćenje gubitka težine Dnevnik serije Planer dimljenja Monitor sušionice HACCP kontrolna lista Inventar i sirovina Kalkulator soli Gener"
3029,"Tiroler Speck – tirolski sušeni dimljeni svinjski but",https://drycured.com/recepti-baza/tiroler-speck-tirolska-slanina-2/,3385,3385,6666,200,304673,NO,1833,NO,NO,NO,RISK_VISIBLE_TOO_SHORT_OR_HIDDEN,"Skip to content drycured.com RECEPTI BLOG KNJIGA FORUM Kalkulator Drycured podcast ALATI Menu Toggle Dijagnostika problema Praćenje gubitka težine Dnevnik serije Planer dimljenja Monitor sušionice HACCP kontrolna lista Inventar i sirovina Kalkulator soli Gener"
3030,"Waldviertler Hirschsalami – salama od jelena iz Waldviertela",https://drycured.com/recepti-baza/waldviertler-hirschsalami-salama-od-jelena-iz-waldviertela-2/,4216,4216,7287,200,305217,NO,1833,NO,NO,NO,RISK_VISIBLE_TOO_SHORT_OR_HIDDEN,"Skip to content drycured.com RECEPTI BLOG KNJIGA FORUM Kalkulator Drycured podcast ALATI Menu Toggle Dijagnostika problema Praćenje gubitka težine Dnevnik serije Planer dimljenja Monitor sušionice HACCP kontrolna lista Inventar i sirovina Kalkulator soli Gener"
3032,"Mađarska Gyulai Kolbász – Gyulai kobasica",https://drycured.com/recepti-baza/maarska-gyulai-kolbasz-gyulai-kobasica/,4374,4374,11275,200,304790,NO,1833,NO,NO,NO,RISK_VISIBLE_TOO_SHORT_OR_HIDDEN,"Skip to content drycured.com RECEPTI BLOG KNJIGA FORUM Kalkulator Drycured podcast ALATI Menu Toggle Dijagnostika problema Praćenje gubitka težine Dnevnik serije Planer dimljenja Monitor sušionice HACCP kontrolna lista Inventar i sirovina Kalkulator soli Gener"
3033,"Lukanka iz Panagyurishte – bugarska prešana suha kobasica",https://drycured.com/recepti-baza/lukanka-iz-panagyurishte/,4189,4189,8430,200,304762,NO,1833,NO,NO,NO,RISK_VISIBLE_TOO_SHORT_OR_HIDDEN,"Skip to content drycured.com RECEPTI BLOG KNJIGA FORUM Kalkulator Drycured podcast ALATI Menu Toggle Dijagnostika problema Praćenje gubitka težine Dnevnik serije Planer dimljenja Monitor sušionice HACCP kontrolna lista Inventar i sirovina Kalkulator soli Gener"
3035,"Strandzhansko Dyado – bugarski sušeni punjeni proizvod",https://drycured.com/recepti-baza/strandzhansko-dyado/,4377,4377,7062,200,304658,NO,1833,NO,NO,NO,RISK_VISIBLE_TOO_SHORT_OR_HIDDEN,"Skip to content drycured.com RECEPTI BLOG KNJIGA FORUM Kalkulator Drycured podcast ALATI Menu Toggle Dijagnostika problema Praćenje gubitka težine Dnevnik serije Planer dimljenja Monitor sušionice HACCP kontrolna lista Inventar i sirovina Kalkulator soli Gener"
3037,"Dobrudzhanski Babek – bugarski sušeni babek",https://drycured.com/recepti-baza/dobrudzhanski-babek/,4296,4296,7497,200,304568,NO,1833,NO,NO,NO,RISK_VISIBLE_TOO_SHORT_OR_HIDDEN,"Skip to content drycured.com RECEPTI BLOG KNJIGA FORUM Kalkulator Drycured podcast ALATI Menu Toggle Dijagnostika problema Praćenje gubitka težine Dnevnik serije Planer dimljenja Monitor sušionice HACCP kontrolna lista Inventar i sirovina Kalkulator soli Gener"
3038,"Grčki Loukaniko – tradicionalna grčka kobasica",https://drycured.com/recepti-baza/grcka-tradicionalni-recepti-za-loukaniko-2/,3978,3978,5662,200,304956,NO,1833,NO,NO,NO,RISK_VISIBLE_TOO_SHORT_OR_HIDDEN,"Skip to content drycured.com RECEPTI BLOG KNJIGA FORUM Kalkulator Drycured podcast ALATI Menu Toggle Dijagnostika problema Praćenje gubitka težine Dnevnik serije Planer dimljenja Monitor sušionice HACCP kontrolna lista Inventar i sirovina Kalkulator soli Gener"
3039,"Joulukinkku – finska božićna šunka",https://drycured.com/recepti-baza/joulukinkku-bozicna-sunka-2/,3386,3386,7540,200,304554,NO,1833,NO,NO,NO,RISK_VISIBLE_TOO_SHORT_OR_HIDDEN,"Skip to content drycured.com RECEPTI BLOG KNJIGA FORUM Kalkulator Drycured podcast ALATI Menu Toggle Dijagnostika problema Praćenje gubitka težine Dnevnik serije Planer dimljenja Monitor sušionice HACCP kontrolna lista Inventar i sirovina Kalkulator soli Gener"
3041,"Saucisson Sec – francuska suha kobasica",https://drycured.com/recepti-baza/saucisson-sec-suha-kobasica-2/,4138,4138,7272,200,304608,NO,1833,NO,NO,NO,RISK_VISIBLE_TOO_SHORT_OR_HIDDEN,"Skip to content drycured.com RECEPTI BLOG KNJIGA FORUM Kalkulator Drycured podcast ALATI Menu Toggle Dijagnostika problema Praćenje gubitka težine Dnevnik serije Planer dimljenja Monitor sušionice HACCP kontrolna lista Inventar i sirovina Kalkulator soli Gener"
3042,"Jésus de Lyon – debela suha kobasica",https://drycured.com/recepti-baza/jesus-de-lyon-debela-suha-kobasica/,4123,4123,8517,200,353718,YES,10895,YES,NO,YES,OK_REAL_DCV5,"Skip to content drycured.com RECEPTI BLOG KNJIGA FORUM Kalkulator Drycured podcast ALATI Menu Toggle Dijagnostika problema Praćenje gubitka težine Dnevnik serije Planer dimljenja Monitor sušionice HACCP kontrolna lista Inventar i sirovina Kalkulator soli Gener"
3044,"Jésus de Lyon – velika lionska suha kobasica",https://drycured.com/recepti-baza/jesus-de-lyon-2/,4232,4232,9420,200,304402,NO,1833,NO,NO,NO,RISK_VISIBLE_TOO_SHORT_OR_HIDDEN,"Skip to content drycured.com RECEPTI BLOG KNJIGA FORUM Kalkulator Drycured podcast ALATI Menu Toggle Dijagnostika problema Praćenje gubitka težine Dnevnik serije Planer dimljenja Monitor sušionice HACCP kontrolna lista Inventar i sirovina Kalkulator soli Gener"
3045,"Rosette de Lyon – lionska suha kobasica",https://drycured.com/recepti-baza/rosette-de-lyon-2/,4369,4369,9670,200,304364,NO,1833,NO,NO,NO,RISK_VISIBLE_TOO_SHORT_OR_HIDDEN,"Skip to content drycured.com RECEPTI BLOG KNJIGA FORUM Kalkulator Drycured podcast ALATI Menu Toggle Dijagnostika problema Praćenje gubitka težine Dnevnik serije Planer dimljenja Monitor sušionice HACCP kontrolna lista Inventar i sirovina Kalkulator soli Gener"
3047,"Siglino Messinias – grčka dimljena svinjetina",https://drycured.com/recepti-baza/siglino-messinias/,3596,3596,9065,200,304478,NO,1833,NO,NO,NO,RISK_VISIBLE_TOO_SHORT_OR_HIDDEN,"Skip to content drycured.com RECEPTI BLOG KNJIGA FORUM Kalkulator Drycured podcast ALATI Menu Toggle Dijagnostika problema Praćenje gubitka težine Dnevnik serije Planer dimljenja Monitor sušionice HACCP kontrolna lista Inventar i sirovina Kalkulator soli Gener"
3050,"Pancetta Maltija – malteška panceta",https://drycured.com/recepti-baza/maltezanska-panceta-pancetta-maltija-2/,3411,3411,7102,200,304635,NO,1833,NO,NO,NO,RISK_VISIBLE_TOO_SHORT_OR_HIDDEN,"Skip to content drycured.com RECEPTI BLOG KNJIGA FORUM Kalkulator Drycured podcast ALATI Menu Toggle Dijagnostika problema Praćenje gubitka težine Dnevnik serije Planer dimljenja Monitor sušionice HACCP kontrolna lista Inventar i sirovina Kalkulator soli Gener"
3051,"Pick Szalámi – mađarski Pick salami",https://drycured.com/recepti-baza/maarski-pick-salami-pick-szalami/,4076,4076,7205,200,304643,NO,1833,NO,NO,NO,RISK_VISIBLE_TOO_SHORT_OR_HIDDEN,"Skip to content drycured.com RECEPTI BLOG KNJIGA FORUM Kalkulator Drycured podcast ALATI Menu Toggle Dijagnostika problema Praćenje gubitka težine Dnevnik serije Planer dimljenja Monitor sušionice HACCP kontrolna lista Inventar i sirovina Kalkulator soli Gener"
3052,"Mađarska Kolbász – mađarska kobasica",https://drycured.com/recepti-baza/maarska-kobasica-kolbasz/,4204,4204,7090,200,304675,NO,1833,NO,NO,NO,RISK_VISIBLE_TOO_SHORT_OR_HIDDEN,"Skip to content drycured.com RECEPTI BLOG KNJIGA FORUM Kalkulator Drycured podcast ALATI Menu Toggle Dijagnostika problema Praćenje gubitka težine Dnevnik serije Planer dimljenja Monitor sušionice HACCP kontrolna lista Inventar i sirovina Kalkulator soli Gener"
3053,"Westfälischer Knochenschinken – vestfalska šunka s kosti",https://drycured.com/recepti-baza/westfalischer-knochenschinken-vestfalska-sunka-s-kosti/,3735,3735,10230,200,305111,NO,1833,NO,NO,NO,RISK_VISIBLE_TOO_SHORT_OR_HIDDEN,"Skip to content drycured.com RECEPTI BLOG KNJIGA FORUM Kalkulator Drycured podcast ALATI Menu Toggle Dijagnostika problema Praćenje gubitka težine Dnevnik serije Planer dimljenja Monitor sušionice HACCP kontrolna lista Inventar i sirovina Kalkulator soli Gener"
3055,"Salo – ukrajinska slana svinjska slanina",https://drycured.com/recepti-baza/salo-slana-svinjeca-slanina/,3596,3596,6132,200,304508,NO,1833,NO,NO,NO,RISK_VISIBLE_TOO_SHORT_OR_HIDDEN,"Skip to content drycured.com RECEPTI BLOG KNJIGA FORUM Kalkulator Drycured podcast ALATI Menu Toggle Dijagnostika problema Praćenje gubitka težine Dnevnik serije Planer dimljenja Monitor sušionice HACCP kontrolna lista Inventar i sirovina Kalkulator soli Gener"
3057,"Belokranjska jagenjčara",https://drycured.com/recepti-baza/belokranjska-jagenjcara-2/,4217,4217,7738,200,304519,NO,1833,NO,NO,NO,RISK_VISIBLE_TOO_SHORT_OR_HIDDEN,"Skip to content drycured.com RECEPTI BLOG KNJIGA FORUM Kalkulator Drycured podcast ALATI Menu Toggle Dijagnostika problema Praćenje gubitka težine Dnevnik serije Planer dimljenja Monitor sušionice HACCP kontrolna lista Inventar i sirovina Kalkulator soli Gener"
3058,"Sobrasada Mallorquina – majorška sobrasada",https://drycured.com/recepti-baza/sobrasada-mallorquina-majorska-sobrasada-2/,4399,4399,8282,200,304925,NO,1833,NO,NO,NO,RISK_VISIBLE_TOO_SHORT_OR_HIDDEN,"Skip to content drycured.com RECEPTI BLOG KNJIGA FORUM Kalkulator Drycured podcast ALATI Menu Toggle Dijagnostika problema Praćenje gubitka težine Dnevnik serije Planer dimljenja Monitor sušionice HACCP kontrolna lista Inventar i sirovina Kalkulator soli Gener"
3060,"Appenzeller Mostbröckli – švicarska sušena dimljena govedina",https://drycured.com/recepti-baza/appenzeller-mostbrockli-dimljena-govedina/,3473,3473,6637,200,305032,NO,1833,NO,NO,NO,RISK_VISIBLE_TOO_SHORT_OR_HIDDEN,"Skip to content drycured.com RECEPTI BLOG KNJIGA FORUM Kalkulator Drycured podcast ALATI Menu Toggle Dijagnostika problema Praćenje gubitka težine Dnevnik serije Planer dimljenja Monitor sušionice HACCP kontrolna lista Inventar i sirovina Kalkulator soli Gener"
3061,"Speck Alto Adige – južnotirolski sušeni dimljeni but",https://drycured.com/recepti-baza/speck-alto-adige-2/,3610,3610,7958,200,304480,NO,1833,NO,NO,NO,RISK_VISIBLE_TOO_SHORT_OR_HIDDEN,"Skip to content drycured.com RECEPTI BLOG KNJIGA FORUM Kalkulator Drycured podcast ALATI Menu Toggle Dijagnostika problema Praćenje gubitka težine Dnevnik serije Planer dimljenja Monitor sušionice HACCP kontrolna lista Inventar i sirovina Kalkulator soli Gener"
3063,"Suxhuk – albanska suha kobasica",https://drycured.com/recepti-baza/suxhuk-albanska-suha-kobasica-2/,4129,4129,5304,200,304586,NO,1833,NO,NO,NO,RISK_VISIBLE_TOO_SHORT_OR_HIDDEN,"Skip to content drycured.com RECEPTI BLOG KNJIGA FORUM Kalkulator Drycured podcast ALATI Menu Toggle Dijagnostika problema Praćenje gubitka težine Dnevnik serije Planer dimljenja Monitor sušionice HACCP kontrolna lista Inventar i sirovina Kalkulator soli Gener"
3064,"Proshuta Shqiptare – albanska pršuta",https://drycured.com/recepti-baza/0003-proshuta-shqiptare-albanska-prsuta/,2581,2581,5314,200,315856,NO,2345,YES,NO,NO,OK_VISIBLE_MARKDOWN_OR_FALLBACK,"Skip to content drycured.com RECEPTI BLOG KNJIGA FORUM Kalkulator Drycured podcast ALATI Menu Toggle Dijagnostika problema Praćenje gubitka težine Dnevnik serije Planer dimljenja Monitor sušionice HACCP kontrolna lista Inventar i sirovina Kalkulator soli Gener"
3065,"Mish i thatë – albanska suha janjetina",https://drycured.com/recepti-baza/mish-i-thate-albanska-suha-janjetina-2/,3521,3521,5072,200,304601,NO,1833,NO,NO,NO,RISK_VISIBLE_TOO_SHORT_OR_HIDDEN,"Skip to content drycured.com RECEPTI BLOG KNJIGA FORUM Kalkulator Drycured podcast ALATI Menu Toggle Dijagnostika problema Praćenje gubitka težine Dnevnik serije Planer dimljenja Monitor sušionice HACCP kontrolna lista Inventar i sirovina Kalkulator soli Gener"
3066,"Kärntner Wurzelspeck – koruški sušeni dimljeni vrat",https://drycured.com/recepti-baza/karntner-wurzelspeck-koruska-korijenska-slanina-2/,3448,3448,6376,200,304998,NO,1833,NO,NO,NO,RISK_VISIBLE_TOO_SHORT_OR_HIDDEN,"Skip to content drycured.com RECEPTI BLOG KNJIGA FORUM Kalkulator Drycured podcast ALATI Menu Toggle Dijagnostika problema Praćenje gubitka težine Dnevnik serije Planer dimljenja Monitor sušionice HACCP kontrolna lista Inventar i sirovina Kalkulator soli Gener"
3067,"Steirischer Rohschinken – štajerska sirova šunka",https://drycured.com/recepti-baza/steirischer-rohschinken-stajerska-sirova-sunka-2/,3393,3393,6748,200,304989,NO,1833,NO,NO,NO,RISK_VISIBLE_TOO_SHORT_OR_HIDDEN,"Skip to content drycured.com RECEPTI BLOG KNJIGA FORUM Kalkulator Drycured podcast ALATI Menu Toggle Dijagnostika problema Praćenje gubitka težine Dnevnik serije Planer dimljenja Monitor sušionice HACCP kontrolna lista Inventar i sirovina Kalkulator soli Gener"
3068,"Vorarlberger Mostbröckle – vorarlberška dimljena govedina",https://drycured.com/recepti-baza/0010-vorarlberger-mostbrockle-vorarlberska-dimljena-govedina/,2654,2654,6127,200,316479,NO,2385,YES,NO,NO,OK_VISIBLE_MARKDOWN_OR_FALLBACK,"Skip to content drycured.com RECEPTI BLOG KNJIGA FORUM Kalkulator Drycured podcast ALATI Menu Toggle Dijagnostika problema Praćenje gubitka težine Dnevnik serije Planer dimljenja Monitor sušionice HACCP kontrolna lista Inventar i sirovina Kalkulator soli Gener"
3069,"Finska Meetvursti – suha kobasica",https://drycured.com/recepti-baza/finska-meetvursti-suha-kobasica-2/,4364,4364,12173,200,304616,NO,1833,NO,NO,NO,RISK_VISIBLE_TOO_SHORT_OR_HIDDEN,"Skip to content drycured.com RECEPTI BLOG KNJIGA FORUM Kalkulator Drycured podcast ALATI Menu Toggle Dijagnostika problema Praćenje gubitka težine Dnevnik serije Planer dimljenja Monitor sušionice HACCP kontrolna lista Inventar i sirovina Kalkulator soli Gener"
3070,"Filet d’Anvers – antverpski file",https://drycured.com/recepti-baza/filet-d-anvers-antverpski-file/,3436,3436,7663,200,304522,NO,1833,NO,NO,NO,RISK_VISIBLE_TOO_SHORT_OR_HIDDEN,"Skip to content drycured.com RECEPTI BLOG KNJIGA FORUM Kalkulator Drycured podcast ALATI Menu Toggle Dijagnostika problema Praćenje gubitka težine Dnevnik serije Planer dimljenja Monitor sušionice HACCP kontrolna lista Inventar i sirovina Kalkulator soli Gener"
3071,"Lard fumé de Flandre – flamanska dimljena slanina",https://drycured.com/recepti-baza/lard-fume-de-flandre-flamansko-dimljeno-salo-2/,3409,3409,7719,200,304811,NO,1833,NO,NO,NO,RISK_VISIBLE_TOO_SHORT_OR_HIDDEN,"Skip to content drycured.com RECEPTI BLOG KNJIGA FORUM Kalkulator Drycured podcast ALATI Menu Toggle Dijagnostika problema Praćenje gubitka težine Dnevnik serije Planer dimljenja Monitor sušionice HACCP kontrolna lista Inventar i sirovina Kalkulator soli Gener"
3073,"Collier fumé de Wallonie – dimljeni svinjski vrat iz Valonije",https://drycured.com/recepti-baza/collier-fume-de-wallonie-dimljeni-svinjski-vrat-iz-valonije-2/,3775,3775,8344,200,305058,NO,1833,NO,NO,NO,RISK_VISIBLE_TOO_SHORT_OR_HIDDEN,"Skip to content drycured.com RECEPTI BLOG KNJIGA FORUM Kalkulator Drycured podcast ALATI Menu Toggle Dijagnostika problema Praćenje gubitka težine Dnevnik serije Planer dimljenja Monitor sušionice HACCP kontrolna lista Inventar i sirovina Kalkulator soli Gener"
3075,"Jambon d’Ardenne – ardenska šunka",https://drycured.com/recepti-baza/jambon-d-ardenne-ardenski-prsut/,3670,3670,7726,200,304571,NO,1833,NO,NO,NO,RISK_VISIBLE_TOO_SHORT_OR_HIDDEN,"Skip to content drycured.com RECEPTI BLOG KNJIGA FORUM Kalkulator Drycured podcast ALATI Menu Toggle Dijagnostika problema Praćenje gubitka težine Dnevnik serije Planer dimljenja Monitor sušionice HACCP kontrolna lista Inventar i sirovina Kalkulator soli Gener"
3081,"SAUCISSON D'ARDENNE (ARDENSKI KULEN)",https://drycured.com/recepti-baza/saucisson-d-ardenne-ardenski-kulen/,4238,4238,0,200,304808,NO,1833,NO,NO,NO,RISK_VISIBLE_TOO_SHORT_OR_HIDDEN,"Skip to content drycured.com RECEPTI BLOG KNJIGA FORUM Kalkulator Drycured podcast ALATI Menu Toggle Dijagnostika problema Praćenje gubitka težine Dnevnik serije Planer dimljenja Monitor sušionice HACCP kontrolna lista Inventar i sirovina Kalkulator soli Gener"
3082,"НАНИЖЕН СУДЖУК (Nanižen Sudžuk)",https://drycured.com/recepti-baza/nanizen-sudzuk/,4172,4172,0,200,304868,NO,1833,NO,NO,NO,RISK_VISIBLE_TOO_SHORT_OR_HIDDEN,"Skip to content drycured.com RECEPTI BLOG KNJIGA FORUM Kalkulator Drycured podcast ALATI Menu Toggle Dijagnostika problema Praćenje gubitka težine Dnevnik serije Planer dimljenja Monitor sušionice HACCP kontrolna lista Inventar i sirovina Kalkulator soli Gener"
3083,"ЕЛЕНСКИ БУТ (Elenski but)",https://drycured.com/recepti-baza/elenski-but/,3907,3907,0,200,354008,YES,10407,YES,NO,YES,OK_REAL_DCV5,"Skip to content drycured.com RECEPTI BLOG KNJIGA FORUM Kalkulator Drycured podcast ALATI Menu Toggle Dijagnostika problema Praćenje gubitka težine Dnevnik serije Planer dimljenja Monitor sušionice HACCP kontrolna lista Inventar i sirovina Kalkulator soli Gener"
3084,"СМЯДОВСКА ЛУКАНКА (Smyadovska lukanka)",https://drycured.com/recepti-baza/smyadovska-lukanka/,4297,4297,0,200,305138,NO,1833,NO,NO,NO,RISK_VISIBLE_TOO_SHORT_OR_HIDDEN,"Skip to content drycured.com RECEPTI BLOG KNJIGA FORUM Kalkulator Drycured podcast ALATI Menu Toggle Dijagnostika problema Praćenje gubitka težine Dnevnik serije Planer dimljenja Monitor sušionice HACCP kontrolna lista Inventar i sirovina Kalkulator soli Gener"
3085,"СТАРОПЛАНИНСКИ ПАСТЪРМА (Staroplaninska pastrma)",https://drycured.com/recepti-baza/staroplaninska-pastrma/,3646,3646,0,200,305356,NO,1833,NO,NO,NO,RISK_VISIBLE_TOO_SHORT_OR_HIDDEN,"Skip to content drycured.com RECEPTI BLOG KNJIGA FORUM Kalkulator Drycured podcast ALATI Menu Toggle Dijagnostika problema Praćenje gubitka težine Dnevnik serije Planer dimljenja Monitor sušionice HACCP kontrolna lista Inventar i sirovina Kalkulator soli Gener"
3086,"Nadenitsa (Наденица)",https://drycured.com/recepti-baza/nadenitsa/,3839,3839,0,200,304568,NO,1833,NO,NO,NO,RISK_VISIBLE_TOO_SHORT_OR_HIDDEN,"Skip to content drycured.com RECEPTI BLOG KNJIGA FORUM Kalkulator Drycured podcast ALATI Menu Toggle Dijagnostika problema Praćenje gubitka težine Dnevnik serije Planer dimljenja Monitor sušionice HACCP kontrolna lista Inventar i sirovina Kalkulator soli Gener"
3087,"Rulopep (Рулопеп)",https://drycured.com/recepti-baza/rulopep/,3679,3679,0,200,304466,NO,1833,NO,NO,NO,RISK_VISIBLE_TOO_SHORT_OR_HIDDEN,"Skip to content drycured.com RECEPTI BLOG KNJIGA FORUM Kalkulator Drycured podcast ALATI Menu Toggle Dijagnostika problema Praćenje gubitka težine Dnevnik serije Planer dimljenja Monitor sušionice HACCP kontrolna lista Inventar i sirovina Kalkulator soli Gener"
3088,"Katino Meze (Катино мезе)",https://drycured.com/recepti-baza/katino-meze/,3678,3678,0,200,304600,NO,1833,NO,NO,NO,RISK_VISIBLE_TOO_SHORT_OR_HIDDEN,"Skip to content drycured.com RECEPTI BLOG KNJIGA FORUM Kalkulator Drycured podcast ALATI Menu Toggle Dijagnostika problema Praćenje gubitka težine Dnevnik serije Planer dimljenja Monitor sušionice HACCP kontrolna lista Inventar i sirovina Kalkulator soli Gener"
3089,"Drobsarma (Дробсарма)",https://drycured.com/recepti-baza/drobsarma/,4277,4277,0,200,304600,NO,1833,NO,NO,NO,RISK_VISIBLE_TOO_SHORT_OR_HIDDEN,"Skip to content drycured.com RECEPTI BLOG KNJIGA FORUM Kalkulator Drycured podcast ALATI Menu Toggle Dijagnostika problema Praćenje gubitka težine Dnevnik serije Planer dimljenja Monitor sušionice HACCP kontrolna lista Inventar i sirovina Kalkulator soli Gener"
3090,"Maleshevska Babichka (Малешевска бабичка)",https://drycured.com/recepti-baza/maleshevska-babichka/,3957,3957,0,200,305179,NO,1833,NO,NO,NO,RISK_VISIBLE_TOO_SHORT_OR_HIDDEN,"Skip to content drycured.com RECEPTI BLOG KNJIGA FORUM Kalkulator Drycured podcast ALATI Menu Toggle Dijagnostika problema Praćenje gubitka težine Dnevnik serije Planer dimljenja Monitor sušionice HACCP kontrolna lista Inventar i sirovina Kalkulator soli Gener"
3091,"Kraishte Pastarma (Краищенска пастърма)",https://drycured.com/recepti-baza/kraishte-pastarma/,3928,3928,0,200,305154,NO,1833,NO,NO,NO,RISK_VISIBLE_TOO_SHORT_OR_HIDDEN,"Skip to content drycured.com RECEPTI BLOG KNJIGA FORUM Kalkulator Drycured podcast ALATI Menu Toggle Dijagnostika problema Praćenje gubitka težine Dnevnik serije Planer dimljenja Monitor sušionice HACCP kontrolna lista Inventar i sirovina Kalkulator soli Gener"
3092,"Lukanka (Луканка)",https://drycured.com/recepti-baza/lukanka/,4035,4035,0,200,304450,NO,1833,NO,NO,NO,RISK_VISIBLE_TOO_SHORT_OR_HIDDEN,"Skip to content drycured.com RECEPTI BLOG KNJIGA FORUM Kalkulator Drycured podcast ALATI Menu Toggle Dijagnostika problema Praćenje gubitka težine Dnevnik serije Planer dimljenja Monitor sušionice HACCP kontrolna lista Inventar i sirovina Kalkulator soli Gener"
3093,"Sudjuk (Суджук)",https://drycured.com/recepti-baza/sudjuk/,4197,4197,0,200,304375,NO,1833,NO,NO,NO,RISK_VISIBLE_TOO_SHORT_OR_HIDDEN,"Skip to content drycured.com RECEPTI BLOG KNJIGA FORUM Kalkulator Drycured podcast ALATI Menu Toggle Dijagnostika problema Praćenje gubitka težine Dnevnik serije Planer dimljenja Monitor sušionice HACCP kontrolna lista Inventar i sirovina Kalkulator soli Gener"
3094,"Elena filet (Еленски филе)",https://drycured.com/recepti-baza/elena-filet/,3606,3606,0,200,351302,YES,9739,YES,NO,YES,OK_REAL_DCV5,"Skip to content drycured.com RECEPTI BLOG KNJIGA FORUM Kalkulator Drycured podcast ALATI Menu Toggle Dijagnostika problema Praćenje gubitka težine Dnevnik serije Planer dimljenja Monitor sušionice HACCP kontrolna lista Inventar i sirovina Kalkulator soli Gener"
3095,"Pastarma (Пастърма)",https://drycured.com/recepti-baza/pastarma/,3457,3457,0,200,304508,NO,1833,NO,NO,NO,RISK_VISIBLE_TOO_SHORT_OR_HIDDEN,"Skip to content drycured.com RECEPTI BLOG KNJIGA FORUM Kalkulator Drycured podcast ALATI Menu Toggle Dijagnostika problema Praćenje gubitka težine Dnevnik serije Planer dimljenja Monitor sušionice HACCP kontrolna lista Inventar i sirovina Kalkulator soli Gener"
3096,"Banski Starec (Бански старец)",https://drycured.com/recepti-baza/banski-starec/,4147,4147,0,200,304766,NO,1833,NO,NO,NO,RISK_VISIBLE_TOO_SHORT_OR_HIDDEN,"Skip to content drycured.com RECEPTI BLOG KNJIGA FORUM Kalkulator Drycured podcast ALATI Menu Toggle Dijagnostika problema Praćenje gubitka težine Dnevnik serije Planer dimljenja Monitor sušionice HACCP kontrolna lista Inventar i sirovina Kalkulator soli Gener"
3097,"Lountza (Λούντζα)",https://drycured.com/recepti-baza/lountza/,3796,3796,0,200,304479,NO,1833,NO,NO,NO,RISK_VISIBLE_TOO_SHORT_OR_HIDDEN,"Skip to content drycured.com RECEPTI BLOG KNJIGA FORUM Kalkulator Drycured podcast ALATI Menu Toggle Dijagnostika problema Praćenje gubitka težine Dnevnik serije Planer dimljenja Monitor sušionice HACCP kontrolna lista Inventar i sirovina Kalkulator soli Gener"
3098,"Hiromeri (Χοιρομέρι)",https://drycured.com/recepti-baza/hiromeri/,3526,3526,0,200,304492,NO,1833,NO,NO,NO,RISK_VISIBLE_TOO_SHORT_OR_HIDDEN,"Skip to content drycured.com RECEPTI BLOG KNJIGA FORUM Kalkulator Drycured podcast ALATI Menu Toggle Dijagnostika problema Praćenje gubitka težine Dnevnik serije Planer dimljenja Monitor sušionice HACCP kontrolna lista Inventar i sirovina Kalkulator soli Gener"
3099,"Tsamarella (Τσαμαρέλλα)",https://drycured.com/recepti-baza/tsamarella/,3603,3603,0,200,304606,NO,1833,NO,NO,NO,RISK_VISIBLE_TOO_SHORT_OR_HIDDEN,"Skip to content drycured.com RECEPTI BLOG KNJIGA FORUM Kalkulator Drycured podcast ALATI Menu Toggle Dijagnostika problema Praćenje gubitka težine Dnevnik serije Planer dimljenja Monitor sušionice HACCP kontrolna lista Inventar i sirovina Kalkulator soli Gener"
3100,"Posyrti (Ποσυρτή)",https://drycured.com/recepti-baza/posyrti/,3640,3640,0,200,304560,NO,1833,NO,NO,NO,RISK_VISIBLE_TOO_SHORT_OR_HIDDEN,"Skip to content drycured.com RECEPTI BLOG KNJIGA FORUM Kalkulator Drycured podcast ALATI Menu Toggle Dijagnostika problema Praćenje gubitka težine Dnevnik serije Planer dimljenja Monitor sušionice HACCP kontrolna lista Inventar i sirovina Kalkulator soli Gener"
3101,"Apohtin (Αποχτίν)",https://drycured.com/recepti-baza/apohtin/,3700,3700,0,200,304479,NO,1833,NO,NO,NO,RISK_VISIBLE_TOO_SHORT_OR_HIDDEN,"Skip to content drycured.com RECEPTI BLOG KNJIGA FORUM Kalkulator Drycured podcast ALATI Menu Toggle Dijagnostika problema Praćenje gubitka težine Dnevnik serije Planer dimljenja Monitor sušionice HACCP kontrolna lista Inventar i sirovina Kalkulator soli Gener"
3102,"Lounza (Λούντζα) - Dimljena svinjska potrbušina",https://drycured.com/recepti-baza/lounza-dimljena-svinjska-potrbusina/,3623,3623,0,200,305006,NO,1833,NO,NO,NO,RISK_VISIBLE_TOO_SHORT_OR_HIDDEN,"Skip to content drycured.com RECEPTI BLOG KNJIGA FORUM Kalkulator Drycured podcast ALATI Menu Toggle Dijagnostika problema Praćenje gubitka težine Dnevnik serije Planer dimljenja Monitor sušionice HACCP kontrolna lista Inventar i sirovina Kalkulator soli Gener"
3103,"Tsamarella (Τσαμαρέλλα) - Sušena kozletina",https://drycured.com/recepti-baza/tsamarella-susena-kozletina/,3566,3566,0,200,304970,NO,1833,NO,NO,NO,RISK_VISIBLE_TOO_SHORT_OR_HIDDEN,"Skip to content drycured.com RECEPTI BLOG KNJIGA FORUM Kalkulator Drycured podcast ALATI Menu Toggle Dijagnostika problema Praćenje gubitka težine Dnevnik serije Planer dimljenja Monitor sušionice HACCP kontrolna lista Inventar i sirovina Kalkulator soli Gener"
3104,"Hiromeri (Χοιρομέρι) - Ciparski pršut",https://drycured.com/recepti-baza/hiromeri-ciparski-prsut/,3531,3531,0,200,304742,NO,1833,NO,NO,NO,RISK_VISIBLE_TOO_SHORT_OR_HIDDEN,"Skip to content drycured.com RECEPTI BLOG KNJIGA FORUM Kalkulator Drycured podcast ALATI Menu Toggle Dijagnostika problema Praćenje gubitka težine Dnevnik serije Planer dimljenja Monitor sušionice HACCP kontrolna lista Inventar i sirovina Kalkulator soli Gener"
3105,"Apohti (Απόχτι) - Dimljeni svinjski file",https://drycured.com/recepti-baza/apohti-dimljeni-svinjski-file/,3633,3633,0,200,354626,YES,10531,YES,NO,YES,OK_REAL_DCV5,"Skip to content drycured.com RECEPTI BLOG KNJIGA FORUM Kalkulator Drycured podcast ALATI Menu Toggle Dijagnostika problema Praćenje gubitka težine Dnevnik serije Planer dimljenja Monitor sušionice HACCP kontrolna lista Inventar i sirovina Kalkulator soli Gener"
3106,"Pastourma (Παστουρμάς) - Ciparski začinjeni sušeni goveđi file",https://drycured.com/recepti-baza/pastourma-ciparski-zacinjeni-suseni-govei-file/,3673,3673,0,200,355702,YES,10563,YES,NO,YES,OK_REAL_DCV5,"Skip to content drycured.com RECEPTI BLOG KNJIGA FORUM Kalkulator Drycured podcast ALATI Menu Toggle Dijagnostika problema Praćenje gubitka težine Dnevnik serije Planer dimljenja Monitor sušionice HACCP kontrolna lista Inventar i sirovina Kalkulator soli Gener"
3107,"?? NIZOZEMSKA - Tradicionalni recepti",https://drycured.com/recepti-baza/nizozemska-tradicionalni-recepti/,3982,3982,0,200,304749,NO,1833,YES,NO,NO,OK_VISIBLE_MARKDOWN_OR_FALLBACK,"Skip to content drycured.com RECEPTI BLOG KNJIGA FORUM Kalkulator Drycured podcast ALATI Menu Toggle Dijagnostika problema Praćenje gubitka težine Dnevnik serije Planer dimljenja Monitor sušionice HACCP kontrolna lista Inventar i sirovina Kalkulator soli Gener"
3108,"Crmničke goveđe pastrve",https://drycured.com/recepti-baza/crmnicke-govee-pastrve/,3640,3640,0,200,304462,NO,1833,NO,NO,NO,RISK_VISIBLE_TOO_SHORT_OR_HIDDEN,"Skip to content drycured.com RECEPTI BLOG KNJIGA FORUM Kalkulator Drycured podcast ALATI Menu Toggle Dijagnostika problema Praćenje gubitka težine Dnevnik serije Planer dimljenja Monitor sušionice HACCP kontrolna lista Inventar i sirovina Kalkulator soli Gener"
3110,"Crnogorski suđuk",https://drycured.com/recepti-baza/crnogorski-suuk/,3483,3483,0,200,304319,NO,1833,NO,NO,NO,RISK_VISIBLE_TOO_SHORT_OR_HIDDEN,"Skip to content drycured.com RECEPTI BLOG KNJIGA FORUM Kalkulator Drycured podcast ALATI Menu Toggle Dijagnostika problema Praćenje gubitka težine Dnevnik serije Planer dimljenja Monitor sušionice HACCP kontrolna lista Inventar i sirovina Kalkulator soli Gener"
3112,"Medisterpølse (Danska svježa začinjena kobasica)",https://drycured.com/recepti-baza/medisterplse-danska-svjeza-zacinjena-kobasica/,4055,4055,0,200,305078,NO,1833,NO,NO,NO,RISK_VISIBLE_TOO_SHORT_OR_HIDDEN,"Skip to content drycured.com RECEPTI BLOG KNJIGA FORUM Kalkulator Drycured podcast ALATI Menu Toggle Dijagnostika problema Praćenje gubitka težine Dnevnik serije Planer dimljenja Monitor sušionice HACCP kontrolna lista Inventar i sirovina Kalkulator soli Gener"
3114,"Rullepølse (Danska rolana šunka)",https://drycured.com/recepti-baza/rulleplse-danska-rolana-sunka/,3381,3381,0,200,304527,NO,1833,NO,NO,NO,RISK_VISIBLE_TOO_SHORT_OR_HIDDEN,"Skip to content drycured.com RECEPTI BLOG KNJIGA FORUM Kalkulator Drycured podcast ALATI Menu Toggle Dijagnostika problema Praćenje gubitka težine Dnevnik serije Planer dimljenja Monitor sušionice HACCP kontrolna lista Inventar i sirovina Kalkulator soli Gener"
3115,"Flæskesteg (Danska pečena svinjetina s hrskavom kožom)",https://drycured.com/recepti-baza/flskesteg-danska-pecena-svinjetina-s-hrskavom-kozom/,3635,3635,0,200,305043,NO,1833,NO,NO,NO,RISK_VISIBLE_TOO_SHORT_OR_HIDDEN,"Skip to content drycured.com RECEPTI BLOG KNJIGA FORUM Kalkulator Drycured podcast ALATI Menu Toggle Dijagnostika problema Praćenje gubitka težine Dnevnik serije Planer dimljenja Monitor sušionice HACCP kontrolna lista Inventar i sirovina Kalkulator soli Gener"
3116,"Spegepølse (Danska fermentirana kobasica)",https://drycured.com/recepti-baza/spegeplse-danska-fermentirana-kobasica/,4112,4112,0,200,304869,NO,1833,NO,NO,NO,RISK_VISIBLE_TOO_SHORT_OR_HIDDEN,"Skip to content drycured.com RECEPTI BLOG KNJIGA FORUM Kalkulator Drycured podcast ALATI Menu Toggle Dijagnostika problema Praćenje gubitka težine Dnevnik serije Planer dimljenja Monitor sušionice HACCP kontrolna lista Inventar i sirovina Kalkulator soli Gener"
3117,"Irski spiced beef (Začinjeno sušeno goveđe meso)",https://drycured.com/recepti-baza/irski-spiced-beef-zacinjeno-suseno-govee-meso/,3765,3765,0,200,304833,NO,1833,NO,NO,NO,RISK_VISIBLE_TOO_SHORT_OR_HIDDEN,"Skip to content drycured.com RECEPTI BLOG KNJIGA FORUM Kalkulator Drycured podcast ALATI Menu Toggle Dijagnostika problema Praćenje gubitka težine Dnevnik serije Planer dimljenja Monitor sušionice HACCP kontrolna lista Inventar i sirovina Kalkulator soli Gener"
3118,"Kasseler pečenka s pireom od jabuka i krupir knedlama",https://drycured.com/recepti-baza/kasseler-pecenka-s-pireom-od-jabuka-i-krupir-knedlama/,3865,3865,0,200,304887,NO,1833,NO,NO,NO,RISK_VISIBLE_TOO_SHORT_OR_HIDDEN,"Skip to content drycured.com RECEPTI BLOG KNJIGA FORUM Kalkulator Drycured podcast ALATI Menu Toggle Dijagnostika problema Praćenje gubitka težine Dnevnik serije Planer dimljenja Monitor sušionice HACCP kontrolna lista Inventar i sirovina Kalkulator soli Gener"
3120,"Rogatički Planinsko-Morski Raritet ""Vjetar i More""",https://drycured.com/recepti-baza/rogaticki-planinsko-morski-raritet-vjetar-i-more/,3662,3662,0,200,305058,NO,1833,NO,NO,NO,RISK_VISIBLE_TOO_SHORT_OR_HIDDEN,"Skip to content drycured.com RECEPTI BLOG KNJIGA FORUM Kalkulator Drycured podcast ALATI Menu Toggle Dijagnostika problema Praćenje gubitka težine Dnevnik serije Planer dimljenja Monitor sušionice HACCP kontrolna lista Inventar i sirovina Kalkulator soli Gener"
3121,"Istarski Morski Pršut ""Neptunov Dar""",https://drycured.com/recepti-baza/istarski-morski-prsut-neptunov-dar/,3326,3326,0,200,304656,NO,1833,NO,NO,NO,RISK_VISIBLE_TOO_SHORT_OR_HIDDEN,"Skip to content drycured.com RECEPTI BLOG KNJIGA FORUM Kalkulator Drycured podcast ALATI Menu Toggle Dijagnostika problema Praćenje gubitka težine Dnevnik serije Planer dimljenja Monitor sušionice HACCP kontrolna lista Inventar i sirovina Kalkulator soli Gener"
3122,"Potted Beef (konzervirano goveđe meso)",https://drycured.com/recepti-baza/potted-beef-konzervirano-govee-meso/,3789,3789,0,200,304619,NO,1833,NO,NO,NO,RISK_VISIBLE_TOO_SHORT_OR_HIDDEN,"Skip to content drycured.com RECEPTI BLOG KNJIGA FORUM Kalkulator Drycured podcast ALATI Menu Toggle Dijagnostika problema Praćenje gubitka težine Dnevnik serije Planer dimljenja Monitor sušionice HACCP kontrolna lista Inventar i sirovina Kalkulator soli Gener"
3124,"Engleski sušeni goveđi jezik (Potted Ox Tongue)",https://drycured.com/recepti-baza/engleski-suseni-govei-jezik-potted-ox-tongue/,3872,3872,0,200,304820,NO,1833,NO,NO,NO,RISK_VISIBLE_TOO_SHORT_OR_HIDDEN,"Skip to content drycured.com RECEPTI BLOG KNJIGA FORUM Kalkulator Drycured podcast ALATI Menu Toggle Dijagnostika problema Praćenje gubitka težine Dnevnik serije Planer dimljenja Monitor sušionice HACCP kontrolna lista Inventar i sirovina Kalkulator soli Gener"
3125,"?? Talijansko-toskanski recept za salamu (Salame Toscano)",https://drycured.com/recepti-baza/talijansko-toskanski-recept-za-salamu-salame-toscano/,3847,3847,0,200,305069,NO,1833,YES,NO,NO,OK_VISIBLE_MARKDOWN_OR_FALLBACK,"Skip to content drycured.com RECEPTI BLOG KNJIGA FORUM Kalkulator Drycured podcast ALATI Menu Toggle Dijagnostika problema Praćenje gubitka težine Dnevnik serije Planer dimljenja Monitor sušionice HACCP kontrolna lista Inventar i sirovina Kalkulator soli Gener"
3126,"?? Austrijski recept za Kmetzelsuppe kobasicu",https://drycured.com/recepti-baza/austrijski-recept-za-kmetzelsuppe-kobasicu/,3850,3850,0,200,304871,NO,1833,YES,NO,NO,OK_VISIBLE_MARKDOWN_OR_FALLBACK,"Skip to content drycured.com RECEPTI BLOG KNJIGA FORUM Kalkulator Drycured podcast ALATI Menu Toggle Dijagnostika problema Praćenje gubitka težine Dnevnik serije Planer dimljenja Monitor sušionice HACCP kontrolna lista Inventar i sirovina Kalkulator soli Gener"
3127,"Poljska Kiełbasa Lisiecka (Lisiecka Kobasica)",https://drycured.com/recepti-baza/poljska-kiebasa-lisiecka-lisiecka-kobasica/,4504,4504,0,200,304953,NO,1833,NO,NO,NO,RISK_VISIBLE_TOO_SHORT_OR_HIDDEN,"Skip to content drycured.com RECEPTI BLOG KNJIGA FORUM Kalkulator Drycured podcast ALATI Menu Toggle Dijagnostika problema Praćenje gubitka težine Dnevnik serije Planer dimljenja Monitor sušionice HACCP kontrolna lista Inventar i sirovina Kalkulator soli Gener"
3128,"KYLMÄSAVULOHI (HLADNO DIMLJENI LOSOS)",https://drycured.com/recepti-baza/kylmasavulohi-hladno-dimljeni-losos/,3499,3499,0,200,304737,NO,1833,NO,NO,NO,RISK_VISIBLE_TOO_SHORT_OR_HIDDEN,"Skip to content drycured.com RECEPTI BLOG KNJIGA FORUM Kalkulator Drycured podcast ALATI Menu Toggle Dijagnostika problema Praćenje gubitka težine Dnevnik serije Planer dimljenja Monitor sušionice HACCP kontrolna lista Inventar i sirovina Kalkulator soli Gener"
3129,"Jambon de Bayonne (Bajonska šunka)",https://drycured.com/recepti-baza/jambon-de-bayonne-bajonska-sunka/,3656,3656,0,200,304505,NO,1833,NO,NO,NO,RISK_VISIBLE_TOO_SHORT_OR_HIDDEN,"Skip to content drycured.com RECEPTI BLOG KNJIGA FORUM Kalkulator Drycured podcast ALATI Menu Toggle Dijagnostika problema Praćenje gubitka težine Dnevnik serije Planer dimljenja Monitor sušionice HACCP kontrolna lista Inventar i sirovina Kalkulator soli Gener"
3131,"SAUCISSON SEC D'AUVERGNE",https://drycured.com/recepti-baza/saucisson-sec-d-auvergne/,4281,4281,0,200,304565,NO,1833,NO,NO,NO,RISK_VISIBLE_TOO_SHORT_OR_HIDDEN,"Skip to content drycured.com RECEPTI BLOG KNJIGA FORUM Kalkulator Drycured podcast ALATI Menu Toggle Dijagnostika problema Praćenje gubitka težine Dnevnik serije Planer dimljenja Monitor sušionice HACCP kontrolna lista Inventar i sirovina Kalkulator soli Gener"
3132,"Armatia (Αρματιά)",https://drycured.com/recepti-baza/armatia/,3849,3849,0,200,304450,NO,1833,NO,NO,NO,RISK_VISIBLE_TOO_SHORT_OR_HIDDEN,"Skip to content drycured.com RECEPTI BLOG KNJIGA FORUM Kalkulator Drycured podcast ALATI Menu Toggle Dijagnostika problema Praćenje gubitka težine Dnevnik serije Planer dimljenja Monitor sušionice HACCP kontrolna lista Inventar i sirovina Kalkulator soli Gener"
3133,"Pihti (Πηχτή)",https://drycured.com/recepti-baza/pihti/,3707,3707,0,200,304329,NO,1833,NO,NO,NO,RISK_VISIBLE_TOO_SHORT_OR_HIDDEN,"Skip to content drycured.com RECEPTI BLOG KNJIGA FORUM Kalkulator Drycured podcast ALATI Menu Toggle Dijagnostika problema Praćenje gubitka težine Dnevnik serije Planer dimljenja Monitor sušionice HACCP kontrolna lista Inventar i sirovina Kalkulator soli Gener"
3134,"Kavourmas (Καβουρμάς)",https://drycured.com/recepti-baza/kavourmas/,3881,3881,0,200,304629,NO,1833,NO,NO,NO,RISK_VISIBLE_TOO_SHORT_OR_HIDDEN,"Skip to content drycured.com RECEPTI BLOG KNJIGA FORUM Kalkulator Drycured podcast ALATI Menu Toggle Dijagnostika problema Praćenje gubitka težine Dnevnik serije Planer dimljenja Monitor sušionice HACCP kontrolna lista Inventar i sirovina Kalkulator soli Gener"
3135,"Pastourmas (Παστουρμάς)",https://drycured.com/recepti-baza/pastourmas/,3608,3608,0,200,354445,YES,10453,YES,NO,YES,OK_REAL_DCV5,"Skip to content drycured.com RECEPTI BLOG KNJIGA FORUM Kalkulator Drycured podcast ALATI Menu Toggle Dijagnostika problema Praćenje gubitka težine Dnevnik serije Planer dimljenja Monitor sušionice HACCP kontrolna lista Inventar i sirovina Kalkulator soli Gener"
3136,"Loukaniko (Λουκάνικο)",https://drycured.com/recepti-baza/loukaniko/,3865,3865,0,200,304629,NO,1833,NO,NO,NO,RISK_VISIBLE_TOO_SHORT_OR_HIDDEN,"Skip to content drycured.com RECEPTI BLOG KNJIGA FORUM Kalkulator Drycured podcast ALATI Menu Toggle Dijagnostika problema Praćenje gubitka težine Dnevnik serije Planer dimljenja Monitor sušionice HACCP kontrolna lista Inventar i sirovina Kalkulator soli Gener"
3137,"Apaki (Απάκι)",https://drycured.com/recepti-baza/apaki/,3626,3626,0,200,304329,NO,1833,NO,NO,NO,RISK_VISIBLE_TOO_SHORT_OR_HIDDEN,"Skip to content drycured.com RECEPTI BLOG KNJIGA FORUM Kalkulator Drycured podcast ALATI Menu Toggle Dijagnostika problema Praćenje gubitka težine Dnevnik serije Planer dimljenja Monitor sušionice HACCP kontrolna lista Inventar i sirovina Kalkulator soli Gener"
3138,"Noumboulo (Νούμπουλο)",https://drycured.com/recepti-baza/noumboulo/,3875,3875,0,200,304629,NO,1833,NO,NO,NO,RISK_VISIBLE_TOO_SHORT_OR_HIDDEN,"Skip to content drycured.com RECEPTI BLOG KNJIGA FORUM Kalkulator Drycured podcast ALATI Menu Toggle Dijagnostika problema Praćenje gubitka težine Dnevnik serije Planer dimljenja Monitor sušionice HACCP kontrolna lista Inventar i sirovina Kalkulator soli Gener"
3139,"Syglino (Σύγκλινο)",https://drycured.com/recepti-baza/syglino/,3678,3678,0,200,304527,NO,1833,NO,NO,NO,RISK_VISIBLE_TOO_SHORT_OR_HIDDEN,"Skip to content drycured.com RECEPTI BLOG KNJIGA FORUM Kalkulator Drycured podcast ALATI Menu Toggle Dijagnostika problema Praćenje gubitka težine Dnevnik serije Planer dimljenja Monitor sušionice HACCP kontrolna lista Inventar i sirovina Kalkulator soli Gener"
3140,"Skirts and Kidneys (Tradicionalna irska marinirana goveđa dijafragma)",https://drycured.com/recepti-baza/skirts-and-kidneys-tradicionalna-irska-marinirana-govea-dijafragma/,3782,3782,0,200,305320,NO,1833,NO,NO,NO,RISK_VISIBLE_TOO_SHORT_OR_HIDDEN,"Skip to content drycured.com RECEPTI BLOG KNJIGA FORUM Kalkulator Drycured podcast ALATI Menu Toggle Dijagnostika problema Praćenje gubitka težine Dnevnik serije Planer dimljenja Monitor sušionice HACCP kontrolna lista Inventar i sirovina Kalkulator soli Gener"
3141,"Svið (Dimljena janjeća glava)",https://drycured.com/recepti-baza/svi-dimljena-janjeca-glava/,3567,3567,0,200,304587,NO,1833,NO,NO,NO,RISK_VISIBLE_TOO_SHORT_OR_HIDDEN,"Skip to content drycured.com RECEPTI BLOG KNJIGA FORUM Kalkulator Drycured podcast ALATI Menu Toggle Dijagnostika problema Praćenje gubitka težine Dnevnik serije Planer dimljenja Monitor sušionice HACCP kontrolna lista Inventar i sirovina Kalkulator soli Gener"
3142,"Heilhornað Hangikjöt (Sušena janjeća rebra)",https://drycured.com/recepti-baza/heilhorna-hangikjot-susena-janjeca-rebra/,3614,3614,0,200,354498,YES,10469,YES,NO,YES,OK_REAL_DCV5,"Skip to content drycured.com RECEPTI BLOG KNJIGA FORUM Kalkulator Drycured podcast ALATI Menu Toggle Dijagnostika problema Praćenje gubitka težine Dnevnik serije Planer dimljenja Monitor sušionice HACCP kontrolna lista Inventar i sirovina Kalkulator soli Gener"
3143,"Torfær​ður Lambahryggur (Zakopana janjeća leđa)",https://drycured.com/recepti-baza/torfrur-lambahryggur-zakopana-janjeca-lea/,3715,3715,0,200,305016,NO,1833,NO,NO,NO,RISK_VISIBLE_TOO_SHORT_OR_HIDDEN,"Skip to content drycured.com RECEPTI BLOG KNJIGA FORUM Kalkulator Drycured podcast ALATI Menu Toggle Dijagnostika problema Praćenje gubitka težine Dnevnik serije Planer dimljenja Monitor sušionice HACCP kontrolna lista Inventar i sirovina Kalkulator soli Gener"
3144,"Selshreifar (Sušeni tuljanovi peraji)",https://drycured.com/recepti-baza/selshreifar-suseni-tuljanovi-peraji/,3692,3692,0,200,304717,NO,1833,NO,NO,NO,RISK_VISIBLE_TOO_SHORT_OR_HIDDEN,"Skip to content drycured.com RECEPTI BLOG KNJIGA FORUM Kalkulator Drycured podcast ALATI Menu Toggle Dijagnostika problema Praćenje gubitka težine Dnevnik serije Planer dimljenja Monitor sušionice HACCP kontrolna lista Inventar i sirovina Kalkulator soli Gener"
3145,"Hákarlasullur (Fermentirani trbuh grenlandskog morskog psa)",https://drycured.com/recepti-baza/hakarlasullur-fermentirani-trbuh-grenlandskog-morskog-psa/,3632,3632,0,200,305211,NO,1833,NO,NO,NO,RISK_VISIBLE_TOO_SHORT_OR_HIDDEN,"Skip to content drycured.com RECEPTI BLOG KNJIGA FORUM Kalkulator Drycured podcast ALATI Menu Toggle Dijagnostika problema Praćenje gubitka težine Dnevnik serije Planer dimljenja Monitor sušionice HACCP kontrolna lista Inventar i sirovina Kalkulator soli Gener"
3146,"Gellur (Sušeni riblji jezici)",https://drycured.com/recepti-baza/gellur-suseni-riblji-jezici/,3674,3674,0,200,304501,NO,1833,NO,NO,NO,RISK_VISIBLE_TOO_SHORT_OR_HIDDEN,"Skip to content drycured.com RECEPTI BLOG KNJIGA FORUM Kalkulator Drycured podcast ALATI Menu Toggle Dijagnostika problema Praćenje gubitka težine Dnevnik serije Planer dimljenja Monitor sušionice HACCP kontrolna lista Inventar i sirovina Kalkulator soli Gener"
3147,"Súrsaðir Hrútspungar Með Lyngi (Fermentirani ovnovski testisi s vrijeskom)",https://drycured.com/recepti-baza/sursair-hrutspungar-me-lyngi-fermentirani-ovnovski-testisi-s-vrijeskom/,3764,3764,0,200,305504,NO,1833,NO,NO,NO,RISK_VISIBLE_TOO_SHORT_OR_HIDDEN,"Skip to content drycured.com RECEPTI BLOG KNJIGA FORUM Kalkulator Drycured podcast ALATI Menu Toggle Dijagnostika problema Praćenje gubitka težine Dnevnik serije Planer dimljenja Monitor sušionice HACCP kontrolna lista Inventar i sirovina Kalkulator soli Gener"
3148,"Sviðasulta (Želatinizirano janjeće meso s glave)",https://drycured.com/recepti-baza/sviasulta-zelatinizirano-janjece-meso-s-glave/,3800,3800,0,200,304969,NO,1833,NO,NO,NO,RISK_VISIBLE_TOO_SHORT_OR_HIDDEN,"Skip to content drycured.com RECEPTI BLOG KNJIGA FORUM Kalkulator Drycured podcast ALATI Menu Toggle Dijagnostika problema Praćenje gubitka težine Dnevnik serije Planer dimljenja Monitor sušionice HACCP kontrolna lista Inventar i sirovina Kalkulator soli Gener"
3149,"Harðfiskur (Sušeni oslić)",https://drycured.com/recepti-baza/harfiskur-suseni-oslic/,3437,3437,0,200,304508,NO,1833,NO,NO,NO,RISK_VISIBLE_TOO_SHORT_OR_HIDDEN,"Skip to content drycured.com RECEPTI BLOG KNJIGA FORUM Kalkulator Drycured podcast ALATI Menu Toggle Dijagnostika problema Praćenje gubitka težine Dnevnik serije Planer dimljenja Monitor sušionice HACCP kontrolna lista Inventar i sirovina Kalkulator soli Gener"
3150,"Kæstur Hákarl (Fermentirano meso grenlandskog morskog psa)",https://drycured.com/recepti-baza/kstur-hakarl-fermentirano-meso-grenlandskog-morskog-psa/,3440,3440,0,200,305117,NO,1833,NO,NO,NO,RISK_VISIBLE_TOO_SHORT_OR_HIDDEN,"Skip to content drycured.com RECEPTI BLOG KNJIGA FORUM Kalkulator Drycured podcast ALATI Menu Toggle Dijagnostika problema Praćenje gubitka težine Dnevnik serije Planer dimljenja Monitor sušionice HACCP kontrolna lista Inventar i sirovina Kalkulator soli Gener"
3151,"Pastërma (Sušena govedina)",https://drycured.com/recepti-baza/pasterma-susena-govedina/,3425,3425,0,200,304490,NO,1833,NO,NO,NO,RISK_VISIBLE_TOO_SHORT_OR_HIDDEN,"Skip to content drycured.com RECEPTI BLOG KNJIGA FORUM Kalkulator Drycured podcast ALATI Menu Toggle Dijagnostika problema Praćenje gubitka težine Dnevnik serije Planer dimljenja Monitor sušionice HACCP kontrolna lista Inventar i sirovina Kalkulator soli Gener"
3152,"Skilandis (Tradicinis lietuviškas skilandis)",https://drycured.com/recepti-baza/skilandis-tradicinis-lietuviskas-skilandis/,3567,3567,0,200,304866,NO,1833,NO,NO,NO,RISK_VISIBLE_TOO_SHORT_OR_HIDDEN,"Skip to content drycured.com RECEPTI BLOG KNJIGA FORUM Kalkulator Drycured podcast ALATI Menu Toggle Dijagnostika problema Praćenje gubitka težine Dnevnik serije Planer dimljenja Monitor sušionice HACCP kontrolna lista Inventar i sirovina Kalkulator soli Gener"
3153,"Kindziukas (Kindzius)",https://drycured.com/recepti-baza/kindziukas-kindzius/,3664,3664,0,200,304440,NO,1833,NO,NO,NO,RISK_VISIBLE_TOO_SHORT_OR_HIDDEN,"Skip to content drycured.com RECEPTI BLOG KNJIGA FORUM Kalkulator Drycured podcast ALATI Menu Toggle Dijagnostika problema Praćenje gubitka težine Dnevnik serije Planer dimljenja Monitor sušionice HACCP kontrolna lista Inventar i sirovina Kalkulator soli Gener"
3154,"Lašiniai (Tradicionalna litavska slanina)",https://drycured.com/recepti-baza/lasiniai-tradicionalna-litavska-slanina/,3321,3321,0,200,304741,NO,1833,NO,NO,NO,RISK_VISIBLE_TOO_SHORT_OR_HIDDEN,"Skip to content drycured.com RECEPTI BLOG KNJIGA FORUM Kalkulator Drycured podcast ALATI Menu Toggle Dijagnostika problema Praćenje gubitka težine Dnevnik serije Planer dimljenja Monitor sušionice HACCP kontrolna lista Inventar i sirovina Kalkulator soli Gener"
3155,"Vytinta dešra (Sušena litavska kobasica)",https://drycured.com/recepti-baza/vytinta-desra-susena-litavska-kobasica/,4010,4010,0,200,304849,NO,1833,NO,NO,NO,RISK_VISIBLE_TOO_SHORT_OR_HIDDEN,"Skip to content drycured.com RECEPTI BLOG KNJIGA FORUM Kalkulator Drycured podcast ALATI Menu Toggle Dijagnostika problema Praćenje gubitka težine Dnevnik serije Planer dimljenja Monitor sušionice HACCP kontrolna lista Inventar i sirovina Kalkulator soli Gener"
3156,"Lički Planinarski Navršak",https://drycured.com/recepti-baza/licki-planinarski-navrsak/,3472,3472,0,200,304513,NO,1833,NO,NO,NO,RISK_VISIBLE_TOO_SHORT_OR_HIDDEN,"Skip to content drycured.com RECEPTI BLOG KNJIGA FORUM Kalkulator Drycured podcast ALATI Menu Toggle Dijagnostika problema Praćenje gubitka težine Dnevnik serije Planer dimljenja Monitor sušionice HACCP kontrolna lista Inventar i sirovina Kalkulator soli Gener"
3158,"Mađarska Slanina (Szalonna)",https://drycured.com/recepti-baza/maarska-slanina-szalonna/,3332,3332,0,200,304446,NO,1833,NO,NO,NO,RISK_VISIBLE_TOO_SHORT_OR_HIDDEN,"Skip to content drycured.com RECEPTI BLOG KNJIGA FORUM Kalkulator Drycured podcast ALATI Menu Toggle Dijagnostika problema Praćenje gubitka težine Dnevnik serije Planer dimljenja Monitor sušionice HACCP kontrolna lista Inventar i sirovina Kalkulator soli Gener"
3159,"Mađarska Dimljena Šunka (Füstölt Sonka)",https://drycured.com/recepti-baza/maarska-dimljena-sunka-fustolt-sonka/,3457,3457,0,200,304764,NO,1833,NO,NO,NO,RISK_VISIBLE_TOO_SHORT_OR_HIDDEN,"Skip to content drycured.com RECEPTI BLOG KNJIGA FORUM Kalkulator Drycured podcast ALATI Menu Toggle Dijagnostika problema Praćenje gubitka težine Dnevnik serije Planer dimljenja Monitor sušionice HACCP kontrolna lista Inventar i sirovina Kalkulator soli Gener"
3160,"Mađarski Dimljeni Jezik (Füstölt Nyelv)",https://drycured.com/recepti-baza/maarski-dimljeni-jezik-fustolt-nyelv/,3535,3535,0,200,304762,NO,1833,NO,NO,NO,RISK_VISIBLE_TOO_SHORT_OR_HIDDEN,"Skip to content drycured.com RECEPTI BLOG KNJIGA FORUM Kalkulator Drycured podcast ALATI Menu Toggle Dijagnostika problema Praćenje gubitka težine Dnevnik serije Planer dimljenja Monitor sušionice HACCP kontrolna lista Inventar i sirovina Kalkulator soli Gener"
3162,"Ossenworst (Goveđa sirova kobasica)",https://drycured.com/recepti-baza/ossenworst-govea-sirova-kobasica/,4058,4058,0,200,304682,NO,1833,NO,NO,NO,RISK_VISIBLE_TOO_SHORT_OR_HIDDEN,"Skip to content drycured.com RECEPTI BLOG KNJIGA FORUM Kalkulator Drycured podcast ALATI Menu Toggle Dijagnostika problema Praćenje gubitka težine Dnevnik serije Planer dimljenja Monitor sušionice HACCP kontrolna lista Inventar i sirovina Kalkulator soli Gener"
3163,"MOSTBRÖCKLI (ALPSKA SUŠENA GOVEDINA)",https://drycured.com/recepti-baza/mostbrockli-alpska-susena-govedina/,4005,4005,0,200,304664,NO,1833,NO,NO,NO,RISK_VISIBLE_TOO_SHORT_OR_HIDDEN,"Skip to content drycured.com RECEPTI BLOG KNJIGA FORUM Kalkulator Drycured podcast ALATI Menu Toggle Dijagnostika problema Praćenje gubitka težine Dnevnik serije Planer dimljenja Monitor sušionice HACCP kontrolna lista Inventar i sirovina Kalkulator soli Gener"
3164,"HOLSTEINER KATENSCHINKEN (HOLŠTAJNSKA DIMLJENA ŠUNKA)",https://drycured.com/recepti-baza/holsteiner-katenschinken-holstajnska-dimljena-sunka/,3972,3972,0,200,305071,NO,1833,NO,NO,NO,RISK_VISIBLE_TOO_SHORT_OR_HIDDEN,"Skip to content drycured.com RECEPTI BLOG KNJIGA FORUM Kalkulator Drycured podcast ALATI Menu Toggle Dijagnostika problema Praćenje gubitka težine Dnevnik serije Planer dimljenja Monitor sušionice HACCP kontrolna lista Inventar i sirovina Kalkulator soli Gener"
3166,"Leichter Karreeschinken s povrćem u eintopfu",https://drycured.com/recepti-baza/leichter-karreeschinken-s-povrcem-u-eintopfu/,4001,4001,0,200,304832,NO,1833,NO,NO,NO,RISK_VISIBLE_TOO_SHORT_OR_HIDDEN,"Skip to content drycured.com RECEPTI BLOG KNJIGA FORUM Kalkulator Drycured podcast ALATI Menu Toggle Dijagnostika problema Praćenje gubitka težine Dnevnik serije Planer dimljenja Monitor sušionice HACCP kontrolna lista Inventar i sirovina Kalkulator soli Gener"
3168,"RAKFISK (FERMENTIRANI SLATKOVODNI LOSOS)",https://drycured.com/recepti-baza/rakfisk-fermentirani-slatkovodni-losos/,3587,3587,0,200,304772,NO,1833,NO,NO,NO,RISK_VISIBLE_TOO_SHORT_OR_HIDDEN,"Skip to content drycured.com RECEPTI BLOG KNJIGA FORUM Kalkulator Drycured podcast ALATI Menu Toggle Dijagnostika problema Praćenje gubitka težine Dnevnik serije Planer dimljenja Monitor sušionice HACCP kontrolna lista Inventar i sirovina Kalkulator soli Gener"
3169,"LUTEFISK (SUŠENI BAKALAR)",https://drycured.com/recepti-baza/lutefisk-suseni-bakalar/,3487,3487,0,200,304453,NO,1833,NO,NO,NO,RISK_VISIBLE_TOO_SHORT_OR_HIDDEN,"Skip to content drycured.com RECEPTI BLOG KNJIGA FORUM Kalkulator Drycured podcast ALATI Menu Toggle Dijagnostika problema Praćenje gubitka težine Dnevnik serije Planer dimljenja Monitor sušionice HACCP kontrolna lista Inventar i sirovina Kalkulator soli Gener"
3170,"SMALAHOVE (SUŠENA OVČJA GLAVA)",https://drycured.com/recepti-baza/smalahove-susena-ovcja-glava/,3575,3575,0,200,304627,NO,1833,NO,NO,NO,RISK_VISIBLE_TOO_SHORT_OR_HIDDEN,"Skip to content drycured.com RECEPTI BLOG KNJIGA FORUM Kalkulator Drycured podcast ALATI Menu Toggle Dijagnostika problema Praćenje gubitka težine Dnevnik serije Planer dimljenja Monitor sušionice HACCP kontrolna lista Inventar i sirovina Kalkulator soli Gener"
3171,"FÅREPØLSE (TRADICIONALNA OVČJA KOBASICA)",https://drycured.com/recepti-baza/fareplse-tradicionalna-ovcja-kobasica/,4247,4247,0,200,305110,NO,1833,NO,NO,NO,RISK_VISIBLE_TOO_SHORT_OR_HIDDEN,"Skip to content drycured.com RECEPTI BLOG KNJIGA FORUM Kalkulator Drycured podcast ALATI Menu Toggle Dijagnostika problema Praćenje gubitka težine Dnevnik serije Planer dimljenja Monitor sušionice HACCP kontrolna lista Inventar i sirovina Kalkulator soli Gener"
3172,"ELGKJØTT SPEKEMAT (SUHO MESO LOSA)",https://drycured.com/recepti-baza/elgkjtt-spekemat-suho-meso-losa/,3483,3483,0,200,304511,NO,1833,NO,NO,NO,RISK_VISIBLE_TOO_SHORT_OR_HIDDEN,"Skip to content drycured.com RECEPTI BLOG KNJIGA FORUM Kalkulator Drycured podcast ALATI Menu Toggle Dijagnostika problema Praćenje gubitka težine Dnevnik serije Planer dimljenja Monitor sušionice HACCP kontrolna lista Inventar i sirovina Kalkulator soli Gener"
3173,"TJUKKMJØLKSPØLSE (FERMENTIRANA KOBASICA S MLIJEČNOM KULTUROM)",https://drycured.com/recepti-baza/tjukkmjlksplse-fermentirana-kobasica-s-mlijecnom-kulturom/,4494,4494,0,200,305564,NO,1833,NO,NO,NO,RISK_VISIBLE_TOO_SHORT_OR_HIDDEN,"Skip to content drycured.com RECEPTI BLOG KNJIGA FORUM Kalkulator Drycured podcast ALATI Menu Toggle Dijagnostika problema Praćenje gubitka težine Dnevnik serije Planer dimljenja Monitor sušionice HACCP kontrolna lista Inventar i sirovina Kalkulator soli Gener"
3174,"REINSDYRHJERTE (SUŠENO SRCE SOBA)",https://drycured.com/recepti-baza/reinsdyrhjerte-suseno-srce-soba/,3622,3622,0,200,304629,NO,1833,NO,NO,NO,RISK_VISIBLE_TOO_SHORT_OR_HIDDEN,"Skip to content drycured.com RECEPTI BLOG KNJIGA FORUM Kalkulator Drycured podcast ALATI Menu Toggle Dijagnostika problema Praćenje gubitka težine Dnevnik serije Planer dimljenja Monitor sušionice HACCP kontrolna lista Inventar i sirovina Kalkulator soli Gener"
3175,"PINNEKJØTT (SUŠENA REBRA)",https://drycured.com/recepti-baza/pinnekjtt-susena-rebra/,3566,3566,0,200,351172,YES,9757,YES,NO,YES,OK_REAL_DCV5,"Skip to content drycured.com RECEPTI BLOG KNJIGA FORUM Kalkulator Drycured podcast ALATI Menu Toggle Dijagnostika problema Praćenje gubitka težine Dnevnik serije Planer dimljenja Monitor sušionice HACCP kontrolna lista Inventar i sirovina Kalkulator soli Gener"
3176,"RØKELAKS (DIMLJENI LOSOS)",https://drycured.com/recepti-baza/rkelaks-dimljeni-losos/,3711,3711,0,200,304493,NO,1833,NO,NO,NO,RISK_VISIBLE_TOO_SHORT_OR_HIDDEN,"Skip to content drycured.com RECEPTI BLOG KNJIGA FORUM Kalkulator Drycured podcast ALATI Menu Toggle Dijagnostika problema Praćenje gubitka težine Dnevnik serije Planer dimljenja Monitor sušionice HACCP kontrolna lista Inventar i sirovina Kalkulator soli Gener"
3178,"Kuşbaşı Jerky (Turski goveđi jerky)",https://drycured.com/recepti-baza/kusbas-jerky-turski-govei-jerky/,3831,3831,0,200,304655,NO,1833,NO,NO,NO,RISK_VISIBLE_TOO_SHORT_OR_HIDDEN,"Skip to content drycured.com RECEPTI BLOG KNJIGA FORUM Kalkulator Drycured podcast ALATI Menu Toggle Dijagnostika problema Praćenje gubitka težine Dnevnik serije Planer dimljenja Monitor sušionice HACCP kontrolna lista Inventar i sirovina Kalkulator soli Gener"
3179,"Işkembe Dolması (Punjeni goveđi burag)",https://drycured.com/recepti-baza/iskembe-dolmas-punjeni-govei-burag/,3829,3829,0,200,304722,NO,1833,NO,NO,NO,RISK_VISIBLE_TOO_SHORT_OR_HIDDEN,"Skip to content drycured.com RECEPTI BLOG KNJIGA FORUM Kalkulator Drycured podcast ALATI Menu Toggle Dijagnostika problema Praćenje gubitka težine Dnevnik serije Planer dimljenja Monitor sušionice HACCP kontrolna lista Inventar i sirovina Kalkulator soli Gener"
3180,"Varaždinski Š(p)ek",https://drycured.com/recepti-baza/varazdinski-s-p-ek/,3474,3474,0,200,304466,NO,1833,NO,NO,NO,RISK_VISIBLE_TOO_SHORT_OR_HIDDEN,"Skip to content drycured.com RECEPTI BLOG KNJIGA FORUM Kalkulator Drycured podcast ALATI Menu Toggle Dijagnostika problema Praćenje gubitka težine Dnevnik serije Planer dimljenja Monitor sušionice HACCP kontrolna lista Inventar i sirovina Kalkulator soli Gener"
3181,"Đurđevački Zelenjak",https://drycured.com/recepti-baza/urevacki-zelenjak/,3394,3394,0,200,304488,NO,1833,NO,NO,NO,RISK_VISIBLE_TOO_SHORT_OR_HIDDEN,"Skip to content drycured.com RECEPTI BLOG KNJIGA FORUM Kalkulator Drycured podcast ALATI Menu Toggle Dijagnostika problema Praćenje gubitka težine Dnevnik serije Planer dimljenja Monitor sušionice HACCP kontrolna lista Inventar i sirovina Kalkulator soli Gener"
3182,"KINDZIUK (POLJSKO-LITAVSKA SUHA KOBASICA)",https://drycured.com/recepti-baza/kindziuk-poljsko-litavska-suha-kobasica/,4086,4086,0,200,304872,NO,1833,NO,NO,NO,RISK_VISIBLE_TOO_SHORT_OR_HIDDEN,"Skip to content drycured.com RECEPTI BLOG KNJIGA FORUM Kalkulator Drycured podcast ALATI Menu Toggle Dijagnostika problema Praćenje gubitka težine Dnevnik serije Planer dimljenja Monitor sušionice HACCP kontrolna lista Inventar i sirovina Kalkulator soli Gener"
3183,"KIEŁBASA WĘDZONA (DIMLJENA POLJSKA KOBASICA)",https://drycured.com/recepti-baza/kiebasa-wedzona-dimljena-poljska-kobasica/,4003,4003,0,200,304944,NO,1833,NO,NO,NO,RISK_VISIBLE_TOO_SHORT_OR_HIDDEN,"Skip to content drycured.com RECEPTI BLOG KNJIGA FORUM Kalkulator Drycured podcast ALATI Menu Toggle Dijagnostika problema Praćenje gubitka težine Dnevnik serije Planer dimljenja Monitor sušionice HACCP kontrolna lista Inventar i sirovina Kalkulator soli Gener"
3185,"Presunto de Porco Preto (Pršut od Crne Iberijske Svinje)",https://drycured.com/recepti-baza/presunto-de-porco-preto-prsut-od-crne-iberijske-svinje/,3415,3415,0,200,304954,NO,1833,NO,NO,NO,RISK_VISIBLE_TOO_SHORT_OR_HIDDEN,"Skip to content drycured.com RECEPTI BLOG KNJIGA FORUM Kalkulator Drycured podcast ALATI Menu Toggle Dijagnostika problema Praćenje gubitka težine Dnevnik serije Planer dimljenja Monitor sušionice HACCP kontrolna lista Inventar i sirovina Kalkulator soli Gener"
3188,"Lountza Kafteri (Λούντζα Καυτερή) - Ljuta dimljena svinjska vratina",https://drycured.com/recepti-baza/lountza-kafteri-ljuta-dimljena-svinjska-vratina/,3907,3907,0,200,357352,YES,11032,YES,NO,YES,OK_REAL_DCV5,"Skip to content drycured.com RECEPTI BLOG KNJIGA FORUM Kalkulator Drycured podcast ALATI Menu Toggle Dijagnostika problema Praćenje gubitka težine Dnevnik serije Planer dimljenja Monitor sušionice HACCP kontrolna lista Inventar i sirovina Kalkulator soli Gener"
3189,"Posyrti (Ποσυρτή) - Ciparska suha kobasica s divljim biljem",https://drycured.com/recepti-baza/posyrti-ciparska-suha-kobasica-s-divljim-biljem/,4326,4326,0,200,305246,NO,1833,NO,NO,NO,RISK_VISIBLE_TOO_SHORT_OR_HIDDEN,"Skip to content drycured.com RECEPTI BLOG KNJIGA FORUM Kalkulator Drycured podcast ALATI Menu Toggle Dijagnostika problema Praćenje gubitka težine Dnevnik serije Planer dimljenja Monitor sušionice HACCP kontrolna lista Inventar i sirovina Kalkulator soli Gener"
3190,"Afelia Pastarma (Αφέλια Παστάρμα) - Ciparska marinirana goveđa pisanica",https://drycured.com/recepti-baza/afelia-pastarma-ciparska-marinirana-govea-pisanica/,3964,3964,0,200,305587,NO,1833,NO,NO,NO,RISK_VISIBLE_TOO_SHORT_OR_HIDDEN,"Skip to content drycured.com RECEPTI BLOG KNJIGA FORUM Kalkulator Drycured podcast ALATI Menu Toggle Dijagnostika problema Praćenje gubitka težine Dnevnik serije Planer dimljenja Monitor sušionice HACCP kontrolna lista Inventar i sirovina Kalkulator soli Gener"
3191,"Ofto Lountza (Οφτή Λούντζα) - Ciparska zračno sušena janjetina",https://drycured.com/recepti-baza/ofto-lountza-ciparska-zracno-susena-janjetina/,3968,3968,0,200,305328,NO,1833,NO,NO,NO,RISK_VISIBLE_TOO_SHORT_OR_HIDDEN,"Skip to content drycured.com RECEPTI BLOG KNJIGA FORUM Kalkulator Drycured podcast ALATI Menu Toggle Dijagnostika problema Praćenje gubitka težine Dnevnik serije Planer dimljenja Monitor sušionice HACCP kontrolna lista Inventar i sirovina Kalkulator soli Gener"
3192,"Virovski ""Živi Čvarci""",https://drycured.com/recepti-baza/virovski-zivi-cvarci/,3613,3613,0,200,304586,NO,1833,NO,NO,NO,RISK_VISIBLE_TOO_SHORT_OR_HIDDEN,"Skip to content drycured.com RECEPTI BLOG KNJIGA FORUM Kalkulator Drycured podcast ALATI Menu Toggle Dijagnostika problema Praćenje gubitka težine Dnevnik serije Planer dimljenja Monitor sušionice HACCP kontrolna lista Inventar i sirovina Kalkulator soli Gener"
3193,"Ludbreška ""Tajna Kobasica""",https://drycured.com/recepti-baza/ludbreska-tajna-kobasica/,4044,4044,0,200,304679,NO,1833,NO,NO,NO,RISK_VISIBLE_TOO_SHORT_OR_HIDDEN,"Skip to content drycured.com RECEPTI BLOG KNJIGA FORUM Kalkulator Drycured podcast ALATI Menu Toggle Dijagnostika problema Praćenje gubitka težine Dnevnik serije Planer dimljenja Monitor sušionice HACCP kontrolna lista Inventar i sirovina Kalkulator soli Gener"
3194,"Đurđevački ""Zaboravljeni Š(p)ek""",https://drycured.com/recepti-baza/urevacki-zaboravljeni-s-p-ek/,3490,3490,0,200,304898,NO,1833,NO,NO,NO,RISK_VISIBLE_TOO_SHORT_OR_HIDDEN,"Skip to content drycured.com RECEPTI BLOG KNJIGA FORUM Kalkulator Drycured podcast ALATI Menu Toggle Dijagnostika problema Praćenje gubitka težine Dnevnik serije Planer dimljenja Monitor sušionice HACCP kontrolna lista Inventar i sirovina Kalkulator soli Gener"
3195,"Pregradski ""Šumski Šaptat""",https://drycured.com/recepti-baza/pregradski-sumski-saptat/,3480,3480,0,200,304653,NO,1833,NO,NO,NO,RISK_VISIBLE_TOO_SHORT_OR_HIDDEN,"Skip to content drycured.com RECEPTI BLOG KNJIGA FORUM Kalkulator Drycured podcast ALATI Menu Toggle Dijagnostika problema Praćenje gubitka težine Dnevnik serije Planer dimljenja Monitor sušionice HACCP kontrolna lista Inventar i sirovina Kalkulator soli Gener"
3196,"Križevački ""Začinski Vjetar""",https://drycured.com/recepti-baza/krizevacki-zacinski-vjetar/,3449,3449,0,200,304741,NO,1833,NO,NO,NO,RISK_VISIBLE_TOO_SHORT_OR_HIDDEN,"Skip to content drycured.com RECEPTI BLOG KNJIGA FORUM Kalkulator Drycured podcast ALATI Menu Toggle Dijagnostika problema Praćenje gubitka težine Dnevnik serije Planer dimljenja Monitor sušionice HACCP kontrolna lista Inventar i sirovina Kalkulator soli Gener"
3197,"Našički ""Ratarski Sjećaj""",https://drycured.com/recepti-baza/nasicki-ratarski-sjecaj/,3465,3465,0,200,304660,NO,1833,NO,NO,NO,RISK_VISIBLE_TOO_SHORT_OR_HIDDEN,"Skip to content drycured.com RECEPTI BLOG KNJIGA FORUM Kalkulator Drycured podcast ALATI Menu Toggle Dijagnostika problema Praćenje gubitka težine Dnevnik serije Planer dimljenja Monitor sušionice HACCP kontrolna lista Inventar i sirovina Kalkulator soli Gener"
3198,"Draževački ""Veteranski Sjećaj""",https://drycured.com/recepti-baza/drazevacki-veteranski-sjecaj/,3473,3473,0,200,304831,NO,1833,NO,NO,NO,RISK_VISIBLE_TOO_SHORT_OR_HIDDEN,"Skip to content drycured.com RECEPTI BLOG KNJIGA FORUM Kalkulator Drycured podcast ALATI Menu Toggle Dijagnostika problema Praćenje gubitka težine Dnevnik serije Planer dimljenja Monitor sušionice HACCP kontrolna lista Inventar i sirovina Kalkulator soli Gener"
3199,"Kalničkog ""Gorski Trag""",https://drycured.com/recepti-baza/kalnickog-gorski-trag/,3459,3459,0,200,304538,NO,1833,NO,NO,NO,RISK_VISIBLE_TOO_SHORT_OR_HIDDEN,"Skip to content drycured.com RECEPTI BLOG KNJIGA FORUM Kalkulator Drycured podcast ALATI Menu Toggle Dijagnostika problema Praćenje gubitka težine Dnevnik serije Planer dimljenja Monitor sušionice HACCP kontrolna lista Inventar i sirovina Kalkulator soli Gener"
3200,"Podravski ""Zaboravljeni Vrbovec""",https://drycured.com/recepti-baza/podravski-zaboravljeni-vrbovec/,3511,3511,0,200,304828,NO,1833,NO,NO,NO,RISK_VISIBLE_TOO_SHORT_OR_HIDDEN,"Skip to content drycured.com RECEPTI BLOG KNJIGA FORUM Kalkulator Drycured podcast ALATI Menu Toggle Dijagnostika problema Praćenje gubitka težine Dnevnik serije Planer dimljenja Monitor sušionice HACCP kontrolna lista Inventar i sirovina Kalkulator soli Gener"
3201,"Koprivnički ""Seoski Izvor""",https://drycured.com/recepti-baza/koprivnicki-seoski-izvor/,3655,3655,0,200,304619,NO,1833,NO,NO,NO,RISK_VISIBLE_TOO_SHORT_OR_HIDDEN,"Skip to content drycured.com RECEPTI BLOG KNJIGA FORUM Kalkulator Drycured podcast ALATI Menu Toggle Dijagnostika problema Praćenje gubitka težine Dnevnik serije Planer dimljenja Monitor sušionice HACCP kontrolna lista Inventar i sirovina Kalkulator soli Gener"
3202,"Đurđevački ""Ribarski Sjaj""",https://drycured.com/recepti-baza/urevacki-ribarski-sjaj/,3453,3453,0,200,304661,NO,1833,NO,NO,NO,RISK_VISIBLE_TOO_SHORT_OR_HIDDEN,"Skip to content drycured.com RECEPTI BLOG KNJIGA FORUM Kalkulator Drycured podcast ALATI Menu Toggle Dijagnostika problema Praćenje gubitka težine Dnevnik serije Planer dimljenja Monitor sušionice HACCP kontrolna lista Inventar i sirovina Kalkulator soli Gener"
3203,"Ludbreški ""Planinski Trag""",https://drycured.com/recepti-baza/ludbreski-planinski-trag/,3479,3479,0,200,304655,NO,1833,NO,NO,NO,RISK_VISIBLE_TOO_SHORT_OR_HIDDEN,"Skip to content drycured.com RECEPTI BLOG KNJIGA FORUM Kalkulator Drycured podcast ALATI Menu Toggle Dijagnostika problema Praćenje gubitka težine Dnevnik serije Planer dimljenja Monitor sušionice HACCP kontrolna lista Inventar i sirovina Kalkulator soli Gener"
3204,"Virovski ""Šumski Biseri""",https://drycured.com/recepti-baza/virovski-sumski-biseri/,3457,3457,0,200,304565,NO,1833,NO,NO,NO,RISK_VISIBLE_TOO_SHORT_OR_HIDDEN,"Skip to content drycured.com RECEPTI BLOG KNJIGA FORUM Kalkulator Drycured podcast ALATI Menu Toggle Dijagnostika problema Praćenje gubitka težine Dnevnik serije Planer dimljenja Monitor sušionice HACCP kontrolna lista Inventar i sirovina Kalkulator soli Gener"
3205,"PASTRAMĂ DE OAIE (Sušena ovčetina)",https://drycured.com/recepti-baza/pastrama-de-oaie-susena-ovcetina/,3796,3796,0,200,353090,YES,10174,YES,NO,YES,OK_REAL_DCV5,"Skip to content drycured.com RECEPTI BLOG KNJIGA FORUM Kalkulator Drycured podcast ALATI Menu Toggle Dijagnostika problema Praćenje gubitka težine Dnevnik serije Planer dimljenja Monitor sušionice HACCP kontrolna lista Inventar i sirovina Kalkulator soli Gener"
3206,"Basturma (Бастурма - Začinjeno sušeno goveđe meso)",https://drycured.com/recepti-baza/basturma-zacinjeno-suseno-govee-meso/,3808,3808,0,200,355586,YES,10642,YES,NO,YES,OK_REAL_DCV5,"Skip to content drycured.com RECEPTI BLOG KNJIGA FORUM Kalkulator Drycured podcast ALATI Menu Toggle Dijagnostika problema Praćenje gubitka težine Dnevnik serije Planer dimljenja Monitor sušionice HACCP kontrolna lista Inventar i sirovina Kalkulator soli Gener"
3207,"Koryushka (Корюшка - Dimljena mala riba)",https://drycured.com/recepti-baza/koryushka-dimljena-mala-riba/,3613,3613,0,200,304783,NO,1833,NO,NO,NO,RISK_VISIBLE_TOO_SHORT_OR_HIDDEN,"Skip to content drycured.com RECEPTI BLOG KNJIGA FORUM Kalkulator Drycured podcast ALATI Menu Toggle Dijagnostika problema Praćenje gubitka težine Dnevnik serije Planer dimljenja Monitor sušionice HACCP kontrolna lista Inventar i sirovina Kalkulator soli Gener"
3208,"Svinaya Vyrezka (Свиная вырезка - Sušeni svinjski file)",https://drycured.com/recepti-baza/svinaya-vyrezka-suseni-svinjski-file/,3737,3737,0,200,354716,YES,10421,YES,NO,YES,OK_REAL_DCV5,"Skip to content drycured.com RECEPTI BLOG KNJIGA FORUM Kalkulator Drycured podcast ALATI Menu Toggle Dijagnostika problema Praćenje gubitka težine Dnevnik serije Planer dimljenja Monitor sušionice HACCP kontrolna lista Inventar i sirovina Kalkulator soli Gener"
3210,"ARBROATH SMOKIES (DIMLJENA HARINGA)",https://drycured.com/recepti-baza/arbroath-smokies-dimljena-haringa/,3575,3575,0,200,304629,NO,1833,NO,NO,NO,RISK_VISIBLE_TOO_SHORT_OR_HIDDEN,"Skip to content drycured.com RECEPTI BLOG KNJIGA FORUM Kalkulator Drycured podcast ALATI Menu Toggle Dijagnostika problema Praćenje gubitka težine Dnevnik serije Planer dimljenja Monitor sušionice HACCP kontrolna lista Inventar i sirovina Kalkulator soli Gener"
3211,"Zgornjesavinjski želodec",https://drycured.com/recepti-baza/zgornjesavinjski-zelodec/,3801,3801,0,200,304537,NO,1833,NO,NO,NO,RISK_VISIBLE_TOO_SHORT_OR_HIDDEN,"Skip to content drycured.com RECEPTI BLOG KNJIGA FORUM Kalkulator Drycured podcast ALATI Menu Toggle Dijagnostika problema Praćenje gubitka težine Dnevnik serije Planer dimljenja Monitor sušionice HACCP kontrolna lista Inventar i sirovina Kalkulator soli Gener"
3212,"Lomo Embuchado - Začinjena Suha Svinjska Leđa",https://drycured.com/recepti-baza/lomo-embuchado-zacinjena-suha-svinjska-lea/,4025,4025,0,200,354349,YES,10443,YES,NO,YES,OK_REAL_DCV5,"Skip to content drycured.com RECEPTI BLOG KNJIGA FORUM Kalkulator Drycured podcast ALATI Menu Toggle Dijagnostika problema Praćenje gubitka težine Dnevnik serije Planer dimljenja Monitor sušionice HACCP kontrolna lista Inventar i sirovina Kalkulator soli Gener"
3213,"Cecina de León - Sušena Goveđa Cecina",https://drycured.com/recepti-baza/cecina-de-leon-susena-govea-cecina/,3857,3857,0,200,304572,NO,1833,NO,NO,NO,RISK_VISIBLE_TOO_SHORT_OR_HIDDEN,"Skip to content drycured.com RECEPTI BLOG KNJIGA FORUM Kalkulator Drycured podcast ALATI Menu Toggle Dijagnostika problema Praćenje gubitka težine Dnevnik serije Planer dimljenja Monitor sušionice HACCP kontrolna lista Inventar i sirovina Kalkulator soli Gener"
3214,"Crnogorski Sudžuk",https://drycured.com/recepti-baza/crnogorski-sudzuk/,3982,3982,0,200,304340,NO,1833,NO,NO,NO,RISK_VISIBLE_TOO_SHORT_OR_HIDDEN,"Skip to content drycured.com RECEPTI BLOG KNJIGA FORUM Kalkulator Drycured podcast ALATI Menu Toggle Dijagnostika problema Praćenje gubitka težine Dnevnik serije Planer dimljenja Monitor sušionice HACCP kontrolna lista Inventar i sirovina Kalkulator soli Gener"
3215,"SCHAFFHAUSER SCHÜBLIG (DIMLJENA GOVEĐA KOBASICA)",https://drycured.com/recepti-baza/schaffhauser-schublig-dimljena-govea-kobasica/,4312,4312,0,200,305125,NO,1833,NO,NO,NO,RISK_VISIBLE_TOO_SHORT_OR_HIDDEN,"Skip to content drycured.com RECEPTI BLOG KNJIGA FORUM Kalkulator Drycured podcast ALATI Menu Toggle Dijagnostika problema Praćenje gubitka težine Dnevnik serije Planer dimljenja Monitor sušionice HACCP kontrolna lista Inventar i sirovina Kalkulator soli Gener"
3216,"BÜNDNERFLEISCH (GRAUBÜNDENSKI SUŠENI GOVEĐI BUT)",https://drycured.com/recepti-baza/bundnerfleisch-graubundenski-suseni-govei-but/,3517,3517,0,200,352556,YES,9988,YES,NO,YES,OK_REAL_DCV5,"Skip to content drycured.com RECEPTI BLOG KNJIGA FORUM Kalkulator Drycured podcast ALATI Menu Toggle Dijagnostika problema Praćenje gubitka težine Dnevnik serije Planer dimljenja Monitor sušionice HACCP kontrolna lista Inventar i sirovina Kalkulator soli Gener"
3217,"Culatello di Zibello - Kulatelo iz Zibella",https://drycured.com/recepti-baza/culatello-di-zibello-kulatelo-iz-zibella/,4044,4044,0,200,304641,NO,1833,NO,NO,NO,RISK_VISIBLE_TOO_SHORT_OR_HIDDEN,"Skip to content drycured.com RECEPTI BLOG KNJIGA FORUM Kalkulator Drycured podcast ALATI Menu Toggle Dijagnostika problema Praćenje gubitka težine Dnevnik serije Planer dimljenja Monitor sušionice HACCP kontrolna lista Inventar i sirovina Kalkulator soli Gener"
3218,"PANCETTA ARROTOLATA",https://drycured.com/recepti-baza/pancetta-arrotolata/,3542,3542,0,200,304425,NO,1833,NO,NO,NO,RISK_VISIBLE_TOO_SHORT_OR_HIDDEN,"Skip to content drycured.com RECEPTI BLOG KNJIGA FORUM Kalkulator Drycured podcast ALATI Menu Toggle Dijagnostika problema Praćenje gubitka težine Dnevnik serije Planer dimljenja Monitor sušionice HACCP kontrolna lista Inventar i sirovina Kalkulator soli Gener"
3219,"Herzegovina Livanjska Devenica",https://drycured.com/recepti-baza/herzegovina-livanjska-devenica/,3500,3500,0,200,304674,NO,1833,NO,NO,NO,RISK_VISIBLE_TOO_SHORT_OR_HIDDEN,"Skip to content drycured.com RECEPTI BLOG KNJIGA FORUM Kalkulator Drycured podcast ALATI Menu Toggle Dijagnostika problema Praćenje gubitka težine Dnevnik serije Planer dimljenja Monitor sušionice HACCP kontrolna lista Inventar i sirovina Kalkulator soli Gener"
3222,"Mostarsko Zrno - Unikatna Mesna Kombinacija",https://drycured.com/recepti-baza/mostarsko-zrno-unikatna-mesna-kombinacija/,3451,3451,0,200,304756,NO,1833,NO,NO,NO,RISK_VISIBLE_TOO_SHORT_OR_HIDDEN,"Skip to content drycured.com RECEPTI BLOG KNJIGA FORUM Kalkulator Drycured podcast ALATI Menu Toggle Dijagnostika problema Praćenje gubitka težine Dnevnik serije Planer dimljenja Monitor sušionice HACCP kontrolna lista Inventar i sirovina Kalkulator soli Gener"
3223,"Etnografska studija kulinarskog naslijeđa",https://drycured.com/recepti-baza/etnografska-studija-kulinarskog-naslijea/,4001,4001,0,200,304936,NO,1833,NO,NO,NO,RISK_VISIBLE_TOO_SHORT_OR_HIDDEN,"Skip to content drycured.com RECEPTI BLOG KNJIGA FORUM Kalkulator Drycured podcast ALATI Menu Toggle Dijagnostika problema Praćenje gubitka težine Dnevnik serije Planer dimljenja Monitor sušionice HACCP kontrolna lista Inventar i sirovina Kalkulator soli Gener"
3224,"Polendvytsia (Полендвиця) - Sušeni svinjski file",https://drycured.com/recepti-baza/polendvytsia-suseni-svinjski-file/,3596,3596,0,200,305096,NO,1833,NO,NO,NO,RISK_VISIBLE_TOO_SHORT_OR_HIDDEN,"Skip to content drycured.com RECEPTI BLOG KNJIGA FORUM Kalkulator Drycured podcast ALATI Menu Toggle Dijagnostika problema Praćenje gubitka težine Dnevnik serije Planer dimljenja Monitor sušionice HACCP kontrolna lista Inventar i sirovina Kalkulator soli Gener"
3225,"Shukhevychivska Kovbasa (Шухевичівська ковбаса) - Sušena kobasica s paprom",https://drycured.com/recepti-baza/shukhevychivska-kovbasa-susena-kobasica-s-paprom/,4353,4353,0,200,305969,NO,1833,NO,NO,NO,RISK_VISIBLE_TOO_SHORT_OR_HIDDEN,"Skip to content drycured.com RECEPTI BLOG KNJIGA FORUM Kalkulator Drycured podcast ALATI Menu Toggle Dijagnostika problema Praćenje gubitka težine Dnevnik serije Planer dimljenja Monitor sušionice HACCP kontrolna lista Inventar i sirovina Kalkulator soli Gener"
3226,"Miasnyi Khlib (М'ясний хліб) - Mesni kruh",https://drycured.com/recepti-baza/miasnyi-khlib-mesni-kruh/,3902,3902,0,200,304800,NO,1833,NO,NO,NO,RISK_VISIBLE_TOO_SHORT_OR_HIDDEN,"Skip to content drycured.com RECEPTI BLOG KNJIGA FORUM Kalkulator Drycured podcast ALATI Menu Toggle Dijagnostika problema Praćenje gubitka težine Dnevnik serije Planer dimljenja Monitor sušionice HACCP kontrolna lista Inventar i sirovina Kalkulator soli Gener"
3227,"Dimlenyi Yazyk (Димлений язик) - Dimljeni goveđi jezik",https://drycured.com/recepti-baza/dimlenyi-yazyk-dimljeni-govei-jezik/,3686,3686,0,200,305126,NO,1833,NO,NO,NO,RISK_VISIBLE_TOO_SHORT_OR_HIDDEN,"Skip to content drycured.com RECEPTI BLOG KNJIGA FORUM Kalkulator Drycured podcast ALATI Menu Toggle Dijagnostika problema Praćenje gubitka težine Dnevnik serije Planer dimljenja Monitor sušionice HACCP kontrolna lista Inventar i sirovina Kalkulator soli Gener"
3228,"Salo (Сало) - Ukrajinska slanina",https://drycured.com/recepti-baza/salo-ukrajinska-slanina/,3553,3553,0,200,304492,NO,1833,NO,NO,NO,RISK_VISIBLE_TOO_SHORT_OR_HIDDEN,"Skip to content drycured.com RECEPTI BLOG KNJIGA FORUM Kalkulator Drycured podcast ALATI Menu Toggle Dijagnostika problema Praćenje gubitka težine Dnevnik serije Planer dimljenja Monitor sušionice HACCP kontrolna lista Inventar i sirovina Kalkulator soli Gener"
3229,"Domašnja Kovbasa (Домашня ковбаса) - Domaća kobasica",https://drycured.com/recepti-baza/domasnja-kovbasa-domaca-kobasica/,4276,4276,0,200,305375,NO,1833,NO,NO,NO,RISK_VISIBLE_TOO_SHORT_OR_HIDDEN,"Skip to content drycured.com RECEPTI BLOG KNJIGA FORUM Kalkulator Drycured podcast ALATI Menu Toggle Dijagnostika problema Praćenje gubitka težine Dnevnik serije Planer dimljenja Monitor sušionice HACCP kontrolna lista Inventar i sirovina Kalkulator soli Gener"
3230,"Buženina (Буженина) - Pečena i sušena svinjetina",https://drycured.com/recepti-baza/buzenina-pecena-i-susena-svinjetina/,3647,3647,0,200,305034,NO,1833,NO,NO,NO,RISK_VISIBLE_TOO_SHORT_OR_HIDDEN,"Skip to content drycured.com RECEPTI BLOG KNJIGA FORUM Kalkulator Drycured podcast ALATI Menu Toggle Dijagnostika problema Praćenje gubitka težine Dnevnik serije Planer dimljenja Monitor sušionice HACCP kontrolna lista Inventar i sirovina Kalkulator soli Gener"
3232,"Solonina (Солонина) - Salamurena govedina",https://drycured.com/recepti-baza/solonina-salamurena-govedina/,4012,4012,0,200,304903,NO,1833,NO,NO,NO,RISK_VISIBLE_TOO_SHORT_OR_HIDDEN,"Skip to content drycured.com RECEPTI BLOG KNJIGA FORUM Kalkulator Drycured podcast ALATI Menu Toggle Dijagnostika problema Praćenje gubitka težine Dnevnik serije Planer dimljenja Monitor sušionice HACCP kontrolna lista Inventar i sirovina Kalkulator soli Gener"
3233,"Češnjovke 1.2021 – domaća varijanta",https://drycured.com/recepti-baza/e-njovke-1-2021-doma-a-varijanta/,3916,3916,0,200,304765,NO,1833,NO,NO,NO,RISK_VISIBLE_TOO_SHORT_OR_HIDDEN,"Skip to content drycured.com RECEPTI BLOG KNJIGA FORUM Kalkulator Drycured podcast ALATI Menu Toggle Dijagnostika problema Praćenje gubitka težine Dnevnik serije Planer dimljenja Monitor sušionice HACCP kontrolna lista Inventar i sirovina Kalkulator soli Gener"
3234,"Kranjska 1.2021 – domaća varijanta",https://drycured.com/recepti-baza/kranjska-1-2021-doma-a-varijanta/,4117,4117,0,200,304685,NO,1833,NO,NO,NO,RISK_VISIBLE_TOO_SHORT_OR_HIDDEN,"Skip to content drycured.com RECEPTI BLOG KNJIGA FORUM Kalkulator Drycured podcast ALATI Menu Toggle Dijagnostika problema Praćenje gubitka težine Dnevnik serije Planer dimljenja Monitor sušionice HACCP kontrolna lista Inventar i sirovina Kalkulator soli Gener"
3236,"Pečena salamurena slanina s toplim dimom",https://drycured.com/recepti-baza/pe-ena-salamurena-slanina-s-toplim-dimom/,3820,3820,0,200,304728,NO,1833,NO,NO,NO,RISK_VISIBLE_TOO_SHORT_OR_HIDDEN,"Skip to content drycured.com RECEPTI BLOG KNJIGA FORUM Kalkulator Drycured podcast ALATI Menu Toggle Dijagnostika problema Praćenje gubitka težine Dnevnik serije Planer dimljenja Monitor sušionice HACCP kontrolna lista Inventar i sirovina Kalkulator soli Gener"
3308,"Istarska kobasica",https://drycured.com/recepti-baza/hr-is-001-istarska-kobasica/,50,5856,6136,200,304390,NO,1833,NO,NO,NO,RISK_VISIBLE_TOO_SHORT_OR_HIDDEN,"Skip to content drycured.com RECEPTI BLOG KNJIGA FORUM Kalkulator Drycured podcast ALATI Menu Toggle Dijagnostika problema Praćenje gubitka težine Dnevnik serije Planer dimljenja Monitor sušionice HACCP kontrolna lista Inventar i sirovina Kalkulator soli Gener"
3309,"Rovinjska kobasica",https://drycured.com/recepti-baza/hr-is-002-rovinjska-kobasica/,76,5856,6136,200,304529,NO,1833,NO,NO,NO,RISK_VISIBLE_TOO_SHORT_OR_HIDDEN,"Skip to content drycured.com RECEPTI BLOG KNJIGA FORUM Kalkulator Drycured podcast ALATI Menu Toggle Dijagnostika problema Praćenje gubitka težine Dnevnik serije Planer dimljenja Monitor sušionice HACCP kontrolna lista Inventar i sirovina Kalkulator soli Gener"
3310,"Pazinska kobasica",https://drycured.com/recepti-baza/hr-is-003-pazinska-kobasica/,67,5856,6136,200,304462,NO,1833,NO,NO,NO,RISK_VISIBLE_TOO_SHORT_OR_HIDDEN,"Skip to content drycured.com RECEPTI BLOG KNJIGA FORUM Kalkulator Drycured podcast ALATI Menu Toggle Dijagnostika problema Praćenje gubitka težine Dnevnik serije Planer dimljenja Monitor sušionice HACCP kontrolna lista Inventar i sirovina Kalkulator soli Gener"
3311,"Lička kobasica",https://drycured.com/recepti-baza/hr-li-001-licka-kobasica/,71,5856,6136,200,304443,NO,1833,NO,NO,NO,RISK_VISIBLE_TOO_SHORT_OR_HIDDEN,"Skip to content drycured.com RECEPTI BLOG KNJIGA FORUM Kalkulator Drycured podcast ALATI Menu Toggle Dijagnostika problema Praćenje gubitka težine Dnevnik serije Planer dimljenja Monitor sušionice HACCP kontrolna lista Inventar i sirovina Kalkulator soli Gener"
3312,"Sinjska kobasica",https://drycured.com/recepti-baza/hr-da-001-sinjska-kobasica/,41,5856,6136,200,304339,NO,1833,NO,NO,NO,RISK_VISIBLE_TOO_SHORT_OR_HIDDEN,"Skip to content drycured.com RECEPTI BLOG KNJIGA FORUM Kalkulator Drycured podcast ALATI Menu Toggle Dijagnostika problema Praćenje gubitka težine Dnevnik serije Planer dimljenja Monitor sušionice HACCP kontrolna lista Inventar i sirovina Kalkulator soli Gener"
3313,"Korčulanska kobasica",https://drycured.com/recepti-baza/hr-da-002-korculanska-kobasica/,71,5856,6136,200,304565,NO,1833,NO,NO,NO,RISK_VISIBLE_TOO_SHORT_OR_HIDDEN,"Skip to content drycured.com RECEPTI BLOG KNJIGA FORUM Kalkulator Drycured podcast ALATI Menu Toggle Dijagnostika problema Praćenje gubitka težine Dnevnik serije Planer dimljenja Monitor sušionice HACCP kontrolna lista Inventar i sirovina Kalkulator soli Gener"
3314,"Hvarska prstena kobasica",https://drycured.com/recepti-baza/hr-da-003-hvarska-prstena-kobasica/,65,5856,6136,200,304595,NO,1833,NO,NO,NO,RISK_VISIBLE_TOO_SHORT_OR_HIDDEN,"Skip to content drycured.com RECEPTI BLOG KNJIGA FORUM Kalkulator Drycured podcast ALATI Menu Toggle Dijagnostika problema Praćenje gubitka težine Dnevnik serije Planer dimljenja Monitor sušionice HACCP kontrolna lista Inventar i sirovina Kalkulator soli Gener"
3315,"Vrgorački kulen",https://drycured.com/recepti-baza/hr-da-004-vrgoracki-kulen/,62,5856,6136,200,304421,NO,1833,NO,NO,NO,RISK_VISIBLE_TOO_SHORT_OR_HIDDEN,"Skip to content drycured.com RECEPTI BLOG KNJIGA FORUM Kalkulator Drycured podcast ALATI Menu Toggle Dijagnostika problema Praćenje gubitka težine Dnevnik serije Planer dimljenja Monitor sušionice HACCP kontrolna lista Inventar i sirovina Kalkulator soli Gener"
