path,name,extension,category,size_bytes,modified_utc,sha256
04_OPERATION/recipe_master/00_START_HERE_DCV5_RECIPE_MASTER.md,00_START_HERE_DCV5_RECIPE_MASTER.md,.md,RECIPE_SOURCE_CANDIDATE_MD,6247,2026-06-11T11:21:56.381056+00:00,cdcf9e2c61c8acd5860ee51c0ff3c0a90a20a4bba4eb44f8ed5937221f3dbb15
04_OPERATION/recipe_master/DCV5_DATA_CONTRACT.md,DCV5_DATA_CONTRACT.md,.md,RECIPE_SOURCE_CANDIDATE_MD,5666,2026-06-09T16:56:32.652215+00:00,f25c69bc6abfe43169ad18c288d7e10dd3517cfa464e01cd353b0c59f463b4f3
04_OPERATION/recipe_master/README.md,README.md,.md,RECIPE_SOURCE_CANDIDATE_MD,1540,2026-06-09T15:59:08.095685+00:00,e303c08392e335bbd18fd1ee76cdf787f20b2b73f7b13e09217eab7eee02ff8d
04_OPERATION/recipe_master/WHOLE_CUT_SOURCE_SAFE_POLICY.md,WHOLE_CUT_SOURCE_SAFE_POLICY.md,.md,RECIPE_SOURCE_CANDIDATE_MD,1614,2026-06-11T11:21:56.330055+00:00,1c5217ba1ad9a02b4e5b29f852611a42ea4d7aff4667b42c484bef9daad95850
04_OPERATION/recipe_master/backups/README_SENSITIVE_BACKUPS.md,README_SENSITIVE_BACKUPS.md,.md,RECIPE_SOURCE_CANDIDATE_MD,747,2026-06-18T18:52:57.149640+00:00,33a0023457b1d94d670cb06c85be5349317060677d9174c34639ebe5dc2ed06f
04_OPERATION/recipe_master/backups/drycured-recipe-view-v1_before_data_adapter_preview_2026-06-17_16-10-01.php,drycured-recipe-view-v1_before_data_adapter_preview_2026-06-17_16-10-01.php,.php,RENDERER_UI_PROTECTED_SCRIPT,266117,2026-06-17T16:10:01.196598+00:00,37d4ad76c5f49c6c218c8090bdf92ad9d75ff3d9f1b485d068a75079b30fd7a0
04_OPERATION/recipe_master/backups/drycured-recipe-view-v1_before_dcv40_early_return_fix_2026-06-17_16-15-27.php,drycured-recipe-view-v1_before_dcv40_early_return_fix_2026-06-17_16-15-27.php,.php,RENDERER_UI_PROTECTED_SCRIPT,277527,2026-06-17T16:15:27.869983+00:00,a959aea34cad507a8955fd383c1481a9f120df5af2cada284347366ee33d09b9
04_OPERATION/recipe_master/backups/drycured-recipe-view-v1_before_dcv40_public_2976_2026-06-17_16-26-43.php,drycured-recipe-view-v1_before_dcv40_public_2976_2026-06-17_16-26-43.php,.php,RENDERER_UI_PROTECTED_SCRIPT,278216,2026-06-17T16:26:43.368422+00:00,4f2cae19d40c1ae63cc30b54fb9f9a69dd749ac2006dada29bf15360c4754b88
04_OPERATION/recipe_master/backups/drycured-recipe-view-v1_before_dcv40_quick_fix_2026-06-17_16-23-15.php,drycured-recipe-view-v1_before_dcv40_quick_fix_2026-06-17_16-23-15.php,.php,RENDERER_UI_PROTECTED_SCRIPT,277752,2026-06-17T16:23:15.858665+00:00,195c40cfb2df55177f1b183c518836a257a5f4216de325737003d18f0d02c5fc
04_OPERATION/recipe_master/backups/drycured-recipe-view-v1_before_dcv40_sensor_profile_fix_2026-06-17_16-40-03.php,drycured-recipe-view-v1_before_dcv40_sensor_profile_fix_2026-06-17_16-40-03.php,.php,RENDERER_UI_PROTECTED_SCRIPT,278372,2026-06-17T16:40:03.665791+00:00,63738b60a092456e4335dbff2d95d2524faff351ac192fcbb1a8847365906c71
04_OPERATION/recipe_master/backups/drycured-recipe-view-v1_before_dcv41_nitrite_safety_2026-06-17_16-56-19.php,drycured-recipe-view-v1_before_dcv41_nitrite_safety_2026-06-17_16-56-19.php,.php,RENDERER_UI_PROTECTED_SCRIPT,278049,2026-06-17T16:56:19.426252+00:00,dc78bbcf8de158293b787f282aabb65b1c79e4e1a5a07ab7ae876668b95d7542
04_OPERATION/recipe_master/backups/drycured-recipe-view-v1_before_dcv42_phase_timeframes_2026-06-18_17-02-21.php,drycured-recipe-view-v1_before_dcv42_phase_timeframes_2026-06-18_17-02-21.php,.php,RENDERER_UI_PROTECTED_SCRIPT,281490,2026-06-18T17:02:21.081596+00:00,423ff9ce5acf9768ce52204a5e17b71bfd634ac15325365b326e254b0cd37bb0
04_OPERATION/recipe_master/backups/drycured-recipe-view-v1_before_dcv43_visible_timeline_2026-06-18_17-11-01.php,drycured-recipe-view-v1_before_dcv43_visible_timeline_2026-06-18_17-11-01.php,.php,RENDERER_UI_PROTECTED_SCRIPT,281890,2026-06-18T17:11:01.338679+00:00,399d3dd44e37585ee3547d2eae7cae53d9d119b3a92774632ebeb26fd7bea881
04_OPERATION/recipe_master/backups/drycured-recipe-view-v1_before_dcv44_smoking_cycle_duration_2026-06-18_17-18-00.php,drycured-recipe-view-v1_before_dcv44_smoking_cycle_duration_2026-06-18_17-18-00.php,.php,RENDERER_UI_PROTECTED_SCRIPT,282589,2026-06-18T17:18:00.707930+00:00,a500d728e0cbfced0204de87edadbc417afbb9f12dfe258e9b9a32ba03dcaad9
04_OPERATION/recipe_master/backups/drycured-recipe-view-v1_before_nitrite_note_display_fix_2026-06-18_16-33-18.php,drycured-recipe-view-v1_before_nitrite_note_display_fix_2026-06-18_16-33-18.php,.php,RENDERER_UI_PROTECTED_SCRIPT,280846,2026-06-18T16:33:18.659862+00:00,669325f9fa98774318aecc220592e40d6e89a1a062dcf2c1ec205964676d3f1e
04_OPERATION/recipe_master/canon/croatia/slavonska-kobasica/before_2976_meta.json,before_2976_meta.json,.json,RECIPE_SOURCE_CANDIDATE_DATA,28081,2026-06-15T08:33:23.527603+00:00,23e1429cf607ad26becf4bf53a93be7794f2dbdfa269a05463ab9906471c88f8
04_OPERATION/recipe_master/canon/croatia/slavonska-kobasica/before_2976_post.json,before_2976_post.json,.json,RECIPE_SOURCE_CANDIDATE_DATA,7591,2026-06-15T08:33:22.994599+00:00,8efddfc2058557eec55b629c4f9f36cc3740265af3917916c18af2518e0e3bd0
04_OPERATION/recipe_master/canon/croatia/slavonska-kobasica/before_2981_meta.json,before_2981_meta.json,.json,RECIPE_SOURCE_CANDIDATE_DATA,26287,2026-06-15T08:33:24.668612+00:00,82e5cd4dd8ea3ffa1a86748e2d5764c53cd42a46fbd3e446f0e37d294c36ec18
04_OPERATION/recipe_master/canon/croatia/slavonska-kobasica/before_2981_post.json,before_2981_post.json,.json,RECIPE_SOURCE_CANDIDATE_DATA,7478,2026-06-15T08:33:24.087607+00:00,d155314edc36b595e99cc55de338d525b0ad1d9c5ac22521c28dbe35d580f803
04_OPERATION/recipe_master/canon/croatia/slavonska-kobasica/public_render_notes.md,public_render_notes.md,.md,RECIPE_SOURCE_CANDIDATE_MD,805,2026-06-15T08:46:30.849634+00:00,2bc6a9c94c73088e791c9ea31291ece0e11e7f5d8fc4ff2769e5f81a498c07c2
04_OPERATION/recipe_master/canon/croatia/slavonska-kobasica/qa_report.md,qa_report.md,.md,RECIPE_SOURCE_CANDIDATE_MD,757,2026-06-15T08:33:24.693612+00:00,41d9b18c5eda3e07ad31090fe5e27bf23aab854d972b593d6d47401b9394ab4b
04_OPERATION/recipe_master/canon/croatia/slavonska-kobasica/recipe.yml,recipe.yml,.yml,RECIPE_SOURCE_CANDIDATE_DATA,11561,2026-06-15T08:46:30.848634+00:00,a8e48286b53af4c272d06a916139046fb4d7b72241a8219aa022a1e02893e685
04_OPERATION/recipe_master/canon/croatia/slavonska-kobasica/server_candidates_wpcli.txt,server_candidates_wpcli.txt,.txt,OTHER,1794,2026-06-15T08:33:22.428595+00:00,
04_OPERATION/recipe_master/canon/croatia/slavonska-kobasica/sources.yml,sources.yml,.yml,RECIPE_SOURCE_CANDIDATE_DATA,2618,2026-06-15T08:33:24.690612+00:00,942ff736d0ab083b8586efd12ba2520ee165560943d364b05707952a8d6482bc
04_OPERATION/recipe_master/canon/croatia/slavonska-kobasica/wordpress_import_log.md,wordpress_import_log.md,.md,RECIPE_SOURCE_CANDIDATE_MD,224,2026-06-15T17:25:00.369342+00:00,accdf9901e8b2519684a4c9548ed16f5225c82503b37b5df05957097ab655494
04_OPERATION/recipe_master/dcv5_contract_evidence/dcv5_contract_creation_summary.txt,dcv5_contract_creation_summary.txt,.txt,OTHER,813,2026-06-09T16:56:32.652215+00:00,
04_OPERATION/recipe_master/dcv5_contract_evidence/dcv5_renderer_map_latest.txt,dcv5_renderer_map_latest.txt,.txt,OTHER,170407,2026-06-09T16:56:32.571215+00:00,
04_OPERATION/recipe_master/dcv5_contract_evidence/source_extracts/dcv5_hook_and_meta_map.txt,dcv5_hook_and_meta_map.txt,.txt,OTHER,8341,2026-06-09T16:56:32.651215+00:00,
04_OPERATION/recipe_master/dcv5_contract_evidence/source_extracts/full__drycured-batch001-force-dcv5-template.php.txt,full__drycured-batch001-force-dcv5-template.php.txt,.txt,OTHER,2794,2026-06-09T16:56:32.644215+00:00,
04_OPERATION/recipe_master/dcv5_contract_evidence/source_extracts/full__drycured-batch001-profile-bridge.php.txt,full__drycured-batch001-profile-bridge.php.txt,.txt,OTHER,13282,2026-06-09T16:56:32.644215+00:00,
04_OPERATION/recipe_master/dcv5_contract_evidence/source_extracts/full__drycured-batch001-public-profile-bridge.php.txt,full__drycured-batch001-public-profile-bridge.php.txt,.txt,OTHER,2076,2026-06-09T16:56:32.644215+00:00,
04_OPERATION/recipe_master/dcv5_contract_evidence/source_extracts/full__drycured-granulation-display-core.php.txt,full__drycured-granulation-display-core.php.txt,.txt,OTHER,6148,2026-06-09T16:56:32.644215+00:00,
04_OPERATION/recipe_master/dcv5_contract_evidence/source_extracts/full__drycured-md-v5-bridge-pilot.php.txt,full__drycured-md-v5-bridge-pilot.php.txt,.txt,OTHER,18336,2026-06-09T16:56:32.644215+00:00,
04_OPERATION/recipe_master/dcv5_contract_evidence/source_extracts/full__drycured-product-gate-v1-1-clean-render.php.txt,full__drycured-product-gate-v1-1-clean-render.php.txt,.txt,OTHER,3365,2026-06-09T16:56:32.644215+00:00,
04_OPERATION/recipe_master/dcv5_contract_evidence/source_extracts/full__drycured-recipe-view-v1.php.txt,full__drycured-recipe-view-v1.php.txt,.txt,OTHER,266064,2026-06-09T16:56:32.643215+00:00,
04_OPERATION/recipe_master/dcv5_contract_evidence/source_extracts/full__drycured-verified-process-adapter.php.txt,full__drycured-verified-process-adapter.php.txt,.txt,OTHER,32661,2026-06-09T16:56:32.644215+00:00,
04_OPERATION/recipe_master/dcv5_contract_evidence/source_extracts/main__dc_canon_recipe_override_content.php.txt,main__dc_canon_recipe_override_content.php.txt,.txt,OTHER,13682,2026-06-09T16:56:32.622215+00:00,
04_OPERATION/recipe_master/dcv5_contract_evidence/source_extracts/main__dcv5_card.php.txt,main__dcv5_card.php.txt,.txt,OTHER,710,2026-06-09T16:56:32.626215+00:00,
04_OPERATION/recipe_master/dcv5_contract_evidence/source_extracts/main__dcv5_get_recipe_profile.php.txt,main__dcv5_get_recipe_profile.php.txt,.txt,OTHER,2135,2026-06-09T16:56:32.633215+00:00,
04_OPERATION/recipe_master/dcv5_contract_evidence/source_extracts/main__dcv5_ratarske_kobasice_profile.php.txt,main__dcv5_ratarske_kobasice_profile.php.txt,.txt,OTHER,12410,2026-06-09T16:56:32.642215+00:00,
04_OPERATION/recipe_master/dcv5_contract_evidence/source_extracts/main__dcv5_recipe_js_profile.php.txt,main__dcv5_recipe_js_profile.php.txt,.txt,OTHER,1100,2026-06-09T16:56:32.635215+00:00,
04_OPERATION/recipe_master/dcv5_contract_evidence/source_extracts/main__dcv5_recipe_view_pilot_content.php.txt,main__dcv5_recipe_view_pilot_content.php.txt,.txt,OTHER,33689,2026-06-09T16:56:32.624215+00:00,
04_OPERATION/recipe_master/dcv5_contract_evidence/source_extracts/main__dcv5_render_recipe_schema.php.txt,main__dcv5_render_recipe_schema.php.txt,.txt,OTHER,1256,2026-06-09T16:56:32.628215+00:00,
04_OPERATION/recipe_master/dcv5_contract_evidence/source_extracts/main__dcv5_slavonski_kulen_profile.php.txt,main__dcv5_slavonski_kulen_profile.php.txt,.txt,OTHER,10158,2026-06-09T16:56:32.637215+00:00,
04_OPERATION/recipe_master/dcv5_contract_evidence/source_extracts/main__dcv5_supported_recipe_codes.php.txt,main__dcv5_supported_recipe_codes.php.txt,.txt,OTHER,264,2026-06-09T16:56:32.631215+00:00,
04_OPERATION/recipe_master/dcv5_contract_evidence/source_extracts/main__dcv5_vinkovacka_sunka_profile.php.txt,main__dcv5_vinkovacka_sunka_profile.php.txt,.txt,OTHER,8917,2026-06-09T16:56:32.639215+00:00,
04_OPERATION/recipe_master/docs/DRYCURED_PRIVATE_PREVIEW_WORKFLOW_TEMPLATE_v1.md,DRYCURED_PRIVATE_PREVIEW_WORKFLOW_TEMPLATE_v1.md,.md,RECIPE_SOURCE_CANDIDATE_MD,3269,2026-06-19T16:58:15.821096+00:00,edbbf0ec91be4b3492e01e85346e6cb8d685e08a00086280b23765fd94964f08
04_OPERATION/recipe_master/docs/DRYCURED_RECIPE_DATA_CONTRACT_v1.0.md,DRYCURED_RECIPE_DATA_CONTRACT_v1.0.md,.md,RECIPE_SOURCE_CANDIDATE_MD,6170,2026-06-15T17:50:57.283190+00:00,254ad695ed24ff57bd44f6e4278aac23bfe444893ffc04c4117b37abf7e8de0d
04_OPERATION/recipe_master/docs/DRYCURED_RECIPE_DISPLAY_LOCK_v1.0.md,DRYCURED_RECIPE_DISPLAY_LOCK_v1.0.md,.md,RECIPE_SOURCE_CANDIDATE_MD,1609,2026-06-17T15:36:20.097526+00:00,0b48d87603df19042a8dcfc8d88523912ee473481b79864e5877e2b194222c21
04_OPERATION/recipe_master/docs/DRYCURED_RECIPE_TYPE_ROUTER_LAW_v1.0.md,DRYCURED_RECIPE_TYPE_ROUTER_LAW_v1.0.md,.md,RECIPE_SOURCE_CANDIDATE_MD,12219,2026-06-18T17:43:16.600220+00:00,eaf3d682eb70cacce27527948771b75f7ade29a85d0dab70519c1b125d8013ea
04_OPERATION/recipe_master/docs/DRYCURED_RENDERER_PATCH_PLAN_v1.0.md,DRYCURED_RENDERER_PATCH_PLAN_v1.0.md,.md,RECIPE_SOURCE_CANDIDATE_MD,2703,2026-06-15T17:50:57.286191+00:00,f1987fb8683a36201cd8e7fec44d968d7c291c7a09b6b59f466653db8c222819
04_OPERATION/recipe_master/dossiers/hr_strict_batch_01_2026-06-19_18-09-29/2697_baranjska-ljuta-slavonska-kobasica/README.md,README.md,.md,DOSSIER_MARKDOWN,2361,2026-06-19T19:01:24.398524+00:00,28a7f5b37a2fd0d086b21fb31856b7f46aac49c0afb4a047ca8208ac77de80ff
04_OPERATION/recipe_master/dossiers/hr_strict_batch_01_2026-06-19_18-09-29/2697_baranjska-ljuta-slavonska-kobasica/qa_report.md,qa_report.md,.md,DOSSIER_MARKDOWN,3870,2026-06-19T19:01:24.398524+00:00,ac6d58f1c41bb2bf1021e0cb10a1526336c67bda601d283af7154a1bea61d6b9
04_OPERATION/recipe_master/dossiers/hr_strict_batch_01_2026-06-19_18-09-29/2697_baranjska-ljuta-slavonska-kobasica/recipe.yml,recipe.yml,.yml,DOSSIER_DATA,15572,2026-06-19T18:40:58.193027+00:00,98da84d32700fc691ff0dddeceabd9613c7ddf7a211815126df2eaf803c38a9a
04_OPERATION/recipe_master/dossiers/hr_strict_batch_01_2026-06-19_18-09-29/2697_baranjska-ljuta-slavonska-kobasica/review/preview_payload_v1_2026-06-19_18-54-39/2697_PREVIEW_PAYLOAD_REPORT.md,2697_PREVIEW_PAYLOAD_REPORT.md,.md,DOSSIER_MARKDOWN,2084,2026-06-19T18:54:39.626252+00:00,8ac84f46618f47a89b2536868f043896f8522ba16bf7dcc0139525a92b6a2e72
04_OPERATION/recipe_master/dossiers/hr_strict_batch_01_2026-06-19_18-09-29/2697_baranjska-ljuta-slavonska-kobasica/review/preview_payload_v1_2026-06-19_18-54-39/2697_dry_recipe_full_markdown.md,2697_dry_recipe_full_markdown.md,.md,DOSSIER_MARKDOWN,8217,2026-06-19T18:54:39.625252+00:00,bef09899a4861e94fef7c192006ebd67870f5f117b4dc539c59e601f4787dec8
04_OPERATION/recipe_master/dossiers/hr_strict_batch_01_2026-06-19_18-09-29/2697_baranjska-ljuta-slavonska-kobasica/review/preview_payload_v1_2026-06-19_18-54-39/2697_dry_recipe_sections.json,2697_dry_recipe_sections.json,.json,DOSSIER_DATA,14295,2026-06-19T18:54:39.625252+00:00,ec94f85cc9687428e61a78ff92177311f0b95629ec69a26a80796c1eda452088
04_OPERATION/recipe_master/dossiers/hr_strict_batch_01_2026-06-19_18-09-29/2697_baranjska-ljuta-slavonska-kobasica/review/preview_payload_v1_2026-06-19_18-54-39/2697_dry_verified_process.json,2697_dry_verified_process.json,.json,DOSSIER_DATA,6867,2026-06-19T18:54:39.625252+00:00,987235445bba3c9ab8ed248a5de55f072ae6f21156c3a6bd429d7d59d99ef762
04_OPERATION/recipe_master/dossiers/hr_strict_batch_01_2026-06-19_18-09-29/2697_baranjska-ljuta-slavonska-kobasica/review/preview_payload_v1_2026-06-19_18-54-39/2697_preview_payload_checks.csv,2697_preview_payload_checks.csv,.csv,DOSSIER_DATA,1093,2026-06-19T18:54:39.626252+00:00,14bc8727c18d13677cf194d315050191e6bc510f4ed00b91f2337ecb14a68740
04_OPERATION/recipe_master/dossiers/hr_strict_batch_01_2026-06-19_18-09-29/2697_baranjska-ljuta-slavonska-kobasica/review/preview_payload_v1_2026-06-19_18-54-39/2697_preview_payload_output.txt,2697_preview_payload_output.txt,.txt,OTHER,785,2026-06-19T18:54:39.626252+00:00,
04_OPERATION/recipe_master/dossiers/hr_strict_batch_01_2026-06-19_18-09-29/2697_baranjska-ljuta-slavonska-kobasica/review/preview_payload_v1_2026-06-19_18-54-39/2697_private_preview_payload_v1.json,2697_private_preview_payload_v1.json,.json,DOSSIER_DATA,31937,2026-06-19T18:54:39.625252+00:00,3c480fb72b729cecbdfd20f940d3bf5d1dbe08c2b1dfff58f46e8b39202c7f46
04_OPERATION/recipe_master/dossiers/hr_strict_batch_01_2026-06-19_18-09-29/2697_baranjska-ljuta-slavonska-kobasica/review/private_clone_v1_2026-06-19_19-01-22/2697_PRIVATE_CLONE_REPORT.md,2697_PRIVATE_CLONE_REPORT.md,.md,DOSSIER_MARKDOWN,2036,2026-06-19T19:01:24.398524+00:00,fb3bd52b036f91d5aacf02a52b9b57fd0b3b0e29fd398e07bc4633456b742405
04_OPERATION/recipe_master/dossiers/hr_strict_batch_01_2026-06-19_18-09-29/2697_baranjska-ljuta-slavonska-kobasica/review/private_clone_v1_2026-06-19_19-01-22/2697_private_clone_checks.csv,2697_private_clone_checks.csv,.csv,DOSSIER_DATA,920,2026-06-19T19:01:24.398524+00:00,bd632ba02215ee67d62847cd4bd885b8d74d41dedaad58ca907b6e3e96ba6ff4
04_OPERATION/recipe_master/dossiers/hr_strict_batch_01_2026-06-19_18-09-29/2697_baranjska-ljuta-slavonska-kobasica/review/private_clone_v1_2026-06-19_19-01-22/2697_private_clone_output.txt,2697_private_clone_output.txt,.txt,OTHER,629,2026-06-19T19:01:24.400524+00:00,
04_OPERATION/recipe_master/dossiers/hr_strict_batch_01_2026-06-19_18-09-29/2697_baranjska-ljuta-slavonska-kobasica/review/private_clone_v1_2026-06-19_19-01-22/2697_private_clone_result.json,2697_private_clone_result.json,.json,DOSSIER_DATA,4987,2026-06-19T19:01:24.398524+00:00,5408df7845a13ec75f74ebd425ba06b5de079c75c009d7313770a6f29df7810f
04_OPERATION/recipe_master/dossiers/hr_strict_batch_01_2026-06-19_18-09-29/2697_baranjska-ljuta-slavonska-kobasica/review/quick_intake_v1_2026-06-19_18-09-29/2697_QUICK_INTAKE_REPORT.md,2697_QUICK_INTAKE_REPORT.md,.md,DOSSIER_MARKDOWN,2279,2026-06-19T18:09:30.560801+00:00,39afa01083ea5246bec3ad3ba880a897abf6701eb51b10f2cfa1b040ec90cf28
04_OPERATION/recipe_master/dossiers/hr_strict_batch_01_2026-06-19_18-09-29/2697_baranjska-ljuta-slavonska-kobasica/review/quick_intake_v1_2026-06-19_18-09-29/2697_meta_inventory.csv,2697_meta_inventory.csv,.csv,DOSSIER_DATA,1781,2026-06-19T18:09:30.560801+00:00,077ddb5de34a93ab62a819ae7c74a82dffa1b5df828a6e55394c5cb5b9c3a42d
04_OPERATION/recipe_master/dossiers/hr_strict_batch_01_2026-06-19_18-09-29/2697_baranjska-ljuta-slavonska-kobasica/review/quick_intake_v1_2026-06-19_18-09-29/2697_public_html_snapshot.html,2697_public_html_snapshot.html,.html,OTHER,271140,2026-06-19T18:09:30.560801+00:00,
04_OPERATION/recipe_master/dossiers/hr_strict_batch_01_2026-06-19_18-09-29/2697_baranjska-ljuta-slavonska-kobasica/review/quick_intake_v1_2026-06-19_18-09-29/2697_quick_intake_checks.csv,2697_quick_intake_checks.csv,.csv,DOSSIER_DATA,1465,2026-06-19T18:09:30.560801+00:00,0b7c79434b4caedd9cb52fc6ef4e0ede941ce2b816cece6706907f04dba30485
04_OPERATION/recipe_master/dossiers/hr_strict_batch_01_2026-06-19_18-09-29/2697_baranjska-ljuta-slavonska-kobasica/review/quick_intake_v1_2026-06-19_18-09-29/2697_quick_intake_output.txt,2697_quick_intake_output.txt,.txt,OTHER,523,2026-06-19T18:09:30.561801+00:00,
04_OPERATION/recipe_master/dossiers/hr_strict_batch_01_2026-06-19_18-09-29/2697_baranjska-ljuta-slavonska-kobasica/review/quick_intake_v1_2026-06-19_18-09-29/2697_quick_intake_v1.json,2697_quick_intake_v1.json,.json,DOSSIER_DATA,15872,2026-06-19T18:09:30.560801+00:00,732637a4981d30760440e744b5417871dd3383c1340f5b2127758cfb61344b43
04_OPERATION/recipe_master/dossiers/hr_strict_batch_01_2026-06-19_18-09-29/2697_baranjska-ljuta-slavonska-kobasica/review/quick_intake_v1_2026-06-19_18-09-29/2697_render_snapshot.html,2697_render_snapshot.html,.html,OTHER,4419,2026-06-19T18:09:30.560801+00:00,
04_OPERATION/recipe_master/dossiers/hr_strict_batch_01_2026-06-19_18-09-29/2697_baranjska-ljuta-slavonska-kobasica/review/recipe_yml_draft_v1_2026-06-19_18-40-58/2697_RECIPE_YML_DRAFT_REPORT.md,2697_RECIPE_YML_DRAFT_REPORT.md,.md,DOSSIER_MARKDOWN,4169,2026-06-19T18:40:58.193027+00:00,632720a9f8f14f2d31257c64ee9cb7aa907fff68c0e92685511bd25934c7e904
04_OPERATION/recipe_master/dossiers/hr_strict_batch_01_2026-06-19_18-09-29/2697_baranjska-ljuta-slavonska-kobasica/review/recipe_yml_draft_v1_2026-06-19_18-40-58/2697_recipe_yml_draft_checks.csv,2697_recipe_yml_draft_checks.csv,.csv,DOSSIER_DATA,1041,2026-06-19T18:40:58.193027+00:00,9c441d73492e80b6b853980938506360a4902ff6742c1a733f59b4a4e2a5d157
04_OPERATION/recipe_master/dossiers/hr_strict_batch_01_2026-06-19_18-09-29/2697_baranjska-ljuta-slavonska-kobasica/review/recipe_yml_draft_v1_2026-06-19_18-40-58/2697_recipe_yml_draft_output.txt,2697_recipe_yml_draft_output.txt,.txt,OTHER,691,2026-06-19T18:40:58.194027+00:00,
04_OPERATION/recipe_master/dossiers/hr_strict_batch_01_2026-06-19_18-09-29/2697_baranjska-ljuta-slavonska-kobasica/review/recipe_yml_draft_v1_2026-06-19_18-40-58/2697_recipe_yml_draft_v1.json,2697_recipe_yml_draft_v1.json,.json,DOSSIER_DATA,15572,2026-06-19T18:40:58.193027+00:00,98da84d32700fc691ff0dddeceabd9613c7ddf7a211815126df2eaf803c38a9a
04_OPERATION/recipe_master/dossiers/hr_strict_batch_01_2026-06-19_18-09-29/2697_baranjska-ljuta-slavonska-kobasica/review/recipe_yml_internal_qa_v1_2026-06-19_18-48-00/2697_RECIPE_YML_INTERNAL_QA_REPORT.md,2697_RECIPE_YML_INTERNAL_QA_REPORT.md,.md,DOSSIER_MARKDOWN,7502,2026-06-19T18:48:00.400230+00:00,40f1e54eff6ddc16bf3ceda064ab5896e2737da059e3b18727ef7574589c93f2
04_OPERATION/recipe_master/dossiers/hr_strict_batch_01_2026-06-19_18-09-29/2697_baranjska-ljuta-slavonska-kobasica/review/recipe_yml_internal_qa_v1_2026-06-19_18-48-00/2697_recipe_yml_internal_qa_checks.csv,2697_recipe_yml_internal_qa_checks.csv,.csv,DOSSIER_DATA,5936,2026-06-19T18:48:00.400230+00:00,85183fdf4da1d72a04335d508f7a0a4a562ba5e730d701c253024843703542c4
04_OPERATION/recipe_master/dossiers/hr_strict_batch_01_2026-06-19_18-09-29/2697_baranjska-ljuta-slavonska-kobasica/review/recipe_yml_internal_qa_v1_2026-06-19_18-48-00/2697_recipe_yml_internal_qa_output.txt,2697_recipe_yml_internal_qa_output.txt,.txt,OTHER,599,2026-06-19T18:48:00.400230+00:00,
04_OPERATION/recipe_master/dossiers/hr_strict_batch_01_2026-06-19_18-09-29/2697_baranjska-ljuta-slavonska-kobasica/review/recipe_yml_internal_qa_v1_2026-06-19_18-48-00/2697_recipe_yml_internal_qa_v1.json,2697_recipe_yml_internal_qa_v1.json,.json,DOSSIER_DATA,13135,2026-06-19T18:48:00.400230+00:00,4c18a93df409062c369769850ca23e537055f807d5220734e0b5ce5a6a7f5c17
04_OPERATION/recipe_master/dossiers/hr_strict_batch_01_2026-06-19_18-09-29/2697_baranjska-ljuta-slavonska-kobasica/review/source_validation_repair_v1_2026-06-19_18-33-37/2697_SOURCE_VALIDATION_REPAIR_REPORT.md,2697_SOURCE_VALIDATION_REPAIR_REPORT.md,.md,DOSSIER_MARKDOWN,648,2026-06-19T18:33:37.329661+00:00,ee085995e1fed11263660b9552d51a12c6f5aa6b06770576844509b901c2e885
04_OPERATION/recipe_master/dossiers/hr_strict_batch_01_2026-06-19_18-09-29/2697_baranjska-ljuta-slavonska-kobasica/review/source_validation_repair_v1_2026-06-19_18-33-37/2697_source_validation_repair_output.txt,2697_source_validation_repair_output.txt,.txt,OTHER,854,2026-06-19T18:33:37.330661+00:00,
04_OPERATION/recipe_master/dossiers/hr_strict_batch_01_2026-06-19_18-09-29/2697_baranjska-ljuta-slavonska-kobasica/review/source_validation_repair_v1_2026-06-19_18-33-37/2697_source_validation_repair_v1.json,2697_source_validation_repair_v1.json,.json,DOSSIER_DATA,1820,2026-06-19T18:33:37.329661+00:00,8ab1aa9db06ec0d0e468dcaf63fb652c10e862cf216246dabb6ff5d8dcdafc05
04_OPERATION/recipe_master/dossiers/hr_strict_batch_01_2026-06-19_18-09-29/2697_baranjska-ljuta-slavonska-kobasica/review/source_validation_v1_2026-06-19_18-29-44/2697_SOURCE_VALIDATION_REPORT.md,2697_SOURCE_VALIDATION_REPORT.md,.md,DOSSIER_MARKDOWN,3834,2026-06-19T18:33:37.329661+00:00,cb61c160d026b6a7be1516b3a4d437aa7980bd1d34062ed6d7f40913fb031f00
04_OPERATION/recipe_master/dossiers/hr_strict_batch_01_2026-06-19_18-09-29/2697_baranjska-ljuta-slavonska-kobasica/review/source_validation_v1_2026-06-19_18-29-44/2697_source_validation_checks.csv,2697_source_validation_checks.csv,.csv,DOSSIER_DATA,690,2026-06-19T18:33:37.329661+00:00,542d647f1910162f45a336ce5b54cab70ec705fb27f120a45dee13eafda7f31c
04_OPERATION/recipe_master/dossiers/hr_strict_batch_01_2026-06-19_18-09-29/2697_baranjska-ljuta-slavonska-kobasica/review/source_validation_v1_2026-06-19_18-29-44/2697_source_validation_output.txt,2697_source_validation_output.txt,.txt,OTHER,668,2026-06-19T18:29:44.578868+00:00,
04_OPERATION/recipe_master/dossiers/hr_strict_batch_01_2026-06-19_18-09-29/2697_baranjska-ljuta-slavonska-kobasica/review/source_validation_v1_2026-06-19_18-29-44/2697_source_validation_v1.json,2697_source_validation_v1.json,.json,DOSSIER_DATA,6141,2026-06-19T18:33:37.329661+00:00,75c8cfdf13a1470d6842e600c5b8c99c271b8ebf357740114ac78388a93247f1
04_OPERATION/recipe_master/dossiers/hr_strict_batch_01_2026-06-19_18-09-29/2697_baranjska-ljuta-slavonska-kobasica/review/source_validation_v1_2026-06-19_18-29-44/2697_sources_snapshot.yml,2697_sources_snapshot.yml,.yml,DOSSIER_DATA,3421,2026-06-19T18:33:37.329661+00:00,468e85ecaeafb9f217cabfd2669c918b8e05321282427bb8faefb42fda90fb2c
04_OPERATION/recipe_master/dossiers/hr_strict_batch_01_2026-06-19_18-09-29/2697_baranjska-ljuta-slavonska-kobasica/sources.yml,sources.yml,.yml,DOSSIER_DATA,3421,2026-06-19T18:33:37.329661+00:00,468e85ecaeafb9f217cabfd2669c918b8e05321282427bb8faefb42fda90fb2c
04_OPERATION/recipe_master/dossiers/hr_strict_batch_01_2026-06-19_18-09-29/2697_baranjska-ljuta-slavonska-kobasica/wordpress_import_log.md,wordpress_import_log.md,.md,DOSSIER_MARKDOWN,560,2026-06-19T19:01:24.398524+00:00,8b3132635ccdf42e6993dcb3e71274c26747c70c9b2794302667ef4fb1a797e3
04_OPERATION/recipe_master/dossiers/pilot_batch_01b_strict_ground_2026-06-18_18-04-36/1982_finocchiona-toscana/README.md,README.md,.md,DOSSIER_MARKDOWN,2727,2026-06-19T17:35:20.074367+00:00,a0e897410e06db532c7e0368036cadc9b605c3e7e9e72a45ade96186d81e60f0
04_OPERATION/recipe_master/dossiers/pilot_batch_01b_strict_ground_2026-06-18_18-04-36/1982_finocchiona-toscana/public_text_snapshot.txt,public_text_snapshot.txt,.txt,OTHER,8891,2026-06-18T18:04:37.537364+00:00,
04_OPERATION/recipe_master/dossiers/pilot_batch_01b_strict_ground_2026-06-18_18-04-36/1982_finocchiona-toscana/qa_report.md,qa_report.md,.md,DOSSIER_MARKDOWN,5242,2026-06-19T17:35:20.074367+00:00,361d89987bfae8eb7ac0b783fc1de146cfb7f341f8ba1305e532cdcbdca7bfeb
04_OPERATION/recipe_master/dossiers/pilot_batch_01b_strict_ground_2026-06-18_18-04-36/1982_finocchiona-toscana/raw_wp_snapshot.json,raw_wp_snapshot.json,.json,DOSSIER_DATA,17266,2026-06-18T18:04:37.537364+00:00,6a48e6a07b34edb01ca80cf4d3d940e7b34b0ec7ad3a5770a7c9d3be44bb58de
04_OPERATION/recipe_master/dossiers/pilot_batch_01b_strict_ground_2026-06-18_18-04-36/1982_finocchiona-toscana/recipe.yml,recipe.yml,.yml,DOSSIER_DATA,12309,2026-06-19T17:15:50.057201+00:00,28926f22d8fcf90667a32d5a7c2e8ed0535cd9d91c76531a0156091d2c12bfa7
04_OPERATION/recipe_master/dossiers/pilot_batch_01b_strict_ground_2026-06-18_18-04-36/1982_finocchiona-toscana/review/pilot_closure_v1_2026-06-19_17-35-20/1982_PILOT_CLOSURE_REPORT.md,1982_PILOT_CLOSURE_REPORT.md,.md,DOSSIER_MARKDOWN,2517,2026-06-19T17:35:20.074367+00:00,05d2d6fb03fe1c9c1aca1b0c8a73e536dcb589f6346590fe65825397e62ffe48
04_OPERATION/recipe_master/dossiers/pilot_batch_01b_strict_ground_2026-06-18_18-04-36/1982_finocchiona-toscana/review/pilot_closure_v1_2026-06-19_17-35-20/1982_pilot_closure_checks.csv,1982_pilot_closure_checks.csv,.csv,DOSSIER_DATA,796,2026-06-19T17:35:20.074367+00:00,3330521605b357178e7b9ce4aaf70f6773ddc76213ca78183915acea2ea42396
04_OPERATION/recipe_master/dossiers/pilot_batch_01b_strict_ground_2026-06-18_18-04-36/1982_finocchiona-toscana/review/pilot_closure_v1_2026-06-19_17-35-20/1982_pilot_closure_output.txt,1982_pilot_closure_output.txt,.txt,OTHER,536,2026-06-19T17:35:20.074367+00:00,
04_OPERATION/recipe_master/dossiers/pilot_batch_01b_strict_ground_2026-06-18_18-04-36/1982_finocchiona-toscana/review/pilot_closure_v1_2026-06-19_17-35-20/1982_pilot_closure_v1.json,1982_pilot_closure_v1.json,.json,DOSSIER_DATA,2526,2026-06-19T17:35:20.074367+00:00,f6a55ed9bff62bfd6a230a80ba2b470138e1a7450346bc1e2b927e2dc5cecc5b
04_OPERATION/recipe_master/dossiers/pilot_batch_01b_strict_ground_2026-06-18_18-04-36/1982_finocchiona-toscana/review/preview_payload_v1_2026-06-19_17-27-15/1982_PREVIEW_PAYLOAD_REPORT.md,1982_PREVIEW_PAYLOAD_REPORT.md,.md,DOSSIER_MARKDOWN,1647,2026-06-19T17:27:15.375359+00:00,85429a342223f6c2afe729df7fbab2c1b44c36b4313d218317579241a44534eb
04_OPERATION/recipe_master/dossiers/pilot_batch_01b_strict_ground_2026-06-18_18-04-36/1982_finocchiona-toscana/review/preview_payload_v1_2026-06-19_17-27-15/1982_dry_recipe_full_markdown.md,1982_dry_recipe_full_markdown.md,.md,DOSSIER_MARKDOWN,7244,2026-06-19T17:27:15.374359+00:00,123209a2d1273f8bd398c82eb3538b072896ce37579ee9ae9fb8a27fb5b46231
04_OPERATION/recipe_master/dossiers/pilot_batch_01b_strict_ground_2026-06-18_18-04-36/1982_finocchiona-toscana/review/preview_payload_v1_2026-06-19_17-27-15/1982_dry_recipe_sections.json,1982_dry_recipe_sections.json,.json,DOSSIER_DATA,9945,2026-06-19T17:27:15.374359+00:00,7cc894e493329786f629320033ec451a33888b517ceee69bd8aa9bc8ec17d398
04_OPERATION/recipe_master/dossiers/pilot_batch_01b_strict_ground_2026-06-18_18-04-36/1982_finocchiona-toscana/review/preview_payload_v1_2026-06-19_17-27-15/1982_dry_verified_process.json,1982_dry_verified_process.json,.json,DOSSIER_DATA,5566,2026-06-19T17:27:15.374359+00:00,c2773ab439334ae6bb1f9c50dac461ec17bc419b5f1bb3dca4cd12f63e7ea4e6
04_OPERATION/recipe_master/dossiers/pilot_batch_01b_strict_ground_2026-06-18_18-04-36/1982_finocchiona-toscana/review/preview_payload_v1_2026-06-19_17-27-15/1982_preview_payload_checks.csv,1982_preview_payload_checks.csv,.csv,DOSSIER_DATA,712,2026-06-19T17:27:15.374359+00:00,0a83e3d84c258f442e729536fee4f2c8e2ea0b130ed87eb0b76be20dbc85ddd5
04_OPERATION/recipe_master/dossiers/pilot_batch_01b_strict_ground_2026-06-18_18-04-36/1982_finocchiona-toscana/review/preview_payload_v1_2026-06-19_17-27-15/1982_preview_payload_output.txt,1982_preview_payload_output.txt,.txt,OTHER,772,2026-06-19T17:27:15.375359+00:00,
04_OPERATION/recipe_master/dossiers/pilot_batch_01b_strict_ground_2026-06-18_18-04-36/1982_finocchiona-toscana/review/preview_payload_v1_2026-06-19_17-27-15/1982_private_preview_payload_v1.json,1982_private_preview_payload_v1.json,.json,DOSSIER_DATA,25119,2026-06-19T17:27:15.374359+00:00,5a9e44275d9717af276b2f568e8a12cae923680e6850a269c14fbe2a764ae866
04_OPERATION/recipe_master/dossiers/pilot_batch_01b_strict_ground_2026-06-18_18-04-36/1982_finocchiona-toscana/review/private_clone_v1_2026-06-19_17-29-57/1982_PRIVATE_CLONE_BACKUP_MANIFEST.md,1982_PRIVATE_CLONE_BACKUP_MANIFEST.md,.md,DOSSIER_MARKDOWN,335,2026-06-19T17:29:59.390735+00:00,26d437a5052aab40888e189126e2b0e42332daa9fd694341652043c10f673e75
04_OPERATION/recipe_master/dossiers/pilot_batch_01b_strict_ground_2026-06-18_18-04-36/1982_finocchiona-toscana/review/private_clone_v1_2026-06-19_17-29-57/1982_PRIVATE_CLONE_REPORT.md,1982_PRIVATE_CLONE_REPORT.md,.md,DOSSIER_MARKDOWN,2495,2026-06-19T17:29:59.390735+00:00,584f2a81a1438f3eb64b9c3babffcde9fe999df6d83fd282b8b29245cd237f6d
04_OPERATION/recipe_master/dossiers/pilot_batch_01b_strict_ground_2026-06-18_18-04-36/1982_finocchiona-toscana/review/private_clone_v1_2026-06-19_17-29-57/1982_private_clone_checks.csv,1982_private_clone_checks.csv,.csv,DOSSIER_DATA,1709,2026-06-19T17:29:59.390735+00:00,a6c9e7a9c8355bb4097654710cd76ff5b7bfdf38d2ab40694401ef4788fec2ca
04_OPERATION/recipe_master/dossiers/pilot_batch_01b_strict_ground_2026-06-18_18-04-36/1982_finocchiona-toscana/review/private_clone_v1_2026-06-19_17-29-57/1982_private_clone_output.txt,1982_private_clone_output.txt,.txt,OTHER,625,2026-06-19T17:29:59.391735+00:00,
04_OPERATION/recipe_master/dossiers/pilot_batch_01b_strict_ground_2026-06-18_18-04-36/1982_finocchiona-toscana/review/private_clone_v1_2026-06-19_17-29-57/1982_private_clone_render_snapshot.html,1982_private_clone_render_snapshot.html,.html,OTHER,8154,2026-06-19T17:29:59.390735+00:00,
04_OPERATION/recipe_master/dossiers/pilot_batch_01b_strict_ground_2026-06-18_18-04-36/1982_finocchiona-toscana/review/private_clone_v1_2026-06-19_17-29-57/1982_private_clone_result.json,1982_private_clone_result.json,.json,DOSSIER_DATA,9551,2026-06-19T17:29:59.390735+00:00,9c348c64bebeb3d84ae39843c257c3b8f033f97f7caad33b122170d1151ab762
04_OPERATION/recipe_master/dossiers/pilot_batch_01b_strict_ground_2026-06-18_18-04-36/1982_finocchiona-toscana/review/quick_intake_v1_2026-06-19_17-02-34/1982_QUICK_INTAKE_REPORT.md,1982_QUICK_INTAKE_REPORT.md,.md,DOSSIER_MARKDOWN,2336,2026-06-19T17:02:34.912098+00:00,9d3b3f0c204d948aa4c3380f11ac9227fe370631eab38b3681cadecd71021315
04_OPERATION/recipe_master/dossiers/pilot_batch_01b_strict_ground_2026-06-18_18-04-36/1982_finocchiona-toscana/review/quick_intake_v1_2026-06-19_17-02-34/1982_meta_inventory.csv,1982_meta_inventory.csv,.csv,DOSSIER_DATA,1174,2026-06-19T17:02:34.912098+00:00,47caf54d3b2b352bcb962f57b7b6e770c3edcab8ca3472053cdf59ef36c5897c
04_OPERATION/recipe_master/dossiers/pilot_batch_01b_strict_ground_2026-06-18_18-04-36/1982_finocchiona-toscana/review/quick_intake_v1_2026-06-19_17-02-34/1982_public_html_snapshot.html,1982_public_html_snapshot.html,.html,OTHER,348212,2026-06-19T17:02:34.912098+00:00,
04_OPERATION/recipe_master/dossiers/pilot_batch_01b_strict_ground_2026-06-18_18-04-36/1982_finocchiona-toscana/review/quick_intake_v1_2026-06-19_17-02-34/1982_quick_intake_checks.csv,1982_quick_intake_checks.csv,.csv,DOSSIER_DATA,1693,2026-06-19T17:02:34.912098+00:00,6821b0c227400307289098cfec48e88167e37b44ea277ffb5be81a64de87a3df
04_OPERATION/recipe_master/dossiers/pilot_batch_01b_strict_ground_2026-06-18_18-04-36/1982_finocchiona-toscana/review/quick_intake_v1_2026-06-19_17-02-34/1982_quick_intake_output.txt,1982_quick_intake_output.txt,.txt,OTHER,449,2026-06-19T17:02:34.913098+00:00,
04_OPERATION/recipe_master/dossiers/pilot_batch_01b_strict_ground_2026-06-18_18-04-36/1982_finocchiona-toscana/review/quick_intake_v1_2026-06-19_17-02-34/1982_quick_intake_v1.json,1982_quick_intake_v1.json,.json,DOSSIER_DATA,14105,2026-06-19T17:02:34.912098+00:00,b3c77c1bba0dc82073e6a40c438fc2c9d88d61aeab8615f55db180c3a2ae8a26
04_OPERATION/recipe_master/dossiers/pilot_batch_01b_strict_ground_2026-06-18_18-04-36/1982_finocchiona-toscana/review/quick_intake_v1_2026-06-19_17-02-34/1982_render_snapshot.html,1982_render_snapshot.html,.html,OTHER,4896,2026-06-19T17:02:34.912098+00:00,
04_OPERATION/recipe_master/dossiers/pilot_batch_01b_strict_ground_2026-06-18_18-04-36/1982_finocchiona-toscana/review/recipe_yml_draft_v1_2026-06-19_17-15-49/1982_RECIPE_YML_DRAFT_REPORT.md,1982_RECIPE_YML_DRAFT_REPORT.md,.md,DOSSIER_MARKDOWN,3899,2026-06-19T17:15:50.058201+00:00,9cae95e2bdc78b6617ee02c9fcfb3280acca96d188797d4fe3b9b255c8028975
04_OPERATION/recipe_master/dossiers/pilot_batch_01b_strict_ground_2026-06-18_18-04-36/1982_finocchiona-toscana/review/recipe_yml_draft_v1_2026-06-19_17-15-49/1982_recipe_yml_draft_checks.csv,1982_recipe_yml_draft_checks.csv,.csv,DOSSIER_DATA,1076,2026-06-19T17:15:50.058201+00:00,f54e26583a9d9d98941b91631d9076d5eb5717e922d2569c2e8c39dfedd687e3
04_OPERATION/recipe_master/dossiers/pilot_batch_01b_strict_ground_2026-06-18_18-04-36/1982_finocchiona-toscana/review/recipe_yml_draft_v1_2026-06-19_17-15-49/1982_recipe_yml_draft_output.txt,1982_recipe_yml_draft_output.txt,.txt,OTHER,707,2026-06-19T17:15:50.058201+00:00,
04_OPERATION/recipe_master/dossiers/pilot_batch_01b_strict_ground_2026-06-18_18-04-36/1982_finocchiona-toscana/review/recipe_yml_draft_v1_2026-06-19_17-15-49/1982_recipe_yml_draft_v1.json,1982_recipe_yml_draft_v1.json,.json,DOSSIER_DATA,13825,2026-06-19T17:15:50.058201+00:00,ba6a96fd076a0beae332614c14e1a11940cd45cf54934d6205fa8dec5f5bc580
04_OPERATION/recipe_master/dossiers/pilot_batch_01b_strict_ground_2026-06-18_18-04-36/1982_finocchiona-toscana/review/recipe_yml_draft_v1_2026-06-19_17-15-49/recipe_yml_before_draft_v1.yml,recipe_yml_before_draft_v1.yml,.yml,DOSSIER_DATA,1283,2026-06-19T17:15:50.025201+00:00,e1b56a336e596c7303a80318a1563b6e8fa53a4445ceefe0ee7d41856712e6bc
04_OPERATION/recipe_master/dossiers/pilot_batch_01b_strict_ground_2026-06-18_18-04-36/1982_finocchiona-toscana/review/recipe_yml_internal_qa_v1_2026-06-19_17-23-10/1982_RECIPE_YML_INTERNAL_QA_REPORT.md,1982_RECIPE_YML_INTERNAL_QA_REPORT.md,.md,DOSSIER_MARKDOWN,7150,2026-06-19T17:23:11.016249+00:00,8af319884c7a75dcbe501be48e86fc1769b9abbb4139aa6d75c9a2a32a8335dc
04_OPERATION/recipe_master/dossiers/pilot_batch_01b_strict_ground_2026-06-18_18-04-36/1982_finocchiona-toscana/review/recipe_yml_internal_qa_v1_2026-06-19_17-23-10/1982_recipe_yml_internal_qa_checks.csv,1982_recipe_yml_internal_qa_checks.csv,.csv,DOSSIER_DATA,5705,2026-06-19T17:23:11.015249+00:00,3a48bfc021c4a0d515559476aa89e1eba9b8c458a13b6f1d68cda9b8abae07c7
04_OPERATION/recipe_master/dossiers/pilot_batch_01b_strict_ground_2026-06-18_18-04-36/1982_finocchiona-toscana/review/recipe_yml_internal_qa_v1_2026-06-19_17-23-10/1982_recipe_yml_internal_qa_output.txt,1982_recipe_yml_internal_qa_output.txt,.txt,OTHER,619,2026-06-19T17:23:11.016249+00:00,
04_OPERATION/recipe_master/dossiers/pilot_batch_01b_strict_ground_2026-06-18_18-04-36/1982_finocchiona-toscana/review/recipe_yml_internal_qa_v1_2026-06-19_17-23-10/1982_recipe_yml_internal_qa_v1.json,1982_recipe_yml_internal_qa_v1.json,.json,DOSSIER_DATA,12057,2026-06-19T17:23:11.015249+00:00,eacefe0a17d9ace76d6f9faeb8d9e56a6f7637fbda89ad3d9c33d3815e15ffd0
04_OPERATION/recipe_master/dossiers/pilot_batch_01b_strict_ground_2026-06-18_18-04-36/1982_finocchiona-toscana/review/source_validation_repair_v1_2026-06-19_17-11-20/1982_SOURCE_VALIDATION_REPAIR_REPORT.md,1982_SOURCE_VALIDATION_REPAIR_REPORT.md,.md,DOSSIER_MARKDOWN,610,2026-06-19T17:11:20.189134+00:00,8ca98b0118b62bf70a81fee9721213d9320ef0284540c681524ffe4ab87528f3
04_OPERATION/recipe_master/dossiers/pilot_batch_01b_strict_ground_2026-06-18_18-04-36/1982_finocchiona-toscana/review/source_validation_repair_v1_2026-06-19_17-11-20/1982_source_validation_repair_output.txt,1982_source_validation_repair_output.txt,.txt,OTHER,804,2026-06-19T17:11:20.189134+00:00,
04_OPERATION/recipe_master/dossiers/pilot_batch_01b_strict_ground_2026-06-18_18-04-36/1982_finocchiona-toscana/review/source_validation_repair_v1_2026-06-19_17-11-20/1982_source_validation_repair_v1.json,1982_source_validation_repair_v1.json,.json,DOSSIER_DATA,1780,2026-06-19T17:11:20.189134+00:00,f62a1f536022405f1d1437aba8581290d3105e862a8748074b56063b652defc4
04_OPERATION/recipe_master/dossiers/pilot_batch_01b_strict_ground_2026-06-18_18-04-36/1982_finocchiona-toscana/review/source_validation_v1_2026-06-19_17-08-56/1982_SOURCE_VALIDATION_REPORT.md,1982_SOURCE_VALIDATION_REPORT.md,.md,DOSSIER_MARKDOWN,2736,2026-06-19T17:11:20.189134+00:00,a09e18d92889f992eec0c922009ce343f172491a6a09a45f20890366e18af203
04_OPERATION/recipe_master/dossiers/pilot_batch_01b_strict_ground_2026-06-18_18-04-36/1982_finocchiona-toscana/review/source_validation_v1_2026-06-19_17-08-56/1982_source_validation_checks.csv,1982_source_validation_checks.csv,.csv,DOSSIER_DATA,488,2026-06-19T17:11:20.189134+00:00,c88cdad81c0c1d9f57e0ddf84e79300dbff4c8063089977d6bfc180b0e12f13a
04_OPERATION/recipe_master/dossiers/pilot_batch_01b_strict_ground_2026-06-18_18-04-36/1982_finocchiona-toscana/review/source_validation_v1_2026-06-19_17-08-56/1982_source_validation_output.txt,1982_source_validation_output.txt,.txt,OTHER,538,2026-06-19T17:08:56.913035+00:00,
04_OPERATION/recipe_master/dossiers/pilot_batch_01b_strict_ground_2026-06-18_18-04-36/1982_finocchiona-toscana/review/source_validation_v1_2026-06-19_17-08-56/1982_source_validation_v1.json,1982_source_validation_v1.json,.json,DOSSIER_DATA,4724,2026-06-19T17:11:20.188134+00:00,3c2d645745e942c077a1dac22c278d6199d95e0cc5a5974440d18994e60b763c
04_OPERATION/recipe_master/dossiers/pilot_batch_01b_strict_ground_2026-06-18_18-04-36/1982_finocchiona-toscana/review/source_validation_v1_2026-06-19_17-08-56/1982_sources_snapshot.yml,1982_sources_snapshot.yml,.yml,DOSSIER_DATA,2590,2026-06-19T17:11:20.189134+00:00,c65d3275a4526948e1d48b3634ec4f2002113f869d263596ba6240a61904cf2c
04_OPERATION/recipe_master/dossiers/pilot_batch_01b_strict_ground_2026-06-18_18-04-36/1982_finocchiona-toscana/sources.yml,sources.yml,.yml,DOSSIER_DATA,1671,2026-06-19T17:15:50.058201+00:00,0398f897b9618acac04957dc00e162a4623cae2bacce8933a1f871a8f98d3067
04_OPERATION/recipe_master/dossiers/pilot_batch_01b_strict_ground_2026-06-18_18-04-36/1982_finocchiona-toscana/wordpress_import_log.md,wordpress_import_log.md,.md,DOSSIER_MARKDOWN,1042,2026-06-19T17:35:20.074367+00:00,e079232b4beb0d678aeed26f9171c7626bc1e04df0ec85783b4d425fc64748ea
04_OPERATION/recipe_master/dossiers/pilot_batch_01b_strict_ground_2026-06-18_18-04-36/1984_nduja-calabrese/README.md,README.md,.md,DOSSIER_MARKDOWN,564,2026-06-18T18:04:37.665365+00:00,9b268d41b87511c9f0f011e1d84b822a969ecbb5480f5488953dac1f3c591763
04_OPERATION/recipe_master/dossiers/pilot_batch_01b_strict_ground_2026-06-18_18-04-36/1984_nduja-calabrese/public_text_snapshot.txt,public_text_snapshot.txt,.txt,OTHER,8797,2026-06-18T18:04:37.665365+00:00,
04_OPERATION/recipe_master/dossiers/pilot_batch_01b_strict_ground_2026-06-18_18-04-36/1984_nduja-calabrese/qa_report.md,qa_report.md,.md,DOSSIER_MARKDOWN,1240,2026-06-18T18:04:37.665365+00:00,09d52ca11e33adb1d3fe71e91a660f3740756330e667cbe4a52c4db1a176750d
04_OPERATION/recipe_master/dossiers/pilot_batch_01b_strict_ground_2026-06-18_18-04-36/1984_nduja-calabrese/raw_wp_snapshot.json,raw_wp_snapshot.json,.json,DOSSIER_DATA,16817,2026-06-18T18:04:37.665365+00:00,fb82dcf6735b1516611c4c9c672ac8a7913f3ed325093713244f5cd8464d607e
04_OPERATION/recipe_master/dossiers/pilot_batch_01b_strict_ground_2026-06-18_18-04-36/1984_nduja-calabrese/recipe.yml,recipe.yml,.yml,DOSSIER_DATA,1275,2026-06-18T18:04:37.665365+00:00,abf4abd111a662848346fc2ade8e01589ba02c8a0ecab2834bd3a5696814ac4a
04_OPERATION/recipe_master/dossiers/pilot_batch_01b_strict_ground_2026-06-18_18-04-36/1984_nduja-calabrese/sources.yml,sources.yml,.yml,DOSSIER_DATA,649,2026-06-18T18:04:37.665365+00:00,beab5830126c5b28800958a7d5bc44b0b1758b8361043d7fdb8f6c4631ece442
04_OPERATION/recipe_master/dossiers/pilot_batch_01b_strict_ground_2026-06-18_18-04-36/1984_nduja-calabrese/wordpress_import_log.md,wordpress_import_log.md,.md,DOSSIER_MARKDOWN,385,2026-06-18T18:04:37.665365+00:00,cb6dcc2cbcdc380d505e970c41663b11a367b5361186562acb22792e653c26c5
04_OPERATION/recipe_master/dossiers/pilot_batch_01b_strict_ground_2026-06-18_18-04-36/1990_salame-di-felino/README.md,README.md,.md,DOSSIER_MARKDOWN,566,2026-06-18T18:04:37.992367+00:00,258ba72c3b28c77baf442f200371f1f84685c9fd26a7285a1b867b9c1cca5049
04_OPERATION/recipe_master/dossiers/pilot_batch_01b_strict_ground_2026-06-18_18-04-36/1990_salame-di-felino/public_text_snapshot.txt,public_text_snapshot.txt,.txt,OTHER,8784,2026-06-18T18:04:37.992367+00:00,
04_OPERATION/recipe_master/dossiers/pilot_batch_01b_strict_ground_2026-06-18_18-04-36/1990_salame-di-felino/qa_report.md,qa_report.md,.md,DOSSIER_MARKDOWN,1242,2026-06-18T18:04:37.992367+00:00,71119777b569dcacc7c7d590b99c0e29c8a9c3655cf777aab2150e47ae8f8c8d
04_OPERATION/recipe_master/dossiers/pilot_batch_01b_strict_ground_2026-06-18_18-04-36/1990_salame-di-felino/raw_wp_snapshot.json,raw_wp_snapshot.json,.json,DOSSIER_DATA,16836,2026-06-18T18:04:37.991367+00:00,45770209cee5fc6cf504cd0e1fd86285218f1064698e7115830c53d945109e4d
04_OPERATION/recipe_master/dossiers/pilot_batch_01b_strict_ground_2026-06-18_18-04-36/1990_salame-di-felino/recipe.yml,recipe.yml,.yml,DOSSIER_DATA,1277,2026-06-18T18:04:37.992367+00:00,a14a212d3ac1c1f052bd676c0aae35662b8f6e36dc1f1cd9f36f95f8a3b51a5d
04_OPERATION/recipe_master/dossiers/pilot_batch_01b_strict_ground_2026-06-18_18-04-36/1990_salame-di-felino/sources.yml,sources.yml,.yml,DOSSIER_DATA,651,2026-06-18T18:04:37.992367+00:00,19c150a183cff8278e401a8af0258e91fe4e249ce64adbbe5aa84e2228ad62ee
04_OPERATION/recipe_master/dossiers/pilot_batch_01b_strict_ground_2026-06-18_18-04-36/1990_salame-di-felino/wordpress_import_log.md,wordpress_import_log.md,.md,DOSSIER_MARKDOWN,386,2026-06-18T18:04:37.992367+00:00,ce2deda82e7e46f5263fe625615c80ae43cf9e88f98d81f581a4c80758d7cbfa
04_OPERATION/recipe_master/dossiers/pilot_batch_01b_strict_ground_2026-06-18_18-04-36/3042_jesus-de-lyon-debela-suha-kobasica/README.md,README.md,.md,DOSSIER_MARKDOWN,905,2026-06-19T16:56:45.254393+00:00,47f03731b93447d412782de44174fe97c6ffde10d2fcb06966452099aeb5c022
04_OPERATION/recipe_master/dossiers/pilot_batch_01b_strict_ground_2026-06-18_18-04-36/3042_jesus-de-lyon-debela-suha-kobasica/public_text_snapshot.txt,public_text_snapshot.txt,.txt,OTHER,11003,2026-06-18T18:04:38.347370+00:00,
04_OPERATION/recipe_master/dossiers/pilot_batch_01b_strict_ground_2026-06-18_18-04-36/3042_jesus-de-lyon-debela-suha-kobasica/qa_report.md,qa_report.md,.md,DOSSIER_MARKDOWN,9260,2026-06-19T16:56:45.251393+00:00,1fc1a5bb75a09a9d0ec3111311938901a7437f8a73a2125edce8cae19ce18821
04_OPERATION/recipe_master/dossiers/pilot_batch_01b_strict_ground_2026-06-18_18-04-36/3042_jesus-de-lyon-debela-suha-kobasica/raw_wp_snapshot.json,raw_wp_snapshot.json,.json,DOSSIER_DATA,25067,2026-06-18T18:04:38.347370+00:00,e217755a4da572fcb9eb699bedf546577bfe908622fd791f57baff77dbf11e61
04_OPERATION/recipe_master/dossiers/pilot_batch_01b_strict_ground_2026-06-18_18-04-36/3042_jesus-de-lyon-debela-suha-kobasica/recipe.yml,recipe.yml,.yml,DOSSIER_DATA,9979,2026-06-18T18:19:27.615402+00:00,18a992418c2c5ab2b997a4f7b119efd14cc8f3ea11b5e0349750d8748aa7becc
04_OPERATION/recipe_master/dossiers/pilot_batch_01b_strict_ground_2026-06-18_18-04-36/3042_jesus-de-lyon-debela-suha-kobasica/review/admin_only_preview_bridge_plan_v1_2026-06-19_16-50-05/3535_ADMIN_ONLY_PREVIEW_BRIDGE_PLAN_REPORT.md,3535_ADMIN_ONLY_PREVIEW_BRIDGE_PLAN_REPORT.md,.md,DOSSIER_MARKDOWN,3968,2026-06-19T16:50:06.286267+00:00,b3de7729ebe03c8d4a3f7be8e4c2962b124f08412b9e84fa940d138b7c0d1956
04_OPERATION/recipe_master/dossiers/pilot_batch_01b_strict_ground_2026-06-18_18-04-36/3042_jesus-de-lyon-debela-suha-kobasica/review/admin_only_preview_bridge_plan_v1_2026-06-19_16-50-05/3535_admin_only_preview_bridge_checks.csv,3535_admin_only_preview_bridge_checks.csv,.csv,DOSSIER_DATA,1508,2026-06-19T16:50:06.286267+00:00,a1fb6b9a238c5a3c8a02ca572d4e915682808a11087b8875420d24c1e447e900
04_OPERATION/recipe_master/dossiers/pilot_batch_01b_strict_ground_2026-06-18_18-04-36/3042_jesus-de-lyon-debela-suha-kobasica/review/admin_only_preview_bridge_plan_v1_2026-06-19_16-50-05/3535_admin_only_preview_bridge_plan_output.txt,3535_admin_only_preview_bridge_plan_output.txt,.txt,OTHER,772,2026-06-19T16:50:06.286267+00:00,
04_OPERATION/recipe_master/dossiers/pilot_batch_01b_strict_ground_2026-06-18_18-04-36/3042_jesus-de-lyon-debela-suha-kobasica/review/admin_only_preview_bridge_plan_v1_2026-06-19_16-50-05/3535_admin_only_preview_bridge_plan_v1.json,3535_admin_only_preview_bridge_plan_v1.json,.json,DOSSIER_DATA,10084,2026-06-19T16:50:06.285267+00:00,e53a57be223a69a89090e7fe98837be2a6019f3934a965a0c1e385bade317cdf
04_OPERATION/recipe_master/dossiers/pilot_batch_01b_strict_ground_2026-06-18_18-04-36/3042_jesus-de-lyon-debela-suha-kobasica/review/admin_only_preview_bridge_plan_v1_2026-06-19_16-50-05/3535_admin_only_preview_bridge_plugin_scan_live.json,3535_admin_only_preview_bridge_plugin_scan_live.json,.json,DOSSIER_DATA,42813,2026-06-19T16:50:06.286267+00:00,d7998ff4d820b78962531ea115c9eaadf22da89672c85d45d176fc2f5aca6aae
04_OPERATION/recipe_master/dossiers/pilot_batch_01b_strict_ground_2026-06-18_18-04-36/3042_jesus-de-lyon-debela-suha-kobasica/review/admin_only_preview_bridge_plan_v1_2026-06-19_16-50-05/3535_admin_only_preview_bridge_plugin_scan_repo.json,3535_admin_only_preview_bridge_plugin_scan_repo.json,.json,DOSSIER_DATA,42821,2026-06-19T16:50:06.285267+00:00,c32e6a9a357a7456ad58536616da12b7badaf55ad3074dd6c6b8a4358fcfcf46
04_OPERATION/recipe_master/dossiers/pilot_batch_01b_strict_ground_2026-06-18_18-04-36/3042_jesus-de-lyon-debela-suha-kobasica/review/intake_v1_2026-06-18_18-06-59/3042_INTAKE_REPORT.md,3042_INTAKE_REPORT.md,.md,DOSSIER_MARKDOWN,23488,2026-06-18T18:07:00.024496+00:00,d261097ac21e71d1b88071ca9ee6d525f46f59d28c1ad9a8aafea12a6d840c31
04_OPERATION/recipe_master/dossiers/pilot_batch_01b_strict_ground_2026-06-18_18-04-36/3042_jesus-de-lyon-debela-suha-kobasica/review/intake_v1_2026-06-18_18-06-59/3042_gap_matrix.csv,3042_gap_matrix.csv,.csv,DOSSIER_DATA,1369,2026-06-18T18:07:00.024496+00:00,4c0eb725dec922d6d1bfc55fd083f283fc37ec6b66c9b83549670e82efea373a
04_OPERATION/recipe_master/dossiers/pilot_batch_01b_strict_ground_2026-06-18_18-04-36/3042_jesus-de-lyon-debela-suha-kobasica/review/intake_v1_2026-06-18_18-06-59/3042_intake_candidate_data.json,3042_intake_candidate_data.json,.json,DOSSIER_DATA,36256,2026-06-18T18:07:00.024496+00:00,9012c82cfdf46853b7e8f54e2b66acdf94eb06c60226df7c3d22e09343bc0b2b
04_OPERATION/recipe_master/dossiers/pilot_batch_01b_strict_ground_2026-06-18_18-04-36/3042_jesus-de-lyon-debela-suha-kobasica/review/intake_v1_2026-06-18_18-06-59/3042_intake_output.txt,3042_intake_output.txt,.txt,OTHER,480,2026-06-18T18:07:00.024496+00:00,
04_OPERATION/recipe_master/dossiers/pilot_batch_01b_strict_ground_2026-06-18_18-04-36/3042_jesus-de-lyon-debela-suha-kobasica/review/intake_v1_2026-06-18_18-06-59/3042_public_html_snapshot.html,3042_public_html_snapshot.html,.html,OTHER,353800,2026-06-18T18:06:59.844495+00:00,
04_OPERATION/recipe_master/dossiers/pilot_batch_01b_strict_ground_2026-06-18_18-04-36/3042_jesus-de-lyon-debela-suha-kobasica/review/manual_admin_preview_qa_v1_2026-06-19_16-55-28/3535_MANUAL_ADMIN_PREVIEW_QA_REPORT.md,3535_MANUAL_ADMIN_PREVIEW_QA_REPORT.md,.md,DOSSIER_MARKDOWN,1368,2026-06-19T16:55:28.620797+00:00,7a5448c64ea0303268a62de53964ce601ae3228df052473e1e4605e194979c17
04_OPERATION/recipe_master/dossiers/pilot_batch_01b_strict_ground_2026-06-18_18-04-36/3042_jesus-de-lyon-debela-suha-kobasica/review/meta_normalizer_patch_v1_2026-06-18_19-21-39/3535_META_NORMALIZER_BACKUP_MANIFEST.md,3535_META_NORMALIZER_BACKUP_MANIFEST.md,.md,DOSSIER_MARKDOWN,351,2026-06-18T19:21:41.170021+00:00,3f3de4bf4e4f63a712c64d58a72a7194b5d86dc2e15a05283144e45b01ac28d3
04_OPERATION/recipe_master/dossiers/pilot_batch_01b_strict_ground_2026-06-18_18-04-36/3042_jesus-de-lyon-debela-suha-kobasica/review/meta_normalizer_patch_v1_2026-06-18_19-21-39/3535_META_NORMALIZER_PATCH_REPORT.md,3535_META_NORMALIZER_PATCH_REPORT.md,.md,DOSSIER_MARKDOWN,1928,2026-06-18T19:21:41.170021+00:00,15a8d13fa162dad44388be8f044537eb111d598779dc27eeb393c72d767aaf17
04_OPERATION/recipe_master/dossiers/pilot_batch_01b_strict_ground_2026-06-18_18-04-36/3042_jesus-de-lyon-debela-suha-kobasica/review/meta_normalizer_patch_v1_2026-06-18_19-21-39/3535_meta_normalizer_patch_checks.csv,3535_meta_normalizer_patch_checks.csv,.csv,DOSSIER_DATA,1179,2026-06-18T19:21:41.170021+00:00,e30468e0f54a70dd3f0fa890435aa3fe55f115f839f93cabb198f0dcf7a2fb25
04_OPERATION/recipe_master/dossiers/pilot_batch_01b_strict_ground_2026-06-18_18-04-36/3042_jesus-de-lyon-debela-suha-kobasica/review/meta_normalizer_patch_v1_2026-06-18_19-21-39/3535_meta_normalizer_patch_output.txt,3535_meta_normalizer_patch_output.txt,.txt,OTHER,620,2026-06-18T19:21:41.170021+00:00,
04_OPERATION/recipe_master/dossiers/pilot_batch_01b_strict_ground_2026-06-18_18-04-36/3042_jesus-de-lyon-debela-suha-kobasica/review/meta_normalizer_patch_v1_2026-06-18_19-21-39/3535_meta_normalizer_patch_result.json,3535_meta_normalizer_patch_result.json,.json,DOSSIER_DATA,7590,2026-06-18T19:21:41.170021+00:00,b88801e62b5db41f24c1c2d45f7bfab223c9ef8fe50d749e9515b0aa664b5e74
04_OPERATION/recipe_master/dossiers/pilot_batch_01b_strict_ground_2026-06-18_18-04-36/3042_jesus-de-lyon-debela-suha-kobasica/review/meta_normalizer_patch_v1_2026-06-18_19-21-39/3535_render_after_meta_patch_snapshot.html,3535_render_after_meta_patch_snapshot.html,.html,OTHER,3277,2026-06-18T19:21:41.170021+00:00,
04_OPERATION/recipe_master/dossiers/pilot_batch_01b_strict_ground_2026-06-18_18-04-36/3042_jesus-de-lyon-debela-suha-kobasica/review/meta_normalizer_plan_v1_2026-06-18_19-15-09/3535_META_NORMALIZER_PLAN_REPORT.md,3535_META_NORMALIZER_PLAN_REPORT.md,.md,DOSSIER_MARKDOWN,2430,2026-06-18T19:15:09.839991+00:00,854432a459a717ed04b25319dbe49114837a03d1b7942a881e874fdbda393ae2
04_OPERATION/recipe_master/dossiers/pilot_batch_01b_strict_ground_2026-06-18_18-04-36/3042_jesus-de-lyon-debela-suha-kobasica/review/meta_normalizer_plan_v1_2026-06-18_19-15-09/3535_meta_normalizer_meta_comparison.csv,3535_meta_normalizer_meta_comparison.csv,.csv,DOSSIER_DATA,634,2026-06-18T19:15:09.839991+00:00,046d26b7ff6f0a46e2b5273beafe1103f7d7021b05fe7fd4b14114659fef09b1
04_OPERATION/recipe_master/dossiers/pilot_batch_01b_strict_ground_2026-06-18_18-04-36/3042_jesus-de-lyon-debela-suha-kobasica/review/meta_normalizer_plan_v1_2026-06-18_19-15-09/3535_meta_normalizer_patch_plan.csv,3535_meta_normalizer_patch_plan.csv,.csv,DOSSIER_DATA,1432,2026-06-18T19:15:09.839991+00:00,4ba98f99f3971e71c8270e86f2f0bb400881cf2bd2fbf170007769a94c645a1b
04_OPERATION/recipe_master/dossiers/pilot_batch_01b_strict_ground_2026-06-18_18-04-36/3042_jesus-de-lyon-debela-suha-kobasica/review/meta_normalizer_plan_v1_2026-06-18_19-15-09/3535_meta_normalizer_plan_output.txt,3535_meta_normalizer_plan_output.txt,.txt,OTHER,637,2026-06-18T19:15:09.839991+00:00,
04_OPERATION/recipe_master/dossiers/pilot_batch_01b_strict_ground_2026-06-18_18-04-36/3042_jesus-de-lyon-debela-suha-kobasica/review/meta_normalizer_plan_v1_2026-06-18_19-15-09/3535_meta_normalizer_plan_v1.json,3535_meta_normalizer_plan_v1.json,.json,DOSSIER_DATA,55420,2026-06-18T19:15:09.839991+00:00,bdc15f0476a4790bd02cb2692bf1d1acd43a25aa0464b203d79bcbcabf062b44
04_OPERATION/recipe_master/dossiers/pilot_batch_01b_strict_ground_2026-06-18_18-04-36/3042_jesus-de-lyon-debela-suha-kobasica/review/pilot_closure_v1_2026-06-19_16-56-45/3042_3535_PILOT_CLOSURE_REPORT.md,3042_3535_PILOT_CLOSURE_REPORT.md,.md,DOSSIER_MARKDOWN,2103,2026-06-19T16:56:45.241393+00:00,b79ad6dc1fba74977ac2b04911c39bd96a3983ce96bf73ca36672fb6ba319d4a
04_OPERATION/recipe_master/dossiers/pilot_batch_01b_strict_ground_2026-06-18_18-04-36/3042_jesus-de-lyon-debela-suha-kobasica/review/pilot_closure_v1_2026-06-19_16-56-45/3042_3535_pilot_closure_checks.csv,3042_3535_pilot_closure_checks.csv,.csv,DOSSIER_DATA,562,2026-06-19T16:56:45.245393+00:00,c4e8271e356130ebbc2187ff1a68dfc5e2bccebba93ec34a8288553b602a10dc
04_OPERATION/recipe_master/dossiers/pilot_batch_01b_strict_ground_2026-06-18_18-04-36/3042_jesus-de-lyon-debela-suha-kobasica/review/pilot_closure_v1_2026-06-19_16-56-45/3042_3535_pilot_closure_v1.json,3042_3535_pilot_closure_v1.json,.json,DOSSIER_DATA,892,2026-06-19T16:56:45.242393+00:00,76c4dbedabaa70e222f32620991c986399b73fa3361721333d2341777002e06c
04_OPERATION/recipe_master/dossiers/pilot_batch_01b_strict_ground_2026-06-18_18-04-36/3042_jesus-de-lyon-debela-suha-kobasica/review/post_patch_render_qa_v1_2026-06-19_16-46-44/2976_reference_render_snapshot.html,2976_reference_render_snapshot.html,.html,OTHER,6689,2026-06-19T16:46:45.715665+00:00,
04_OPERATION/recipe_master/dossiers/pilot_batch_01b_strict_ground_2026-06-18_18-04-36/3042_jesus-de-lyon-debela-suha-kobasica/review/post_patch_render_qa_v1_2026-06-19_16-46-44/3042_source_render_snapshot.html,3042_source_render_snapshot.html,.html,OTHER,4677,2026-06-19T16:46:45.715665+00:00,
04_OPERATION/recipe_master/dossiers/pilot_batch_01b_strict_ground_2026-06-18_18-04-36/3042_jesus-de-lyon-debela-suha-kobasica/review/post_patch_render_qa_v1_2026-06-19_16-46-44/3535_POST_PATCH_RENDER_QA_REPORT.md,3535_POST_PATCH_RENDER_QA_REPORT.md,.md,DOSSIER_MARKDOWN,2986,2026-06-19T16:46:45.715665+00:00,d1b490e9ab130e97ddec40066dc46ff01030da7a945263131f2f31e02f691a2b
04_OPERATION/recipe_master/dossiers/pilot_batch_01b_strict_ground_2026-06-18_18-04-36/3042_jesus-de-lyon-debela-suha-kobasica/review/post_patch_render_qa_v1_2026-06-19_16-46-44/3535_post_patch_render_qa_checks.csv,3535_post_patch_render_qa_checks.csv,.csv,DOSSIER_DATA,1935,2026-06-19T16:46:45.715665+00:00,13285044992bdda6466464cf3cd1e95588fa327678bdc20103246dab8c4035e8
04_OPERATION/recipe_master/dossiers/pilot_batch_01b_strict_ground_2026-06-18_18-04-36/3042_jesus-de-lyon-debela-suha-kobasica/review/post_patch_render_qa_v1_2026-06-19_16-46-44/3535_post_patch_render_qa_output.txt,3535_post_patch_render_qa_output.txt,.txt,OTHER,572,2026-06-19T16:46:45.715665+00:00,
04_OPERATION/recipe_master/dossiers/pilot_batch_01b_strict_ground_2026-06-18_18-04-36/3042_jesus-de-lyon-debela-suha-kobasica/review/post_patch_render_qa_v1_2026-06-19_16-46-44/3535_post_patch_render_qa_result.json,3535_post_patch_render_qa_result.json,.json,DOSSIER_DATA,21947,2026-06-19T16:46:45.715665+00:00,b1321c472e3f50381dd35a3f963cbaec58bdcbcc95f56e8d32594134b451e328
04_OPERATION/recipe_master/dossiers/pilot_batch_01b_strict_ground_2026-06-18_18-04-36/3042_jesus-de-lyon-debela-suha-kobasica/review/post_patch_render_qa_v1_2026-06-19_16-46-44/3535_post_patch_render_snapshot.html,3535_post_patch_render_snapshot.html,.html,OTHER,3277,2026-06-19T16:46:45.715665+00:00,
04_OPERATION/recipe_master/dossiers/pilot_batch_01b_strict_ground_2026-06-18_18-04-36/3042_jesus-de-lyon-debela-suha-kobasica/review/private_clone_readonly_qa_v1_2026-06-18_19-00-42/3535_PRIVATE_CLONE_READONLY_QA_REPORT.md,3535_PRIVATE_CLONE_READONLY_QA_REPORT.md,.md,DOSSIER_MARKDOWN,4005,2026-06-18T19:00:43.376360+00:00,f0dadbd892a5a1daa344d4f223401a14f1b1f02c5df20695fb5d9ec55f6ceb16
04_OPERATION/recipe_master/dossiers/pilot_batch_01b_strict_ground_2026-06-18_18-04-36/3042_jesus-de-lyon-debela-suha-kobasica/review/private_clone_readonly_qa_v1_2026-06-18_19-00-42/3535_private_clone_readonly_qa_checks.csv,3535_private_clone_readonly_qa_checks.csv,.csv,DOSSIER_DATA,3928,2026-06-18T19:00:43.376360+00:00,e59efc7da5d26c51ae21d777a9a8d58676e3361d8d2d8397f0ed9d8ce9be5d41
04_OPERATION/recipe_master/dossiers/pilot_batch_01b_strict_ground_2026-06-18_18-04-36/3042_jesus-de-lyon-debela-suha-kobasica/review/private_clone_readonly_qa_v1_2026-06-18_19-00-42/3535_private_clone_readonly_qa_output.txt,3535_private_clone_readonly_qa_output.txt,.txt,OTHER,529,2026-06-18T19:00:43.376360+00:00,
04_OPERATION/recipe_master/dossiers/pilot_batch_01b_strict_ground_2026-06-18_18-04-36/3042_jesus-de-lyon-debela-suha-kobasica/review/private_clone_readonly_qa_v1_2026-06-18_19-00-42/3535_private_clone_readonly_qa_result.json,3535_private_clone_readonly_qa_result.json,.json,DOSSIER_DATA,21806,2026-06-18T19:00:43.376360+00:00,bb2695a7439e54c4c6ee9d90b937f56e3acb981c3eec71d7ec229250abf5cff3
04_OPERATION/recipe_master/dossiers/pilot_batch_01b_strict_ground_2026-06-18_18-04-36/3042_jesus-de-lyon-debela-suha-kobasica/review/private_clone_readonly_qa_v1_2026-06-18_19-00-42/3535_private_clone_rendered_content_snapshot.html,3535_private_clone_rendered_content_snapshot.html,.html,OTHER,3277,2026-06-18T19:00:43.376360+00:00,
04_OPERATION/recipe_master/dossiers/pilot_batch_01b_strict_ground_2026-06-18_18-04-36/3042_jesus-de-lyon-debela-suha-kobasica/review/private_clone_readonly_qa_v1_2026-06-18_19-00-42/3535_public_fetch_snapshot.html,3535_public_fetch_snapshot.html,.html,OTHER,230844,2026-06-18T19:00:43.376360+00:00,
04_OPERATION/recipe_master/dossiers/pilot_batch_01b_strict_ground_2026-06-18_18-04-36/3042_jesus-de-lyon-debela-suha-kobasica/review/private_preview_adapter_dryrun_v1_2026-06-18_18-27-54/3042_PRIVATE_PREVIEW_ADAPTER_DRYRUN.html,3042_PRIVATE_PREVIEW_ADAPTER_DRYRUN.html,.html,OTHER,5823,2026-06-18T18:27:54.828394+00:00,
04_OPERATION/recipe_master/dossiers/pilot_batch_01b_strict_ground_2026-06-18_18-04-36/3042_jesus-de-lyon-debela-suha-kobasica/review/private_preview_adapter_dryrun_v1_2026-06-18_18-27-54/3042_PRIVATE_PREVIEW_ADAPTER_DRYRUN_REPORT.md,3042_PRIVATE_PREVIEW_ADAPTER_DRYRUN_REPORT.md,.md,DOSSIER_MARKDOWN,1596,2026-06-18T18:27:54.828394+00:00,1348b521b9b3062b02c9049a09d45af2565bca8157d087f717a742bd89a5fbf0
04_OPERATION/recipe_master/dossiers/pilot_batch_01b_strict_ground_2026-06-18_18-04-36/3042_jesus-de-lyon-debela-suha-kobasica/review/private_preview_adapter_dryrun_v1_2026-06-18_18-27-54/3042_private_preview_adapter_contract.csv,3042_private_preview_adapter_contract.csv,.csv,DOSSIER_DATA,539,2026-06-18T18:27:54.828394+00:00,dc50f7c65dd489e5368cffbdba3dd3ea6a7eb769041f1f62108e64880f761ddd
04_OPERATION/recipe_master/dossiers/pilot_batch_01b_strict_ground_2026-06-18_18-04-36/3042_jesus-de-lyon-debela-suha-kobasica/review/private_preview_adapter_dryrun_v1_2026-06-18_18-27-54/3042_private_preview_adapter_dryrun_output.txt,3042_private_preview_adapter_dryrun_output.txt,.txt,OTHER,935,2026-06-18T18:27:54.829394+00:00,
04_OPERATION/recipe_master/dossiers/pilot_batch_01b_strict_ground_2026-06-18_18-04-36/3042_jesus-de-lyon-debela-suha-kobasica/review/private_preview_adapter_dryrun_v1_2026-06-18_18-27-54/3042_private_preview_adapter_payload.json,3042_private_preview_adapter_payload.json,.json,DOSSIER_DATA,7669,2026-06-18T18:27:54.828394+00:00,bb1949eed5672231b5cebd068874853b61f63b8d78b710a2d4679ab1bbad5c84
04_OPERATION/recipe_master/dossiers/pilot_batch_01b_strict_ground_2026-06-18_18-04-36/3042_jesus-de-lyon-debela-suha-kobasica/review/private_wp_preview_clone_v1_2026-06-18_18-47-40/3042_PRIVATE_PREVIEW_CLONE_REPORT.md,3042_PRIVATE_PREVIEW_CLONE_REPORT.md,.md,DOSSIER_MARKDOWN,973,2026-06-18T18:47:42.223115+00:00,42e581aa2c6f787aa736b6cb203ffc99ec241cae8e33aa01ee2cda5675b417c3
04_OPERATION/recipe_master/dossiers/pilot_batch_01b_strict_ground_2026-06-18_18-04-36/3042_jesus-de-lyon-debela-suha-kobasica/review/private_wp_preview_clone_v1_2026-06-18_18-47-40/3042_private_preview_clone_output.txt,3042_private_preview_clone_output.txt,.txt,OTHER,521,2026-06-18T18:47:42.223115+00:00,
04_OPERATION/recipe_master/dossiers/pilot_batch_01b_strict_ground_2026-06-18_18-04-36/3042_jesus-de-lyon-debela-suha-kobasica/review/private_wp_preview_clone_v1_2026-06-18_18-47-40/3042_private_preview_clone_result.json,3042_private_preview_clone_result.json,.json,DOSSIER_DATA,13716,2026-06-18T18:47:42.222116+00:00,0023576cc5214535af77255f690edc55f24d0d82f5d3912693ba048f78db057f
04_OPERATION/recipe_master/dossiers/pilot_batch_01b_strict_ground_2026-06-18_18-04-36/3042_jesus-de-lyon-debela-suha-kobasica/review/private_wp_preview_plan_v1_2026-06-18_18-45-14/3042_PRIVATE_WP_PREVIEW_EXECUTION_CHECKLIST.md,3042_PRIVATE_WP_PREVIEW_EXECUTION_CHECKLIST.md,.md,DOSSIER_MARKDOWN,1000,2026-06-18T18:45:14.469925+00:00,25416fc56189af8dd70f07c15f4b5b694693364a937ea51d3328512e69d52810
04_OPERATION/recipe_master/dossiers/pilot_batch_01b_strict_ground_2026-06-18_18-04-36/3042_jesus-de-lyon-debela-suha-kobasica/review/private_wp_preview_plan_v1_2026-06-18_18-45-14/3042_PRIVATE_WP_PREVIEW_PLAN.html,3042_PRIVATE_WP_PREVIEW_PLAN.html,.html,OTHER,4544,2026-06-18T18:45:14.469925+00:00,
04_OPERATION/recipe_master/dossiers/pilot_batch_01b_strict_ground_2026-06-18_18-04-36/3042_jesus-de-lyon-debela-suha-kobasica/review/private_wp_preview_plan_v1_2026-06-18_18-45-14/3042_PRIVATE_WP_PREVIEW_PLAN_REPORT.md,3042_PRIVATE_WP_PREVIEW_PLAN_REPORT.md,.md,DOSSIER_MARKDOWN,2065,2026-06-18T18:45:14.469925+00:00,2bb4e8fa83c4541c9d1fe2ddd8c98f6aebc706990381ef213b9ccd8884f46e06
04_OPERATION/recipe_master/dossiers/pilot_batch_01b_strict_ground_2026-06-18_18-04-36/3042_jesus-de-lyon-debela-suha-kobasica/review/private_wp_preview_plan_v1_2026-06-18_18-45-14/3042_private_wp_preview_full_markdown.md,3042_private_wp_preview_full_markdown.md,.md,DOSSIER_MARKDOWN,2682,2026-06-18T18:45:14.469925+00:00,a9f84b10aa01adfdd950f12e5fa37fbdcc41665a5e1e552b150a72a43280b25b
04_OPERATION/recipe_master/dossiers/pilot_batch_01b_strict_ground_2026-06-18_18-04-36/3042_jesus-de-lyon-debela-suha-kobasica/review/private_wp_preview_plan_v1_2026-06-18_18-45-14/3042_private_wp_preview_meta_map.csv,3042_private_wp_preview_meta_map.csv,.csv,DOSSIER_DATA,2350,2026-06-18T18:45:14.469925+00:00,33e98db5e5ad1cda5d4b10e9930fa6c3e488ec99641be02173295ba25183e7d6
04_OPERATION/recipe_master/dossiers/pilot_batch_01b_strict_ground_2026-06-18_18-04-36/3042_jesus-de-lyon-debela-suha-kobasica/review/private_wp_preview_plan_v1_2026-06-18_18-45-14/3042_private_wp_preview_meta_map.json,3042_private_wp_preview_meta_map.json,.json,DOSSIER_DATA,11928,2026-06-18T18:45:14.469925+00:00,7bbd8828b4d4c98bff8357d7dd613732508d04c83eea5acf922e6c11b75e19c1
04_OPERATION/recipe_master/dossiers/pilot_batch_01b_strict_ground_2026-06-18_18-04-36/3042_jesus-de-lyon-debela-suha-kobasica/review/private_wp_preview_plan_v1_2026-06-18_18-45-14/3042_private_wp_preview_plan_output.txt,3042_private_wp_preview_plan_output.txt,.txt,OTHER,962,2026-06-18T18:45:14.470925+00:00,
04_OPERATION/recipe_master/dossiers/pilot_batch_01b_strict_ground_2026-06-18_18-04-36/3042_jesus-de-lyon-debela-suha-kobasica/review/private_wp_preview_plan_v1_2026-06-18_18-45-14/3042_private_wp_preview_plan_v1.json,3042_private_wp_preview_plan_v1.json,.json,DOSSIER_DATA,13866,2026-06-18T18:45:14.469925+00:00,e44d38a702c158968f62dbfc7aeb558b7ff4d17bba15fb56b3226aec36e9f9c4
04_OPERATION/recipe_master/dossiers/pilot_batch_01b_strict_ground_2026-06-18_18-04-36/3042_jesus-de-lyon-debela-suha-kobasica/review/recipe_yml_draft_v1_2026-06-18_18-15-54/3042_RECIPE_YML_DRAFT_V1_RECOVERY_REPORT.md,3042_RECIPE_YML_DRAFT_V1_RECOVERY_REPORT.md,.md,DOSSIER_MARKDOWN,525,2026-06-18T18:19:27.615402+00:00,a933b9d5e74a8f9cf74aa22703f2b4de0099eb90f0f3c266f7b45ba8491528a3
04_OPERATION/recipe_master/dossiers/pilot_batch_01b_strict_ground_2026-06-18_18-04-36/3042_jesus-de-lyon-debela-suha-kobasica/review/recipe_yml_draft_v1_2026-06-18_18-15-54/3042_RECIPE_YML_DRAFT_V1_RECOVERY_REPORT_CLEAN.md,3042_RECIPE_YML_DRAFT_V1_RECOVERY_REPORT_CLEAN.md,.md,DOSSIER_MARKDOWN,1557,2026-06-18T18:22:00.517606+00:00,91aec8e92bc6541017db316d9fc21dcd6761ce32656ead75cffdd220effa425a
04_OPERATION/recipe_master/dossiers/pilot_batch_01b_strict_ground_2026-06-18_18-04-36/3042_jesus-de-lyon-debela-suha-kobasica/review/recipe_yml_draft_v1_2026-06-18_18-15-54/3042_RECIPE_YML_DRAFT_V1_REPORT.md,3042_RECIPE_YML_DRAFT_V1_REPORT.md,.md,DOSSIER_MARKDOWN,1223,2026-06-18T18:15:54.125719+00:00,e4b47a689de103a28b0280da126e3aa8b44be2014a3a493b2aa81d0abb82525c
04_OPERATION/recipe_master/dossiers/pilot_batch_01b_strict_ground_2026-06-18_18-04-36/3042_jesus-de-lyon-debela-suha-kobasica/review/recipe_yml_draft_v1_2026-06-18_18-15-54/3042_recipe_yml_draft_output.txt,3042_recipe_yml_draft_output.txt,.txt,OTHER,599,2026-06-18T18:15:54.126719+00:00,
04_OPERATION/recipe_master/dossiers/pilot_batch_01b_strict_ground_2026-06-18_18-04-36/3042_jesus-de-lyon-debela-suha-kobasica/review/recipe_yml_draft_v1_2026-06-18_18-15-54/3042_recipe_yml_draft_v1.json,3042_recipe_yml_draft_v1.json,.json,DOSSIER_DATA,719,2026-06-18T18:15:54.125719+00:00,1bcee90604567b8071e168d91ea47b39f01d42a1d910110205afe73af58940d6
04_OPERATION/recipe_master/dossiers/pilot_batch_01b_strict_ground_2026-06-18_18-04-36/3042_jesus-de-lyon-debela-suha-kobasica/review/recipe_yml_qa_v1_2026-06-18_18-25-03/3042_RECIPE_YML_QA_V1_REPORT.md,3042_RECIPE_YML_QA_V1_REPORT.md,.md,DOSSIER_MARKDOWN,3590,2026-06-18T18:25:03.719048+00:00,ef0bd8bc026a4c72cb6ffa24854fd56373af783a17438e51d601ffef7c600aaa
04_OPERATION/recipe_master/dossiers/pilot_batch_01b_strict_ground_2026-06-18_18-04-36/3042_jesus-de-lyon-debela-suha-kobasica/review/recipe_yml_qa_v1_2026-06-18_18-25-03/3042_recipe_yml_qa_output.txt,3042_recipe_yml_qa_output.txt,.txt,OTHER,428,2026-06-18T18:25:03.719048+00:00,
04_OPERATION/recipe_master/dossiers/pilot_batch_01b_strict_ground_2026-06-18_18-04-36/3042_jesus-de-lyon-debela-suha-kobasica/review/recipe_yml_qa_v1_2026-06-18_18-25-03/3042_recipe_yml_qa_v1.csv,3042_recipe_yml_qa_v1.csv,.csv,DOSSIER_DATA,2896,2026-06-18T18:25:03.719048+00:00,3fb4a5b74cb7d58505cb196fcef43d87b27c13fafe773380a75a8fcdf4b227cf
04_OPERATION/recipe_master/dossiers/pilot_batch_01b_strict_ground_2026-06-18_18-04-36/3042_jesus-de-lyon-debela-suha-kobasica/review/recipe_yml_qa_v1_2026-06-18_18-25-03/3042_recipe_yml_qa_v1.json,3042_recipe_yml_qa_v1.json,.json,DOSSIER_DATA,5925,2026-06-18T18:25:03.719048+00:00,837c786ed28e796251d5aa834b072f566f56e320fcd49cc7f75acdbee63cd38a
04_OPERATION/recipe_master/dossiers/pilot_batch_01b_strict_ground_2026-06-18_18-04-36/3042_jesus-de-lyon-debela-suha-kobasica/review/render_quality_audit_v1_2026-06-18_19-05-10/3535_RENDER_QUALITY_AUDIT_REPORT.md,3535_RENDER_QUALITY_AUDIT_REPORT.md,.md,DOSSIER_MARKDOWN,3121,2026-06-18T19:05:10.525482+00:00,f1b5c6153256996c59b449c3cef9a9e7c2eb729e048e82b1e601d1ec7bcaf282
04_OPERATION/recipe_master/dossiers/pilot_batch_01b_strict_ground_2026-06-18_18-04-36/3042_jesus-de-lyon-debela-suha-kobasica/review/render_quality_audit_v1_2026-06-18_19-05-10/3535_render_quality_audit_output.txt,3535_render_quality_audit_output.txt,.txt,OTHER,497,2026-06-18T19:05:10.525482+00:00,
04_OPERATION/recipe_master/dossiers/pilot_batch_01b_strict_ground_2026-06-18_18-04-36/3042_jesus-de-lyon-debela-suha-kobasica/review/render_quality_audit_v1_2026-06-18_19-05-10/3535_render_quality_audit_v1.csv,3535_render_quality_audit_v1.csv,.csv,DOSSIER_DATA,2387,2026-06-18T19:05:10.524482+00:00,75f3e0f0cc85f4d45b8a1c696340d6dcfcb55e9bf2e46d2af5c8bc8c88dfaaf6
04_OPERATION/recipe_master/dossiers/pilot_batch_01b_strict_ground_2026-06-18_18-04-36/3042_jesus-de-lyon-debela-suha-kobasica/review/render_quality_audit_v1_2026-06-18_19-05-10/3535_render_quality_audit_v1.json,3535_render_quality_audit_v1.json,.json,DOSSIER_DATA,4718,2026-06-18T19:05:10.524482+00:00,5f1f3e6e15202d70b3fb6239ba9d2bce7ba604d086e818cea2ac2cb022be75ec
04_OPERATION/recipe_master/dossiers/pilot_batch_01b_strict_ground_2026-06-18_18-04-36/3042_jesus-de-lyon-debela-suha-kobasica/review/renderer_activation_deep_inspection_v1_2026-06-18_19-10-16/2976_post_snapshot.json,2976_post_snapshot.json,.json,DOSSIER_DATA,12522,2026-06-18T19:10:17.690764+00:00,6f2773cd07c69c58031ac9e800ba7c674c7cd43484da408246c218149f7d4501
04_OPERATION/recipe_master/dossiers/pilot_batch_01b_strict_ground_2026-06-18_18-04-36/3042_jesus-de-lyon-debela-suha-kobasica/review/renderer_activation_deep_inspection_v1_2026-06-18_19-10-16/3042_post_snapshot.json,3042_post_snapshot.json,.json,DOSSIER_DATA,10446,2026-06-18T19:10:17.835765+00:00,f7c0091aca751c413d033fbbf8d6110861f36554ed867bda2759fd73b3849852
04_OPERATION/recipe_master/dossiers/pilot_batch_01b_strict_ground_2026-06-18_18-04-36/3042_jesus-de-lyon-debela-suha-kobasica/review/renderer_activation_deep_inspection_v1_2026-06-18_19-10-16/3535_post_snapshot.json,3535_post_snapshot.json,.json,DOSSIER_DATA,8681,2026-06-18T19:10:18.017766+00:00,c482ba25afe76df8d19d6d63900709c6ae165cd475782b7eccba86baf2b2402e
04_OPERATION/recipe_master/dossiers/pilot_batch_01b_strict_ground_2026-06-18_18-04-36/3042_jesus-de-lyon-debela-suha-kobasica/review/renderer_activation_deep_inspection_v1_2026-06-18_19-10-16/RENDERER_ACTIVATION_DEEP_INSPECTION_REPORT.md,RENDERER_ACTIVATION_DEEP_INSPECTION_REPORT.md,.md,DOSSIER_MARKDOWN,4587,2026-06-18T19:10:18.032766+00:00,cb9f805dc8862b47ddc32d4748e6f6dc2c2780412586710cd5bc53dd5912e130
04_OPERATION/recipe_master/dossiers/pilot_batch_01b_strict_ground_2026-06-18_18-04-36/3042_jesus-de-lyon-debela-suha-kobasica/review/renderer_activation_deep_inspection_v1_2026-06-18_19-10-16/plugin_line_contexts.json,plugin_line_contexts.json,.json,DOSSIER_DATA,36326,2026-06-18T19:10:18.031766+00:00,cc4e31ced2185e5c7952aa612ce33a48ef78590b1b0db4fbf162be2f554b2b65
04_OPERATION/recipe_master/dossiers/pilot_batch_01b_strict_ground_2026-06-18_18-04-36/3042_jesus-de-lyon-debela-suha-kobasica/review/renderer_activation_deep_inspection_v1_2026-06-18_19-10-16/plugin_relevant_lines_live.json,plugin_relevant_lines_live.json,.json,DOSSIER_DATA,56354,2026-06-18T19:10:18.031766+00:00,c447079561f2f980be14ff4db68782f3aacd915919a6545a686e16b8e38b6791
04_OPERATION/recipe_master/dossiers/pilot_batch_01b_strict_ground_2026-06-18_18-04-36/3042_jesus-de-lyon-debela-suha-kobasica/review/renderer_activation_deep_inspection_v1_2026-06-18_19-10-16/plugin_relevant_lines_repo.json,plugin_relevant_lines_repo.json,.json,DOSSIER_DATA,56354,2026-06-18T19:10:18.031766+00:00,c447079561f2f980be14ff4db68782f3aacd915919a6545a686e16b8e38b6791
04_OPERATION/recipe_master/dossiers/pilot_batch_01b_strict_ground_2026-06-18_18-04-36/3042_jesus-de-lyon-debela-suha-kobasica/review/renderer_activation_deep_inspection_v1_2026-06-18_19-10-16/renderer_activation_deep_inspection_output.txt,renderer_activation_deep_inspection_output.txt,.txt,OTHER,547,2026-06-18T19:10:18.032766+00:00,
04_OPERATION/recipe_master/dossiers/pilot_batch_01b_strict_ground_2026-06-18_18-04-36/3042_jesus-de-lyon-debela-suha-kobasica/review/renderer_activation_deep_inspection_v1_2026-06-18_19-10-16/renderer_activation_deep_inspection_v1.json,renderer_activation_deep_inspection_v1.json,.json,DOSSIER_DATA,35975,2026-06-18T19:10:18.032766+00:00,3bd55941d37c42c0653d697caf64f78d622056a2861be14624b7f86af87a8a48
04_OPERATION/recipe_master/dossiers/pilot_batch_01b_strict_ground_2026-06-18_18-04-36/3042_jesus-de-lyon-debela-suha-kobasica/review/renderer_contract_inspection_v1_2026-06-18_19-08-09/3535_RENDERER_CONTRACT_INSPECTION_REPORT.md,3535_RENDERER_CONTRACT_INSPECTION_REPORT.md,.md,DOSSIER_MARKDOWN,2637,2026-06-18T19:08:10.619810+00:00,fd70d2e721fdb652780a60d8e0426b207074171fde88f4a6dcb7cf7ad525a418
04_OPERATION/recipe_master/dossiers/pilot_batch_01b_strict_ground_2026-06-18_18-04-36/3042_jesus-de-lyon-debela-suha-kobasica/review/renderer_contract_inspection_v1_2026-06-18_19-08-09/3535_renderer_contract_inspection_output.txt,3535_renderer_contract_inspection_output.txt,.txt,OTHER,497,2026-06-18T19:08:10.620810+00:00,
04_OPERATION/recipe_master/dossiers/pilot_batch_01b_strict_ground_2026-06-18_18-04-36/3042_jesus-de-lyon-debela-suha-kobasica/review/renderer_contract_inspection_v1_2026-06-18_19-08-09/3535_renderer_contract_inspection_v1.json,3535_renderer_contract_inspection_v1.json,.json,DOSSIER_DATA,89580,2026-06-18T19:08:10.619810+00:00,64402353fdc59a8eb37f2c283b2effbaeedfeaac058c97edd5d65959885faf0f
04_OPERATION/recipe_master/dossiers/pilot_batch_01b_strict_ground_2026-06-18_18-04-36/3042_jesus-de-lyon-debela-suha-kobasica/review/renderer_contract_inspection_v1_2026-06-18_19-08-09/3535_renderer_meta_matrix.csv,3535_renderer_meta_matrix.csv,.csv,DOSSIER_DATA,1363,2026-06-18T19:08:10.619810+00:00,05bb034be162e292875ae135438b8e2fc7e4614bf593e5378c44f8bbaf27732f
04_OPERATION/recipe_master/dossiers/pilot_batch_01b_strict_ground_2026-06-18_18-04-36/3042_jesus-de-lyon-debela-suha-kobasica/review/source_validation_v1_2026-06-18_18-10-58/3042_SOURCE_VALIDATION_REPORT.md,3042_SOURCE_VALIDATION_REPORT.md,.md,DOSSIER_MARKDOWN,3515,2026-06-18T18:10:58.835387+00:00,4a156dd02d4dbe1de53f17a8346b6586e43c4cd302ad84065fe30494902128dd
04_OPERATION/recipe_master/dossiers/pilot_batch_01b_strict_ground_2026-06-18_18-04-36/3042_jesus-de-lyon-debela-suha-kobasica/review/source_validation_v1_2026-06-18_18-10-58/3042_source_validation_output.txt,3042_source_validation_output.txt,.txt,OTHER,760,2026-06-18T18:10:58.835387+00:00,
04_OPERATION/recipe_master/dossiers/pilot_batch_01b_strict_ground_2026-06-18_18-04-36/3042_jesus-de-lyon-debela-suha-kobasica/review/source_validation_v1_2026-06-18_18-10-58/3042_source_validation_v1.json,3042_source_validation_v1.json,.json,DOSSIER_DATA,5171,2026-06-18T18:10:58.835387+00:00,fcc938c3c1b1054993b4e6339b4c6d80b91cdea10f0678f6802e42596d50300b
04_OPERATION/recipe_master/dossiers/pilot_batch_01b_strict_ground_2026-06-18_18-04-36/3042_jesus-de-lyon-debela-suha-kobasica/sources.yml,sources.yml,.yml,DOSSIER_DATA,4475,2026-06-18T18:10:58.835387+00:00,8e99c6e9fbce95828dae1b2f5f1b2c0957902d18628ab6f1d8c89c8209004229
04_OPERATION/recipe_master/dossiers/pilot_batch_01b_strict_ground_2026-06-18_18-04-36/3042_jesus-de-lyon-debela-suha-kobasica/wordpress_import_log.md,wordpress_import_log.md,.md,DOSSIER_MARKDOWN,719,2026-06-19T16:56:45.258393+00:00,20e2bc9b1bf895f0c978ad45fae15e13c510508be3cd8b6c1575af4eedba71eb
04_OPERATION/recipe_master/dossiers/pilot_batch_01b_strict_ground_2026-06-18_18-04-36/DOSSIERS_INDEX.md,DOSSIERS_INDEX.md,.md,DOSSIER_MARKDOWN,1390,2026-06-18T18:04:38.347370+00:00,0d1ed8cac31f3c5c6eee2b6b6d52ef1d130b6ad7bcf1c3d7981bd557b115fe52
04_OPERATION/recipe_master/dossiers/pilot_batch_01b_strict_ground_2026-06-18_18-04-36/dossier_creation_output.txt,dossier_creation_output.txt,.txt,OTHER,370,2026-06-18T18:04:38.347370+00:00,
04_OPERATION/recipe_master/dossiers/pilot_batch_01b_strict_ground_2026-06-18_18-04-36/dossiers_created.json,dossiers_created.json,.json,DOSSIER_DATA,1523,2026-06-18T18:04:38.347370+00:00,4467e79e276435ae885217db72534a18f45f63469b635cd04d23111d2d1ae287
04_OPERATION/recipe_master/dossiers/pilot_batch_01b_strict_ground_2026-06-18_18-04-36/git_status_before.txt,git_status_before.txt,.txt,OTHER,40,2026-06-18T18:04:36.698357+00:00,
04_OPERATION/recipe_master/drycured_recipes_master_v1_1_cijeli_komadi_25_source_safe.json,drycured_recipes_master_v1_1_cijeli_komadi_25_source_safe.json,.json,RECIPE_SOURCE_CANDIDATE_DATA,240077,2026-06-11T11:01:04.328317+00:00,0e0098092dca7640c6d9956d8c08f9378175e0eb6292a01fd2e949ca36cf8a26
04_OPERATION/recipe_master/drycured_recipes_master_v1_pilot_cijeli_komadi_25.json,drycured_recipes_master_v1_pilot_cijeli_komadi_25.json,.json,RECIPE_SOURCE_CANDIDATE_DATA,217240,2026-06-09T15:57:43.179031+00:00,3491405549bde8fa9081a8bbc622474dedd808fe11cbd1e6698bef232b0be36b
04_OPERATION/recipe_master/drycured_recipes_master_v1_pilot_cijeli_komadi_25_summary.txt,drycured_recipes_master_v1_pilot_cijeli_komadi_25_summary.txt,.txt,OTHER,3083,2026-06-09T15:57:43.179031+00:00,
04_OPERATION/recipe_master/evidence/batch01_cijeli_komadi_25/README.md,README.md,.md,RECIPE_SOURCE_CANDIDATE_MD,1234,2026-06-09T16:07:05.164363+00:00,5fd35d06f09ae54bec9faa85c0b8a06fd0c5943cb4af8145f2cea3b10733c154
04_OPERATION/recipe_master/evidence/batch01_cijeli_komadi_25/editorial_evidence_candidates.json,editorial_evidence_candidates.json,.json,RECIPE_SOURCE_CANDIDATE_DATA,298088,2026-06-09T16:07:05.161363+00:00,b3ef9753408c6f0b22f8dc8fc0b0008bbac34f73f8ee0cf221cdefdb2adc7f0a
04_OPERATION/recipe_master/evidence/batch01_cijeli_komadi_25/editorial_evidence_matrix.csv,editorial_evidence_matrix.csv,.csv,RECIPE_SOURCE_CANDIDATE_DATA,7597,2026-06-09T16:07:05.157363+00:00,3bed940bd16e369d25f455dfab36c3228eaae0fe59614df8f56c6b17df3e7c77
04_OPERATION/recipe_master/evidence/batch01_cijeli_komadi_25/editorial_evidence_summary.txt,editorial_evidence_summary.txt,.txt,OTHER,4617,2026-06-09T16:07:05.154363+00:00,
04_OPERATION/recipe_master/fill_candidates/batch01_cijeli_komadi_25/block_fill_candidates.json,block_fill_candidates.json,.json,RECIPE_SOURCE_CANDIDATE_DATA,414088,2026-06-09T16:08:39.590091+00:00,fb2765a8875d7bea193e3dec930c3fc2d1eac3ce20286120a3ff9d51e0815dbf
04_OPERATION/recipe_master/fill_candidates/batch01_cijeli_komadi_25/block_fill_candidates_summary.txt,block_fill_candidates_summary.txt,.txt,OTHER,4179,2026-06-09T16:08:39.591091+00:00,
04_OPERATION/recipe_master/pilot_batches/pilot_batch_01_2026-06-18_17-58-36/PILOT_BATCH_01_WORKLIST.md,PILOT_BATCH_01_WORKLIST.md,.md,RECIPE_SOURCE_CANDIDATE_MD,13947,2026-06-18T17:58:36.099471+00:00,906e8eb6f2cb12706c855e881b0e59ed34724540c2c28228eafaca1831b8cd3b
04_OPERATION/recipe_master/pilot_batches/pilot_batch_01_2026-06-18_17-58-36/git_status_before.txt,git_status_before.txt,.txt,OTHER,45,2026-06-18T17:58:36.048470+00:00,
04_OPERATION/recipe_master/pilot_batches/pilot_batch_01_2026-06-18_17-58-36/pilot_01_recommended_ground_public_pass.csv,pilot_01_recommended_ground_public_pass.csv,.csv,RECIPE_SOURCE_CANDIDATE_DATA,2484,2026-06-18T17:58:36.095471+00:00,128dd56e65287fe9ced013d55cf683abb31bc16bc53d20e02c47d01fcbca1b7a
04_OPERATION/recipe_master/pilot_batches/pilot_batch_01_2026-06-18_17-58-36/pilot_batch_01_run_output.txt,pilot_batch_01_run_output.txt,.txt,OTHER,458,2026-06-18T17:58:36.099471+00:00,
04_OPERATION/recipe_master/pilot_batches/pilot_batch_01_2026-06-18_17-58-36/pilot_batch_01_summary.json,pilot_batch_01_summary.json,.json,RECIPE_SOURCE_CANDIDATE_DATA,40434,2026-06-18T17:58:36.099471+00:00,7578de79a30b4efc65c7628416d9aced6fe09da778598b926bd1d182f5f12fe2
04_OPERATION/recipe_master/pilot_batches/pilot_batch_01_2026-06-18_17-58-36/public_fail_blocked.csv,public_fail_blocked.csv,.csv,RECIPE_SOURCE_CANDIDATE_DATA,99168,2026-06-18T17:58:36.098471+00:00,bb0d1aea38b868a902df4f5e1d1b5d938e0de27237bf92e38c9d2116ef393b1a
04_OPERATION/recipe_master/pilot_batches/pilot_batch_01_2026-06-18_17-58-36/public_pass_all_types.csv,public_pass_all_types.csv,.csv,RECIPE_SOURCE_CANDIDATE_DATA,7618,2026-06-18T17:58:36.095471+00:00,7a1e70d9068e1d1c52f593c044dbaece572e59423b829d971f9f0ed702f34e77
04_OPERATION/recipe_master/pilot_batches/pilot_batch_01_2026-06-18_17-58-36/public_pass_fish.csv,public_pass_fish.csv,.csv,RECIPE_SOURCE_CANDIDATE_DATA,340,2026-06-18T17:58:36.098471+00:00,ca2d0c21aad6edd6213c230bdbe04345a38ccca919357070c7f7e9898c4eeae3
04_OPERATION/recipe_master/pilot_batches/pilot_batch_01_2026-06-18_17-58-36/public_pass_ground.csv,public_pass_ground.csv,.csv,RECIPE_SOURCE_CANDIDATE_DATA,2484,2026-06-18T17:58:36.098471+00:00,128dd56e65287fe9ced013d55cf683abb31bc16bc53d20e02c47d01fcbca1b7a
04_OPERATION/recipe_master/pilot_batches/pilot_batch_01_2026-06-18_17-58-36/public_pass_thermal.csv,public_pass_thermal.csv,.csv,RECIPE_SOURCE_CANDIDATE_DATA,340,2026-06-18T17:58:36.098471+00:00,ca2d0c21aad6edd6213c230bdbe04345a38ccca919357070c7f7e9898c4eeae3
04_OPERATION/recipe_master/pilot_batches/pilot_batch_01_2026-06-18_17-58-36/public_pass_whole_cut.csv,public_pass_whole_cut.csv,.csv,RECIPE_SOURCE_CANDIDATE_DATA,2836,2026-06-18T17:58:36.098471+00:00,168cd2f457e818d12ca8b1dda3d7f9bba61fef64f4c1c3d681037e865e173ff8
04_OPERATION/recipe_master/pilot_batches/pilot_batch_01b_strict_ground_2026-06-18_18-02-24/PILOT_BATCH_01B_STRICT_GROUND.md,PILOT_BATCH_01B_STRICT_GROUND.md,.md,RECIPE_SOURCE_CANDIDATE_MD,2886,2026-06-18T18:02:24.176300+00:00,e2a94bdf2c057c38919e15bb2eaaff8bd81e6fb98e5d177a7e14e4b87f857553
04_OPERATION/recipe_master/pilot_batches/pilot_batch_01b_strict_ground_2026-06-18_18-02-24/git_status_before.txt,git_status_before.txt,.txt,OTHER,95,2026-06-18T18:02:24.132300+00:00,
04_OPERATION/recipe_master/pilot_batches/pilot_batch_01b_strict_ground_2026-06-18_18-02-24/pilot_01b_excluded_for_type_review.csv,pilot_01b_excluded_for_type_review.csv,.csv,RECIPE_SOURCE_CANDIDATE_DATA,1990,2026-06-18T18:02:24.176300+00:00,548a885e6a5748b0f066f44dbad2ef4ae7123c886ffd31cfb788c3c10f3093d0
04_OPERATION/recipe_master/pilot_batches/pilot_batch_01b_strict_ground_2026-06-18_18-02-24/pilot_01b_strict_ground_accept.csv,pilot_01b_strict_ground_accept.csv,.csv,RECIPE_SOURCE_CANDIDATE_DATA,1352,2026-06-18T18:02:24.176300+00:00,fbd8dcd9116625d173ed2373fdac54bd3eb14baa940206e0f93793015de049fd
04_OPERATION/recipe_master/pilot_batches/pilot_batch_01b_strict_ground_2026-06-18_18-02-24/pilot_01b_strict_ground_summary.json,pilot_01b_strict_ground_summary.json,.json,RECIPE_SOURCE_CANDIDATE_DATA,9676,2026-06-18T18:02:24.176300+00:00,9f5313c465cc9fe1bca860d164fcf914164c41177bbc4e422d1758da990e67c5
04_OPERATION/recipe_master/pilot_batches/pilot_batch_01b_strict_ground_2026-06-18_18-02-24/pilot_batch_01b_run_output.txt,pilot_batch_01b_run_output.txt,.txt,OTHER,336,2026-06-18T18:02:24.177300+00:00,
04_OPERATION/recipe_master/reports/BATCH001_PRIVATE_PATCH_FINAL_STATUS_2026-06-11.md,BATCH001_PRIVATE_PATCH_FINAL_STATUS_2026-06-11.md,.md,REPORT_MARKDOWN,2606,2026-06-11T20:20:00.914787+00:00,f6fca2904dbe602df1b68a19713d0666fcf3dccc711bbd3e3a1929a576fe99cb
04_OPERATION/recipe_master/reports/BATCH001_TAXONOMY_ONLY_FIX_2_2026-06-11.csv,BATCH001_TAXONOMY_ONLY_FIX_2_2026-06-11.csv,.csv,REPORT_DATA,679,2026-06-11T20:29:09.576960+00:00,88b265651677234ad2de5545a3efd7b2dd3bde453ecb820718c0ca2e7c5a6836
04_OPERATION/recipe_master/reports/BATCH001_WP_TAXONOMY_ANOMALY_AUDIT_2026-06-11.csv,BATCH001_WP_TAXONOMY_ANOMALY_AUDIT_2026-06-11.csv,.csv,REPORT_DATA,606,2026-06-11T20:21:58.554676+00:00,b6925fac62f9ee0c3d8d724ad244e7dbe212b428960d65c8f2297c84995d16bf
04_OPERATION/recipe_master/reports/DCV5_DATA_CONTRACT_INSPECT_2026-06-12_10-39-18.txt,DCV5_DATA_CONTRACT_INSPECT_2026-06-12_10-39-18.txt,.txt,OTHER,96342,2026-06-12T10:39:19.355701+00:00,
04_OPERATION/recipe_master/reports/DCV5_DUPLICATE_TOP_BLOCK_AUDIT_2026-06-12_09-01-46.txt,DCV5_DUPLICATE_TOP_BLOCK_AUDIT_2026-06-12_09-01-46.txt,.txt,OTHER,39347,2026-06-12T09:01:46.886312+00:00,
04_OPERATION/recipe_master/reports/DCV5_MIGRATION_READINESS_AUDIT_V2_2026-06-12_10-34-16.csv,DCV5_MIGRATION_READINESS_AUDIT_V2_2026-06-12_10-34-16.csv,.csv,REPORT_DATA,108445,2026-06-12T10:34:17.700376+00:00,e3cf4e519f1c0477a4f8429657716c24ece087fe0d8d8c6ee9cb4dd4f913b9df
04_OPERATION/recipe_master/reports/DCV5_RENDERER_SOURCE_CONTRACT_AUDIT_2026-06-12_10-41-53.txt,DCV5_RENDERER_SOURCE_CONTRACT_AUDIT_2026-06-12_10-41-53.txt,.txt,OTHER,99515,2026-06-12T10:41:53.277887+00:00,
04_OPERATION/recipe_master/reports/DCV5_RENDER_GATE_AUDIT_2026-06-12_06-20-07.csv,DCV5_RENDER_GATE_AUDIT_2026-06-12_06-20-07.csv,.csv,REPORT_DATA,104200,2026-06-12T06:21:17.926731+00:00,b9293324efe04ee7680a9aa9aa3f83796656826ad3339dd566048251e892c6b8
04_OPERATION/recipe_master/reports/DCV5_TOP_DUPLICATE_CLEANUP_QA_2026-06-12_09-07-25.csv,DCV5_TOP_DUPLICATE_CLEANUP_QA_2026-06-12_09-07-25.csv,.csv,REPORT_DATA,62543,2026-06-12T09:08:39.418492+00:00,76ba1e3c9e1367b7bf02a59037a2bb2f3ac4f16634fc4c96e6dee98d68f3ed57
04_OPERATION/recipe_master/reports/DRYCURED_POPIS_PRONADENIH_RECEPATA_v2_1_PROIZVODI_BEZ_JELA.csv,DRYCURED_POPIS_PRONADENIH_RECEPATA_v2_1_PROIZVODI_BEZ_JELA.csv,.csv,REPORT_DATA,102695,2026-06-12T17:04:17.027530+00:00,639034f294772fb4c09f842a6f0997f1d68e800e19ae4a558c4e3b83c63dbb5e
04_OPERATION/recipe_master/reports/DRY_RECIPE_LAYOUT_WHITESPACE_AUDIT_2026-06-12_05-48-48.txt,DRY_RECIPE_LAYOUT_WHITESPACE_AUDIT_2026-06-12_05-48-48.txt,.txt,OTHER,20340,2026-06-12T05:48:56.867432+00:00,
04_OPERATION/recipe_master/reports/FALLBACK_CONTENT_SANITY_AUDIT_2026-06-12_09-49-25.csv,FALLBACK_CONTENT_SANITY_AUDIT_2026-06-12_09-49-25.csv,.csv,REPORT_DATA,95216,2026-06-12T09:49:27.135485+00:00,0d577de0f050576a068c4563d0c8e4f71c2d9069f5ed750f7a392409659c6be3
04_OPERATION/recipe_master/reports/FALLBACK_RECIPE_STRUCTURE_AUDIT_2026-06-12_09-24-31.csv,FALLBACK_RECIPE_STRUCTURE_AUDIT_2026-06-12_09-24-31.csv,.csv,REPORT_DATA,89970,2026-06-12T09:24:32.555762+00:00,046120c5fcc47ae57f1462d5969d4d4eaa2d47fccf23b05fa667e509aa3f3b86
04_OPERATION/recipe_master/reports/FALLBACK_RENDERER_V031_PUBLIC_QA_2026-06-12_09-35-14.csv,FALLBACK_RENDERER_V031_PUBLIC_QA_2026-06-12_09-35-14.csv,.csv,REPORT_DATA,62082,2026-06-12T09:36:31.556444+00:00,a80a8ce6d4b832da84364a3545ad13a11b32009bc977bc119d2ef229fcef6327
04_OPERATION/recipe_master/reports/FALLBACK_RENDERER_V032_CONTENT_QA_2026-06-12_09-57-04.csv,FALLBACK_RENDERER_V032_CONTENT_QA_2026-06-12_09-57-04.csv,.csv,REPORT_DATA,68101,2026-06-12T09:58:21.982612+00:00,79c6754eba6b4b1f43638180849e257adb625b56b0c08be9a87ea83f5ec06498
04_OPERATION/recipe_master/reports/FALLBACK_RENDERER_V041_DCV5_LAYOUT_QA_2026-06-12_10-14-58.csv,FALLBACK_RENDERER_V041_DCV5_LAYOUT_QA_2026-06-12_10-14-58.csv,.csv,REPORT_DATA,71758,2026-06-12T10:16:13.344982+00:00,b8e3ba0922dbfbed0a6506fe884b5ac147ef83a34fbcd51d1306178308849fbf
04_OPERATION/recipe_master/reports/GLOBAL_DRY_RECIPE_FRONTEND_CONTENT_AUDIT_2026-06-12_05-29-41.csv,GLOBAL_DRY_RECIPE_FRONTEND_CONTENT_AUDIT_2026-06-12_05-29-41.csv,.csv,REPORT_DATA,199136,2026-06-12T05:30:55.819420+00:00,13612202b1e4d9c764bd26e88beae48c395bf12c32d12c9a8ac84b663bc6cd6b
04_OPERATION/recipe_master/reports/MDV5_DESIGN_COMPARISON_AUDIT_2026-06-12_13-48-35.txt,MDV5_DESIGN_COMPARISON_AUDIT_2026-06-12_13-48-35.txt,.txt,OTHER,25921,2026-06-12T13:48:36.640452+00:00,
04_OPERATION/recipe_master/reports/MDV5_GARLIC_DISPLAY_FIX_V03B_QA_2026-06-12_15-39-10.csv,MDV5_GARLIC_DISPLAY_FIX_V03B_QA_2026-06-12_15-39-10.csv,.csv,REPORT_DATA,482,2026-06-12T15:39:12.269554+00:00,9b52939c256ba8d362b4451b74954493f020532e0d27ed087608c9265fe2098d
04_OPERATION/recipe_master/reports/MDV5_GARLIC_DISPLAY_FIX_V03B_QA_2026-06-12_15-45-55.csv,MDV5_GARLIC_DISPLAY_FIX_V03B_QA_2026-06-12_15-45-55.csv,.csv,REPORT_DATA,482,2026-06-12T15:45:57.446710+00:00,9b52939c256ba8d362b4451b74954493f020532e0d27ed087608c9265fe2098d
04_OPERATION/recipe_master/reports/MDV5_GARLIC_DISPLAY_FIX_V03_QA_2026-06-12_15-35-51.csv,MDV5_GARLIC_DISPLAY_FIX_V03_QA_2026-06-12_15-35-51.csv,.csv,REPORT_DATA,484,2026-06-12T15:35:53.150023+00:00,e0fe67068a3157c13ab217f25e8a4ad07cdea2ff023a511ef68cb884719cd6af
04_OPERATION/recipe_master/reports/MDV5_GARLIC_LIQUID_AUDIT_V02_STRICT_TEST5_2026-06-12_15-28-55.csv,MDV5_GARLIC_LIQUID_AUDIT_V02_STRICT_TEST5_2026-06-12_15-28-55.csv,.csv,REPORT_DATA,1279,2026-06-12T15:28:57.640833+00:00,9b8ff32cea36280d421d4ec357d1f30f1e71c19eda97c55ccb5d13ef9d371e5e
04_OPERATION/recipe_master/reports/MDV5_PREVIEW_BRIDGE_V03_FRONTEND_QA_2026-06-12_13-32-32.csv,MDV5_PREVIEW_BRIDGE_V03_FRONTEND_QA_2026-06-12_13-32-32.csv,.csv,REPORT_DATA,486,2026-06-12T13:32:35.151118+00:00,45011752b58d24a9255cbe7e4a2b0306c92d8a014b650ad5e47ff7138981a2eb
04_OPERATION/recipe_master/reports/MDV5_PREVIEW_BRIDGE_V03_QA_2026-06-12_13-23-43.csv,MDV5_PREVIEW_BRIDGE_V03_QA_2026-06-12_13-23-43.csv,.csv,REPORT_DATA,360,2026-06-12T13:23:44.071097+00:00,bcbf6404ebf5f6e2b79c9b8bde8cf20fcf606e87b9b3fdda1fb7d0047a530b41
04_OPERATION/recipe_master/reports/MDV5_PREVIEW_BRIDGE_V03_QA_RETRY_2026-06-12_13-27-06.csv,MDV5_PREVIEW_BRIDGE_V03_QA_RETRY_2026-06-12_13-27-06.csv,.csv,REPORT_DATA,365,2026-06-12T13:27:06.630661+00:00,072d4f1f4688626868f9e10d80f5b4df92ab1565d9bec9b581b230d18b78aae1
04_OPERATION/recipe_master/reports/MDV5_PROCESS_DEPTH_AUDIT_TEST5_2026-06-12_14-15-26.csv,MDV5_PROCESS_DEPTH_AUDIT_TEST5_2026-06-12_14-15-26.csv,.csv,REPORT_DATA,897,2026-06-12T14:15:26.902822+00:00,4f219ee7b3b408f84f0473722db8b87d79fa60acc832c88d88c5f714eca21ae5
04_OPERATION/recipe_master/reports/MDV5_PROCESS_ENRICHMENT_V04B_STRICT_TEST5_2026-06-12_14-37-43.csv,MDV5_PROCESS_ENRICHMENT_V04B_STRICT_TEST5_2026-06-12_14-37-43.csv,.csv,REPORT_DATA,910,2026-06-12T14:37:43.876143+00:00,a3db622e4b8ee3b51cdcb125785b4e791c83e1283f0d292d7e33ada9afdeae02
04_OPERATION/recipe_master/reports/MDV5_PROCESS_ENRICHMENT_V04B_STRICT_TEST5_2026-06-12_14-37-43.json,MDV5_PROCESS_ENRICHMENT_V04B_STRICT_TEST5_2026-06-12_14-37-43.json,.json,REPORT_DATA,21316,2026-06-12T14:37:43.875144+00:00,b915db92aa518084c03ba7d3df570eebd7eceb08a739d4d2b0ab42768ea39ada
04_OPERATION/recipe_master/reports/MDV5_PROCESS_SOURCE_SNIPPETS_TEST5_2026-06-12_14-19-33.txt,MDV5_PROCESS_SOURCE_SNIPPETS_TEST5_2026-06-12_14-19-33.txt,.txt,OTHER,137606,2026-06-12T14:19:33.795720+00:00,
04_OPERATION/recipe_master/reports/MDV5_PUBLIC_BRIDGE_V03_FRONTEND_QA_2026-06-12_14-05-42.csv,MDV5_PUBLIC_BRIDGE_V03_FRONTEND_QA_2026-06-12_14-05-42.csv,.csv,REPORT_DATA,540,2026-06-12T14:05:43.972344+00:00,9a971d0e86c3a4a40a2f5b9bf9777d0d6df904c649ff42e786985ab23a304d1c
04_OPERATION/recipe_master/reports/MDV5_PUBLIC_PROCESS_ENRICHMENT_V04B_QA_FIX_2026-06-12_14-55-05.csv,MDV5_PUBLIC_PROCESS_ENRICHMENT_V04B_QA_FIX_2026-06-12_14-55-05.csv,.csv,REPORT_DATA,579,2026-06-12T14:55:07.278290+00:00,9359e3b178d2373ead4b8fd97bc09c7287392b1d6e655d2e3d5080974b16cf3d
04_OPERATION/recipe_master/reports/MDV5_PUBLIC_PROCESS_ENRICHMENT_V04C_QA_2026-06-12_15-16-26.csv,MDV5_PUBLIC_PROCESS_ENRICHMENT_V04C_QA_2026-06-12_15-16-26.csv,.csv,REPORT_DATA,577,2026-06-12T15:16:28.498112+00:00,abc8054b85648ea2628b1573c26baac93cc9f6fe0c19d2d35dd38642bf51ab2d
04_OPERATION/recipe_master/reports/MD_FALLBACK_PREVIEW_COVERAGE_AUDIT_2026-06-12_06-51-13.csv,MD_FALLBACK_PREVIEW_COVERAGE_AUDIT_2026-06-12_06-51-13.csv,.csv,REPORT_DATA,78445,2026-06-12T06:53:35.475286+00:00,499a12d89f23d606bf5558ede4163609685744232da5494ac53ca271fee7e6df
04_OPERATION/recipe_master/reports/MD_FALLBACK_PUBLIC_ENABLE_QA_2026-06-12_07-05-07.csv,MD_FALLBACK_PUBLIC_ENABLE_QA_2026-06-12_07-05-07.csv,.csv,REPORT_DATA,79560,2026-06-12T07:06:27.746057+00:00,619e5f36725479f24614c5b790238950cc27f18b0f54d88129bee03380cd5700
04_OPERATION/recipe_master/reports/MD_TO_DCV5_PROFILE_DRYRUN_V01_2026-06-12_10-48-59.json,MD_TO_DCV5_PROFILE_DRYRUN_V01_2026-06-12_10-48-59.json,.json,REPORT_DATA,52402,2026-06-12T10:48:59.913176+00:00,196330a9ae97b778def44792b0bcb291dbb856d29b68ac8e9c1c981a760147c1
04_OPERATION/recipe_master/reports/MD_TO_DCV5_PROFILE_DRYRUN_V01_2026-06-12_10-48-59.txt,MD_TO_DCV5_PROFILE_DRYRUN_V01_2026-06-12_10-48-59.txt,.txt,OTHER,2760,2026-06-12T10:48:59.913176+00:00,
04_OPERATION/recipe_master/reports/MD_TO_DCV5_PROFILE_DRYRUN_V02_2026-06-12_13-09-45.json,MD_TO_DCV5_PROFILE_DRYRUN_V02_2026-06-12_13-09-45.json,.json,REPORT_DATA,61704,2026-06-12T13:09:45.910604+00:00,f9f50f89a68b2886db65be27f63e76006d9d2a3475941f2f8f1429a7bfc3afbf
04_OPERATION/recipe_master/reports/MD_TO_DCV5_PROFILE_DRYRUN_V02_2026-06-12_13-09-45.txt,MD_TO_DCV5_PROFILE_DRYRUN_V02_2026-06-12_13-09-45.txt,.txt,OTHER,3205,2026-06-12T13:09:45.910604+00:00,
04_OPERATION/recipe_master/reports/MD_TO_DCV5_PROFILE_DRYRUN_V03_LEAD_QA_2026-06-12_13-14-46.json,MD_TO_DCV5_PROFILE_DRYRUN_V03_LEAD_QA_2026-06-12_13-14-46.json,.json,REPORT_DATA,49981,2026-06-12T13:14:46.859935+00:00,1d6185d3b89141f47dc55bd1b55bf8cc63d93f618094eb6d8f80a619a90f25e2
04_OPERATION/recipe_master/reports/MD_TO_DCV5_PROFILE_DRYRUN_V03_LEAD_QA_2026-06-12_13-14-46.txt,MD_TO_DCV5_PROFILE_DRYRUN_V03_LEAD_QA_2026-06-12_13-14-46.txt,.txt,OTHER,1705,2026-06-12T13:14:46.859935+00:00,
04_OPERATION/recipe_master/reports/MD_V5_BRIDGE_CONFIG_INSPECT_2026-06-12_13-16-30.txt,MD_V5_BRIDGE_CONFIG_INSPECT_2026-06-12_13-16-30.txt,.txt,OTHER,18062,2026-06-12T13:16:31.413745+00:00,
04_OPERATION/recipe_master/reports/MD_V5_BRIDGE_SOURCE_AUDIT_2026-06-12_10-44-33.txt,MD_V5_BRIDGE_SOURCE_AUDIT_2026-06-12_10-44-33.txt,.txt,OTHER,29794,2026-06-12T10:44:33.256120+00:00,
04_OPERATION/recipe_master/reports/PUBLIC_FALLBACK_CLEANUP_QA_2026-06-12_13-57-58.csv,PUBLIC_FALLBACK_CLEANUP_QA_2026-06-12_13-57-58.csv,.csv,REPORT_DATA,549,2026-06-12T13:57:59.630779+00:00,3ffdaea88b53e68c1a1d8f65258e5ad166c12d9e700d454c7b11757ec35c713e
04_OPERATION/recipe_master/reports/REAL_FRONTEND_BODY_CONTENT_AUDIT_2026-06-12_06-09-43.csv,REAL_FRONTEND_BODY_CONTENT_AUDIT_2026-06-12_06-09-43.csv,.csv,REPORT_DATA,186070,2026-06-12T06:10:54.072052+00:00,92c466cbd75a540db394233670d05a3cb30def540e70e80e29c37905efc3fea3
04_OPERATION/recipe_master/reports/RENDERER_DATA_CONTRACT_BLOCKER_2026-06-15_17-24-57.md,RENDERER_DATA_CONTRACT_BLOCKER_2026-06-15_17-24-57.md,.md,REPORT_MARKDOWN,1755,2026-06-15T17:25:00.362342+00:00,8ceb028b8586a840833b5ee478df0edca747ca504160eab2ffd11f7b8e416910
04_OPERATION/recipe_master/reports/TODAY_RENDERER_FIX_STATUS_2026-06-17_15-29-20.md,TODAY_RENDERER_FIX_STATUS_2026-06-17_15-29-20.md,.md,REPORT_MARKDOWN,967,2026-06-17T15:29:20.871071+00:00,f1a508e19ce66f1c61e3f4db50766d9986f730929b5598459d858fafed00c02d
04_OPERATION/recipe_master/reports/contract_normalizer_v1_2026-06-15_18-03-29/SAZETAK_CONTRACT_NORMALIZER_v1.md,SAZETAK_CONTRACT_NORMALIZER_v1.md,.md,REPORT_MARKDOWN,329,2026-06-15T18:03:48.027042+00:00,6fa667e56260cb6a6fc37aad850a70710e8b989860ebf0fe38b4afb30dcd4f85
04_OPERATION/recipe_master/reports/contract_normalizer_v1_2026-06-15_18-03-29/contract_normalizer_summary.csv,contract_normalizer_summary.csv,.csv,REPORT_DATA,7564,2026-06-15T18:03:48.027042+00:00,1e11a195fcb990b54caa73e18a9a4e6f8283ad021a14f8fc1f7ee08157febead
04_OPERATION/recipe_master/reports/contract_normalizer_v1_2026-06-15_18-03-29/contracts/2972_hr-sl-001-slavonski-kulen-pdo-eu_contract_v1.json,2972_hr-sl-001-slavonski-kulen-pdo-eu_contract_v1.json,.json,REPORT_DATA,1485,2026-06-15T18:03:47.972042+00:00,3cb8978ec2703ff7205ec075d101efe773a37ac2f53c10af1cbf64595212818c
04_OPERATION/recipe_master/reports/contract_normalizer_v1_2026-06-15_18-03-29/contracts/2973_hr-sl-002-kulenova-seka_contract_v1.json,2973_hr-sl-002-kulenova-seka_contract_v1.json,.json,REPORT_DATA,1464,2026-06-15T18:03:47.974042+00:00,bb1fdb9b0773dbba9bd4b01a6937a090d2c444cf221ea60f2da93e5120a91f96
04_OPERATION/recipe_master/reports/contract_normalizer_v1_2026-06-15_18-03-29/contracts/2974_hr-sl-003-baranjski-kulen-zozp-eu_contract_v1.json,2974_hr-sl-003-baranjski-kulen-zozp-eu_contract_v1.json,.json,REPORT_DATA,1508,2026-06-15T18:03:47.976042+00:00,830fd976f4117d6e604932b870096950e45fe41bfb256491dbd344728379ac7f
04_OPERATION/recipe_master/reports/contract_normalizer_v1_2026-06-15_18-03-29/contracts/2975_hr-sl-004-dakovacki-kulen_contract_v1.json,2975_hr-sl-004-dakovacki-kulen_contract_v1.json,.json,REPORT_DATA,1476,2026-06-15T18:03:47.978042+00:00,6627ceea39282e2ab7cfac5763d0a9595589112790f5bb9144ed68ba7d1674e9
04_OPERATION/recipe_master/reports/contract_normalizer_v1_2026-06-15_18-03-29/contracts/2976_hr-sl-005-slavonska-domaca-kobasica_contract_v1.json,2976_hr-sl-005-slavonska-domaca-kobasica_contract_v1.json,.json,REPORT_DATA,1514,2026-06-15T18:03:47.980042+00:00,bc36b596fa50ad0abe7d2db5abebf7a7886e3b9226dfeadea9163964a03f80c2
04_OPERATION/recipe_master/reports/contract_normalizer_v1_2026-06-15_18-03-29/contracts/2977_hr-sl-006-srijemska-kobasica-ogp_contract_v1.json,2977_hr-sl-006-srijemska-kobasica-ogp_contract_v1.json,.json,REPORT_DATA,1504,2026-06-15T18:03:47.981042+00:00,4b6ae720cf91e58592f86e2c09e64fdf4f5c6c6366990928c287d10f36b3b910
04_OPERATION/recipe_master/reports/contract_normalizer_v1_2026-06-15_18-03-29/contracts/2978_hr-sl-007-ratarske-kobasice_contract_v1.json,2978_hr-sl-007-ratarske-kobasice_contract_v1.json,.json,REPORT_DATA,1478,2026-06-15T18:03:48.016042+00:00,e697f61a130f618b1b1ce1e09849901208b65c51cc70e2d1b860e3e6c75aa4c6
04_OPERATION/recipe_master/reports/contract_normalizer_v1_2026-06-15_18-03-29/contracts/2979_hr-sl-008-baranjska-kobasica_contract_v1.json,2979_hr-sl-008-baranjska-kobasica_contract_v1.json,.json,REPORT_DATA,1484,2026-06-15T18:03:47.983042+00:00,5c148ba477f23144649a2fd40b77a49da69c478919165d96403975e09ea0979c
04_OPERATION/recipe_master/reports/contract_normalizer_v1_2026-06-15_18-03-29/contracts/2980_hr-sl-009-baranjska-salama_contract_v1.json,2980_hr-sl-009-baranjska-salama_contract_v1.json,.json,REPORT_DATA,1475,2026-06-15T18:03:48.018042+00:00,713516844683c25840d6c6aa3990fc3446845493657dc45ec658ffc19dcc7bd5
04_OPERATION/recipe_master/reports/contract_normalizer_v1_2026-06-15_18-03-29/contracts/2981_hr-sl-010-slavonska-kobasica-zoi-eu-2023_contract_v1.json,2981_hr-sl-010-slavonska-kobasica-zoi-eu-2023_contract_v1.json,.json,REPORT_DATA,1536,2026-06-15T18:03:47.985042+00:00,9cfe72b421d5ae3f0535157c13a8323d767d6449e31242a234f85414d7237951
04_OPERATION/recipe_master/reports/contract_normalizer_v1_2026-06-15_18-03-29/contracts/2982_hr-sl-012-slavonska-dimljena-slanina_contract_v1.json,2982_hr-sl-012-slavonska-dimljena-slanina_contract_v1.json,.json,REPORT_DATA,1507,2026-06-15T18:03:48.020042+00:00,bfe46a980e8aa5ea7c4b59b95a87be317adf05b6874e0fb9c2755c5f77ddf3a2
04_OPERATION/recipe_master/reports/contract_normalizer_v1_2026-06-15_18-03-29/contracts/2983_hr-sl-014-slavonska-dimljena-sunka_contract_v1.json,2983_hr-sl-014-slavonska-dimljena-sunka_contract_v1.json,.json,REPORT_DATA,1562,2026-06-15T18:03:48.023042+00:00,02795e20a2fdf6e596fff7c8e52141861db1e4ff47dc5eaa7223e0035cdc3291
04_OPERATION/recipe_master/reports/contract_normalizer_v1_2026-06-15_18-03-29/contracts/2984_hr-sl-015-suha-plecka-slavonska_contract_v1.json,2984_hr-sl-015-suha-plecka-slavonska_contract_v1.json,.json,REPORT_DATA,1494,2026-06-15T18:03:48.025042+00:00,ca1d5c222d54998937ca168f9f4324fdd4ff80161b39213fcddb7dc7b26bf465
04_OPERATION/recipe_master/reports/contract_normalizer_v1_2026-06-15_18-03-29/contracts/2985_hr-sl-016-suha-rebra-slavonska_contract_v1.json,2985_hr-sl-016-suha-rebra-slavonska_contract_v1.json,.json,REPORT_DATA,1470,2026-06-15T18:03:48.027042+00:00,d07f6e47781057ceb5c734fa3b4c37465dd119bca2b5d791635d0212e2c89d94
04_OPERATION/recipe_master/reports/contract_normalizer_v1_2026-06-15_18-03-29/contracts/2996_hr-sl-030-brodska-kobasica-slavonski-brod_contract_v1.json,2996_hr-sl-030-brodska-kobasica-slavonski-brod_contract_v1.json,.json,REPORT_DATA,1540,2026-06-15T18:03:47.987042+00:00,7f7fbbf0b72d56bec3812a811a6a693b7a20fa59cab6b1bc2e3bed20d5419247
04_OPERATION/recipe_master/reports/contract_normalizer_v1_2026-06-15_18-03-29/contracts/2997_hr-sl-031-osjecka-kobasica_contract_v1.json,2997_hr-sl-031-osjecka-kobasica_contract_v1.json,.json,REPORT_DATA,1478,2026-06-15T18:03:47.989042+00:00,35c0d8da2b5562a23ada62b231cefe4811ee6cb126d90a5f7ea75d3abcbde7b2
04_OPERATION/recipe_master/reports/contract_normalizer_v1_2026-06-15_18-03-29/contracts/3000_hr-sl-034-slavonska-domaca-salama_contract_v1.json,3000_hr-sl-034-slavonska-domaca-salama_contract_v1.json,.json,REPORT_DATA,1506,2026-06-15T18:03:47.991042+00:00,2508d1e8fc35e15e3e9f04de12487f67ad19c4981ef32e3c7d6c0bf1dd18ae55
04_OPERATION/recipe_master/reports/contract_normalizer_v1_2026-06-15_18-03-29/contracts/3001_hr-sl-036-slavonska-cvarkovaca-kobasica-od-cvaraka_contract_v1.json,3001_hr-sl-036-slavonska-cvarkovaca-kobasica-od-cvaraka_contract_v1.json,.json,REPORT_DATA,1582,2026-06-15T18:03:47.993042+00:00,b83a8f6155244bb855e3625dd14732517ab34be4a20c1332ea9f87e342509937
04_OPERATION/recipe_master/reports/contract_normalizer_v1_2026-06-15_18-03-29/contracts/3002_hr-sl-037-vinkovacka-kobasica_contract_v1.json,3002_hr-sl-037-vinkovacka-kobasica_contract_v1.json,.json,REPORT_DATA,1490,2026-06-15T18:03:47.994042+00:00,e557d4dfe2c73d2011f375dd38928d6dc906c015fb514364d65b9f57e7d8cf35
04_OPERATION/recipe_master/reports/contract_normalizer_v1_2026-06-15_18-03-29/contracts/3003_hr-sl-038-slavonska-lovacka-kobasica-divljac-svinjetina_contract_v1.json,3003_hr-sl-038-slavonska-lovacka-kobasica-divljac-svinjetina_contract_v1.json,.json,REPORT_DATA,1604,2026-06-15T18:03:47.996042+00:00,97e077a87f2865cb1606e9622dd115c499612c74e068f5efa1bb841c1b845516
04_OPERATION/recipe_master/reports/contract_normalizer_v1_2026-06-15_18-03-29/contracts/3308_hr-is-001-istarska-kobasica_contract_v1.json,3308_hr-is-001-istarska-kobasica_contract_v1.json,.json,REPORT_DATA,1480,2026-06-15T18:03:47.998042+00:00,841061260cf82c0e073001ed7b781677f57a494098086b36c20036e011cabb33
04_OPERATION/recipe_master/reports/contract_normalizer_v1_2026-06-15_18-03-29/contracts/3309_hr-is-002-rovinjska-kobasica_contract_v1.json,3309_hr-is-002-rovinjska-kobasica_contract_v1.json,.json,REPORT_DATA,1484,2026-06-15T18:03:48.000042+00:00,2d8499a320d87de69f96d69463d9e90a6f3ec2529ae1fb01e3724a3adb118395
04_OPERATION/recipe_master/reports/contract_normalizer_v1_2026-06-15_18-03-29/contracts/3310_hr-is-003-pazinska-kobasica_contract_v1.json,3310_hr-is-003-pazinska-kobasica_contract_v1.json,.json,REPORT_DATA,1480,2026-06-15T18:03:48.002042+00:00,747ed115bb8278877a20de936998662862569b92cd8785112516a843e1511330
04_OPERATION/recipe_master/reports/contract_normalizer_v1_2026-06-15_18-03-29/contracts/3311_hr-li-001-licka-kobasica_contract_v1.json,3311_hr-li-001-licka-kobasica_contract_v1.json,.json,REPORT_DATA,1470,2026-06-15T18:03:48.004042+00:00,579fb3ac16a068c3fa0c68d28e7512c5772349359d51bef319e97b4483a6cba1
04_OPERATION/recipe_master/reports/contract_normalizer_v1_2026-06-15_18-03-29/contracts/3312_hr-da-001-sinjska-kobasica_contract_v1.json,3312_hr-da-001-sinjska-kobasica_contract_v1.json,.json,REPORT_DATA,1476,2026-06-15T18:03:48.006042+00:00,c8d6b227fcc0d11eccca1cb0efa9dc93c0e50595ee516d4914d878927f5cca50
04_OPERATION/recipe_master/reports/contract_normalizer_v1_2026-06-15_18-03-29/contracts/3313_hr-da-002-korculanska-kobasica_contract_v1.json,3313_hr-da-002-korculanska-kobasica_contract_v1.json,.json,REPORT_DATA,1494,2026-06-15T18:03:48.007042+00:00,d53e5373cd36a924b0cdc5359df274144b72000b88615ec90bb2edbc0396377b
04_OPERATION/recipe_master/reports/contract_normalizer_v1_2026-06-15_18-03-29/contracts/3314_hr-da-003-hvarska-prstena-kobasica_contract_v1.json,3314_hr-da-003-hvarska-prstena-kobasica_contract_v1.json,.json,REPORT_DATA,1508,2026-06-15T18:03:48.009042+00:00,e42a44805496784c357a25389c1c81f9e61b86bc821389a9775c06ae162a4cc3
04_OPERATION/recipe_master/reports/contract_normalizer_v1_2026-06-15_18-03-29/contracts/3315_hr-da-004-vrgoracki-kulen_contract_v1.json,3315_hr-da-004-vrgoracki-kulen_contract_v1.json,.json,REPORT_DATA,1474,2026-06-15T18:03:48.011042+00:00,e3c0fd13ab78bfcfdc08ca8fc3d95ae4ea27153b1ce0e4e6c30fbaedea66ff4a
04_OPERATION/recipe_master/reports/contract_normalizer_v1_2026-06-15_18-03-29/contracts/3524_preview-canon-preview-canon-slavonska-kobasica-src-2976_contract_v1.json,3524_preview-canon-preview-canon-slavonska-kobasica-src-2976_contract_v1.json,.json,REPORT_DATA,1597,2026-06-15T18:03:48.012042+00:00,9038b946ce1816dab53e80037247e47093d9c9af94ee660a54369c664892cd54
04_OPERATION/recipe_master/reports/contract_normalizer_v1_2026-06-15_18-03-29/contracts/3532_preview-granulation-kulenova-seka-src-2973_contract_v1.json,3532_preview-granulation-kulenova-seka-src-2973_contract_v1.json,.json,REPORT_DATA,1585,2026-06-15T18:03:48.014042+00:00,b1b5ed375252c5eb1445364be61bd836d97fc73d2f5482d8bf1cc488302d2dd5
04_OPERATION/recipe_master/reports/contract_normalizer_v1_2026-06-15_18-03-29/normalizer_run_output.txt,normalizer_run_output.txt,.txt,OTHER,38,2026-06-15T18:03:48.028042+00:00,
04_OPERATION/recipe_master/reports/contract_normalizer_v2_2026-06-15_18-15-01/SAZETAK_CONTRACT_NORMALIZER_v2.md,SAZETAK_CONTRACT_NORMALIZER_v2.md,.md,REPORT_MARKDOWN,454,2026-06-15T18:15:18.976349+00:00,81d0f2eb83b13542b3f7bde6774fc02c00bac57650acd35c7d2d51b2eecf5bed
04_OPERATION/recipe_master/reports/contract_normalizer_v2_2026-06-15_18-15-01/contract_normalizer_v2_summary.csv,contract_normalizer_v2_summary.csv,.csv,REPORT_DATA,7321,2026-06-15T18:15:18.976349+00:00,bd1de32d0ec50d0d55652d8254380af34e924991b1cb3c70132636304f9d6217
04_OPERATION/recipe_master/reports/contract_normalizer_v2_2026-06-15_18-15-01/contracts_v2/2972_hr-sl-001-slavonski-kulen-pdo-eu_contract_v2.json,2972_hr-sl-001-slavonski-kulen-pdo-eu_contract_v2.json,.json,REPORT_DATA,33163,2026-06-15T18:15:18.921348+00:00,09a52179fa543399e05d713d218af602a9ddb20fe15319cc6fa320c81b42d44f
04_OPERATION/recipe_master/reports/contract_normalizer_v2_2026-06-15_18-15-01/contracts_v2/2973_hr-sl-002-kulenova-seka_contract_v2.json,2973_hr-sl-002-kulenova-seka_contract_v2.json,.json,REPORT_DATA,19882,2026-06-15T18:15:18.922348+00:00,9ba5e39c28b8be90853adbb31f70d6754cd573f695aaa9e3aefa43dd1aca9cc5
04_OPERATION/recipe_master/reports/contract_normalizer_v2_2026-06-15_18-15-01/contracts_v2/2974_hr-sl-003-baranjski-kulen-zozp-eu_contract_v2.json,2974_hr-sl-003-baranjski-kulen-zozp-eu_contract_v2.json,.json,REPORT_DATA,26373,2026-06-15T18:15:18.925348+00:00,c4c7af4a9127359ee477272145e8ed7b1c29ce660bb0c02be7b09e5a1dae1718
04_OPERATION/recipe_master/reports/contract_normalizer_v2_2026-06-15_18-15-01/contracts_v2/2975_hr-sl-004-dakovacki-kulen_contract_v2.json,2975_hr-sl-004-dakovacki-kulen_contract_v2.json,.json,REPORT_DATA,26137,2026-06-15T18:15:18.927348+00:00,a5a8d5231db112c232774a6c32cc4e115fc522d948e14ca21f7b4a09116f6c9d
04_OPERATION/recipe_master/reports/contract_normalizer_v2_2026-06-15_18-15-01/contracts_v2/2976_hr-sl-005-slavonska-domaca-kobasica_contract_v2.json,2976_hr-sl-005-slavonska-domaca-kobasica_contract_v2.json,.json,REPORT_DATA,24409,2026-06-15T18:15:18.929348+00:00,b250a873d1b99a4b34b47aa6ab4a8e87e581fae30e48a7c7db1c2fdb08d2fcca
04_OPERATION/recipe_master/reports/contract_normalizer_v2_2026-06-15_18-15-01/contracts_v2/2977_hr-sl-006-srijemska-kobasica-ogp_contract_v2.json,2977_hr-sl-006-srijemska-kobasica-ogp_contract_v2.json,.json,REPORT_DATA,25863,2026-06-15T18:15:18.931348+00:00,485663f4df2141d9227dbaaa8ad0c736bfd7970ed1676dc8e54cc081a5f9750f
04_OPERATION/recipe_master/reports/contract_normalizer_v2_2026-06-15_18-15-01/contracts_v2/2978_hr-sl-007-ratarske-kobasice_contract_v2.json,2978_hr-sl-007-ratarske-kobasice_contract_v2.json,.json,REPORT_DATA,1027,2026-06-15T18:15:18.971349+00:00,ed27b4f29f6554e3afe1778b04f778a392331ea400d547601e9b9d3ed3f475da
04_OPERATION/recipe_master/reports/contract_normalizer_v2_2026-06-15_18-15-01/contracts_v2/2979_hr-sl-008-baranjska-kobasica_contract_v2.json,2979_hr-sl-008-baranjska-kobasica_contract_v2.json,.json,REPORT_DATA,24167,2026-06-15T18:15:18.933348+00:00,8e2a91d972b560e9235aaa3ef37616392859f8ba4375d7a8628a6c1f098e58fb
04_OPERATION/recipe_master/reports/contract_normalizer_v2_2026-06-15_18-15-01/contracts_v2/2980_hr-sl-009-baranjska-salama_contract_v2.json,2980_hr-sl-009-baranjska-salama_contract_v2.json,.json,REPORT_DATA,19748,2026-06-15T18:15:18.972349+00:00,904bbdc0d50f457a4b069cc33c2d34d619c2445963b7d9116372c87703482dae
04_OPERATION/recipe_master/reports/contract_normalizer_v2_2026-06-15_18-15-01/contracts_v2/2981_hr-sl-010-slavonska-kobasica-zoi-eu-2023_contract_v2.json,2981_hr-sl-010-slavonska-kobasica-zoi-eu-2023_contract_v2.json,.json,REPORT_DATA,25605,2026-06-15T18:15:18.935348+00:00,3c45130b7457332fa377e48dae28b4c8552a597a99065f6d486441cae565a1ee
04_OPERATION/recipe_master/reports/contract_normalizer_v2_2026-06-15_18-15-01/contracts_v2/2982_hr-sl-012-slavonska-dimljena-slanina_contract_v2.json,2982_hr-sl-012-slavonska-dimljena-slanina_contract_v2.json,.json,REPORT_DATA,18383,2026-06-15T18:15:18.973349+00:00,a03c1b466786835e04521a6dc31bbf3cf387e243156fa28fe12c6ce446ae27b2
04_OPERATION/recipe_master/reports/contract_normalizer_v2_2026-06-15_18-15-01/contracts_v2/2983_hr-sl-014-slavonska-dimljena-sunka_contract_v2.json,2983_hr-sl-014-slavonska-dimljena-sunka_contract_v2.json,.json,REPORT_DATA,19005,2026-06-15T18:15:18.974349+00:00,7fea854649f3d06eec66a6ecd6b681fe92f8fe8649ffb9f76aecb3261e0e8a7f
04_OPERATION/recipe_master/reports/contract_normalizer_v2_2026-06-15_18-15-01/contracts_v2/2984_hr-sl-015-suha-plecka-slavonska_contract_v2.json,2984_hr-sl-015-suha-plecka-slavonska_contract_v2.json,.json,REPORT_DATA,17972,2026-06-15T18:15:18.975349+00:00,e4023e0ea85016f11cde948216ec44b4cccd245bb6c273bf60999fafa0324672
04_OPERATION/recipe_master/reports/contract_normalizer_v2_2026-06-15_18-15-01/contracts_v2/2985_hr-sl-016-suha-rebra-slavonska_contract_v2.json,2985_hr-sl-016-suha-rebra-slavonska_contract_v2.json,.json,REPORT_DATA,17395,2026-06-15T18:15:18.976349+00:00,7e53c73a0be7aa9ee3792830776c1573ed9974ac5ce7179e32f0d04d2358fe0a
04_OPERATION/recipe_master/reports/contract_normalizer_v2_2026-06-15_18-15-01/contracts_v2/2996_hr-sl-030-brodska-kobasica-slavonski-brod_contract_v2.json,2996_hr-sl-030-brodska-kobasica-slavonski-brod_contract_v2.json,.json,REPORT_DATA,24714,2026-06-15T18:15:18.937348+00:00,fe5185bee0611157a86e392ca26be67abd1313a1e0760606608a55526a2f7a77
04_OPERATION/recipe_master/reports/contract_normalizer_v2_2026-06-15_18-15-01/contracts_v2/2997_hr-sl-031-osjecka-kobasica_contract_v2.json,2997_hr-sl-031-osjecka-kobasica_contract_v2.json,.json,REPORT_DATA,24474,2026-06-15T18:15:18.940348+00:00,cea099f0aac2998c91443effce05695173a29be0ee052919368a0bb1bbf34b74
04_OPERATION/recipe_master/reports/contract_normalizer_v2_2026-06-15_18-15-01/contracts_v2/3000_hr-sl-034-slavonska-domaca-salama_contract_v2.json,3000_hr-sl-034-slavonska-domaca-salama_contract_v2.json,.json,REPORT_DATA,24469,2026-06-15T18:15:18.942348+00:00,bea69473b2ee02d7d5f60c655c9934e9b61baeb16493713794158084faca90ee
04_OPERATION/recipe_master/reports/contract_normalizer_v2_2026-06-15_18-15-01/contracts_v2/3001_hr-sl-036-slavonska-cvarkovaca-kobasica-od-cvaraka_contract_v2.json,3001_hr-sl-036-slavonska-cvarkovaca-kobasica-od-cvaraka_contract_v2.json,.json,REPORT_DATA,25094,2026-06-15T18:15:18.945349+00:00,162b070f4653d334361d699ed44e1b1b5e7ab0df9b18193d616d542fcb2028db
04_OPERATION/recipe_master/reports/contract_normalizer_v2_2026-06-15_18-15-01/contracts_v2/3002_hr-sl-037-vinkovacka-kobasica_contract_v2.json,3002_hr-sl-037-vinkovacka-kobasica_contract_v2.json,.json,REPORT_DATA,24363,2026-06-15T18:15:18.947348+00:00,093bfa25923345022bd719a1647243946b3265cc1015eb5e8d2d6e89e5e71bed
04_OPERATION/recipe_master/reports/contract_normalizer_v2_2026-06-15_18-15-01/contracts_v2/3003_hr-sl-038-slavonska-lovacka-kobasica-divljac-svinjetina_contract_v2.json,3003_hr-sl-038-slavonska-lovacka-kobasica-divljac-svinjetina_contract_v2.json,.json,REPORT_DATA,28102,2026-06-15T18:15:18.950348+00:00,c726da06ac5c61e4ef182d0d94e3e0a417024e59f202064f78cd65384b6ea2d5
04_OPERATION/recipe_master/reports/contract_normalizer_v2_2026-06-15_18-15-01/contracts_v2/3308_hr-is-001-istarska-kobasica_contract_v2.json,3308_hr-is-001-istarska-kobasica_contract_v2.json,.json,REPORT_DATA,24375,2026-06-15T18:15:18.952348+00:00,9f690018fc8293dc132cb06212f72f83bb2c1fd013587ec8e0db2fdd605ef0c0
04_OPERATION/recipe_master/reports/contract_normalizer_v2_2026-06-15_18-15-01/contracts_v2/3309_hr-is-002-rovinjska-kobasica_contract_v2.json,3309_hr-is-002-rovinjska-kobasica_contract_v2.json,.json,REPORT_DATA,24379,2026-06-15T18:15:18.954349+00:00,e00e32d6a2a563ee1d625b14914123ee3d32a5bb93b8d000e70e2aaf5a4efcba
04_OPERATION/recipe_master/reports/contract_normalizer_v2_2026-06-15_18-15-01/contracts_v2/3310_hr-is-003-pazinska-kobasica_contract_v2.json,3310_hr-is-003-pazinska-kobasica_contract_v2.json,.json,REPORT_DATA,24375,2026-06-15T18:15:18.956348+00:00,7e4fb5dce97e17816eb651b0b7916ed0036073568b5d857d8a9f4c4c0e270c0c
04_OPERATION/recipe_master/reports/contract_normalizer_v2_2026-06-15_18-15-01/contracts_v2/3311_hr-li-001-licka-kobasica_contract_v2.json,3311_hr-li-001-licka-kobasica_contract_v2.json,.json,REPORT_DATA,24365,2026-06-15T18:15:18.958349+00:00,3e011cb2bac143d88b1b07b34e64540c85ea7515676aa7fd1f6029a194b846ff
04_OPERATION/recipe_master/reports/contract_normalizer_v2_2026-06-15_18-15-01/contracts_v2/3312_hr-da-001-sinjska-kobasica_contract_v2.json,3312_hr-da-001-sinjska-kobasica_contract_v2.json,.json,REPORT_DATA,24371,2026-06-15T18:15:18.960349+00:00,5896cc4d14efc8e3945f4a4811cd97e6f2ef0676a26435d304f2ff7cce1b72b2
04_OPERATION/recipe_master/reports/contract_normalizer_v2_2026-06-15_18-15-01/contracts_v2/3313_hr-da-002-korculanska-kobasica_contract_v2.json,3313_hr-da-002-korculanska-kobasica_contract_v2.json,.json,REPORT_DATA,24389,2026-06-15T18:15:18.962348+00:00,6682954e4c17ad03fbfcbc1e9b1c8d251fc39e3a6fd830e6922f023aec674fed
04_OPERATION/recipe_master/reports/contract_normalizer_v2_2026-06-15_18-15-01/contracts_v2/3314_hr-da-003-hvarska-prstena-kobasica_contract_v2.json,3314_hr-da-003-hvarska-prstena-kobasica_contract_v2.json,.json,REPORT_DATA,24403,2026-06-15T18:15:18.964349+00:00,6ed28527708f718e6d9c4bd4159e9cc989f0ee7a92e5740897f9ac4c6396a49c
04_OPERATION/recipe_master/reports/contract_normalizer_v2_2026-06-15_18-15-01/contracts_v2/3315_hr-da-004-vrgoracki-kulen_contract_v2.json,3315_hr-da-004-vrgoracki-kulen_contract_v2.json,.json,REPORT_DATA,24369,2026-06-15T18:15:18.966349+00:00,31ddea22e2d21c3540e0f2fec08d3ca99de224cb343e68e0640c206cfdbd86ab
04_OPERATION/recipe_master/reports/contract_normalizer_v2_2026-06-15_18-15-01/contracts_v2/3524_preview-canon-preview-canon-slavonska-kobasica-src-2976_contract_v2.json,3524_preview-canon-preview-canon-slavonska-kobasica-src-2976_contract_v2.json,.json,REPORT_DATA,29954,2026-06-15T18:15:18.968349+00:00,138b5346f460f64f81ed43471a80fb25e116375b271637d5f022d0876abd0e83
04_OPERATION/recipe_master/reports/contract_normalizer_v2_2026-06-15_18-15-01/contracts_v2/3532_preview-granulation-kulenova-seka-src-2973_contract_v2.json,3532_preview-granulation-kulenova-seka-src-2973_contract_v2.json,.json,REPORT_DATA,22679,2026-06-15T18:15:18.970349+00:00,ee6aff9ad5d1fc4b470fb55ae3d630fd789ea75e175acc833f21cccbbaebbd7f
04_OPERATION/recipe_master/reports/contract_normalizer_v2_2026-06-15_18-15-01/normalizer_v2_run_output.txt,normalizer_v2_run_output.txt,.txt,OTHER,94,2026-06-15T18:15:18.976349+00:00,
04_OPERATION/recipe_master/reports/contract_quality_audit_v1_2026-06-15_18-05-42/SAZETAK_CONTRACT_QUALITY_AUDIT_v1.md,SAZETAK_CONTRACT_QUALITY_AUDIT_v1.md,.md,REPORT_MARKDOWN,421,2026-06-15T18:05:42.923923+00:00,62b153e6d7d36b0b4bf2661d67e5b76eebc133349bf3ad9efc874add53c2b914
04_OPERATION/recipe_master/reports/contract_quality_audit_v1_2026-06-15_18-05-42/contract_quality_audit_v1.csv,contract_quality_audit_v1.csv,.csv,REPORT_DATA,8750,2026-06-15T18:05:42.923923+00:00,7351e8d68387b9a07b301f52533cc43ebe410a83e26ebb803f4d9fdb9c84e25c
04_OPERATION/recipe_master/reports/data_adapter_dryrun_v1_2026-06-17_15-40-23/2976_data_adapter_payload_dryrun.json,2976_data_adapter_payload_dryrun.json,.json,REPORT_DATA,14420,2026-06-17T15:40:23.640474+00:00,10089153eaa5c3ece5a060bed0b0664ebd0a5d6e1f3dcbc5a0daf508eea27473
04_OPERATION/recipe_master/reports/data_adapter_dryrun_v1_2026-06-17_15-40-23/2976_data_adapter_summary.csv,2976_data_adapter_summary.csv,.csv,REPORT_DATA,284,2026-06-17T15:40:23.640474+00:00,5e661b1ad60903d6f4dce3fb651fdefa6726712bb77b3a1c93185c9807fd3101
04_OPERATION/recipe_master/reports/data_adapter_dryrun_v1_2026-06-17_15-40-23/SAZETAK_DATA_ADAPTER_DRYRUN_v1.md,SAZETAK_DATA_ADAPTER_DRYRUN_v1.md,.md,REPORT_MARKDOWN,622,2026-06-17T15:40:23.641474+00:00,9e8575f492e6440ffcfe6c29fd3e60c5105d26b6be9f120dfaa46cff19b29b38
04_OPERATION/recipe_master/reports/data_adapter_dryrun_v1_2026-06-17_15-40-23/run_output.txt,run_output.txt,.txt,OTHER,37,2026-06-17T15:40:23.641474+00:00,
04_OPERATION/recipe_master/reports/data_adapter_patch_point_inspection_2026-06-17_15-43-31/SAZETAK_PATCH_POINT_INSPECTION.md,SAZETAK_PATCH_POINT_INSPECTION.md,.md,REPORT_MARKDOWN,606,2026-06-17T15:51:01.133826+00:00,29c6b7988690bf4e962f2ca860dba448db2a28e160e9f54eba5186e2e8f84636
04_OPERATION/recipe_master/reports/data_adapter_patch_point_inspection_2026-06-17_15-43-31/dcv12_apply_final_profile_overrides_context.txt,dcv12_apply_final_profile_overrides_context.txt,.txt,OTHER,2242,2026-06-17T15:43:31.518961+00:00,
04_OPERATION/recipe_master/reports/data_adapter_patch_point_inspection_2026-06-17_15-43-31/dcv20_source_lock_profile_context.txt,dcv20_source_lock_profile_context.txt,.txt,OTHER,2648,2026-06-17T15:43:31.523961+00:00,
04_OPERATION/recipe_master/reports/data_adapter_patch_point_inspection_2026-06-17_15-43-31/dcv31_hrsl001_final_profile_source_lock_context.txt,dcv31_hrsl001_final_profile_source_lock_context.txt,.txt,OTHER,2592,2026-06-17T15:43:31.528961+00:00,
04_OPERATION/recipe_master/reports/data_adapter_patch_point_inspection_2026-06-17_15-43-31/dcv5_get_recipe_profile_context.txt,dcv5_get_recipe_profile_context.txt,.txt,OTHER,2854,2026-06-17T15:43:31.513961+00:00,
04_OPERATION/recipe_master/reports/data_adapter_patch_point_inspection_2026-06-17_15-43-31/hrsl005_renderer_context.txt,hrsl005_renderer_context.txt,.txt,OTHER,5744,2026-06-17T15:43:31.541961+00:00,
04_OPERATION/recipe_master/reports/data_adapter_patch_point_inspection_2026-06-17_15-43-31/live_repo_diff_head.txt,live_repo_diff_head.txt,.txt,OTHER,0,2026-06-17T15:43:31.545961+00:00,
04_OPERATION/recipe_master/reports/data_adapter_patch_point_inspection_2026-06-17_15-43-31/profile_call_chain_hits.txt,profile_call_chain_hits.txt,.txt,OTHER,1538,2026-06-17T15:43:31.535961+00:00,
04_OPERATION/recipe_master/reports/data_adapter_preview_patch_2026-06-17_16-10-01/2976_adapter_preview.html,2976_adapter_preview.html,.html,OTHER,358152,2026-06-17T16:10:02.053604+00:00,
04_OPERATION/recipe_master/reports/data_adapter_preview_patch_2026-06-17_16-10-01/2976_adapter_preview_hits.txt,2976_adapter_preview_hits.txt,.txt,OTHER,15994,2026-06-17T16:10:02.061604+00:00,
04_OPERATION/recipe_master/reports/data_adapter_preview_patch_2026-06-17_16-10-01/2976_public_adapter_marker_check.txt,2976_public_adapter_marker_check.txt,.txt,OTHER,0,2026-06-17T16:10:02.236605+00:00,
04_OPERATION/recipe_master/reports/data_adapter_preview_patch_2026-06-17_16-10-01/2976_public_unchanged.html,2976_public_unchanged.html,.html,OTHER,358152,2026-06-17T16:10:02.231605+00:00,
04_OPERATION/recipe_master/reports/data_adapter_preview_patch_2026-06-17_16-10-01/SAZETAK_DATA_ADAPTER_PREVIEW_PATCH.md,SAZETAK_DATA_ADAPTER_PREVIEW_PATCH.md,.md,REPORT_MARKDOWN,356,2026-06-17T16:10:02.237605+00:00,f033ce67dc8f8764312f458fadeb40d242c1a2909a66291f79a57ce38750dd97
04_OPERATION/recipe_master/reports/dcv40_early_return_fix_2026-06-17_16-15-27/2976_preview_after_early_return_fix.html,2976_preview_after_early_return_fix.html,.html,OTHER,355847,2026-06-17T16:15:28.718990+00:00,
04_OPERATION/recipe_master/reports/dcv40_early_return_fix_2026-06-17_16-15-27/2976_preview_after_early_return_fix_hits.txt,2976_preview_after_early_return_fix_hits.txt,.txt,OTHER,5375,2026-06-17T16:15:28.888991+00:00,
04_OPERATION/recipe_master/reports/dcv40_early_return_fix_2026-06-17_16-15-27/2976_preview_visible_qa.txt,2976_preview_visible_qa.txt,.txt,OTHER,140,2026-06-17T16:15:28.879991+00:00,
04_OPERATION/recipe_master/reports/dcv40_early_return_fix_2026-06-17_16-15-27/2976_public_after_early_return_fix.html,2976_public_after_early_return_fix.html,.html,OTHER,358152,2026-06-17T16:15:28.851991+00:00,
04_OPERATION/recipe_master/reports/dcv40_early_return_fix_2026-06-17_16-15-27/2976_public_marker_check.txt,2976_public_marker_check.txt,.txt,OTHER,1333,2026-06-17T16:15:28.891991+00:00,
04_OPERATION/recipe_master/reports/dcv40_early_return_fix_2026-06-17_16-15-27/SAZETAK_DCV40_EARLY_RETURN_FIX.md,SAZETAK_DCV40_EARLY_RETURN_FIX.md,.md,REPORT_MARKDOWN,434,2026-06-17T16:15:28.892991+00:00,c1a044b7249cf5d3e7bc09ce88dd35118c3de59f46cdd12f18637dabb1d260ea
04_OPERATION/recipe_master/reports/dcv40_public_2976_2026-06-17_16-26-43/2976_public_after_enable.html,2976_public_after_enable.html,.html,OTHER,355863,2026-06-17T16:26:44.853435+00:00,
04_OPERATION/recipe_master/reports/dcv40_public_2976_2026-06-17_16-26-43/2976_public_after_enable_rescue.html,2976_public_after_enable_rescue.html,.html,OTHER,355863,2026-06-17T16:32:08.886066+00:00,
04_OPERATION/recipe_master/reports/dcv40_public_2976_2026-06-17_16-26-43/2976_public_important_hits_rescue.txt,2976_public_important_hits_rescue.txt,.txt,OTHER,253,2026-06-17T16:32:08.925066+00:00,
04_OPERATION/recipe_master/reports/dcv40_public_2976_2026-06-17_16-26-43/2976_public_visible_qa.txt,2976_public_visible_qa.txt,.txt,OTHER,148,2026-06-17T16:26:44.883435+00:00,
04_OPERATION/recipe_master/reports/dcv40_public_2976_2026-06-17_16-26-43/2976_public_visible_qa_rescue.txt,2976_public_visible_qa_rescue.txt,.txt,OTHER,148,2026-06-17T16:32:08.922066+00:00,
04_OPERATION/recipe_master/reports/dcv40_public_2976_2026-06-17_16-26-43/SAZETAK_DCV40_PUBLIC_2976_RESCUE.md,SAZETAK_DCV40_PUBLIC_2976_RESCUE.md,.md,REPORT_MARKDOWN,372,2026-06-17T16:32:08.932066+00:00,b764d6f14623101e6de93b960ffec25a530af576fcc672de063bcbbe8a063503
04_OPERATION/recipe_master/reports/dcv40_quick_fix_2026-06-17_16-23-15/2976_preview_quick_fix_hits.txt,2976_preview_quick_fix_hits.txt,.txt,OTHER,3730,2026-06-17T16:23:16.986675+00:00,
04_OPERATION/recipe_master/reports/dcv40_quick_fix_2026-06-17_16-23-15/2976_preview_visible_qa.txt,2976_preview_visible_qa.txt,.txt,OTHER,148,2026-06-17T16:23:16.976675+00:00,
04_OPERATION/recipe_master/reports/dcv40_quick_fix_2026-06-17_16-23-15/2976_public_marker_check.txt,2976_public_marker_check.txt,.txt,OTHER,0,2026-06-17T16:23:16.988675+00:00,
04_OPERATION/recipe_master/reports/dcv40_quick_fix_2026-06-17_16-23-15/SAZETAK_DCV40_QUICK_FIX.md,SAZETAK_DCV40_QUICK_FIX.md,.md,REPORT_MARKDOWN,415,2026-06-17T16:23:16.994675+00:00,92969a13433cbb08efea7219eaaf0e20c6c4092515636e32492eeb284b5f81ff
04_OPERATION/recipe_master/reports/dcv40_sensor_profile_fix_2026-06-17_16-40-03/2976_public_after_sensor_fix.html,2976_public_after_sensor_fix.html,.html,OTHER,355863,2026-06-17T16:40:04.568797+00:00,
04_OPERATION/recipe_master/reports/dcv40_sensor_profile_fix_2026-06-17_16-40-03/2976_sensor_profile_hits.txt,2976_sensor_profile_hits.txt,.txt,OTHER,13419,2026-06-17T16:40:04.610798+00:00,
04_OPERATION/recipe_master/reports/dcv40_sensor_profile_fix_2026-06-17_16-40-03/2976_sensor_profile_qa.txt,2976_sensor_profile_qa.txt,.txt,OTHER,223,2026-06-17T16:40:04.601798+00:00,
04_OPERATION/recipe_master/reports/dcv40_sensor_profile_fix_2026-06-17_16-40-03/SAZETAK_DCV40_SENSOR_PROFILE_FIX.md,SAZETAK_DCV40_SENSOR_PROFILE_FIX.md,.md,REPORT_MARKDOWN,449,2026-06-17T16:40:04.613798+00:00,bb2987954d907a1c52ef361898ced00bd630576a5252b41371330deea190aced
04_OPERATION/recipe_master/reports/dcv41_nitrite_safety_2026-06-17_16-56-19/2976_nitrite_note_hits.txt,2976_nitrite_note_hits.txt,.txt,OTHER,3854,2026-06-17T16:56:20.413260+00:00,
04_OPERATION/recipe_master/reports/dcv41_nitrite_safety_2026-06-17_16-56-19/2976_nitrite_note_qa.txt,2976_nitrite_note_qa.txt,.txt,OTHER,299,2026-06-17T16:56:20.405259+00:00,
04_OPERATION/recipe_master/reports/dcv41_nitrite_safety_2026-06-17_16-56-19/2976_public_after_nitrite_note.html,2976_public_after_nitrite_note.html,.html,OTHER,355552,2026-06-17T16:56:20.375259+00:00,
04_OPERATION/recipe_master/reports/dcv41_nitrite_safety_2026-06-17_16-56-19/SAZETAK_DCV41_NITRITE_SAFETY.md,SAZETAK_DCV41_NITRITE_SAFETY.md,.md,REPORT_MARKDOWN,538,2026-06-17T16:56:20.414259+00:00,aef5e0acc39e73f42ad4db6c50158d9ff05a85caa6592c86a4208f3cbfb154d9
04_OPERATION/recipe_master/reports/dcv42_phase_timeframes_2976_2026-06-18_17-02-21/2976_public_after_phase_timeframes.html,2976_public_after_phase_timeframes.html,.html,OTHER,355916,2026-06-18T17:02:22.003603+00:00,
04_OPERATION/recipe_master/reports/dcv42_phase_timeframes_2976_2026-06-18_17-02-21/SAZETAK_DCV42_PHASE_TIMEFRAMES.md,SAZETAK_DCV42_PHASE_TIMEFRAMES.md,.md,REPORT_MARKDOWN,458,2026-06-18T17:02:22.047603+00:00,37774ae2df00f2a572dc884307423fa9b59877d176cb0525e0b99e655e5b21a7
04_OPERATION/recipe_master/reports/dcv42_phase_timeframes_2976_2026-06-18_17-02-21/phase_timeframes_hits.txt,phase_timeframes_hits.txt,.txt,OTHER,2289,2026-06-18T17:02:22.044603+00:00,
04_OPERATION/recipe_master/reports/dcv42_phase_timeframes_2976_2026-06-18_17-02-21/phase_timeframes_qa.txt,phase_timeframes_qa.txt,.txt,OTHER,274,2026-06-18T17:02:22.035603+00:00,
04_OPERATION/recipe_master/reports/dcv43_visible_timeline_2976_2026-06-18_17-11-01/2976_public_after_visible_timeline.html,2976_public_after_visible_timeline.html,.html,OTHER,355916,2026-06-18T17:11:02.199686+00:00,
04_OPERATION/recipe_master/reports/dcv43_visible_timeline_2976_2026-06-18_17-11-01/SAZETAK_DCV43_VISIBLE_TIMELINE.md,SAZETAK_DCV43_VISIBLE_TIMELINE.md,.md,REPORT_MARKDOWN,440,2026-06-18T17:11:02.264687+00:00,d125654785f8916b111652f9d4c72d7172d8dbda537fb63249e512eceba2979e
04_OPERATION/recipe_master/reports/dcv43_visible_timeline_2976_2026-06-18_17-11-01/visible_timeline_hits.txt,visible_timeline_hits.txt,.txt,OTHER,2224,2026-06-18T17:11:02.262686+00:00,
04_OPERATION/recipe_master/reports/dcv43_visible_timeline_2976_2026-06-18_17-11-01/visible_timeline_qa.txt,visible_timeline_qa.txt,.txt,OTHER,267,2026-06-18T17:11:02.254687+00:00,
04_OPERATION/recipe_master/reports/dcv44_smoking_cycle_duration_2976_2026-06-18_17-18-00/2976_public_after_smoking_cycle_duration.html,2976_public_after_smoking_cycle_duration.html,.html,OTHER,357501,2026-06-18T17:18:01.627937+00:00,
04_OPERATION/recipe_master/reports/dcv44_smoking_cycle_duration_2976_2026-06-18_17-18-00/SAZETAK_DCV44_SMOKING_CYCLE_DURATION.md,SAZETAK_DCV44_SMOKING_CYCLE_DURATION.md,.md,REPORT_MARKDOWN,445,2026-06-18T17:18:01.667937+00:00,659e1e73547dbf5c1732eafdbdf5943897ff80eab456e8ccffe002c7f974c53e
04_OPERATION/recipe_master/reports/dcv44_smoking_cycle_duration_2976_2026-06-18_17-18-00/smoking_cycle_duration_hits.txt,smoking_cycle_duration_hits.txt,.txt,OTHER,4294,2026-06-18T17:18:01.665937+00:00,
04_OPERATION/recipe_master/reports/dcv44_smoking_cycle_duration_2976_2026-06-18_17-18-00/smoking_cycle_duration_qa.txt,smoking_cycle_duration_qa.txt,.txt,OTHER,289,2026-06-18T17:18:01.657937+00:00,
04_OPERATION/recipe_master/reports/hr_recipe_compare_v2_strict_2026-06-12_17-09-51/EXYU_BALKAN_NIJE_HR_RUCNA_OBRADA_KASNIJE.csv,EXYU_BALKAN_NIJE_HR_RUCNA_OBRADA_KASNIJE.csv,.csv,REPORT_DATA,9744,2026-06-12T17:09:53.205157+00:00,2c46ea938e62008a7399df8c8137cd9466b27dac4b39725278ce92e0aeb731c5
04_OPERATION/recipe_master/reports/hr_recipe_compare_v2_strict_2026-06-12_17-09-51/IZVORI_HR_STRICT_NEMA_NA_SERVERU.csv,IZVORI_HR_STRICT_NEMA_NA_SERVERU.csv,.csv,REPORT_DATA,6146,2026-06-12T17:09:53.205157+00:00,fae1bf9d367240d396e8b0039ecdf6e11df3c2876f400d8c379ddfa763656c2a
04_OPERATION/recipe_master/reports/hr_recipe_compare_v2_strict_2026-06-12_17-09-51/POTENCIJALNI_MATCH_RUCNA_PROVJERA.csv,POTENCIJALNI_MATCH_RUCNA_PROVJERA.csv,.csv,REPORT_DATA,2065,2026-06-12T17:09:53.205157+00:00,af399a561746c497794976010c0090502886377a749cd7bcf3d7d3b7993d7d51
04_OPERATION/recipe_master/reports/hr_recipe_compare_v2_strict_2026-06-12_17-09-51/SAZETAK_USPOREDBE_HR_RECEPTI_v2_STRICT.md,SAZETAK_USPOREDBE_HR_RECEPTI_v2_STRICT.md,.md,REPORT_MARKDOWN,879,2026-06-12T17:09:53.205157+00:00,4fd97dddbea0e43051f5ae07466226d3049ea61d87dd81fce181a2a214c800ab
04_OPERATION/recipe_master/reports/hr_recipe_compare_v2_strict_2026-06-12_17-09-51/SERVER_HR_STRICT_NEMA_U_IZVORIMA.csv,SERVER_HR_STRICT_NEMA_U_IZVORIMA.csv,.csv,REPORT_DATA,20159,2026-06-12T17:09:53.204157+00:00,da79ab55884a47cfe589ffb63056426d5f96966148f5c69919e129b399e73338
04_OPERATION/recipe_master/reports/hr_recipe_compare_v2_strict_2026-06-12_17-09-51/server_dry_recipe_export_all.csv,server_dry_recipe_export_all.csv,.csv,REPORT_DATA,152568,2026-06-12T17:09:52.057148+00:00,71543fa8a7c9b9f91e261201f804cbffe64a4e74ae092194fbaf0759fe5869c7
04_OPERATION/recipe_master/reports/hr_recipe_editorial_decisions_v3_2026-06-14_08-38-12/SAZETAK_V3_UREDNIČKE_ODLUKE.md,SAZETAK_V3_UREDNIČKE_ODLUKE.md,.md,REPORT_MARKDOWN,1961,2026-06-14T08:38:12.059213+00:00,1f80a1f25a4513b551324eeebbf75370d1d20b5f6b675762ccaa6b4ae468bf80
04_OPERATION/recipe_master/reports/hr_recipe_editorial_decisions_v3_2026-06-14_08-38-12/V3_EXYU_BALKAN_KASNIJE.csv,V3_EXYU_BALKAN_KASNIJE.csv,.csv,REPORT_DATA,9744,2026-06-14T08:38:12.059213+00:00,2c46ea938e62008a7399df8c8137cd9466b27dac4b39725278ce92e0aeb731c5
04_OPERATION/recipe_master/reports/hr_recipe_editorial_decisions_v3_2026-06-14_08-38-12/V3_ISKLJUCENO_ILI_KASNIJE.csv,V3_ISKLJUCENO_ILI_KASNIJE.csv,.csv,REPORT_DATA,1099,2026-06-14T08:38:12.058213+00:00,da9c7fd436e20fc6862c591d82e14c2ab276afce046aa42e63dd8e0081666f41
04_OPERATION/recipe_master/reports/hr_recipe_editorial_decisions_v3_2026-06-14_08-38-12/V3_IZVORI_HR_ODLUKE.csv,V3_IZVORI_HR_ODLUKE.csv,.csv,REPORT_DATA,3544,2026-06-14T08:38:12.057213+00:00,47ff3a223bc746f60c91dad96d10b2a5c0415736904330e61a4ae2627029e93c
04_OPERATION/recipe_master/reports/hr_recipe_editorial_decisions_v3_2026-06-14_08-38-12/V3_NOVI_KANDIDATI_ZA_HR_BAZU.csv,V3_NOVI_KANDIDATI_ZA_HR_BAZU.csv,.csv,REPORT_DATA,1189,2026-06-14T08:38:12.058213+00:00,15b94f1511277415d1dc83fedc1a20a3c033ac5e1fca4b33861249b847a0f25e
04_OPERATION/recipe_master/reports/hr_recipe_editorial_decisions_v3_2026-06-14_08-38-12/V3_SERVER_HR_ODLUKE.csv,V3_SERVER_HR_ODLUKE.csv,.csv,REPORT_DATA,31193,2026-06-14T08:38:12.058213+00:00,2fafab43b0ba02c5b2f75a5745c8d0e967d464ea893bf55d959d2143d3b00446
04_OPERATION/recipe_master/reports/hr_recipe_editorial_decisions_v3_2026-06-14_08-38-12/V3_SPAJANJE_POSTOJECI_DRUGI_NAZIV.csv,V3_SPAJANJE_POSTOJECI_DRUGI_NAZIV.csv,.csv,REPORT_DATA,1524,2026-06-14T08:38:12.058213+00:00,d3d68c30dbbf79c2a2e33094eadd697467e3c328642f8aebcc28536d5b4894b9
04_OPERATION/recipe_master/reports/hr_recipe_queue_strict_v1_1_2026-06-19_17-57-27/HR_RECIPE_QUEUE_STRICT_REPORT_v1_1.md,HR_RECIPE_QUEUE_STRICT_REPORT_v1_1.md,.md,REPORT_MARKDOWN,6643,2026-06-19T17:57:27.853906+00:00,c34674c80a7d0b7bb06938747ff7740d3a4f6d3f7b79c62d5a4067a773a486a0
04_OPERATION/recipe_master/reports/hr_recipe_queue_strict_v1_1_2026-06-19_17-57-27/HR_RECIPE_QUEUE_STRICT_TOP30_v1_1.md,HR_RECIPE_QUEUE_STRICT_TOP30_v1_1.md,.md,REPORT_MARKDOWN,3613,2026-06-19T17:57:27.853906+00:00,c953a9d40de49858a0cc99d87f1caa6640da95e9c2327a3ac5328e7791370c0a
04_OPERATION/recipe_master/reports/hr_recipe_queue_strict_v1_1_2026-06-19_17-57-27/hr_recipe_queue_strict_output.txt,hr_recipe_queue_strict_output.txt,.txt,OTHER,1149,2026-06-19T17:57:27.853906+00:00,
04_OPERATION/recipe_master/reports/hr_recipe_queue_strict_v1_1_2026-06-19_17-57-27/hr_recipe_queue_strict_v1_1.csv,hr_recipe_queue_strict_v1_1.csv,.csv,REPORT_DATA,33596,2026-06-19T17:57:27.853906+00:00,e1b3f9fef99148c659083d7b9dbc80732a7bbcf8f82a59362fd56323dd0e699e
04_OPERATION/recipe_master/reports/hr_recipe_queue_strict_v1_1_2026-06-19_17-57-27/hr_recipe_queue_strict_v1_1.json,hr_recipe_queue_strict_v1_1.json,.json,REPORT_DATA,120136,2026-06-19T17:57:27.853906+00:00,0b5027b655aa90475fed9654ffe7ef9581baa11f49711b43c6d25b70ea172823
04_OPERATION/recipe_master/reports/hr_recipe_queue_v1_2026-06-19_17-38-13/HR_RECIPE_QUEUE_REPORT_v1.md,HR_RECIPE_QUEUE_REPORT_v1.md,.md,REPORT_MARKDOWN,6874,2026-06-19T17:38:14.711779+00:00,be91c864be17231f4d7eb6b102b03326c6c07b8a79a7ddc05811c2eda9523a23
04_OPERATION/recipe_master/reports/hr_recipe_queue_v1_2026-06-19_17-38-13/HR_RECIPE_QUEUE_TOP30_v1.md,HR_RECIPE_QUEUE_TOP30_v1.md,.md,REPORT_MARKDOWN,3807,2026-06-19T17:38:14.711779+00:00,bb239274713b6194f855aa9281106adbee7e11fa6c80e58155b6aa2a4a0c332a
04_OPERATION/recipe_master/reports/hr_recipe_queue_v1_2026-06-19_17-38-13/hr_recipe_queue_output.txt,hr_recipe_queue_output.txt,.txt,OTHER,1016,2026-06-19T17:38:14.711779+00:00,
04_OPERATION/recipe_master/reports/hr_recipe_queue_v1_2026-06-19_17-38-13/hr_recipe_queue_v1.csv,hr_recipe_queue_v1.csv,.csv,REPORT_DATA,64148,2026-06-19T17:38:14.710779+00:00,9469d3ead5a88248af3beb70b929ee5af98818e8c9a031e1cb36e87f1e84b0da
04_OPERATION/recipe_master/reports/hr_recipe_queue_v1_2026-06-19_17-38-13/hr_recipe_queue_v1.json,hr_recipe_queue_v1.json,.json,REPORT_DATA,213835,2026-06-19T17:38:14.711779+00:00,26c8c06361f6a0c925c9188a6e5657c305ab5c53ced3b73d8eb5626b68f255b4
04_OPERATION/recipe_master/reports/nitrite_note_display_fix_2026-06-18_16-33-18/2976_public_after_nitrite_note_display_fix.html,2976_public_after_nitrite_note_display_fix.html,.html,OTHER,355916,2026-06-18T16:33:19.511868+00:00,
04_OPERATION/recipe_master/reports/nitrite_note_display_fix_2026-06-18_16-33-18/SAZETAK_NITRITE_NOTE_DISPLAY_FIX.md,SAZETAK_NITRITE_NOTE_DISPLAY_FIX.md,.md,REPORT_MARKDOWN,321,2026-06-18T16:33:19.552869+00:00,ee6856b5b85a1fba4ea1d2b9dd3e3be4200be88d09b4ba6c3f95042d4455bee1
04_OPERATION/recipe_master/reports/nitrite_note_display_fix_2026-06-18_16-33-18/nitrite_note_display_hits.txt,nitrite_note_display_hits.txt,.txt,OTHER,4239,2026-06-18T16:33:19.549869+00:00,
04_OPERATION/recipe_master/reports/nitrite_note_display_fix_2026-06-18_16-33-18/nitrite_note_display_qa.txt,nitrite_note_display_qa.txt,.txt,OTHER,164,2026-06-18T16:33:19.540869+00:00,
04_OPERATION/recipe_master/reports/pilot_contract_review_2976_2026-06-17_15-22-58/pilot_2976_contract_field_review.md,pilot_2976_contract_field_review.md,.md,REPORT_MARKDOWN,16731,2026-06-17T15:22:58.139695+00:00,ddb4fd57b8cd23ac9bbbbdca695d5c3b46ac48881504a8ba5effde0328ea15a5
04_OPERATION/recipe_master/reports/private_preview_workflow_template_v1_2026-06-19_16-58-15/PRIVATE_PREVIEW_WORKFLOW_TEMPLATE_REPORT.md,PRIVATE_PREVIEW_WORKFLOW_TEMPLATE_REPORT.md,.md,REPORT_MARKDOWN,386,2026-06-19T16:58:15.822096+00:00,992d4bae9ad95f6a41e84a80100d8ce420bc3b29d138947e0c3428ec35dd22fe
04_OPERATION/recipe_master/reports/profile_structure_2976_2026-06-17_15-58-52/2976_current.html,2976_current.html,.html,OTHER,358152,2026-06-17T15:58:52.428858+00:00,
04_OPERATION/recipe_master/reports/profile_structure_2976_2026-06-17_15-58-52/2976_current_problem_hits.txt,2976_current_problem_hits.txt,.txt,OTHER,15994,2026-06-17T15:58:52.435858+00:00,
04_OPERATION/recipe_master/reports/profile_structure_2976_2026-06-17_15-58-52/2976_meta_keys.csv,2976_meta_keys.csv,.csv,REPORT_DATA,24383,2026-06-17T15:58:52.963862+00:00,571412b6ab6f9fa8f362c01268119a0d205dde5101f7f04d69e8a48469723cfa
04_OPERATION/recipe_master/reports/profile_structure_2976_2026-06-17_15-58-52/2976_staged_payload_check.txt,2976_staged_payload_check.txt,.txt,OTHER,2392,2026-06-17T15:58:52.996862+00:00,
04_OPERATION/recipe_master/reports/profile_structure_2976_2026-06-17_15-58-52/SAZETAK_PROFILE_STRUCTURE_2976.md,SAZETAK_PROFILE_STRUCTURE_2976.md,.md,REPORT_MARKDOWN,295,2026-06-17T15:58:53.000862+00:00,e16eaf02cf22237fe9912bf35797df87ec784ed4cb6231d977bbfa44e5e7183b
04_OPERATION/recipe_master/reports/profile_structure_2976_2026-06-17_15-58-52/function_signatures.txt,function_signatures.txt,.txt,OTHER,303,2026-06-17T15:58:52.039855+00:00,
04_OPERATION/recipe_master/reports/profile_structure_2976_2026-06-17_15-58-52/profile_call_chain.txt,profile_call_chain.txt,.txt,OTHER,1989,2026-06-17T15:58:52.046855+00:00,
04_OPERATION/recipe_master/reports/quick_summary_fallback_source_2026-06-17_16-18-37/grep_10kg_prema_receptu.txt,grep_10kg_prema_receptu.txt,.txt,OTHER,776,2026-06-17T16:18:37.784379+00:00,
04_OPERATION/recipe_master/reports/quick_summary_fallback_source_2026-06-17_16-18-37/grep_brzi_sazetak.txt,grep_brzi_sazetak.txt,.txt,OTHER,1520,2026-06-17T16:18:37.795380+00:00,
04_OPERATION/recipe_master/reports/quick_summary_fallback_source_2026-06-17_16-18-37/grep_dimljenje_head.txt,grep_dimljenje_head.txt,.txt,OTHER,16334,2026-06-17T16:18:37.802380+00:00,
04_OPERATION/recipe_master/reports/quick_summary_fallback_source_2026-06-17_16-18-37/grep_prema_receptu.txt,grep_prema_receptu.txt,.txt,OTHER,9708,2026-06-17T16:18:37.790380+00:00,
04_OPERATION/recipe_master/reports/recipe_contract_mapper_v1_2026-06-15_17-59-46/SAZETAK_RECIPE_CONTRACT_MAPPER_v1.md,SAZETAK_RECIPE_CONTRACT_MAPPER_v1.md,.md,REPORT_MARKDOWN,942,2026-06-15T18:00:18.005436+00:00,daddce0019bdaa0290dcad29576283aa05957d0af16e047cd89a9b98ef70184a
04_OPERATION/recipe_master/reports/recipe_contract_mapper_v1_2026-06-15_17-59-46/contract_gap_counts.csv,contract_gap_counts.csv,.csv,REPORT_DATA,54,2026-06-15T17:59:47.541204+00:00,425a67705f3b02ec3b92b13750ae6b48979fccaddc5c4829c252167917cdec12
04_OPERATION/recipe_master/reports/recipe_contract_mapper_v1_2026-06-15_17-59-46/contract_readiness_counts.csv,contract_readiness_counts.csv,.csv,REPORT_DATA,168,2026-06-15T17:59:47.541204+00:00,bb41bb481a821f32c01fcaa8a6cc409b2035bc3d9d3ec23a355465472bc21055
04_OPERATION/recipe_master/reports/recipe_contract_mapper_v1_2026-06-15_17-59-46/first_contract_batch_candidates.csv,first_contract_batch_candidates.csv,.csv,REPORT_DATA,12575,2026-06-15T17:59:47.541204+00:00,133dad6624dd8b140d1073888e32675a168f3ad22f77deb6a30b86009a4875fe
04_OPERATION/recipe_master/reports/recipe_contract_mapper_v1_2026-06-15_17-59-46/html_qa_published.csv,html_qa_published.csv,.csv,REPORT_DATA,82174,2026-06-15T18:00:18.004436+00:00,3e44e76a15490a8cc53d069708df66fe8a48e3dcadd387e1f8bad4d35177b7fe
04_OPERATION/recipe_master/reports/recipe_contract_mapper_v1_2026-06-15_17-59-46/mapper_run_output.txt,mapper_run_output.txt,.txt,OTHER,312,2026-06-15T18:00:18.007436+00:00,
04_OPERATION/recipe_master/reports/recipe_contract_mapper_v1_2026-06-15_17-59-46/post_status_counts.csv,post_status_counts.csv,.csv,REPORT_DATA,63,2026-06-15T17:59:47.541204+00:00,bf051f6c67181f609a09e8d96816a29340108ab93f45d53a7693f6a608707efc
04_OPERATION/recipe_master/reports/recipe_contract_mapper_v1_2026-06-15_17-59-46/public_html_fallback_risks.csv,public_html_fallback_risks.csv,.csv,REPORT_DATA,82174,2026-06-15T18:00:18.005436+00:00,3e44e76a15490a8cc53d069708df66fe8a48e3dcadd387e1f8bad4d35177b7fe
04_OPERATION/recipe_master/reports/recipe_contract_mapper_v1_2026-06-15_17-59-46/public_meta_fallback_risks.csv,public_meta_fallback_risks.csv,.csv,REPORT_DATA,5593,2026-06-15T17:59:47.541204+00:00,d8ad4a502e58b10ce85862469aeb1aacc60448f99a868cbdb699e43fa0edb226
04_OPERATION/recipe_master/reports/recipe_contract_mapper_v1_2026-06-15_17-59-46/public_risk_counts.csv,public_risk_counts.csv,.csv,REPORT_DATA,101,2026-06-15T17:59:47.541204+00:00,3b6002699f90ed4edb4aa41afbeb66622131550d5b6e6a9135c679bf76e02d9d
04_OPERATION/recipe_master/reports/recipe_contract_mapper_v1_2026-06-15_17-59-46/recipe_contract_mapper_v1.csv,recipe_contract_mapper_v1.csv,.csv,REPORT_DATA,227396,2026-06-15T17:59:47.540204+00:00,28adc693f2b9eac705bec448ea20eefd6cd2a6c229f6823786c747b564372d84
04_OPERATION/recipe_master/reports/recipe_system_inventory_v1_2026-06-19_19-33-01/file_inventory_output.txt,file_inventory_output.txt,.txt,OTHER,0,2026-06-19T19:33:01.826784+00:00,
04_OPERATION/recipe_master/reports/renderer_data_contract_audit_v1_2026-06-15_17-30-57/SAZETAK_RENDERER_DATA_CONTRACT_AUDIT_v1.md,SAZETAK_RENDERER_DATA_CONTRACT_AUDIT_v1.md,.md,REPORT_MARKDOWN,1178,2026-06-15T17:31:25.497345+00:00,df582eff1361b908ac12427a6d33fbe1a61f5a00bcc77b4b42dde83e6ffc6c6d
04_OPERATION/recipe_master/reports/renderer_data_contract_audit_v1_2026-06-15_17-30-57/renderer_audit_counts.txt,renderer_audit_counts.txt,.txt,OTHER,182,2026-06-15T17:30:57.147124+00:00,
04_OPERATION/recipe_master/reports/renderer_data_contract_audit_v1_2026-06-15_17-30-57/renderer_fallback_context.txt,renderer_fallback_context.txt,.txt,OTHER,42549,2026-06-15T17:30:57.034123+00:00,
04_OPERATION/recipe_master/reports/renderer_data_contract_audit_v1_2026-06-15_17-30-57/renderer_fallback_hits.txt,renderer_fallback_hits.txt,.txt,OTHER,12457,2026-06-15T17:30:57.038123+00:00,
04_OPERATION/recipe_master/reports/renderer_data_contract_audit_v1_2026-06-15_17-30-57/renderer_functions.csv,renderer_functions.csv,.csv,REPORT_DATA,7363,2026-06-15T17:30:57.147124+00:00,9843aa16a57306c2d8517cee21ffc42751d942dbfb28557639decc015d1b6bcf
04_OPERATION/recipe_master/reports/renderer_data_contract_audit_v1_2026-06-15_17-30-57/renderer_functions.txt,renderer_functions.txt,.txt,OTHER,4967,2026-06-15T17:30:57.040123+00:00,
04_OPERATION/recipe_master/reports/renderer_data_contract_audit_v1_2026-06-15_17-30-57/renderer_inventory_hits.csv,renderer_inventory_hits.csv,.csv,REPORT_DATA,24682,2026-06-15T17:30:57.144124+00:00,b25f0674b18883092660be4677d81b058a25d3c0e60d32ffd30b73747d7646b9
04_OPERATION/recipe_master/reports/renderer_data_contract_audit_v1_2026-06-15_17-30-57/renderer_meta_and_profile_context.txt,renderer_meta_and_profile_context.txt,.txt,OTHER,82004,2026-06-15T17:30:57.047123+00:00,
04_OPERATION/recipe_master/reports/renderer_data_contract_audit_v1_2026-06-15_17-30-57/wp_dry_recipe_meta_key_inventory.txt,wp_dry_recipe_meta_key_inventory.txt,.txt,OTHER,1834,2026-06-15T17:30:57.291125+00:00,
04_OPERATION/recipe_master/reports/renderer_data_contract_audit_v1_2026-06-15_17-30-57/wp_sample_recipe_meta_shape.txt,wp_sample_recipe_meta_shape.txt,.txt,OTHER,2573,2026-06-15T17:31:25.497345+00:00,
04_OPERATION/recipe_master/reports/renderer_data_contract_audit_v1_2026-06-15_17-35-18/SAZETAK_RENDERER_DATA_CONTRACT_AUDIT_v1.md,SAZETAK_RENDERER_DATA_CONTRACT_AUDIT_v1.md,.md,REPORT_MARKDOWN,1178,2026-06-15T17:35:47.419387+00:00,a820e6671412589878b87d40fc8fbe3450a1a3c49b117d404f50f5ba3be24e6d
04_OPERATION/recipe_master/reports/renderer_data_contract_audit_v1_2026-06-15_17-35-18/renderer_audit_counts.txt,renderer_audit_counts.txt,.txt,OTHER,182,2026-06-15T17:35:18.463161+00:00,
04_OPERATION/recipe_master/reports/renderer_data_contract_audit_v1_2026-06-15_17-35-18/renderer_fallback_context.txt,renderer_fallback_context.txt,.txt,OTHER,42549,2026-06-15T17:35:18.358160+00:00,
04_OPERATION/recipe_master/reports/renderer_data_contract_audit_v1_2026-06-15_17-35-18/renderer_fallback_hits.txt,renderer_fallback_hits.txt,.txt,OTHER,12457,2026-06-15T17:35:18.363161+00:00,
04_OPERATION/recipe_master/reports/renderer_data_contract_audit_v1_2026-06-15_17-35-18/renderer_functions.csv,renderer_functions.csv,.csv,REPORT_DATA,7363,2026-06-15T17:35:18.463161+00:00,9843aa16a57306c2d8517cee21ffc42751d942dbfb28557639decc015d1b6bcf
04_OPERATION/recipe_master/reports/renderer_data_contract_audit_v1_2026-06-15_17-35-18/renderer_functions.txt,renderer_functions.txt,.txt,OTHER,4967,2026-06-15T17:35:18.367161+00:00,
04_OPERATION/recipe_master/reports/renderer_data_contract_audit_v1_2026-06-15_17-35-18/renderer_inventory_hits.csv,renderer_inventory_hits.csv,.csv,REPORT_DATA,24682,2026-06-15T17:35:18.460161+00:00,b25f0674b18883092660be4677d81b058a25d3c0e60d32ffd30b73747d7646b9
04_OPERATION/recipe_master/reports/renderer_data_contract_audit_v1_2026-06-15_17-35-18/renderer_meta_and_profile_context.txt,renderer_meta_and_profile_context.txt,.txt,OTHER,82004,2026-06-15T17:35:18.374161+00:00,
04_OPERATION/recipe_master/reports/renderer_data_contract_audit_v1_2026-06-15_17-35-18/wp_dry_recipe_meta_key_inventory.txt,wp_dry_recipe_meta_key_inventory.txt,.txt,OTHER,1834,2026-06-15T17:35:18.585162+00:00,
04_OPERATION/recipe_master/reports/renderer_data_contract_audit_v1_2026-06-15_17-35-18/wp_sample_recipe_meta_shape.txt,wp_sample_recipe_meta_shape.txt,.txt,OTHER,2573,2026-06-15T17:35:47.418387+00:00,
04_OPERATION/recipe_master/reports/security_hygiene_after_blocked_push_2026-06-18_18-52-57/SECURITY_HYGIENE_REPORT.md,SECURITY_HYGIENE_REPORT.md,.md,REPORT_MARKDOWN,1037,2026-06-18T18:53:06.038711+00:00,674e3d9f9a53753a08fa798dc2aa7738bc35668d418f295a7462a31e36c071ab
04_OPERATION/recipe_master/reports/security_hygiene_after_blocked_push_2026-06-18_18-52-57/checks.txt,checks.txt,.txt,OTHER,281,2026-06-18T18:53:06.034711+00:00,
04_OPERATION/recipe_master/reports/security_hygiene_after_blocked_push_2026-06-18_18-52-57/current_head.txt,current_head.txt,.txt,OTHER,289,2026-06-18T18:52:57.125640+00:00,
04_OPERATION/recipe_master/reports/security_hygiene_after_blocked_push_2026-06-18_18-52-57/git_status_before.txt,git_status_before.txt,.txt,OTHER,95,2026-06-18T18:52:57.140640+00:00,
04_OPERATION/recipe_master/reports/security_hygiene_after_blocked_push_2026-06-18_18-52-57/secret_pattern_hits.txt,secret_pattern_hits.txt,.txt,OTHER,0,2026-06-18T18:52:57.168640+00:00,
04_OPERATION/recipe_master/reports/security_hygiene_after_blocked_push_2026-06-18_18-57-48/SECURITY_HYGIENE_REPORT.md,SECURITY_HYGIENE_REPORT.md,.md,REPORT_MARKDOWN,1037,2026-06-18T18:57:56.522031+00:00,20dbe88bd0c246d3a2cd08392b6692bbc4486f71ee4a9b011b16345c2edb8d12
04_OPERATION/recipe_master/reports/security_hygiene_after_blocked_push_2026-06-18_18-57-48/checks.txt,checks.txt,.txt,OTHER,290,2026-06-18T18:57:56.518031+00:00,
04_OPERATION/recipe_master/reports/security_hygiene_after_blocked_push_2026-06-18_18-57-48/current_head.txt,current_head.txt,.txt,OTHER,280,2026-06-18T18:57:48.111964+00:00,
04_OPERATION/recipe_master/reports/security_hygiene_after_blocked_push_2026-06-18_18-57-48/git_status_before.txt,git_status_before.txt,.txt,OTHER,95,2026-06-18T18:57:48.142964+00:00,
04_OPERATION/recipe_master/reports/security_hygiene_after_blocked_push_2026-06-18_18-57-48/secret_pattern_hits.txt,secret_pattern_hits.txt,.txt,OTHER,0,2026-06-18T18:57:48.189964+00:00,
04_OPERATION/recipe_master/reports/type_router_calibration_v1_1_2026-06-18_17-54-00/calibration_run_output.txt,calibration_run_output.txt,.txt,OTHER,899,2026-06-18T17:54:00.987288+00:00,
04_OPERATION/recipe_master/reports/type_router_calibration_v1_1_2026-06-18_17-54-00/git_status_before.txt,git_status_before.txt,.txt,OTHER,88,2026-06-18T17:54:00.915287+00:00,
04_OPERATION/recipe_master/reports/type_router_calibration_v1_1_2026-06-18_17-54-00/recipe_type_router_calibration_v1_1.csv,recipe_type_router_calibration_v1_1.csv,.csv,REPORT_DATA,267709,2026-06-18T17:54:00.983288+00:00,170b6f8323c69b645d658ee288a1674e86e3ebe8de5db747c58878afa8b841c0
04_OPERATION/recipe_master/reports/type_router_calibration_v1_1_2026-06-18_17-54-00/recipe_type_router_calibration_v1_1.json,recipe_type_router_calibration_v1_1.json,.json,REPORT_DATA,203806,2026-06-18T17:54:00.986288+00:00,75ab5d9f6bc21a51fe35765c395e2fe831d9f3d894499c8f13e1b942bbe64210
04_OPERATION/recipe_master/reports/type_router_calibration_v1_1_2026-06-18_17-54-00/recipe_type_router_calibration_v1_1_summary.md,recipe_type_router_calibration_v1_1_summary.md,.md,REPORT_MARKDOWN,12925,2026-06-18T17:54:00.987288+00:00,5ba7354f984be3e6478228a765f85fc0248a328b2716dd4ea9c1dec711fedb5d
04_OPERATION/recipe_master/reports/type_router_law_v1_0_2026-06-18_17-43-16/git_log_oneline_8.txt,git_log_oneline_8.txt,.txt,OTHER,447,2026-06-18T17:43:16.598220+00:00,
04_OPERATION/recipe_master/reports/type_router_law_v1_0_2026-06-18_17-43-16/git_status_before.txt,git_status_before.txt,.txt,OTHER,80,2026-06-18T17:43:16.594220+00:00,
04_OPERATION/recipe_master/reports/type_router_law_v1_0_2026-06-18_17-43-16/recipe_type_router_law_v1_0_report.md,recipe_type_router_law_v1_0_report.md,.md,REPORT_MARKDOWN,1353,2026-06-18T17:43:16.629220+00:00,9e2ed2a1f2119ab7df9d6cdd2a90645a48a45c69fc7a15c176d8ba33084f90e0
04_OPERATION/recipe_master/reports/type_router_readonly_audit_v1_2026-06-18_17-46-43/audit_run_output.txt,audit_run_output.txt,.txt,OTHER,768,2026-06-18T17:47:47.323354+00:00,
04_OPERATION/recipe_master/reports/type_router_readonly_audit_v1_2026-06-18_17-46-43/backup_tool_before_comment_cleanup.php,backup_tool_before_comment_cleanup.php,.php,SCRIPT,25597,2026-06-18T17:46:43.282850+00:00,61e10ab24e65600298656c3ff9586f9ed392173e9fa8180929ae28b18c4fc2f4
04_OPERATION/recipe_master/reports/type_router_readonly_audit_v1_2026-06-18_17-46-43/git_log_oneline_8.txt,git_log_oneline_8.txt,.txt,OTHER,435,2026-06-18T17:46:43.279850+00:00,
04_OPERATION/recipe_master/reports/type_router_readonly_audit_v1_2026-06-18_17-46-43/git_status_before.txt,git_status_before.txt,.txt,OTHER,89,2026-06-18T17:46:43.274850+00:00,
04_OPERATION/recipe_master/reports/type_router_readonly_audit_v1_2026-06-18_17-46-43/qa_recovery_report.md,qa_recovery_report.md,.md,REPORT_MARKDOWN,928,2026-06-18T17:50:55.197830+00:00,7844a1c4967fb0ca502945a05735cec3e7a966a6e79b9becd2c9a307ce4b40c7
04_OPERATION/recipe_master/reports/type_router_readonly_audit_v1_2026-06-18_17-46-43/recipe_type_readonly_audit_v1.csv,recipe_type_readonly_audit_v1.csv,.csv,REPORT_DATA,238272,2026-06-18T17:47:47.321354+00:00,81765aa6b152aa0b35cec0f948b04494a05db0f846fb31ac8f05168aed960e25
04_OPERATION/recipe_master/reports/type_router_readonly_audit_v1_2026-06-18_17-46-43/recipe_type_readonly_audit_v1.json,recipe_type_readonly_audit_v1.json,.json,REPORT_DATA,1194418,2026-06-18T17:47:47.322354+00:00,254aeb60bf629fb3520cb21818fbd2b7655e6e16c7c14fc71a6402aee11f4de1
04_OPERATION/recipe_master/reports/type_router_readonly_audit_v1_2026-06-18_17-46-43/recipe_type_readonly_audit_v1_summary.md,recipe_type_readonly_audit_v1_summary.md,.md,REPORT_MARKDOWN,11643,2026-06-18T17:47:47.323354+00:00,6ed094898fb62581ec19479da0358ec7640e3a0ee1c9b53baa912198bf09b6e7
04_OPERATION/recipe_master/reports/type_router_readonly_audit_v1_2026-06-18_17-46-43/tool_code_without_comments.php,tool_code_without_comments.php,.php,SCRIPT,25107,2026-06-18T17:50:55.181830+00:00,bbd7f503690a4168b00596408a6d9e75a00a65565978850a8f59cb9045d693d0
04_OPERATION/recipe_master/reports/type_router_stabilized_audit_v1_1_2026-06-18_17-56-31/git_status_before.txt,git_status_before.txt,.txt,OTHER,93,2026-06-18T17:56:31.669468+00:00,
04_OPERATION/recipe_master/reports/type_router_stabilized_audit_v1_1_2026-06-18_17-56-31/recipe_type_stabilized_audit_v1_1.csv,recipe_type_stabilized_audit_v1_1.csv,.csv,REPORT_DATA,332991,2026-06-18T17:56:31.770469+00:00,2cde71bf70e13de9b99e2d11d4bab0e2054bfaf66e9bdb7b51667497045778d7
04_OPERATION/recipe_master/reports/type_router_stabilized_audit_v1_1_2026-06-18_17-56-31/recipe_type_stabilized_audit_v1_1.json,recipe_type_stabilized_audit_v1_1.json,.json,REPORT_DATA,1289804,2026-06-18T17:56:31.790469+00:00,4a6717c326ac34bc9fc8edc8919cdaae0a0a8dd300e15372bc43fbedd6119d4f
04_OPERATION/recipe_master/reports/type_router_stabilized_audit_v1_1_2026-06-18_17-56-31/recipe_type_stabilized_audit_v1_1_summary.md,recipe_type_stabilized_audit_v1_1_summary.md,.md,REPORT_MARKDOWN,26477,2026-06-18T17:56:31.792470+00:00,9cb3ebcfbe367b052db4d3dccdcb52bb88a87e8a5e95c9988225f15bdd5f42b0
04_OPERATION/recipe_master/reports/type_router_stabilized_audit_v1_1_2026-06-18_17-56-31/stabilized_audit_run_output.txt,stabilized_audit_run_output.txt,.txt,OTHER,774,2026-06-18T17:56:31.792470+00:00,
04_OPERATION/recipe_master/staged_contracts_v2/batch_candidates/2972_hr-sl-001-slavonski-kulen-pdo-eu_contract_v2.json,2972_hr-sl-001-slavonski-kulen-pdo-eu_contract_v2.json,.json,RECIPE_SOURCE_CANDIDATE_DATA,33163,2026-06-15T18:15:18.921348+00:00,09a52179fa543399e05d713d218af602a9ddb20fe15319cc6fa320c81b42d44f
04_OPERATION/recipe_master/staged_contracts_v2/batch_candidates/2973_hr-sl-002-kulenova-seka_contract_v2.json,2973_hr-sl-002-kulenova-seka_contract_v2.json,.json,RECIPE_SOURCE_CANDIDATE_DATA,19882,2026-06-15T18:15:18.922348+00:00,9ba5e39c28b8be90853adbb31f70d6754cd573f695aaa9e3aefa43dd1aca9cc5
04_OPERATION/recipe_master/staged_contracts_v2/batch_candidates/2974_hr-sl-003-baranjski-kulen-zozp-eu_contract_v2.json,2974_hr-sl-003-baranjski-kulen-zozp-eu_contract_v2.json,.json,RECIPE_SOURCE_CANDIDATE_DATA,26373,2026-06-15T18:15:18.925348+00:00,c4c7af4a9127359ee477272145e8ed7b1c29ce660bb0c02be7b09e5a1dae1718
04_OPERATION/recipe_master/staged_contracts_v2/batch_candidates/2975_hr-sl-004-dakovacki-kulen_contract_v2.json,2975_hr-sl-004-dakovacki-kulen_contract_v2.json,.json,RECIPE_SOURCE_CANDIDATE_DATA,26137,2026-06-15T18:15:18.927348+00:00,a5a8d5231db112c232774a6c32cc4e115fc522d948e14ca21f7b4a09116f6c9d
04_OPERATION/recipe_master/staged_contracts_v2/batch_candidates/2976_hr-sl-005-slavonska-domaca-kobasica_contract_v2.json,2976_hr-sl-005-slavonska-domaca-kobasica_contract_v2.json,.json,RECIPE_SOURCE_CANDIDATE_DATA,24409,2026-06-15T18:15:18.929348+00:00,b250a873d1b99a4b34b47aa6ab4a8e87e581fae30e48a7c7db1c2fdb08d2fcca
04_OPERATION/recipe_master/staged_contracts_v2/batch_candidates/2977_hr-sl-006-srijemska-kobasica-ogp_contract_v2.json,2977_hr-sl-006-srijemska-kobasica-ogp_contract_v2.json,.json,RECIPE_SOURCE_CANDIDATE_DATA,25863,2026-06-15T18:15:18.931348+00:00,485663f4df2141d9227dbaaa8ad0c736bfd7970ed1676dc8e54cc081a5f9750f
04_OPERATION/recipe_master/staged_contracts_v2/batch_candidates/2979_hr-sl-008-baranjska-kobasica_contract_v2.json,2979_hr-sl-008-baranjska-kobasica_contract_v2.json,.json,RECIPE_SOURCE_CANDIDATE_DATA,24167,2026-06-15T18:15:18.933348+00:00,8e2a91d972b560e9235aaa3ef37616392859f8ba4375d7a8628a6c1f098e58fb
04_OPERATION/recipe_master/staged_contracts_v2/batch_candidates/2981_hr-sl-010-slavonska-kobasica-zoi-eu-2023_contract_v2.json,2981_hr-sl-010-slavonska-kobasica-zoi-eu-2023_contract_v2.json,.json,RECIPE_SOURCE_CANDIDATE_DATA,25605,2026-06-15T18:15:18.935348+00:00,3c45130b7457332fa377e48dae28b4c8552a597a99065f6d486441cae565a1ee
04_OPERATION/recipe_master/staged_contracts_v2/batch_candidates/2996_hr-sl-030-brodska-kobasica-slavonski-brod_contract_v2.json,2996_hr-sl-030-brodska-kobasica-slavonski-brod_contract_v2.json,.json,RECIPE_SOURCE_CANDIDATE_DATA,24714,2026-06-15T18:15:18.937348+00:00,fe5185bee0611157a86e392ca26be67abd1313a1e0760606608a55526a2f7a77
04_OPERATION/recipe_master/staged_contracts_v2/batch_candidates/2997_hr-sl-031-osjecka-kobasica_contract_v2.json,2997_hr-sl-031-osjecka-kobasica_contract_v2.json,.json,RECIPE_SOURCE_CANDIDATE_DATA,24474,2026-06-15T18:15:18.940348+00:00,cea099f0aac2998c91443effce05695173a29be0ee052919368a0bb1bbf34b74
04_OPERATION/recipe_master/staged_contracts_v2/batch_candidates/3000_hr-sl-034-slavonska-domaca-salama_contract_v2.json,3000_hr-sl-034-slavonska-domaca-salama_contract_v2.json,.json,RECIPE_SOURCE_CANDIDATE_DATA,24469,2026-06-15T18:15:18.942348+00:00,bea69473b2ee02d7d5f60c655c9934e9b61baeb16493713794158084faca90ee
04_OPERATION/recipe_master/staged_contracts_v2/batch_candidates/3001_hr-sl-036-slavonska-cvarkovaca-kobasica-od-cvaraka_contract_v2.json,3001_hr-sl-036-slavonska-cvarkovaca-kobasica-od-cvaraka_contract_v2.json,.json,RECIPE_SOURCE_CANDIDATE_DATA,25094,2026-06-15T18:15:18.945349+00:00,162b070f4653d334361d699ed44e1b1b5e7ab0df9b18193d616d542fcb2028db
04_OPERATION/recipe_master/staged_contracts_v2/batch_candidates/3002_hr-sl-037-vinkovacka-kobasica_contract_v2.json,3002_hr-sl-037-vinkovacka-kobasica_contract_v2.json,.json,RECIPE_SOURCE_CANDIDATE_DATA,24363,2026-06-15T18:15:18.947348+00:00,093bfa25923345022bd719a1647243946b3265cc1015eb5e8d2d6e89e5e71bed
04_OPERATION/recipe_master/staged_contracts_v2/batch_candidates/3003_hr-sl-038-slavonska-lovacka-kobasica-divljac-svinjetina_contract_v2.json,3003_hr-sl-038-slavonska-lovacka-kobasica-divljac-svinjetina_contract_v2.json,.json,RECIPE_SOURCE_CANDIDATE_DATA,28102,2026-06-15T18:15:18.950348+00:00,c726da06ac5c61e4ef182d0d94e3e0a417024e59f202064f78cd65384b6ea2d5
04_OPERATION/recipe_master/staged_contracts_v2/batch_candidates/3308_hr-is-001-istarska-kobasica_contract_v2.json,3308_hr-is-001-istarska-kobasica_contract_v2.json,.json,RECIPE_SOURCE_CANDIDATE_DATA,24375,2026-06-15T18:15:18.952348+00:00,9f690018fc8293dc132cb06212f72f83bb2c1fd013587ec8e0db2fdd605ef0c0
04_OPERATION/recipe_master/staged_contracts_v2/batch_candidates/3309_hr-is-002-rovinjska-kobasica_contract_v2.json,3309_hr-is-002-rovinjska-kobasica_contract_v2.json,.json,RECIPE_SOURCE_CANDIDATE_DATA,24379,2026-06-15T18:15:18.954349+00:00,e00e32d6a2a563ee1d625b14914123ee3d32a5bb93b8d000e70e2aaf5a4efcba
04_OPERATION/recipe_master/staged_contracts_v2/batch_candidates/3310_hr-is-003-pazinska-kobasica_contract_v2.json,3310_hr-is-003-pazinska-kobasica_contract_v2.json,.json,RECIPE_SOURCE_CANDIDATE_DATA,24375,2026-06-15T18:15:18.956348+00:00,7e4fb5dce97e17816eb651b0b7916ed0036073568b5d857d8a9f4c4c0e270c0c
04_OPERATION/recipe_master/staged_contracts_v2/batch_candidates/3311_hr-li-001-licka-kobasica_contract_v2.json,3311_hr-li-001-licka-kobasica_contract_v2.json,.json,RECIPE_SOURCE_CANDIDATE_DATA,24365,2026-06-15T18:15:18.958349+00:00,3e011cb2bac143d88b1b07b34e64540c85ea7515676aa7fd1f6029a194b846ff
04_OPERATION/recipe_master/staged_contracts_v2/batch_candidates/3312_hr-da-001-sinjska-kobasica_contract_v2.json,3312_hr-da-001-sinjska-kobasica_contract_v2.json,.json,RECIPE_SOURCE_CANDIDATE_DATA,24371,2026-06-15T18:15:18.960349+00:00,5896cc4d14efc8e3945f4a4811cd97e6f2ef0676a26435d304f2ff7cce1b72b2
04_OPERATION/recipe_master/staged_contracts_v2/batch_candidates/3313_hr-da-002-korculanska-kobasica_contract_v2.json,3313_hr-da-002-korculanska-kobasica_contract_v2.json,.json,RECIPE_SOURCE_CANDIDATE_DATA,24389,2026-06-15T18:15:18.962348+00:00,6682954e4c17ad03fbfcbc1e9b1c8d251fc39e3a6fd830e6922f023aec674fed
04_OPERATION/recipe_master/staged_contracts_v2/batch_candidates/3314_hr-da-003-hvarska-prstena-kobasica_contract_v2.json,3314_hr-da-003-hvarska-prstena-kobasica_contract_v2.json,.json,RECIPE_SOURCE_CANDIDATE_DATA,24403,2026-06-15T18:15:18.964349+00:00,6ed28527708f718e6d9c4bd4159e9cc989f0ee7a92e5740897f9ac4c6396a49c
04_OPERATION/recipe_master/staged_contracts_v2/batch_candidates/3315_hr-da-004-vrgoracki-kulen_contract_v2.json,3315_hr-da-004-vrgoracki-kulen_contract_v2.json,.json,RECIPE_SOURCE_CANDIDATE_DATA,24369,2026-06-15T18:15:18.966349+00:00,31ddea22e2d21c3540e0f2fec08d3ca99de224cb343e68e0640c206cfdbd86ab
04_OPERATION/recipe_master/staged_contracts_v2/pilot/2976_slavonska_domaca_kobasica_contract_v2.json,2976_slavonska_domaca_kobasica_contract_v2.json,.json,RECIPE_SOURCE_CANDIDATE_DATA,24409,2026-06-17T15:29:20.785070+00:00,b250a873d1b99a4b34b47aa6ab4a8e87e581fae30e48a7c7db1c2fdb08d2fcca
04_OPERATION/recipe_master/tools/dc_recipe_1982_create_private_clone_v1.php,dc_recipe_1982_create_private_clone_v1.php,.php,SCRIPT,20236,2026-06-19T17:29:58.587728+00:00,1735ce7d915d2b8206f4c7efd7d9539ca3734297ed9edee9b4702a68c813b1f4
04_OPERATION/recipe_master/tools/dc_recipe_1982_generate_preview_payload_v1.py,dc_recipe_1982_generate_preview_payload_v1.py,.py,SCRIPT,17196,2026-06-19T17:27:15.343359+00:00,23772d6aead39fa7348ff4d8ad2a3cb7d4a031588b9139f075f7389c2a8e51ca
04_OPERATION/recipe_master/tools/dc_recipe_1982_pilot_closure_v1.py,dc_recipe_1982_pilot_closure_v1.py,.py,SCRIPT,8378,2026-06-19T17:35:20.049367+00:00,99b87d0eed3ef52a0322d4930b3136f8ae0072353263d7676681a794197b65bf
04_OPERATION/recipe_master/tools/dc_recipe_1982_quick_intake_v1.php,dc_recipe_1982_quick_intake_v1.php,.php,SCRIPT,13198,2026-06-19T17:02:34.114092+00:00,af6debe652782a241166ff3510388cc5f24ae85afbb190d0d583c3d8b80357af
04_OPERATION/recipe_master/tools/dc_recipe_1982_recipe_yml_draft_v1.py,dc_recipe_1982_recipe_yml_draft_v1.py,.py,SCRIPT,26448,2026-06-19T17:15:50.028201+00:00,a4058a56ad4772c7bc00caa045b2ea73d45e8778ec73371a721fb0cb3a79cef6
04_OPERATION/recipe_master/tools/dc_recipe_1982_recipe_yml_internal_qa_v1.py,dc_recipe_1982_recipe_yml_internal_qa_v1.py,.py,SCRIPT,15955,2026-06-19T17:23:10.963249+00:00,fda7fe793fe1c5ba07427febc208cc64aa4e3b352f4a9d74032db5db7aa82e00
04_OPERATION/recipe_master/tools/dc_recipe_1982_source_validation_repair_v1.py,dc_recipe_1982_source_validation_repair_v1.py,.py,SCRIPT,15839,2026-06-19T17:11:20.159134+00:00,d033195e819f1e26fe4f377827374c88f06e2f6fd1638ae120087db9775920f4
04_OPERATION/recipe_master/tools/dc_recipe_1982_source_validation_v1.py,dc_recipe_1982_source_validation_v1.py,.py,SCRIPT,12676,2026-06-19T17:08:56.881035+00:00,ef6b4a22ef0168663e738535be055d426f4f4a5c49b0b7fcef85559e5214126e
04_OPERATION/recipe_master/tools/dc_recipe_2697_create_private_clone_v1.php,dc_recipe_2697_create_private_clone_v1.php,.php,SCRIPT,14881,2026-06-19T19:01:23.613517+00:00,82337d1efe8a68b67da0fc809eefce7b47b75d06625ae479044020fbeb1993f6
04_OPERATION/recipe_master/tools/dc_recipe_2697_generate_preview_payload_v1.py,dc_recipe_2697_generate_preview_payload_v1.py,.py,SCRIPT,18480,2026-06-19T18:54:39.585252+00:00,2fe2cdb14cbeda7b41b465caf3792744fb3ea0a91ded0d41adea2ef773946f33
04_OPERATION/recipe_master/tools/dc_recipe_2697_quick_intake_v1.php,dc_recipe_2697_quick_intake_v1.php,.php,SCRIPT,14498,2026-06-19T18:09:29.638795+00:00,c8f58d496a8a1d9f4723961ba7fb564666ddef710e81478081e77f632e7dc208
04_OPERATION/recipe_master/tools/dc_recipe_2697_recipe_yml_draft_v1.py,dc_recipe_2697_recipe_yml_draft_v1.py,.py,SCRIPT,23674,2026-06-19T18:40:58.157027+00:00,4ed21c6cf05eee806424f714f5c2e955257d9f27f3b7c1f6c591dd491d2f5de1
04_OPERATION/recipe_master/tools/dc_recipe_2697_recipe_yml_internal_qa_v1.py,dc_recipe_2697_recipe_yml_internal_qa_v1.py,.py,SCRIPT,16643,2026-06-19T18:48:00.373230+00:00,7c6d62844964421864bf7e538cab06a746f9b50cfc1a36269ef1d3548313a0fa
04_OPERATION/recipe_master/tools/dc_recipe_2697_source_validation_repair_v1.py,dc_recipe_2697_source_validation_repair_v1.py,.py,SCRIPT,19096,2026-06-19T18:33:37.287661+00:00,b50bb3fff63e19afcda3ea5d54dc1aae879feb4848bcb0943a5292e5ee4d286b
04_OPERATION/recipe_master/tools/dc_recipe_2697_source_validation_v1.py,dc_recipe_2697_source_validation_v1.py,.py,SCRIPT,15629,2026-06-19T18:29:44.536868+00:00,cc83ab53d19e2b2f07c998aa02765c0c8af2d525b1b13540cf91b682c23e54dd
04_OPERATION/recipe_master/tools/dc_recipe_3042_create_private_preview_clone_v1.php,dc_recipe_3042_create_private_preview_clone_v1.php,.php,SCRIPT,10261,2026-06-18T18:47:41.518110+00:00,63d7fc74349435ef36d189459b2c96f75331e80b001c5b221551af0d7a18c36a
04_OPERATION/recipe_master/tools/dc_recipe_3042_dossier_intake_v1.py,dc_recipe_3042_dossier_intake_v1.py,.py,SCRIPT,10588,2026-06-18T18:06:59.594493+00:00,d42c95dcb86b0306730cbedc9680ce039ce44aeb48700fd4ab9cbadc60ee95d3
04_OPERATION/recipe_master/tools/dc_recipe_3042_private_clone_readonly_qa_v1.php,dc_recipe_3042_private_clone_readonly_qa_v1.php,.php,SCRIPT,12486,2026-06-18T19:00:42.489353+00:00,37a16e145f62dddf9579ec03d03af367e33384287fa300c811ecb2177b520c83
04_OPERATION/recipe_master/tools/dc_recipe_3042_private_preview_adapter_dryrun_v1.py,dc_recipe_3042_private_preview_adapter_dryrun_v1.py,.py,SCRIPT,14591,2026-06-18T18:27:54.793394+00:00,e541cef65f15420fd5ae7c6b44bfe81876d1a878462148ad4d3858a76d1e3e26
04_OPERATION/recipe_master/tools/dc_recipe_3042_private_wp_preview_plan_v1.py,dc_recipe_3042_private_wp_preview_plan_v1.py,.py,SCRIPT,15486,2026-06-18T18:45:14.442925+00:00,b80a82941fa33a040e00188b506f72476a6b593f5e533dfcc36a2a548bd3f54b
04_OPERATION/recipe_master/tools/dc_recipe_3042_recipe_yml_draft_v1.py,dc_recipe_3042_recipe_yml_draft_v1.py,.py,SCRIPT,14298,2026-06-18T18:15:54.103719+00:00,e8d4647b3bf9c354dfd0218d0bc5d1af995140053204cdc9ca6bf12ea7cbf1dc
04_OPERATION/recipe_master/tools/dc_recipe_3042_recipe_yml_qa_v1.py,dc_recipe_3042_recipe_yml_qa_v1.py,.py,SCRIPT,10885,2026-06-18T18:25:03.680048+00:00,97737d2185633c5367f79fdbdbfca5dfb94e460a89b660993048ef5ceee1929b
04_OPERATION/recipe_master/tools/dc_recipe_3042_source_validation_v1.py,dc_recipe_3042_source_validation_v1.py,.py,SCRIPT,11737,2026-06-18T18:10:58.809387+00:00,feb8ffa6bd58af33c94b5bc4350efaabe25094adbc73db29534c2d428c206df0
04_OPERATION/recipe_master/tools/dc_recipe_3535_admin_only_preview_bridge_plan_v1.php,dc_recipe_3535_admin_only_preview_bridge_plan_v1.php,.php,SCRIPT,17734,2026-06-19T16:50:05.602261+00:00,742810a46819fc4b35c39bfef825720e1f11efa2723365eaaa9bcc1d18c805c2
04_OPERATION/recipe_master/tools/dc_recipe_3535_apply_meta_normalizer_patch_v1.php,dc_recipe_3535_apply_meta_normalizer_patch_v1.php,.php,SCRIPT,16140,2026-06-18T19:21:40.557016+00:00,74a2f0323fe9a7443ab01ee8ef437d4fdcc4c3b8fd9a3c2a7e11cb2a6ea6139b
04_OPERATION/recipe_master/tools/dc_recipe_3535_meta_normalizer_plan_v1.php,dc_recipe_3535_meta_normalizer_plan_v1.php,.php,SCRIPT,13225,2026-06-18T19:15:09.209986+00:00,61b92adc464c0b506e7caf435c5c0586d4ae84a2ec7a19140bf9895c01eeef0c
04_OPERATION/recipe_master/tools/dc_recipe_3535_post_patch_render_qa_v1.php,dc_recipe_3535_post_patch_render_qa_v1.php,.php,SCRIPT,18147,2026-06-19T16:46:44.931659+00:00,83fae4cfa1ad92165f611e800e468255937ea15ff86609ab4ca323db69787805
04_OPERATION/recipe_master/tools/dc_recipe_3535_render_quality_audit_v1.py,dc_recipe_3535_render_quality_audit_v1.py,.py,SCRIPT,9249,2026-06-18T19:05:10.487482+00:00,57e27cc51b8b0a90f7edf30162867771a5bd35d3aef28b5fff1c8df168b84445
04_OPERATION/recipe_master/tools/dc_recipe_3535_renderer_contract_inspection_v1.php,dc_recipe_3535_renderer_contract_inspection_v1.php,.php,SCRIPT,12530,2026-06-18T19:08:09.934805+00:00,04f0f9355762513a779455f8f408e3dab6f8fe9cb28970c6303a053455f15e24
04_OPERATION/recipe_master/tools/dc_recipe_create_pilot_01b_dossiers.php,dc_recipe_create_pilot_01b_dossiers.php,.php,SCRIPT,13049,2026-06-18T18:04:36.755358+00:00,60ff5d9634e465bd815a26d56b7e66483a67bb67e48fad135454c25369e42fe6
04_OPERATION/recipe_master/tools/dc_recipe_hr_queue_readonly_v1.php,dc_recipe_hr_queue_readonly_v1.php,.php,SCRIPT,14402,2026-06-19T17:38:13.443769+00:00,433f09fe958ca4dcd5c8d0f6d458f1c90c7a24256d99356efb78759c6a65eaef
04_OPERATION/recipe_master/tools/dc_recipe_hr_queue_strict_v1_1.php,dc_recipe_hr_queue_strict_v1_1.php,.php,SCRIPT,14621,2026-06-19T17:57:27.108902+00:00,b83dd193c737b5bb9eafb4b14fc11f959597fc2a933ebe7d16d342c6288d11c9
04_OPERATION/recipe_master/tools/dc_recipe_pilot_batch_01_from_stabilized_audit.py,dc_recipe_pilot_batch_01_from_stabilized_audit.py,.py,SCRIPT,8281,2026-06-18T17:58:36.057470+00:00,b45ad018b19bad9da4672e2840e57e308699fd13b0bb64760774a5efa3b23617
04_OPERATION/recipe_master/tools/dc_recipe_pilot_batch_01b_strict_ground.py,dc_recipe_pilot_batch_01b_strict_ground.py,.py,SCRIPT,5677,2026-06-18T18:02:24.143300+00:00,a3f9437e07d396282447b62aec9f69e2c0d7fc227c375a270eeb31a025bbc120
04_OPERATION/recipe_master/tools/dc_recipe_renderer_activation_deep_inspection_v1.php,dc_recipe_renderer_activation_deep_inspection_v1.php,.php,SCRIPT,14947,2026-06-18T19:10:16.815757+00:00,9d22b1f2f2daff8c3b2fb0bd22661647446a8c1fa2c3dbdfe7dc1926aae18724
04_OPERATION/recipe_master/tools/dc_recipe_system_file_inventory_v1.py,dc_recipe_system_file_inventory_v1.py,.py,SCRIPT,18421,2026-06-19T19:33:01.792784+00:00,79c2e199921bfaf86b71f38e4edce4680caae3c06a61bfb55ad1497fb18eb593
04_OPERATION/recipe_master/tools/dc_recipe_system_wp_inventory_v1.php,dc_recipe_system_wp_inventory_v1.php,.php,SCRIPT,6210,2026-06-19T19:33:01.793784+00:00,fc6c5207d961bd7be7b543db95f6d7cf84efe8d95cbd8d945784e26b6494c28b
04_OPERATION/recipe_master/tools/dc_recipe_type_readonly_audit_v1.php,dc_recipe_type_readonly_audit_v1.php,.php,SCRIPT,25630,2026-06-18T17:50:55.122830+00:00,c246de242d1c9541a96847b287d572b1d86d9271a764cb5027e8235e3609d26e
04_OPERATION/recipe_master/tools/dc_recipe_type_router_calibration_v1_1.py,dc_recipe_type_router_calibration_v1_1.py,.py,SCRIPT,7918,2026-06-18T17:54:00.925287+00:00,b4b1154e4a4fffd9a93389074fcb2e0e1e141485f2b03043e6e9211a30945745
04_OPERATION/recipe_master/tools/dc_recipe_type_stabilized_audit_v1_1.py,dc_recipe_type_stabilized_audit_v1_1.py,.py,SCRIPT,15363,2026-06-18T17:56:31.688469+00:00,d77bad901919ce352cbf939b7d4b4816a010b011ea32aefd49e350a56e699694
04_OPERATION/recipe_master/tools/drycured_contract_normalizer_v1.py,drycured_contract_normalizer_v1.py,.py,SCRIPT,7436,2026-06-15T18:03:47.936042+00:00,3fc0d649642b183d540e79bda313119479cc58e1b365d050d53c558ae170afd1
04_OPERATION/recipe_master/tools/drycured_contract_normalizer_v2.py,drycured_contract_normalizer_v2.py,.py,SCRIPT,7758,2026-06-15T18:15:18.880348+00:00,d08cf48f9a514ff667d88fe632bfb1d92af12010a2f9d0a79063e66b26895d6f
04_OPERATION/recipe_master/tools/drycured_data_adapter_dryrun_v1.py,drycured_data_adapter_dryrun_v1.py,.py,SCRIPT,6559,2026-06-17T15:40:23.591474+00:00,d10093685a25fd56ef16fdcd7451b337651a6b231e94328242d8df771484ed28
04_OPERATION/recipe_master/tools/drycured_recipe_contract_mapper_v1.py,drycured_recipe_contract_mapper_v1.py,.py,SCRIPT,10058,2026-06-15T17:59:47.259202+00:00,2dbb08ec7edc5032b36dd9c42b61efbacc4cf50d3ae0ad20ab864d83ee35dcdb
04_OPERATION/recipe_master/tools/whole_cut_source_safe_gate.py,whole_cut_source_safe_gate.py,.py,SCRIPT,3594,2026-06-11T11:10:42.826871+00:00,b890a60acfeda122d30f168623e6a7a7344bbd26e26fe3857ae7bc942b4b8cc9
wp-content/mu-plugins/_archive_recipe_view_v1_2026-05-30_12-21-00/drycured-canonical-recipe-tuning.php,drycured-canonical-recipe-tuning.php,.php,SCRIPT,1939,2026-05-30T09:30:19.064046+00:00,d65e935b8ddc26a82bd029a22d1f2ad923a767a5074b799886b478922f7f1c03
wp-content/mu-plugins/_archive_recipe_view_v1_2026-05-30_12-21-00/drycured-canonical-recipe-view.php,drycured-canonical-recipe-view.php,.php,RENDERER_UI_PROTECTED_SCRIPT,17171,2026-05-30T09:35:46.580259+00:00,550100a6b2829350868408e112b25eb6e63060549899f58bb76f54f519bd9663
wp-content/mu-plugins/_archive_recipe_view_v1_2026-05-30_12-21-00/drycured-recipe-v06-content-cleanup.php,drycured-recipe-v06-content-cleanup.php,.php,SCRIPT,9420,2026-05-30T11:36:12.066146+00:00,dfab56d21c750b22c932e4aab3799adbd1d86c3505170546f764150420263cc7
wp-content/mu-plugins/_archive_recipe_view_v1_2026-05-30_12-21-00/drycured-recipe-v06-feature-pack.php,drycured-recipe-v06-feature-pack.php,.php,SCRIPT,28088,2026-05-30T11:25:37.939255+00:00,026f9c7e05ab283a78d92112f6edda8e0be1a8e46dc6d6e2e766c416ea839038
wp-content/mu-plugins/_archive_recipe_view_v1_2026-05-30_12-21-00/drycured-recipe-v06-header-restore.php,drycured-recipe-v06-header-restore.php,.php,SCRIPT,1940,2026-05-30T11:28:30.366590+00:00,fa6a2f68b6b529e48888ef0c8afeaa719a4bebfd253b09840156af7ddbb7ece1
wp-content/mu-plugins/_archive_recipe_view_v1_2026-05-30_12-21-00/drycured-recipe-v06-nav-polish.php,drycured-recipe-v06-nav-polish.php,.php,SCRIPT,7653,2026-05-30T11:46:26.064777+00:00,0a93678768ba7dd3e570145245e37166c841cd540dd1b71bd593bfb93db78e61
wp-content/mu-plugins/_archive_recipe_view_v1_2026-05-30_12-21-00/drycured-recipe-v06-prevnext-position.php,drycured-recipe-v06-prevnext-position.php,.php,SCRIPT,2998,2026-05-30T11:39:27.519647+00:00,31c15167977a6e4e42854abf3b0d088ef44d0a10a55cdcb3950a39aa05bec6e8
wp-content/mu-plugins/_archive_recipe_view_v1_2026-05-30_12-21-00/drycured-recipe-view-v05-balanced-stage.php,drycured-recipe-view-v05-balanced-stage.php,.php,RENDERER_UI_PROTECTED_SCRIPT,6281,2026-05-30T10:58:23.219434+00:00,07cb399cd358c2dfdb677cf522d07eca83e24661c72734e817cf65036ef97908
wp-content/mu-plugins/_archive_recipe_view_v1_2026-05-30_12-21-00/drycured-recipe-view-v05-card-polish.php,drycured-recipe-view-v05-card-polish.php,.php,RENDERER_UI_PROTECTED_SCRIPT,8609,2026-05-30T11:03:40.644827+00:00,5a199daf28fb4570e73bfb9d0f72bd76a25d5960a88bd653f0f2c82e5c17c493
wp-content/mu-plugins/_archive_recipe_view_v1_2026-05-30_12-21-00/drycured-recipe-view-v05-clarity-fix.php,drycured-recipe-view-v05-clarity-fix.php,.php,RENDERER_UI_PROTECTED_SCRIPT,4347,2026-05-30T10:04:55.251728+00:00,609e3a0ef266d26c000f98ec0a514ddd1df5ffbbeb604e7839a1c23b0912a463
wp-content/mu-plugins/_archive_recipe_view_v1_2026-05-30_12-21-00/drycured-recipe-view-v05-pilot.php,drycured-recipe-view-v05-pilot.php,.php,RENDERER_UI_PROTECTED_SCRIPT,42024,2026-05-30T10:37:38.030717+00:00,1731f2df68a7b6fcc5d09b73cd6c2ec0887b7da8ec189bd9da454063331e7e79
wp-content/mu-plugins/_archive_recipe_view_v1_2026-05-30_12-21-00/drycured-recipe-view-v05-safety-marker.php,drycured-recipe-view-v05-safety-marker.php,.php,RENDERER_UI_PROTECTED_SCRIPT,4000,2026-05-30T11:10:38.335092+00:00,29d90e8f3441df2be7df44981bac97553d7b2846732b8db6cda60af9dde0e0a3
wp-content/mu-plugins/_archive_recipe_view_v1_2026-05-30_12-21-00/drycured-recipe-view-v05-sensory-polish.php,drycured-recipe-view-v05-sensory-polish.php,.php,RENDERER_UI_PROTECTED_SCRIPT,7975,2026-05-30T11:15:39.555547+00:00,a9a4ac9687e148ce0ed1d53947c62a909266043df4d68714eb747874575b4641
wp-content/mu-plugins/drycured-archive-seo-bridge.php,drycured-archive-seo-bridge.php,.php,SCRIPT,5057,2026-05-27T19:53:59.896919+00:00,297c3d824549e6604f73f19a6fdbe8d1b57acf5c7bd8c7bfca282c912396a856
wp-content/mu-plugins/drycured-batch001-force-dcv5-template.php,drycured-batch001-force-dcv5-template.php,.php,SCRIPT,2568,2026-06-03T15:42:37.355612+00:00,27bb46b909d1eeca73c999ee2ba2d739d9209f2f00d356b9fa15629c73e4061b
wp-content/mu-plugins/drycured-batch001-profile-bridge.php,drycured-batch001-profile-bridge.php,.php,SCRIPT,13282,2026-06-03T15:42:37.352612+00:00,627460a7c93dfdff7dbb762501556445156db2cb2a335bbdb90491be6fadf566
wp-content/mu-plugins/drycured-batch01-quantity-profiles.php,drycured-batch01-quantity-profiles.php,.php,SCRIPT,92229,2026-05-30T16:16:30.008673+00:00,ce155d88e4d137a4d8c654accc527d56cc9d15da3979636a73e0415b7503dec1
wp-content/mu-plugins/drycured-batch01-quantity-profiles_before_rum_fix_2026-05-30_16-32-52.php,drycured-batch01-quantity-profiles_before_rum_fix_2026-05-30_16-32-52.php,.php,SCRIPT,92229,2026-05-30T16:16:30.008673+00:00,ce155d88e4d137a4d8c654accc527d56cc9d15da3979636a73e0415b7503dec1
wp-content/mu-plugins/drycured-batch01-whole-cut-profile-adapter.php,drycured-batch01-whole-cut-profile-adapter.php,.php,SCRIPT,24951,2026-06-11T10:37:48.866071+00:00,367cbf2ff5936d2a2219146251d9f1cb37e3fa5c1416d3c326c83c70a3349b08
wp-content/mu-plugins/drycured-blog-canonical-redirects.php,drycured-blog-canonical-redirects.php,.php,SCRIPT,1154,2026-06-05T10:43:33.960841+00:00,f73c7c93ac9392680a43dd26cdd279cd39127489e5a9d131a59aaf9307009d42
wp-content/mu-plugins/drycured-blog-editorial-redirects.php,drycured-blog-editorial-redirects.php,.php,SCRIPT,1243,2026-06-06T07:34:44.897862+00:00,b9b69ba473550f7a3346e09d62143b53690b33e1ac5c7e568c4bd22b7e441ff6
wp-content/mu-plugins/drycured-cookie-privacy-v1.php,drycured-cookie-privacy-v1.php,.php,SCRIPT,13524,2026-06-06T18:12:51.110030+00:00,4296a9eaa576aa579c56caf91f921f863b36257c32fd12771a026cd21ee4a2eb
wp-content/mu-plugins/drycured-dcv5-top-duplicate-cleanup.php,drycured-dcv5-top-duplicate-cleanup.php,.php,SCRIPT,2456,2026-06-12T09:07:25.765927+00:00,20aa4300fe881e9fff02fcaf442e2bd2dadf3ade862e3105dae645f86684c94a
wp-content/mu-plugins/drycured-home-process-rail-hub-adapter.php,drycured-home-process-rail-hub-adapter.php,.php,SCRIPT,7333,2026-05-27T16:22:38.608136+00:00,70abfa5d131ea1293b9a4123bf85e617759b374a6e945d679f8d9447313bcf19
wp-content/mu-plugins/drycured-legal-footer-links-v1.php,drycured-legal-footer-links-v1.php,.php,SCRIPT,6552,2026-06-06T18:44:15.911463+00:00,1c8b1c2443e523f313a316f2ee7371c98e0b1ff8e31d6a771a3d351101b0d59a
wp-content/mu-plugins/drycured-md-v5-bridge-pilot.php,drycured-md-v5-bridge-pilot.php,.php,SCRIPT,65719,2026-06-12T15:45:54.964691+00:00,7d64a796ebd04852b745025442caa048bebf413064f3eb14344b2cb89464cb16
wp-content/mu-plugins/drycured-process-dimljenje-core.php,drycured-process-dimljenje-core.php,.php,SCRIPT,39740,2026-05-26T18:38:31.642455+00:00,4dadd85aece042e8b3e91d8f78bbc85c548b07833ae47b280ed0f271608e051d
wp-content/mu-plugins/drycured-process-hub.php,drycured-process-hub.php,.php,SCRIPT,16158,2026-05-27T18:52:49.495524+00:00,7f754673ce284505004f724cb2181735888319794662bf93adb0f8461dab5c81
wp-content/mu-plugins/drycured-process-mijesanje-core.php,drycured-process-mijesanje-core.php,.php,SCRIPT,48578,2026-05-26T17:50:14.853592+00:00,3af310ed51f2acc194c079da9a3163a38f5777b6249a9958f61104c8ceaed259
wp-content/mu-plugins/drycured-process-odlezavanje-core.php,drycured-process-odlezavanje-core.php,.php,SCRIPT,47324,2026-05-26T18:07:16.118537+00:00,4efe57ad134994f7d7f4d45016808b1d1af7e293e74215e3822ef29478a03dac
wp-content/mu-plugins/drycured-process-odlezavanje-text-fix-v011.php,drycured-process-odlezavanje-text-fix-v011.php,.php,SCRIPT,2923,2026-05-26T18:10:37.910873+00:00,acbc1409954b34483eb3ed4618ef4e3efeaee1fca5de747d95c268871fd4776a
wp-content/mu-plugins/drycured-process-pakiranje-core.php,drycured-process-pakiranje-core.php,.php,SCRIPT,40951,2026-05-26T19:02:47.527093+00:00,4f20c73de9cb5086f3068db2182c3efd24b4b8cb29960f1ca26b8c013e648d40
wp-content/mu-plugins/drycured-process-punjenje-core.php,drycured-process-punjenje-core.php,.php,SCRIPT,52033,2026-05-26T18:16:38.535437+00:00,3653919cd852854b0411b5a2f3f67cbab06d36fe38e340355e3f5e23f11fac20
wp-content/mu-plugins/drycured-process-seo-faq.php,drycured-process-seo-faq.php,.php,SCRIPT,23613,2026-05-27T17:04:21.927045+00:00,2af381fb983657530900c428f70828f5913bca692fdb0ebf6e247fbdf83cd776
wp-content/mu-plugins/drycured-process-susenje-core.php,drycured-process-susenje-core.php,.php,SCRIPT,39519,2026-05-26T18:47:45.404423+00:00,722c4681245242ee2431b663d9499c0c6e6d39da29bf4dbf6435be20fac4de67
wp-content/mu-plugins/drycured-process-zrenje-core.php,drycured-process-zrenje-core.php,.php,SCRIPT,38272,2026-05-26T18:58:08.088995+00:00,5e9b7e3d28c1f14423ac22fa1ce23d4eac8d8a6732657a46721eac46bc3ea008
wp-content/mu-plugins/drycured-recipe-md-fallback-renderer.php,drycured-recipe-md-fallback-renderer.php,.php,SCRIPT,28432,2026-06-12T13:57:57.618763+00:00,915e069e6b68075d659b8162e0a09a4588500bc6d345644c3d8e1a0b314ca24b
wp-content/mu-plugins/drycured-recipe-view-v1.php,drycured-recipe-view-v1.php,.php,RENDERER_UI_PROTECTED_SCRIPT,282701,2026-06-18T17:18:00.751930+00:00,238b2f0bd79c77df5f0ecaa5482fea1e284009c2ff5a799440c75577d575e901
wp-content/mu-plugins/drycured-recipe-view-v1_before_batch01_v1_2_2026-05-30_14-15-34.php,drycured-recipe-view-v1_before_batch01_v1_2_2026-05-30_14-15-34.php,.php,RENDERER_UI_PROTECTED_SCRIPT,180246,2026-05-30T13:56:44.623105+00:00,ece33f5317769e80e1022913d7c439ea7d63e082cd303da519f917f8701d953d
wp-content/mu-plugins/drycured-recipe-view-v1_before_cure_model_lock_2026-05-30_17-51-16.php,drycured-recipe-view-v1_before_cure_model_lock_2026-05-30_17-51-16.php,.php,RENDERER_UI_PROTECTED_SCRIPT,244543,2026-05-30T17:40:05.476765+00:00,cd8386c4244f39de4645140ef533ff8382621cf9465df884c967f267b55c7ff9
wp-content/mu-plugins/drycured-recipe-view-v1_before_final_profile_override_2026-05-30_16-39-19.php,drycured-recipe-view-v1_before_final_profile_override_2026-05-30_16-39-19.php,.php,RENDERER_UI_PROTECTED_SCRIPT,214782,2026-05-30T16:35:33.716629+00:00,b23afec2dfda8702f21b85636a0371626ddc00d53a3e5c2735ccc951e8edec29
wp-content/mu-plugins/drycured-recipe-view-v1_before_formula_only_0200L_2026-05-30_17-15-10.php,drycured-recipe-view-v1_before_formula_only_0200L_2026-05-30_17-15-10.php,.php,RENDERER_UI_PROTECTED_SCRIPT,222576,2026-05-30T16:46:07.347498+00:00,f93562f80e784fb147984fba261c9c814763c8deeab63ae1074980da26a2db28
wp-content/mu-plugins/drycured-recipe-view-v1_before_garlic_default_0200L_2026-05-30_17-09-22.php,drycured-recipe-view-v1_before_garlic_default_0200L_2026-05-30_17-09-22.php,.php,RENDERER_UI_PROTECTED_SCRIPT,222576,2026-05-30T16:46:07.347498+00:00,f93562f80e784fb147984fba261c9c814763c8deeab63ae1074980da26a2db28
wp-content/mu-plugins/drycured-recipe-view-v1_before_garlic_default_0200L_safe_2026-05-30_17-13-08.php,drycured-recipe-view-v1_before_garlic_default_0200L_safe_2026-05-30_17-13-08.php,.php,RENDERER_UI_PROTECTED_SCRIPT,222576,2026-05-30T16:46:07.347498+00:00,f93562f80e784fb147984fba261c9c814763c8deeab63ae1074980da26a2db28
wp-content/mu-plugins/drycured-recipe-view-v1_before_global_garlic_liquid_fix_2026-05-30_16-46-07.php,drycured-recipe-view-v1_before_global_garlic_liquid_fix_2026-05-30_16-46-07.php,.php,RENDERER_UI_PROTECTED_SCRIPT,216528,2026-05-30T16:39:19.598367+00:00,0883e861747eebfd414ee63fc2f8a117e2e917ad28b05ca8ea6dc0d5374ff6cb
wp-content/mu-plugins/drycured-recipe-view-v1_before_global_quantities_2026-05-30_16-16-29.php,drycured-recipe-view-v1_before_global_quantities_2026-05-30_16-16-29.php,.php,RENDERER_UI_PROTECTED_SCRIPT,212282,2026-05-30T16:13:26.285247+00:00,de76a76d34ce82e217761bb0983f29e5c6204c929f2bb716a321ba7d3a877c27
wp-content/mu-plugins/drycured-recipe-view-v1_before_hr_sl_006_rum_runtime_fix_2026-05-30_16-35-33.php,drycured-recipe-view-v1_before_hr_sl_006_rum_runtime_fix_2026-05-30_16-35-33.php,.php,RENDERER_UI_PROTECTED_SCRIPT,213299,2026-05-30T16:27:08.288719+00:00,33a232fa1952d1442734ffec805ab3646b23bce72f1960b7ea2d3d0087ed9313
wp-content/mu-plugins/drycured-recipe-view-v1_before_hrsl001_late_source_render_2026-05-31_07-18-34.php,drycured-recipe-view-v1_before_hrsl001_late_source_render_2026-05-31_07-18-34.php,.php,RENDERER_UI_PROTECTED_SCRIPT,250972,2026-05-31T07:05:54.029434+00:00,69d0a46228d7a017d8f43ecfaa6f5eec6952ec6d3d69a13f59e18729c2cfcccb
wp-content/mu-plugins/drycured-recipe-view-v1_before_hrsl001_process_omotac_fix_2026-05-31_07-27-54.php,drycured-recipe-view-v1_before_hrsl001_process_omotac_fix_2026-05-31_07-27-54.php,.php,RENDERER_UI_PROTECTED_SCRIPT,254379,2026-05-31T07:18:34.250130+00:00,d23f1681775b2dfe172da8c9a807b106b9ae6d2ea449b646d6cd20c80853b457
wp-content/mu-plugins/drycured-recipe-view-v1_before_hrsl001_process_omotac_fix_2026-05-31_07-36-09.php,drycured-recipe-view-v1_before_hrsl001_process_omotac_fix_2026-05-31_07-36-09.php,.php,RENDERER_UI_PROTECTED_SCRIPT,256287,2026-05-31T07:27:54.586358+00:00,a127f626fbc8da7a27af7c722376bb4171fe8cce2b97357ce7a20421c08e195f
wp-content/mu-plugins/drycured-recipe-view-v1_before_ingredient_sanity_layer_2026-05-30_17-29-08.php,drycured-recipe-view-v1_before_ingredient_sanity_layer_2026-05-30_17-29-08.php,.php,RENDERER_UI_PROTECTED_SCRIPT,222555,2026-05-30T17:15:10.192923+00:00,3450562cfaad12e171d7dcf0e9aeccb3888b404648085a9c6b36019fe8035910
wp-content/mu-plugins/drycured-recipe-view-v1_before_no_liquid_fix_2026-05-30_16-27-08.php,drycured-recipe-view-v1_before_no_liquid_fix_2026-05-30_16-27-08.php,.php,RENDERER_UI_PROTECTED_SCRIPT,212966,2026-05-30T16:17:34.821196+00:00,f6bb781a13ecd5d8dc0c0ce16e0d9bb0a6c52c2f2e5c71c66a3dcf41399b562b
wp-content/mu-plugins/drycured-recipe-view-v1_before_phase_specs_2026-05-30_13-56-44.php,drycured-recipe-view-v1_before_phase_specs_2026-05-30_13-56-44.php,.php,RENDERER_UI_PROTECTED_SCRIPT,165917,2026-05-30T13:50:06.056473+00:00,44198a9c704eeee506206336d12f9941df7d6f7fd212b73b3b3feaa7382fb95b
wp-content/mu-plugins/drycured-recipe-view-v1_before_quantity_parser_2026-05-30_16-13-26.php,drycured-recipe-view-v1_before_quantity_parser_2026-05-30_16-13-26.php,.php,RENDERER_UI_PROTECTED_SCRIPT,205709,2026-05-30T14:33:07.025728+00:00,86aa5e4db9cc5b468300f697655da8bd841e1ac5b53e78bba30b19beffa234c9
wp-content/mu-plugins/drycured-recipe-view-v1_before_source_lock_hr_sl_001_2026-05-31_07-05-53.php,drycured-recipe-view-v1_before_source_lock_hr_sl_001_2026-05-31_07-05-53.php,.php,RENDERER_UI_PROTECTED_SCRIPT,247041,2026-05-30T17:51:16.306603+00:00,b539924b0c0b3a648c6a4a0136b33240262dd18659464f55fc8a439dc85e20ab
wp-content/mu-plugins/drycured-recipe-view-v1_before_v1_1_2026-05-30_13-50-06.php,drycured-recipe-view-v1_before_v1_1_2026-05-30_13-50-06.php,.php,RENDERER_UI_PROTECTED_SCRIPT,145998,2026-05-30T12:21:00.586293+00:00,b05c44cf95f65bb1e3f61fcae175bf18ee60a95e1ff3b0a9a841cd5589c6d5ad
wp-content/mu-plugins/drycured-recipe-view-v1_before_visual_lock_v1_2_2026-05-30_14-33-06.php,drycured-recipe-view-v1_before_visual_lock_v1_2_2026-05-30_14-33-06.php,.php,RENDERER_UI_PROTECTED_SCRIPT,180246,2026-05-30T13:56:44.623105+00:00,ece33f5317769e80e1022913d7c439ea7d63e082cd303da519f917f8701d953d
wp-content/mu-plugins/drycured-recipe-view-v1_before_whole_piece_cure_model_2026-05-30_17-36-16.php,drycured-recipe-view-v1_before_whole_piece_cure_model_2026-05-30_17-36-16.php,.php,RENDERER_UI_PROTECTED_SCRIPT,233891,2026-05-30T17:29:08.767603+00:00,ac3dc79319744c9be316d0871cd1c15a05a44a3779328a8fe0dccc115b8b7e40
wp-content/mu-plugins/drycured-recipe-view-v1_before_whole_piece_late_cleanup_2026-05-30_17-40-05.php,drycured-recipe-view-v1_before_whole_piece_late_cleanup_2026-05-30_17-40-05.php,.php,RENDERER_UI_PROTECTED_SCRIPT,240882,2026-05-30T17:36:16.637210+00:00,01b5a4a1fa9746f6dc31fe28a0032ac22fd7a463ebe466baac731da1b71b3f7d
wp-content/mu-plugins/drycured-service-page-typography-v1.php,drycured-service-page-typography-v1.php,.php,SCRIPT,3588,2026-06-06T18:53:24.885737+00:00,402bca0ba90c1c0cfa9ec46c179d3d3d5a3e20b888aaaa460ed9a2b23afd9ad7
wp-content/mu-plugins/drycured-wpcode-migrated-small-fixes.php,drycured-wpcode-migrated-small-fixes.php,.php,SCRIPT,597,2026-05-28T18:40:07.033986+00:00,3184d16fa0f710eb4b91c64d0ac1e0d7e912b607724f776ffe05122fe739608f
wp-content/plugins/digitalna-pusnica-alati/digitalna-pusnica-alati.php,digitalna-pusnica-alati.php,.php,SCRIPT,4537,2026-05-27T17:38:22.175414+00:00,c78b21b05f7ae70d8f47c516ac2b0fd9f2ede778faa97ee153904a8d454e0dea
wp-content/plugins/drycured-home-core/includes/process-rail.php,process-rail.php,.php,SCRIPT,7981,2026-05-27T18:52:49.492524+00:00,20c332d0ef0a8c5f83e095793cd5ae9ea1f9899d4c33d3f91d399a47cce76769
wp-content/plugins/drycured-home-hero-rotation/assets/home-hero/hero-01.webp,hero-01.webp,.webp,OTHER,155272,2026-06-05T07:36:01.597111+00:00,
wp-content/plugins/drycured-home-hero-rotation/assets/home-hero/hero-02.webp,hero-02.webp,.webp,OTHER,114038,2026-06-05T07:36:01.727113+00:00,
wp-content/plugins/drycured-home-hero-rotation/assets/home-hero/hero-03.webp,hero-03.webp,.webp,OTHER,142326,2026-06-05T07:36:01.867114+00:00,
wp-content/plugins/drycured-home-hero-rotation/assets/home-hero/hero-04.webp,hero-04.webp,.webp,OTHER,142672,2026-06-05T07:36:02.005115+00:00,
wp-content/plugins/drycured-home-hero-rotation/assets/home-hero/hero-05.webp,hero-05.webp,.webp,OTHER,128434,2026-06-05T07:36:02.140116+00:00,
wp-content/plugins/drycured-home-hero-rotation/assets/home-hero/hero-06.webp,hero-06.webp,.webp,OTHER,240248,2026-06-05T07:36:02.288117+00:00,
wp-content/plugins/drycured-home-hero-rotation/assets/home-hero/hero-07.webp,hero-07.webp,.webp,OTHER,271926,2026-06-05T07:36:02.442118+00:00,
wp-content/plugins/drycured-home-hero-rotation/assets/home-hero/hero-08.webp,hero-08.webp,.webp,OTHER,136266,2026-06-05T07:39:15.017732+00:00,
wp-content/plugins/drycured-home-hero-rotation/drycured-home-hero-rotation.php,drycured-home-hero-rotation.php,.php,SCRIPT,15059,2026-06-05T07:43:12.947683+00:00,902be708bfce97dcc714a94e052b5697dc5bd791ca1c36565b60a789162dea46
