ID,post_title,post_name,post_status,post_type,permalink,modified_gmt,is_preview_clone,preview_source_post_id,recipe_id,has_full_markdown,has_sections,has_verified_process,has_image_url,full_markdown_len,sections_len,verified_process_len,image_url_len
1975,"Istarska kobasica",istarska-kobasica,draft,dry_recipe,https://drycured.com/?post_type=dry_recipe&p=1975,"2026-05-30 08:21:22",no,,HR-IST-KOB-VODIC-001,no,no,no,no,0,0,0,0
1976,"Primorska kobasica",primorska-kobasica,draft,dry_recipe,https://drycured.com/?post_type=dry_recipe&p=1976,"2026-05-30 08:21:22",no,,HR-PRI-KOB-PRIMORSKA-001,no,no,no,no,0,0,0,0
1977,"Creski udić — pršut od ovce",creski-udic-prsut-od-ovce,draft,dry_recipe,https://drycured.com/?post_type=dry_recipe&p=1977,"2026-05-30 08:21:22",no,,HR-CRES-UDIC-001,no,no,no,no,0,0,0,0
1978,"Creska janjeća roštilj kobasica",creska-janjeca-rostilj-kobasica,draft,dry_recipe,https://drycured.com/?post_type=dry_recipe&p=1978,"2026-05-30 08:21:22",no,,HR-CRES-JANJECA-ROSTILJ-001,no,no,no,no,0,0,0,0
1979,"Testni recept iz kalkulatora",testni-recept-iz-kalkulatora,draft,dry_recipe,https://drycured.com/?post_type=dry_recipe&p=1979,"2026-05-30 08:21:22",no,,DRY--24CBF503,no,no,no,no,0,0,0,0
1980,"Davorova kobasa",davorova-kobasa,draft,dry_recipe,https://drycured.com/?post_type=dry_recipe&p=1980,"2026-05-30 08:21:22",no,,DRY--45E2E24F,no,no,no,no,0,0,0,0
1981,"TRADICIJSKIH TALIJANSKIH RECEPATA ZA SUHOMESNATE PROIZVODE",tradicijskih-talijanskih-recepata-za-suhomesnate-proizvode,draft,dry_recipe,https://drycured.com/?post_type=dry_recipe&p=1981,"2026-05-09 15:47:21",no,,IT-TRADICIJSKIH_TALIJANSKIH_RECEPATA_ZA_SUHOM-0001,no,no,no,no,0,0,0,0
1982,"FINOCCHIONA TOSCANA",finocchiona-toscana,publish,dry_recipe,https://drycured.com/recepti-baza/finocchiona-toscana/,"2026-06-04 07:53:31",no,,MD-FINOCCHIONA_TOSCANA,yes,no,no,no,4378,0,0,0
1983,"PROSCIUTTO DI SAN DANIELE",prosciutto-di-san-daniele,publish,dry_recipe,https://drycured.com/recepti-baza/prosciutto-di-san-daniele/,"2026-06-04 07:53:31",no,,MD-PROSCIUTTO_DI_SAN_DANIELE,yes,no,no,no,3426,0,0,0
1984,"NDUJA CALABRESE",nduja-calabrese,publish,dry_recipe,https://drycured.com/recepti-baza/nduja-calabrese/,"2026-06-04 07:53:31",no,,MD-NDUJA_CALABRESE,yes,no,no,no,4217,0,0,0
1985,"SPECK ALTO ADIGE",speck-alto-adige,draft,dry_recipe,https://drycured.com/?post_type=dry_recipe&p=1985,"2026-05-09 15:47:21",no,,IT-SPECK_ALTO_ADIGE-0005,no,no,no,no,0,0,0,0
1986,"LARDO DI COLONNATA",lardo-di-colonnata,publish,dry_recipe,https://drycured.com/recepti-baza/lardo-di-colonnata/,"2026-06-04 07:53:31",no,,MD-LARDO_DI_COLONNATA,yes,no,no,no,3965,0,0,0
1987,"MORTADELLA BOLOGNA",mortadella-bologna,private,dry_recipe,https://drycured.com/?post_type=dry_recipe&p=1987,"2026-06-04 07:34:57",no,,MD-MORTADELLA_BOLOGNA,yes,no,no,no,4284,0,0,0
1988,"SOPPRESSA VICENTINA",soppressa-vicentina,publish,dry_recipe,https://drycured.com/recepti-baza/soppressa-vicentina/,"2026-06-04 07:53:31",no,,MD-SOPPRESSA_VICENTINA,yes,no,no,no,3806,0,0,0
1989,"PORCHETTA ROMANA",porchetta-romana,private,dry_recipe,https://drycured.com/?post_type=dry_recipe&p=1989,"2026-06-04 07:34:57",no,,MD-PORCHETTA_ROMANA,yes,no,no,no,4053,0,0,0
1990,"SALAME DI FELINO",salame-di-felino,publish,dry_recipe,https://drycured.com/recepti-baza/salame-di-felino/,"2026-06-04 07:53:31",no,,MD-SALAME_DI_FELINO,yes,no,no,no,4314,0,0,0
1991,"GUANCIALE ROMANO",guanciale-romano,publish,dry_recipe,https://drycured.com/recepti-baza/guanciale-romano/,"2026-06-04 07:53:31",no,,MD-GUANCIALE_ROMANO,yes,no,no,no,3632,0,0,0
1992,"Engleska Cumberland Kobasica",engleska-cumberland-kobasica,draft,dry_recipe,https://drycured.com/?post_type=dry_recipe&p=1992,"2026-05-09 15:47:19",no,,UK-ENGLESKA_CUMBERLAND_KOBASICA-0012,no,no,no,no,0,0,0,0
1993,"Škotska Lorne Kobasica",skotska-lorne-kobasica,draft,dry_recipe,https://drycured.com/?post_type=dry_recipe&p=1993,"2026-05-09 15:47:19",no,,UK-SKOTSKA_LORNE_KOBASICA-0013,no,no,no,no,0,0,0,0
1994,"Islandska Hangikjöt Kobasica",islandska-hangikjot-kobasica,draft,dry_recipe,https://drycured.com/?post_type=dry_recipe&p=1994,"2026-05-09 15:47:19",no,,IS-ISLANDSKA_HANGIKJOT_KOBASICA-0015,no,no,no,no,0,0,0,0
1995,"Posavska Krvavica sa Šumskim Začinima",posavska-krvavica-sa-sumskim-zacinima,private,dry_recipe,https://drycured.com/?post_type=dry_recipe&p=1995,"2026-06-04 07:34:57",no,,MD-POSAVSKA_KRVAVICA_SA_SUMSKIM_ZACINIMA,yes,no,no,no,3437,0,0,0
1996,"Tradicionalni suhomesnati proizvodi Slavonije",tradicionalni-suhomesnati-proizvodi-slavonije,draft,dry_recipe,https://drycured.com/?post_type=dry_recipe&p=1996,"2026-05-09 15:47:18",no,,HR-TRADICIONALNI_SUHOMESNATI_PROIZVODI_SLAVON-0021,no,no,no,no,0,0,0,0
1997,"Etnografska studija kulinarskog naslijeđa",etnografska-studija-kulinarskog-naslijeda,draft,dry_recipe,https://drycured.com/?post_type=dry_recipe&p=1997,"2026-05-09 15:47:17",no,,HR-ETNOGRAFSKA_STUDIJA_KULINARSKOG_NASLIJE_A-0022,no,no,no,no,0,0,0,0
1998,"Tradicionalni suhomesnati proizvodi",tradicionalni-suhomesnati-proizvodi,draft,dry_recipe,https://drycured.com/?post_type=dry_recipe&p=1998,"2026-05-09 15:47:17",no,,HR-TRADICIONALNI_SUHOMESNATI_PROIZVODI-0023,no,no,no,no,0,0,0,0
1999,"Salo (Сало) - Ukrajinska slanina",salo-%d1%81%d0%b0%d0%bb%d0%be-ukrajinska-slanina,draft,dry_recipe,https://drycured.com/?post_type=dry_recipe&p=1999,"2026-05-09 15:47:17",no,,UA-SALO_UKRAJINSKA_SLANINA-0024,no,no,no,no,0,0,0,0
2000,"Domašnja Kovbasa (Домашня ковбаса) - Domaća kobasica",domasnja-kovbasa-%d0%b4%d0%be%d0%bc%d0%b0%d1%88%d0%bd%d1%8f-%d0%ba%d0%be%d0%b2%d0%b1%d0%b0%d1%81%d0%b0-domaca-kobasica,draft,dry_recipe,https://drycured.com/?post_type=dry_recipe&p=2000,"2026-05-09 15:47:17",no,,UA-DOMASNJA_KOVBASA_DOMACA_KOBASICA-0025,no,no,no,no,0,0,0,0
2001,"Kholodets (Холодець) - Hladetina od mesa",kholodets-%d1%85%d0%be%d0%bb%d0%be%d0%b4%d0%b5%d1%86%d1%8c-hladetina-od-mesa,draft,dry_recipe,https://drycured.com/?post_type=dry_recipe&p=2001,"2026-05-09 15:47:17",no,,UA-KHOLODETS_HLADETINA_OD_MESA-0027,no,no,no,no,0,0,0,0
2002,"Solonina (Солонина) - Salamurena govedina",solonina-%d1%81%d0%be%d0%bb%d0%be%d0%bd%d0%b8%d0%bd%d0%b0-salamurena-govedina,draft,dry_recipe,https://drycured.com/?post_type=dry_recipe&p=2002,"2026-05-09 15:47:17",no,,UA-SOLONINA_SALAMURENA_GOVEDINA-0028,no,no,no,no,0,0,0,0
2003,"Shukhevychivska Kovbasa (Шухевичівська ковбаса) - Sušena kobasica s paprom",shukhevychivska-kovbasa-%d1%88%d1%83%d1%85%d0%b5%d0%b2%d0%b8%d1%87%d1%96%d0%b2%d1%81%d1%8c%d0%ba%d0%b0-%d0%ba%d0%be%d0%b2%d0%b1%d0%b0%d1%81%d0%b0-susena-kobasica-s-paprom,draft,dry_recipe,https://drycured.com/?post_type=dry_recipe&p=2003,"2026-05-09 15:47:17",no,,UA-SHUKHEVYCHIVSKA_KOVBASA_SUSENA_KOBASICA_S_-0030,no,no,no,no,0,0,0,0
2004,"Pashtetna (Паштетна) - Pečena mesna pašteta",pashtetna-%d0%bf%d0%b0%d1%88%d1%82%d0%b5%d1%82%d0%bd%d0%b0-pecena-mesna-pasteta,draft,dry_recipe,https://drycured.com/?post_type=dry_recipe&p=2004,"2026-05-09 15:47:17",no,,UA-PASHTETNA_PECENA_MESNA_PASTETA-0031,no,no,no,no,0,0,0,0
2005,"UJEDINJENO KRALJEVSTVO - Tradicionalni recepti",ujedinjeno-kraljevstvo-tradicionalni-recepti,draft,dry_recipe,https://drycured.com/?post_type=dry_recipe&p=2005,"2026-05-09 15:47:17",no,,EU-UJEDINJENO_KRALJEVSTVO_TRADICIONALNI_RECEP-0051,no,no,no,no,0,0,0,0
2006,"Cumberland Sausage",cumberland-sausage,draft,dry_recipe,https://drycured.com/?post_type=dry_recipe&p=2006,"2026-05-09 15:47:16",no,,EU-CUMBERLAND_SAUSAGE-0052,no,no,no,no,0,0,0,0
2007,"Kompleksna zbirka tradicionalnih suhomesnatih recepata iz Europe",kompleksna-zbirka-tradicionalnih-suhomesnatih-recepata-iz-europe,draft,dry_recipe,https://drycured.com/?post_type=dry_recipe&p=2007,"2026-05-09 15:47:15",no,,GR-KOMPLEKSNA_ZBIRKA_TRADICIONALNIH_SUHOMESNA-0054,no,no,no,no,0,0,0,0
2008,"GRČKA - Tradicionalni recepti za Loukaniko",grcka-tradicionalni-recepti-za-loukaniko,draft,dry_recipe,https://drycured.com/?post_type=dry_recipe&p=2008,"2026-05-09 15:47:16",no,,GR-GRCKA_TRADICIONALNI_RECEPTI_ZA_LOUKANIKO-0055,no,no,no,no,0,0,0,0
2009,"Tradicionalni Loukaniko sa Krete",tradicionalni-loukaniko-sa-krete,draft,dry_recipe,https://drycured.com/?post_type=dry_recipe&p=2009,"2026-05-09 15:47:15",no,,EU-TRADICIONALNI_LOUKANIKO_SA_KRETE-0056,no,no,no,no,0,0,0,0
2010,"Makedončki Loukaniko sa Planinom",makedoncki-loukaniko-sa-planinom,draft,dry_recipe,https://drycured.com/?post_type=dry_recipe&p=2010,"2026-05-09 15:47:15",no,,EU-MAKEDONCKI_LOUKANIKO_SA_PLANINOM-0057,no,no,no,no,0,0,0,0
2011,"Kompleksna zbirka tradicionalnih suhomesnatih recepata iz Europe",kompleksna-zbirka-tradicionalnih-suhomesnatih-recepata-iz-europe-2,draft,dry_recipe,https://drycured.com/?post_type=dry_recipe&p=2011,"2026-05-09 15:47:15",no,,FR-KOMPLEKSNA_ZBIRKA_TRADICIONALNIH_SUHOMESNA-0061,no,no,no,no,0,0,0,0
2012,"FRANCUSKA - Tradicionalni recepti za saucisson",francuska-tradicionalni-recepti-za-saucisson,draft,dry_recipe,https://drycured.com/?post_type=dry_recipe&p=2012,"2026-05-09 15:47:15",no,,FR-FRANCUSKA_TRADICIONALNI_RECEPTI_ZA_SAUCISS-0062,no,no,no,no,0,0,0,0
2013,"Saucisson sec iz Lyona",saucisson-sec-iz-lyona,draft,dry_recipe,https://drycured.com/?post_type=dry_recipe&p=2013,"2026-05-09 15:47:15",no,,EU-SAUCISSON_SEC_IZ_LYONA-0063,no,no,no,no,0,0,0,0
2014,"Kompleksna zbirka tradicionalnih suhomesnatih recepata iz Europe",kompleksna-zbirka-tradicionalnih-suhomesnatih-recepata-iz-europe-3,draft,dry_recipe,https://drycured.com/?post_type=dry_recipe&p=2014,"2026-05-09 15:47:15",no,,CZ-KOMPLEKSNA_ZBIRKA_TRADICIONALNIH_SUHOMESNA-0064,no,no,no,no,0,0,0,0
2015,"ČEŠKA - Tradicionalni recepti",ceska-tradicionalni-recepti,draft,dry_recipe,https://drycured.com/?post_type=dry_recipe&p=2015,"2026-05-09 15:47:15",no,,CZ-CESKA_TRADICIONALNI_RECEPTI-0065,no,no,no,no,0,0,0,0
2016,"Lovecká Saláma (Lovačka salama)",lovecka-salama-lovacka-salama,draft,dry_recipe,https://drycured.com/?post_type=dry_recipe&p=2016,"2026-06-03 07:07:29",no,,EU-LOVECKA_SALAMA-0066,no,no,no,no,0,0,0,0
2017,"Drisheen (Tradicionalna irska krvavica od ovčje krvi)",drisheen-tradicionalna-irska-krvavica-od-ovcje-krvi,private,dry_recipe,https://drycured.com/?post_type=dry_recipe&p=2017,"2026-06-04 07:34:56",no,,MD-DRISHEEN_TRADICIONALNA_IRSKA_KRVAVICA_OD_OVCJE_KRVI,yes,no,no,no,3692,0,0,0
2018,"Irska salama (Spiced Irish Salami)",irska-salama-spiced-irish-salami,publish,dry_recipe,https://drycured.com/recepti-baza/irska-salama-spiced-irish-salami/,"2026-06-04 07:53:26",no,,MD-IRSKA_SALAMA_SPICED_IRISH_SALAMI,yes,no,no,no,4359,0,0,0
2019,"Landjäger kobasice s bavarskom salatom od krumpira",landjager-kobasice-s-bavarskom-salatom-od-krumpira,private,dry_recipe,https://drycured.com/?post_type=dry_recipe&p=2019,"2026-06-04 07:34:56",no,,MD-LANDJAGER_KOBASICE_S_BAVARSKOM_SALATOM_OD_KRUMPIRA,yes,no,no,no,4165,0,0,0
2020,"Mettwurst s toplom salatom od krumpira i zelenog graha",mettwurst-s-toplom-salatom-od-krumpira-i-zelenog-graha,private,dry_recipe,https://drycured.com/?post_type=dry_recipe&p=2020,"2026-06-04 07:34:56",no,,MD-METTWURST_S_TOPLOM_SALATOM_OD_KRUMPIRA_I_ZELENOG_GRAHA,yes,no,no,no,4100,0,0,0
2021,"Cumberland kobasica",cumberland-kobasica,publish,dry_recipe,https://drycured.com/recepti-baza/cumberland-kobasica/,"2026-06-04 07:53:26",no,,MD-CUMBERLAND_KOBASICA,yes,no,no,no,4280,0,0,0
2022,"Recepti za salame i suhomesnate proizvode iz europskih zemalja",recepti-za-salame-i-suhomesnate-proizvode-iz-europskih-zemalja,draft,dry_recipe,https://drycured.com/?post_type=dry_recipe&p=2022,"2026-05-09 15:47:13",no,,GR-RECEPTI_ZA_SALAME_I_SUHOMESNATE_PROIZVODE_-0098,no,no,no,no,0,0,0,0
2023,"?? Grčki tradicionalni recept - Loukaniko",grcki-tradicionalni-recept-loukaniko,publish,dry_recipe,https://drycured.com/recepti-baza/grcki-tradicionalni-recept-loukaniko/,"2026-06-04 07:53:27",no,,MD-GRCKI_TRADICIONALNI_RECEPT_LOUKANIKO,yes,no,no,no,3437,0,0,0
2024,"Slovački recept - Turistická Saláma",slovacki-recept-turisticka-salama,draft,dry_recipe,https://drycured.com/?post_type=dry_recipe&p=2024,"2026-05-09 15:47:13",no,,SK-SLOVACKI_RECEPT_TURISTICKA_SALAMA-0104,no,no,no,no,0,0,0,0
2025,"Recepti za salame i suhomesnate proizvode iz evropskih zemalja",recepti-za-salame-i-suhomesnate-proizvode-iz-evropskih-zemalja,draft,dry_recipe,https://drycured.com/?post_type=dry_recipe&p=2025,"2026-05-09 15:47:13",no,,IT-RECEPTI_ZA_SALAME_I_SUHOMESNATE_PROIZVODE_-0108,no,no,no,no,0,0,0,0
2026,"?? Španjolski recept za chorizo",spanjolski-recept-za-chorizo,publish,dry_recipe,https://drycured.com/recepti-baza/spanjolski-recept-za-chorizo/,"2026-06-04 07:53:27",no,,MD-SPANJOLSKI_RECEPT_ZA_CHORIZO,yes,no,no,no,3790,0,0,0
2027,"Nemački recept za Mettwurst",nemacki-recept-za-mettwurst,draft,dry_recipe,https://drycured.com/?post_type=dry_recipe&p=2027,"2026-05-09 15:47:12",no,,EU-NEMACKI_RECEPT_ZA_METTWURST-0111,no,no,no,no,0,0,0,0
2028,"Češki Špekáček (Špek Kobasica)",ceski-spekacek-spek-kobasica,publish,dry_recipe,https://drycured.com/recepti-baza/ceski-spekacek-spek-kobasica/,"2026-06-04 07:53:27",no,,MD-CESKI_SPEKACEK_SPEK_KOBASICA,yes,no,no,no,4378,0,0,0
2029,"JAMBON DE BAYONNE",jambon-de-bayonne,publish,dry_recipe,https://drycured.com/recepti-baza/jambon-de-bayonne/,"2026-06-04 07:53:27",no,,MD-JAMBON_DE_BAYONNE,yes,no,no,no,3482,0,0,0
2030,"Saucisson Sec (Suha kobasica)",saucisson-sec-suha-kobasica,draft,dry_recipe,https://drycured.com/?post_type=dry_recipe&p=2030,"2026-05-09 15:47:09",no,,FR-SAUCISSON_SEC-0127,no,no,no,no,0,0,0,0
2031,"RILLETTES DU MANS",rillettes-du-mans,draft,dry_recipe,https://drycured.com/?post_type=dry_recipe&p=2031,"2026-05-09 15:47:09",no,,FR-RILLETTES_DU_MANS-0128,no,no,no,no,0,0,0,0
2032,"Coppa (Kapula)",coppa-kapula,publish,dry_recipe,https://drycured.com/recepti-baza/coppa-kapula/,"2026-06-04 07:53:27",no,,MD-COPPA_KAPULA,yes,no,no,no,3683,0,0,0
2033,"Andouille de Guémené",andouille-de-guemene,publish,dry_recipe,https://drycured.com/recepti-baza/andouille-de-guemene/,"2026-06-04 07:53:27",no,,MD-ANDOUILLE_DE_GUEMENE,yes,no,no,no,3761,0,0,0
2034,"JÉSUS DE LYON",jesus-de-lyon,draft,dry_recipe,https://drycured.com/?post_type=dry_recipe&p=2034,"2026-05-09 15:47:09",no,,FR-JESUS_DE_LYON-0133,no,no,no,no,0,0,0,0
2035,"Tradicionalna irska krvavica (Black Pudding)",tradicionalna-irska-krvavica-black-pudding,private,dry_recipe,https://drycured.com/?post_type=dry_recipe&p=2035,"2026-06-04 07:34:56",no,,MD-TRADICIONALNA_IRSKA_KRVAVICA_BLACK_PUDDING,yes,no,no,no,3765,0,0,0
2036,"Irska bijela krvavica (White Pudding)",irska-bijela-krvavica-white-pudding,private,dry_recipe,https://drycured.com/?post_type=dry_recipe&p=2036,"2026-06-04 07:34:56",no,,MD-IRSKA_BIJELA_KRVAVICA_WHITE_PUDDING,yes,no,no,no,3806,0,0,0
2037,"Hangikjöt (Dimljeni janjeti but)",hangikjot-dimljeni-janjeti-but,publish,dry_recipe,https://drycured.com/recepti-baza/hangikjot-dimljeni-janjeti-but/,"2026-06-04 07:53:28",no,,MD-HANGIKJOT_DIMLJENI_JANJETI_BUT,yes,no,no,no,3564,0,0,0
2038,"Heilhornað Hangikjöt (Sušena janjeća rebra)",heilhornad-hangikjot-susena-janjeca-rebra,draft,dry_recipe,https://drycured.com/?post_type=dry_recipe&p=2038,"2026-05-09 15:47:08",no,,IS-HEILHORNA_HANGIKJOT-0155,no,no,no,no,0,0,0,0
2039,"Ukrajinska Domashnia Kovbasa (Domaća Kobasica)",ukrajinska-domashnia-kovbasa-domaca-kobasica,publish,dry_recipe,https://drycured.com/recepti-baza/ukrajinska-domashnia-kovbasa-domaca-kobasica/,"2026-06-04 07:53:28",no,,MD-UKRAJINSKA_DOMASHNIA_KOVBASA_DOMACA_KOBASICA,yes,no,no,no,4281,0,0,0
2040,"Mađarski Pick Salami (Pick Szalámi)",madarski-pick-salami-pick-szalami,draft,dry_recipe,https://drycured.com/?post_type=dry_recipe&p=2040,"2026-05-09 15:47:07",no,,EU-MA_ARSKI_PICK_SALAMI-0170,no,no,no,no,0,0,0,0
2041,"Mađarska Slanina (Szalonna)",madarska-slanina-szalonna,draft,dry_recipe,https://drycured.com/?post_type=dry_recipe&p=2041,"2026-05-09 15:47:07",no,,EU-MA_ARSKA_SLANINA-0172,no,no,no,no,0,0,0,0
2042,"BALMOȘ CU SLANINĂ (PALENTA SA SLANINOM)",balmos-cu-slanina-palenta-sa-slaninom,publish,dry_recipe,https://drycured.com/recepti-baza/balmos-cu-slanina-palenta-sa-slaninom/,"2026-06-04 07:53:28",no,,MD-BALMO_CU_SLANIN_PALENTA_SA_SLANINOM,yes,no,no,no,3503,0,0,0
2043,"PFÄLZER SAUMAGEN (FALAČKA SVINJSKA ŽELUDAC-KOBASICA)",pfalzer-saumagen-falacka-svinjska-zeludac-kobasica,publish,dry_recipe,https://drycured.com/recepti-baza/pfalzer-saumagen-falacka-svinjska-zeludac-kobasica/,"2026-06-04 07:53:28",no,,MD-PFALZER_SAUMAGEN_FALACKA_SVINJSKA_ZELUDAC_KOBASICA,yes,no,no,no,4741,0,0,0
2044,"NÜRNBERGER BRATWURST (NIRNBERŠKA KOBASICA ZA PEČENJE)",nurnberger-bratwurst-nirnberska-kobasica-za-pecenje,private,dry_recipe,https://drycured.com/?post_type=dry_recipe&p=2044,"2026-06-04 07:34:56",no,,MD-NURNBERGER_BRATWURST_NIRNBERSKA_KOBASICA_ZA_PECENJE,yes,no,no,no,4572,0,0,0
2045,"Salata sa Schinkenspeck kobasicama",salata-sa-schinkenspeck-kobasicama,private,dry_recipe,https://drycured.com/?post_type=dry_recipe&p=2045,"2026-06-04 07:34:56",no,,MD-SALATA_SA_SCHINKENSPECK_KOBASICAMA,yes,no,no,no,4395,0,0,0
2046,"Rinderbeiried sendvič",rinderbeiried-sendvic,private,dry_recipe,https://drycured.com/?post_type=dry_recipe&p=2046,"2026-06-04 07:34:56",no,,MD-RINDERBEIRIED_SENDVIC,yes,no,no,no,3550,0,0,0
2047,"Domaći Bratwurst",domaci-bratwurst,publish,dry_recipe,https://drycured.com/recepti-baza/domaci-bratwurst/,"2026-06-04 07:53:29",no,,MD-DOMACI_BRATWURST,yes,no,no,no,3704,0,0,0
2048,"Domaći Leberwurst (Pašteta od jetre)",domaci-leberwurst-pasteta-od-jetre,private,dry_recipe,https://drycured.com/?post_type=dry_recipe&p=2048,"2026-06-04 07:34:56",no,,MD-DOMACI_LEBERWURST_PASTETA_OD_JETRE,yes,no,no,no,3531,0,0,0
2049,"Hausmacher Mettwurst (Domaća dimljena kobasica za mazanje)",hausmacher-mettwurst-domaca-dimljena-kobasica-za-mazanje,publish,dry_recipe,https://drycured.com/recepti-baza/hausmacher-mettwurst-domaca-dimljena-kobasica-za-mazanje/,"2026-06-04 07:53:29",no,,MD-HAUSMACHER_METTWURST_DOMACA_DIMLJENA_KOBASICA_ZA_MAZANJE,yes,no,no,no,4079,0,0,0
2050,"Secallona - Tradicionalna Katalonska Sušena Slanina",secallona-tradicionalna-katalonska-susena-slanina,draft,dry_recipe,https://drycured.com/?post_type=dry_recipe&p=2050,"2026-05-09 15:47:05",no,,EU-SECALLONA_TRADICIONALNA_KATALONSKA_SUSENA_-0216,no,no,no,no,0,0,0,0
2051,"ŠKOTSKI LORNE SAUSAGE (ČETVRTASTI KOBASIČASTI ODREZAK)",skotski-lorne-sausage-cetvrtasti-kobasicasti-odrezak,publish,dry_recipe,https://drycured.com/recepti-baza/skotski-lorne-sausage-cetvrtasti-kobasicasti-odrezak/,"2026-06-04 07:53:30",no,,MD-SKOTSKI_LORNE_SAUSAGE_CETVRTASTI_KOBASICASTI_ODREZAK,yes,no,no,no,4267,0,0,0
2052,"Jamón Ibérico de Bellota - Iberijski Pršut od Žira",jamon-iberico-de-bellota-iberijski-prsut-od-zira,publish,dry_recipe,https://drycured.com/recepti-baza/jamon-iberico-de-bellota-iberijski-prsut-od-zira/,"2026-06-04 07:53:31",no,,MD-JAMON_IBERICO_DE_BELLOTA_IBERIJSKI_PRSUT_OD_ZIRA,yes,no,no,no,3757,0,0,0
2053,"Chorizo de Pamplona - Čorizo iz Pamplone",chorizo-de-pamplona-corizo-iz-pamplone,publish,dry_recipe,https://drycured.com/recepti-baza/chorizo-de-pamplona-corizo-iz-pamplone/,"2026-06-04 07:53:31",no,,MD-CHORIZO_DE_PAMPLONA_CORIZO_IZ_PAMPLONE,yes,no,no,no,4504,0,0,0
2054,"Sobrasada Mallorquina - Majorška Sobrasada",sobrasada-mallorquina-majorska-sobrasada,draft,dry_recipe,https://drycured.com/?post_type=dry_recipe&p=2054,"2026-05-09 15:47:05",no,,ES-SOBRASADA_MALLORQUINA_MAJORSKA_SOBRASADA-0233,no,no,no,no,0,0,0,0
2055,"Coppa Piacentina - Piacentinska Coppa",coppa-piacentina-piacentinska-coppa,publish,dry_recipe,https://drycured.com/recepti-baza/coppa-piacentina-piacentinska-coppa/,"2026-06-04 07:53:31",no,,MD-COPPA_PIACENTINA_PIACENTINSKA_COPPA,yes,no,no,no,3950,0,0,0
2056,"Nduja Calabrese - Kalabrijska Nduja",nduja-calabrese-kalabrijska-nduja,publish,dry_recipe,https://drycured.com/recepti-baza/nduja-calabrese-kalabrijska-nduja/,"2026-06-04 07:53:31",no,,MD-NDUJA_CALABRESE_KALABRIJSKA_NDUJA,yes,no,no,no,3775,0,0,0
2057,"Bresaola Valtellinese - Valtelinska Bresaola",bresaola-valtellinese-valtelinska-bresaola,publish,dry_recipe,https://drycured.com/recepti-baza/bresaola-valtellinese-valtelinska-bresaola/,"2026-06-04 07:53:31",no,,MD-BRESAOLA_VALTELLINESE_VALTELINSKA_BRESAOLA,yes,no,no,no,3710,0,0,0
2058,"Guanciale Romano - Rimski Guanciale",guanciale-romano-rimski-guanciale,publish,dry_recipe,https://drycured.com/recepti-baza/guanciale-romano-rimski-guanciale/,"2026-06-04 07:53:31",no,,MD-GUANCIALE_ROMANO_RIMSKI_GUANCIALE,yes,no,no,no,3831,0,0,0
2059,"SALAME MILANO - MILANSKA SALAMA",salame-milano-milanska-salama,publish,dry_recipe,https://drycured.com/recepti-baza/salame-milano-milanska-salama/,"2026-06-04 07:53:31",no,,MD-SALAME_MILANO_MILANSKA_SALAMA,yes,no,no,no,4400,0,0,0
2060,"SOPPRESSATA CALABRESE - KALABRIJSKA SOPPRESSATA",soppressata-calabrese-kalabrijska-soppressata,publish,dry_recipe,https://drycured.com/recepti-baza/soppressata-calabrese-kalabrijska-soppressata/,"2026-06-04 07:53:31",no,,MD-SOPPRESSATA_CALABRESE_KALABRIJSKA_SOPPRESSATA,yes,no,no,no,4071,0,0,0
2061,"PROSCIUTTO DI PARMA - PARMSKA ŠUNKA",prosciutto-di-parma-parmska-sunka,publish,dry_recipe,https://drycured.com/recepti-baza/prosciutto-di-parma-parmska-sunka/,"2026-06-04 07:53:31",no,,MD-PROSCIUTTO_DI_PARMA_PARMSKA_SUNKA,yes,no,no,no,3344,0,0,0
2062,"PANCETTA ARROTOLATA - ROLANA PANCETA",pancetta-arrotolata-rolana-panceta,publish,dry_recipe,https://drycured.com/recepti-baza/pancetta-arrotolata-rolana-panceta/,"2026-06-04 07:53:31",no,,MD-PANCETTA_ARROTOLATA_ROLANA_PANCETA,yes,no,no,no,3816,0,0,0
2063,"FINOCCHIONA TOSCANA - TOSKANSKA KOBASICA S KOMORAČEM",finocchiona-toscana-toskanska-kobasica-s-komoracem,publish,dry_recipe,https://drycured.com/recepti-baza/finocchiona-toscana-toskanska-kobasica-s-komoracem/,"2026-06-04 07:53:31",no,,MD-FINOCCHIONA_TOSCANA_TOSKANSKA_KOBASICA_S_KOMORACEM,yes,no,no,no,4344,0,0,0
2064,"COPPA (CAPOCOLLO) - TALIJANSKA VRATINA",coppa-capocollo-talijanska-vratina,publish,dry_recipe,https://drycured.com/recepti-baza/coppa-capocollo-talijanska-vratina/,"2026-06-04 07:53:31",no,,MD-COPPA_CAPOCOLLO_TALIJANSKA_VRATINA,yes,no,no,no,3766,0,0,0
2065,"Tiroler Speck (Tirolska slanina)",tiroler-speck-tirolska-slanina,draft,dry_recipe,https://drycured.com/?post_type=dry_recipe&p=2065,"2026-05-09 15:47:03",no,,AT-TIROLER_SPECK-0261,no,no,no,no,0,0,0,0
2066,"Kärntner Wurzelspeck (Koruška korijenska slanina)",karntner-wurzelspeck-koruska-korijenska-slanina,draft,dry_recipe,https://drycured.com/?post_type=dry_recipe&p=2066,"2026-05-09 15:47:02",no,,AT-KARNTNER_WURZELSPECK-0262,no,no,no,no,0,0,0,0
2067,"Waldviertler Hirschsalami (Salama od jelena iz Waldviertela)",waldviertler-hirschsalami-salama-od-jelena-iz-waldviertela,draft,dry_recipe,https://drycured.com/?post_type=dry_recipe&p=2067,"2026-05-09 15:47:02",no,,AT-WALDVIERTLER_HIRSCHSALAMI-0264,no,no,no,no,0,0,0,0
2068,"SAUCISSON D'ARDENNE (ARDENSKI KULEN)",saucisson-dardenne-ardenski-kulen,draft,dry_recipe,https://drycured.com/?post_type=dry_recipe&p=2068,"2026-05-09 15:47:02",no,,BE-SAUCISSON_D_ARDENNE-0270,no,no,no,no,0,0,0,0
2069,"LARD FUMÉ DE FLANDRE (FLAMANSKO DIMLJENO SALO)",lard-fume-de-flandre-flamansko-dimljeno-salo,draft,dry_recipe,https://drycured.com/?post_type=dry_recipe&p=2069,"2026-05-09 15:47:01",no,,BE-LARD_FUME_DE_FLANDRE-0272,no,no,no,no,0,0,0,0
2070,"BOUDIN BLANC DE BRUXELLES (BIJELA KRVAVICA IZ BRUXELLESA)",boudin-blanc-de-bruxelles-bijela-krvavica-iz-bruxellesa,draft,dry_recipe,https://drycured.com/?post_type=dry_recipe&p=2070,"2026-05-09 15:47:01",no,,BE-BOUDIN_BLANC_DE_BRUXELLES-0275,no,no,no,no,0,0,0,0
2071,"Butifarra Blanca - Tradicionalna Bijela Katalonska Kobasica",butifarra-blanca-tradicionalna-bijela-katalonska-kobasica,draft,dry_recipe,https://drycured.com/?post_type=dry_recipe&p=2071,"2026-05-09 15:47:01",no,,EU-BUTIFARRA_BLANCA_TRADICIONALNA_BIJELA_KATA-0292,no,no,no,no,0,0,0,0
2072,"Njeguški pršut",njeguski-prsut,publish,dry_recipe,https://drycured.com/recepti-baza/njeguski-prsut/,"2026-06-04 07:53:26",no,,MD-NJEGUSKI_PRSUT,yes,no,no,no,3257,0,0,0
2073,"Kistanje Začinjena Panceta (Specifični sušeni vrat)",kistanje-zacinjena-panceta-specificni-suseni-vrat,private,dry_recipe,https://drycured.com/?post_type=dry_recipe&p=2073,"2026-06-04 07:34:56",no,,MD-KISTANJE_ZACINJENA_PANCETA_SPECIFICNI_SUSENI_VRAT,yes,no,no,no,3542,0,0,0
2074,"Petrovo Polje Začinska Slanina (Specifični začinjeni komad)",petrovo-polje-zacinska-slanina-specificni-zacinjeni-komad,private,dry_recipe,https://drycured.com/?post_type=dry_recipe&p=2074,"2026-06-04 07:34:56",no,,MD-PETROVO_POLJE_ZACINSKA_SLANINA_SPECIFICNI_ZACINJENI_KOMAD,yes,no,no,no,3548,0,0,0
2075,"Vrgorački kulen iz zaboravljenih recepata",vrgoracki-kulen-iz-zaboravljenih-recepata,publish,dry_recipe,https://drycured.com/recepti-baza/vrgoracki-kulen-iz-zaboravljenih-recepata/,"2026-06-04 07:53:26",no,,MD-VRGORACKI_KULEN_IZ_ZABORAVLJENIH_RECEPATA,yes,no,no,no,3995,0,0,0
2076,"Senjska Morska Panceta ""Bura Intenzitet""",senjska-morska-panceta-bura-intenzitet,publish,dry_recipe,https://drycured.com/recepti-baza/senjska-morska-panceta-bura-intenzitet/,"2026-06-04 07:53:26",no,,MD-SENJSKA_MORSKA_PANCETA_BURA_INTENZITET,yes,no,no,no,3370,0,0,0
2077,"SAUCISSON SEC D'AUVERGNE",saucisson-sec-dauvergne,draft,dry_recipe,https://drycured.com/?post_type=dry_recipe&p=2077,"2026-05-09 15:47:00",no,,FR-SAUCISSON_SEC_D_AUVERGNE-0338,no,no,no,no,0,0,0,0
2078,"ANDOUILLE DE VIRE",andouille-de-vire,publish,dry_recipe,https://drycured.com/recepti-baza/andouille-de-vire/,"2026-06-04 07:53:27",no,,MD-ANDOUILLE_DE_VIRE,yes,no,no,no,4161,0,0,0
2079,"COPPA CORSE",coppa-corse,publish,dry_recipe,https://drycured.com/recepti-baza/coppa-corse/,"2026-06-04 07:53:27",no,,MD-COPPA_CORSE,yes,no,no,no,3900,0,0,0
2080,"SAUCISSE DE MORTEAU",saucisse-de-morteau,publish,dry_recipe,https://drycured.com/recepti-baza/saucisse-de-morteau/,"2026-06-04 07:53:27",no,,MD-SAUCISSE_DE_MORTEAU,yes,no,no,no,4163,0,0,0
2081,"PÂTÉ DE CAMPAGNE BRETON",pate-de-campagne-breton,private,dry_recipe,https://drycured.com/?post_type=dry_recipe&p=2081,"2026-06-04 07:34:56",no,,MD-PATE_DE_CAMPAGNE_BRETON,yes,no,no,no,4050,0,0,0
2082,"Loukaniko (Λουκάνικο)",loukaniko-%ce%bb%ce%bf%cf%85%ce%ba%ce%ac%ce%bd%ce%b9%ce%ba%ce%bf,draft,dry_recipe,https://drycured.com/?post_type=dry_recipe&p=2082,"2026-05-09 15:46:59",no,,GR-LOUKANIKO-0346,no,no,no,no,0,0,0,0
2083,"Gračac Začinjena Panceta (Specifični sušeni vrat)",gracac-zacinjena-panceta-specificni-suseni-vrat,private,dry_recipe,https://drycured.com/?post_type=dry_recipe&p=2083,"2026-06-04 07:34:56",no,,MD-GRACAC_ZACINJENA_PANCETA_SPECIFICNI_SUSENI_VRAT,yes,no,no,no,3508,0,0,0
2084,"Plitvice Začinska Slanina (Specifični začinjeni komad)",plitvice-zacinska-slanina-specificni-zacinjeni-komad,private,dry_recipe,https://drycured.com/?post_type=dry_recipe&p=2084,"2026-06-04 07:34:56",no,,MD-PLITVICE_ZACINSKA_SLANINA_SPECIFICNI_ZACINJENI_KOMAD,yes,no,no,no,3511,0,0,0
2085,"Maltežanska panceta (Pancetta Maltija)",maltezanska-panceta-pancetta-maltija,draft,dry_recipe,https://drycured.com/?post_type=dry_recipe&p=2085,"2026-05-09 15:46:59",no,,MT-MALTEZANSKA_PANCETA-0374,no,no,no,no,0,0,0,0
2086,"Prekomurska Slaninska Rolada ""Trnčova""",prekomurska-slaninska-rolada-trncova,publish,dry_recipe,https://drycured.com/recepti-baza/prekomurska-slaninska-rolada-trncova/,"2026-06-04 07:53:28",no,,MD-PREKOMURSKA_SLANINSKA_ROLADA_TRNCOVA,yes,no,no,no,3340,0,0,0
2087,"Podravska Krvavica",podravska-krvavica,private,dry_recipe,https://drycured.com/?post_type=dry_recipe&p=2087,"2026-06-04 07:34:55",no,,MD-PODRAVSKA_KRVAVICA,yes,no,no,no,3444,0,0,0
2088,"Koprivnička Kulen",koprivnicka-kulen,publish,dry_recipe,https://drycured.com/recepti-baza/koprivnicka-kulen/,"2026-06-04 07:53:29",no,,MD-KOPRIVNICKA_KULEN,yes,no,no,no,3955,0,0,0
2089,"KABANOSY (TANKE SUHE KOBASICE)",kabanosy-tanke-suhe-kobasice,publish,dry_recipe,https://drycured.com/recepti-baza/kabanosy-tanke-suhe-kobasice/,"2026-06-04 07:53:29",no,,MD-KABANOSY_TANKE_SUHE_KOBASICE,yes,no,no,no,4151,0,0,0
2090,"KASZANKA (POLJSKA KRVAVICA)",kaszanka-poljska-krvavica,private,dry_recipe,https://drycured.com/?post_type=dry_recipe&p=2090,"2026-06-04 07:34:55",no,,MD-KASZANKA_POLJSKA_KRVAVICA,yes,no,no,no,3791,0,0,0
2091,"Morcela de Assar (Krvavica za Pečenje)",morcela-de-assar-krvavica-za-pecenje,private,dry_recipe,https://drycured.com/?post_type=dry_recipe&p=2091,"2026-06-04 07:34:55",no,,MD-MORCELA_DE_ASSAR_KRVAVICA_ZA_PECENJE,yes,no,no,no,3635,0,0,0
2092,"Crikvenička Panceta",crikvenicka-panceta,publish,dry_recipe,https://drycured.com/recepti-baza/crikvenicka-panceta/,"2026-06-04 07:53:29",no,,MD-CRIKVENICKA_PANCETA,yes,no,no,no,3249,0,0,0
2093,"Stara Koprivnička Salama ""Šokačka Priča""",stara-koprivnicka-salama-sokacka-prica,publish,dry_recipe,https://drycured.com/recepti-baza/stara-koprivnicka-salama-sokacka-prica/,"2026-06-04 07:53:29",no,,MD-STARA_KOPRIVNICKA_SALAMA_SOKACKA_PRICA,yes,no,no,no,4115,0,0,0
2094,"Pitomački ""Divlji Kulen""",pitomacki-divlji-kulen,publish,dry_recipe,https://drycured.com/recepti-baza/pitomacki-divlji-kulen/,"2026-06-04 07:53:29",no,,MD-PITOMACKI_DIVLJI_KULEN,yes,no,no,no,3995,0,0,0
2095,"Posebne tehnike i napomene",posebne-tehnike-i-napomene,draft,dry_recipe,https://drycured.com/?post_type=dry_recipe&p=2095,"2026-05-09 15:46:54",no,,RO-POSEBNE_TEHNIKE_I_NAPOMENE-0448,no,no,no,no,0,0,0,0
2096,"SLĂNINĂ AFUMATĂ (Dimljena slanina)",slanina-afumata-dimljena-slanina,publish,dry_recipe,https://drycured.com/recepti-baza/slanina-afumata-dimljena-slanina/,"2026-06-04 07:53:30",no,,MD-SL_NIN_AFUMAT_DIMLJENA_SLANINA,yes,no,no,no,3643,0,0,0
2097,"CHIȘCĂ (Puhana želuca s krvlju)",chisca-puhana-zeluca-s-krvlju,publish,dry_recipe,https://drycured.com/recepti-baza/chisca-puhana-zeluca-s-krvlju/,"2026-06-04 07:53:30",no,,MD-CHI_C_PUHANA_ZELUCA_S_KRVLJU,yes,no,no,no,3895,0,0,0
2098,"Novih Ruskih Recepata za Suhomesnate Proizvode",novih-ruskih-recepata-za-suhomesnate-proizvode,draft,dry_recipe,https://drycured.com/?post_type=dry_recipe&p=2098,"2026-05-09 15:46:53",no,,EU-NOVIH_RUSKIH_RECEPATA_ZA_SUHOMESNATE_PROIZ-0456,no,no,no,no,0,0,0,0
2099,"Salo (Сало - Slana svinjeća slanina)",salo-%d1%81%d0%b0%d0%bb%d0%be-slana-svinjeca-slanina,draft,dry_recipe,https://drycured.com/?post_type=dry_recipe&p=2099,"2026-05-09 15:46:53",no,,EU-SALO-0457,no,no,no,no,0,0,0,0
2100,"Miholjačka Začinska Salama",miholjacka-zacinska-salama,publish,dry_recipe,https://drycured.com/recepti-baza/miholjacka-zacinska-salama/,"2026-06-04 07:53:30",no,,MD-MIHOLJACKA_ZACINSKA_SALAMA,yes,no,no,no,3963,0,0,0
2101,"Vinkovački Slavonski Kulen - Stara obiteljska receptura",vinkovacki-slavonski-kulen-stara-obiteljska-receptura,publish,dry_recipe,https://drycured.com/recepti-baza/vinkovacki-slavonski-kulen-stara-obiteljska-receptura/,"2026-06-04 07:53:30",no,,MD-VINKOVACKI_SLAVONSKI_KULEN_STARA_OBITELJSKA_RECEPTURA,yes,no,no,no,4105,0,0,0
2102,"Slovačka slanina (Slovenská slanina)",slovacka-slanina-slovenska-slanina,publish,dry_recipe,https://drycured.com/recepti-baza/slovacka-slanina-slovenska-slanina/,"2026-06-04 07:53:30",no,,MD-SLOVACKA_SLANINA_SLOVENSKA_SLANINA,yes,no,no,no,3485,0,0,0
2103,"Kranjska klobasa (Kranjska kobasica)",kranjska-klobasa-kranjska-kobasica,publish,dry_recipe,https://drycured.com/recepti-baza/kranjska-klobasa-kranjska-kobasica/,"2026-06-04 07:53:31",no,,MD-KRANJSKA_KLOBASA_KRANJSKA_KOBASICA,yes,no,no,no,4072,0,0,0
2104,"Kraški pršut",kraski-prsut,publish,dry_recipe,https://drycured.com/recepti-baza/kraski-prsut/,"2026-06-04 07:53:31",no,,MD-KRASKI_PRSUT,yes,no,no,no,3270,0,0,0
2105,"Belokranjska jagenjčara",belokranjska-jagenjcara,draft,dry_recipe,https://drycured.com/?post_type=dry_recipe&p=2105,"2026-05-09 15:46:52",no,,SI-BELOKRANJSKA_JAGENJCARA-0500,no,no,no,no,0,0,0,0
2106,"Gorenjska zaseka",gorenjska-zaseka,publish,dry_recipe,https://drycured.com/recepti-baza/gorenjska-zaseka/,"2026-06-04 07:53:30",no,,MD-GORENJSKA_ZASEKA,yes,no,no,no,3534,0,0,0
2107,"Vipavska panceta",vipavska-panceta,publish,dry_recipe,https://drycured.com/recepti-baza/vipavska-panceta/,"2026-06-04 07:53:30",no,,MD-VIPAVSKA_PANCETA,yes,no,no,no,3704,0,0,0
2108,"Tolminska salama",tolminska-salama,publish,dry_recipe,https://drycured.com/recepti-baza/tolminska-salama/,"2026-06-04 07:53:31",no,,MD-TOLMINSKA_SALAMA,yes,no,no,no,4277,0,0,0
2109,"Recepata za Suhomesnate Proizvode iz Crne Gore - Dokument #1",recepata-za-suhomesnate-proizvode-iz-crne-gore-dokument-1,draft,dry_recipe,https://drycured.com/?post_type=dry_recipe&p=2109,"2026-05-09 15:46:50",no,,ME-RECEPATA_ZA_SUHOMESNATE_PROIZVODE_IZ_CRNE_-0507,no,no,no,no,0,0,0,0
2110,"Crnogorska Slanina (Durmitorska panćeta)",crnogorska-slanina-durmitorska-panceta,publish,dry_recipe,https://drycured.com/recepti-baza/crnogorska-slanina-durmitorska-panceta/,"2026-06-04 07:53:31",no,,MD-CRNOGORSKA_SLANINA_DURMITORSKA_PANCETA,yes,no,no,no,3320,0,0,0
2111,"LANDJÄGER (TRADICIONALNE DIMLJENE KOBASICE)",landjager-tradicionalne-dimljene-kobasice,publish,dry_recipe,https://drycured.com/recepti-baza/landjager-tradicionalne-dimljene-kobasice/,"2026-06-04 07:53:31",no,,MD-LANDJAGER_TRADICIONALNE_DIMLJENE_KOBASICE,yes,no,no,no,4138,0,0,0
2112,"NOVIH ŠVICARSKIH RECEPATA ZA SUHOMESNATE PROIZVODE",novih-svicarskih-recepata-za-suhomesnate-proizvode,draft,dry_recipe,https://drycured.com/?post_type=dry_recipe&p=2112,"2026-05-09 15:46:50",no,,CH-NOVIH_SVICARSKIH_RECEPATA_ZA_SUHOMESNATE_P-0524,no,no,no,no,0,0,0,0
2113,"VACHERIN FRIBOURGEOIS METTWURST (DIMLJENA KOBASICA S ALPSKIM SIROM)",vacherin-fribourgeois-mettwurst-dimljena-kobasica-s-alpskim-sirom,publish,dry_recipe,https://drycured.com/recepti-baza/vacherin-fribourgeois-mettwurst-dimljena-kobasica-s-alpskim-sirom/,"2026-06-04 07:53:31",no,,MD-VACHERIN_FRIBOURGEOIS_METTWURST_DIMLJENA_KOBASICA_S_ALPSKIM_SIROM,yes,no,no,no,4251,0,0,0
2114,"ST. GALLER OLMA-BRATWURST (TELEĆA KOBASICA ZA PEČENJE)",st-galler-olma-bratwurst-teleca-kobasica-za-pecenje,private,dry_recipe,https://drycured.com/?post_type=dry_recipe&p=2114,"2026-06-04 07:34:55",no,,MD-ST_GALLER_OLMA_BRATWURST_TELECA_KOBASICA_ZA_PECENJE,yes,no,no,no,4279,0,0,0
2115,"BRESAOLA DELLA VALTELLINA",bresaola-della-valtellina,publish,dry_recipe,https://drycured.com/recepti-baza/bresaola-della-valtellina/,"2026-06-04 07:53:31",no,,MD-BRESAOLA_DELLA_VALTELLINA,yes,no,no,no,3511,0,0,0
2116,"COPPA PIACENTINA",coppa-piacentina,publish,dry_recipe,https://drycured.com/recepti-baza/coppa-piacentina/,"2026-06-04 07:53:32",no,,MD-COPPA_PIACENTINA,yes,no,no,no,3777,0,0,0
2117,"Finocchiona Toscana IGP — edukativni profil",finocchiona-toscana-igp-edukativni-profil,draft,dry_recipe,https://drycured.com/?post_type=dry_recipe&p=2117,"2026-05-30 08:21:22",no,,IT-TOS-FINOCCHIONA-IGP-001,no,no,no,no,0,0,0,0
2118,"Mortadella Bologna IGP — edukativni profil",mortadella-bologna-igp-edukativni-profil,draft,dry_recipe,https://drycured.com/?post_type=dry_recipe&p=2118,"2026-05-30 08:21:22",no,,IT-ER-MORTADELLA-BOLOGNA-IGP-001,no,no,no,no,0,0,0,0
2119,"Prosciutto di San Daniele DOP — edukativni profil",prosciutto-di-san-daniele-dop-edukativni-profil,draft,dry_recipe,https://drycured.com/?post_type=dry_recipe&p=2119,"2026-05-30 08:21:22",no,,IT-FVG-PROSCIUTTO-SAN-DANIELE-DOP-001,no,no,no,no,0,0,0,0
2120,"Lardo di Colonnata IGP — edukativni profil",lardo-di-colonnata-igp-edukativni-profil,draft,dry_recipe,https://drycured.com/?post_type=dry_recipe&p=2120,"2026-05-30 08:21:22",no,,IT-TOS-LARDO-COLONNATA-IGP-001,no,no,no,no,0,0,0,0
2121,"Chorizo Riojano IGP — edukativni profil",chorizo-riojano-igp-edukativni-profil,draft,dry_recipe,https://drycured.com/?post_type=dry_recipe&p=2121,"2026-05-30 08:21:23",no,,ES-RIO-CHORIZO-RIOJANO-IGP-001,no,no,no,no,0,0,0,0
2122,"Traditional Cumberland Sausage PGI — edukativni profil",traditional-cumberland-sausage-pgi-edukativni-profil,draft,dry_recipe,https://drycured.com/?post_type=dry_recipe&p=2122,"2026-05-30 08:21:23",no,,UK-ENG-CUMBERLAND-SAUSAGE-PGI-001,no,no,no,no,0,0,0,0
2123,"Kabanosy staropolskie TSG — edukativni profil",kabanosy-staropolskie-tsg-edukativni-profil,draft,dry_recipe,https://drycured.com/?post_type=dry_recipe&p=2123,"2026-05-30 08:21:23",no,,PL-KABANOSY-TSG-001,no,no,no,no,0,0,0,0
2124,"Kraški pršut PGI — edukativni profil",kraski-prsut-pgi-edukativni-profil,draft,dry_recipe,https://drycured.com/?post_type=dry_recipe&p=2124,"2026-05-30 08:21:23",no,,SI-KRAS-PRUT-PGI-001,no,no,no,no,0,0,0,0
2186,"Slavonski kulen / Slavonski kulin — ZOZP",hr-slv-kul-zozp-001,draft,dry_recipe,https://drycured.com/?post_type=dry_recipe&p=2186,"2026-05-30 08:21:23",no,,HR-SLV-KUL-ZOZP-001,no,no,no,no,0,0,0,0
2187,"Slavonska kobasica — ZOZP",hr-slv-kob-zozp-001,draft,dry_recipe,https://drycured.com/?post_type=dry_recipe&p=2187,"2026-05-30 08:21:23",no,,HR-SLV-KOB-ZOZP-001,no,no,no,no,0,0,0,0
2188,"Slavonska cajna kobasica — tradicijska",hr-slv-caj-trad-001,draft,dry_recipe,https://drycured.com/?post_type=dry_recipe&p=2188,"2026-05-30 08:21:23",no,,HR-SLV-CAJ-TRAD-001,no,no,no,no,0,0,0,0
2189,"Slavonska sušena slanina / Slavonski špek",hr-slv-sla-trad-001,draft,dry_recipe,https://drycured.com/?post_type=dry_recipe&p=2189,"2026-05-30 08:21:23",no,,HR-SLV-SLA-TRAD-001,no,no,no,no,0,0,0,0
2224,"Domaći pršut",hr-cjp-prs-001,draft,dry_recipe,https://drycured.com/?post_type=dry_recipe&p=2224,"2026-05-30 08:21:23",no,,HR-CJP-PRS-001,no,no,no,no,0,0,0,0
2225,"Suha šunka",hr-cjp-sun-001,draft,dry_recipe,https://drycured.com/?post_type=dry_recipe&p=2225,"2026-05-30 08:21:23",no,,HR-CJP-SUN-001,no,no,no,no,0,0,0,0
2226,"Suha lopatica / plećka",hr-cjp-ple-001,draft,dry_recipe,https://drycured.com/?post_type=dry_recipe&p=2226,"2026-05-30 08:21:23",no,,HR-CJP-PLE-001,no,no,no,no,0,0,0,0
2227,"Svinjska rolanka",hr-cjp-rol-001,draft,dry_recipe,https://drycured.com/?post_type=dry_recipe&p=2227,"2026-05-30 08:21:23",no,,HR-CJP-ROL-001,no,no,no,no,0,0,0,0
2228,"Domaća slanina / panceta",hr-cjp-pan-001,draft,dry_recipe,https://drycured.com/?post_type=dry_recipe&p=2228,"2026-05-30 08:21:23",no,,HR-CJP-PAN-001,no,no,no,no,0,0,0,0
2229,"Suha vratina",hr-cjp-vra-001,draft,dry_recipe,https://drycured.com/?post_type=dry_recipe&p=2229,"2026-05-30 08:21:23",no,,HR-CJP-VRA-001,no,no,no,no,0,0,0,0
2230,"Suhi kare / pečenica",hr-cjp-kar-001,draft,dry_recipe,https://drycured.com/?post_type=dry_recipe&p=2230,"2026-05-30 08:21:24",no,,HR-CJP-KAR-001,no,no,no,no,0,0,0,0
2231,"Suha rebra",hr-cjp-reb-001,draft,dry_recipe,https://drycured.com/?post_type=dry_recipe&p=2231,"2026-05-30 08:21:24",no,,HR-CJP-REB-001,no,no,no,no,0,0,0,0
2232,"Suhe koljenice",hr-cjp-kol-001,draft,dry_recipe,https://drycured.com/?post_type=dry_recipe&p=2232,"2026-05-30 08:21:24",no,,HR-CJP-KOL-001,no,no,no,no,0,0,0,0
2233,"Suhe nogice i rep",hr-cjp-nor-001,draft,dry_recipe,https://drycured.com/?post_type=dry_recipe&p=2233,"2026-05-30 08:21:24",no,,HR-CJP-NOR-001,no,no,no,no,0,0,0,0
2235,"Domaće Svinjske Kobasice",hr-rec-001,draft,dry_recipe,https://drycured.com/?post_type=dry_recipe&p=2235,"2026-05-30 08:21:24",no,,HR-REC-001,no,no,no,no,0,0,0,0
2236,"Domaće Slaninske Kobasice",hr-rec-002,draft,dry_recipe,https://drycured.com/?post_type=dry_recipe&p=2236,"2026-05-30 08:21:24",no,,HR-REC-002,no,no,no,no,0,0,0,0
2237,"Slavonske Kobasice",hr-rec-003,draft,dry_recipe,https://drycured.com/?post_type=dry_recipe&p=2237,"2026-05-30 08:21:24",no,,HR-REC-003,no,no,no,no,0,0,0,0
2238,"Velikogoričke Kobasice",hr-rec-004,draft,dry_recipe,https://drycured.com/?post_type=dry_recipe&p=2238,"2026-05-30 08:21:24",no,,HR-REC-004,no,no,no,no,0,0,0,0
2239,"Kranjske Kobasice",hr-rec-005,draft,dry_recipe,https://drycured.com/?post_type=dry_recipe&p=2239,"2026-05-30 08:21:24",no,,HR-REC-005,no,no,no,no,0,0,0,0
2240,"Ratarske Kobasice",hr-rec-006,draft,dry_recipe,https://drycured.com/?post_type=dry_recipe&p=2240,"2026-05-30 08:21:24",no,,HR-REC-006,no,no,no,no,0,0,0,0
2241,"Turopoljske Kobasice",hr-rec-007,draft,dry_recipe,https://drycured.com/?post_type=dry_recipe&p=2241,"2026-05-30 08:21:24",no,,HR-REC-007,no,no,no,no,0,0,0,0
2242,"Prokupljanske Kobasice",hr-rec-008,draft,dry_recipe,https://drycured.com/?post_type=dry_recipe&p=2242,"2026-05-30 08:21:24",no,,HR-REC-008,no,no,no,no,0,0,0,0
2243,"Vinogradarske Kobasice",hr-rec-009,draft,dry_recipe,https://drycured.com/?post_type=dry_recipe&p=2243,"2026-05-30 08:21:24",no,,HR-REC-009,no,no,no,no,0,0,0,0
2244,"Šestinske Kobasice",hr-rec-010,draft,dry_recipe,https://drycured.com/?post_type=dry_recipe&p=2244,"2026-05-30 08:21:24",no,,HR-REC-010,no,no,no,no,0,0,0,0
2245,"Gračanske Kobasice",hr-rec-011,draft,dry_recipe,https://drycured.com/?post_type=dry_recipe&p=2245,"2026-05-30 08:21:24",no,,HR-REC-011,no,no,no,no,0,0,0,0
2246,"Horgoške Kobasice",hr-rec-012,draft,dry_recipe,https://drycured.com/?post_type=dry_recipe&p=2246,"2026-05-30 08:21:24",no,,HR-REC-012,no,no,no,no,0,0,0,0
2247,"Uskrsne Kobasice",hr-rec-013,draft,dry_recipe,https://drycured.com/?post_type=dry_recipe&p=2247,"2026-05-30 08:21:24",no,,HR-REC-013,no,no,no,no,0,0,0,0
2248,"Kukuruzne Kobasice",hr-rec-014,draft,dry_recipe,https://drycured.com/?post_type=dry_recipe&p=2248,"2026-05-30 08:21:25",no,,HR-REC-014,no,no,no,no,0,0,0,0
2249,"Primorske Kobasice",hr-rec-015,draft,dry_recipe,https://drycured.com/?post_type=dry_recipe&p=2249,"2026-05-30 08:21:25",no,,HR-REC-015,no,no,no,no,0,0,0,0
2250,"Sinjske Kobasice",hr-rec-016,draft,dry_recipe,https://drycured.com/?post_type=dry_recipe&p=2250,"2026-05-30 08:21:25",no,,HR-REC-016,no,no,no,no,0,0,0,0
2251,"Podravske Kobasice",hr-rec-017,draft,dry_recipe,https://drycured.com/?post_type=dry_recipe&p=2251,"2026-05-30 08:21:25",no,,HR-REC-017,no,no,no,no,0,0,0,0
2252,"Proljetne Kobasice",hr-rec-018,draft,dry_recipe,https://drycured.com/?post_type=dry_recipe&p=2252,"2026-05-30 08:21:25",no,,HR-REC-018,no,no,no,no,0,0,0,0
2253,"Ljetne Kobasice",hr-rec-019,draft,dry_recipe,https://drycured.com/?post_type=dry_recipe&p=2253,"2026-05-30 08:21:25",no,,HR-REC-019,no,no,no,no,0,0,0,0
2254,"Đakovačke Kobasice",hr-rec-020,draft,dry_recipe,https://drycured.com/?post_type=dry_recipe&p=2254,"2026-05-30 08:21:25",no,,HR-REC-020,no,no,no,no,0,0,0,0
2255,"Ličke Kobasice",hr-rec-021,draft,dry_recipe,https://drycured.com/?post_type=dry_recipe&p=2255,"2026-05-30 08:21:25",no,,HR-REC-021,no,no,no,no,0,0,0,0
2256,"Istarske Kobasice",hr-rec-022,draft,dry_recipe,https://drycured.com/?post_type=dry_recipe&p=2256,"2026-05-30 08:21:25",no,,HR-REC-022,no,no,no,no,0,0,0,0
2257,"Pokupske Kobasice",hr-rec-023,draft,dry_recipe,https://drycured.com/?post_type=dry_recipe&p=2257,"2026-05-30 08:21:25",no,,HR-REC-023,no,no,no,no,0,0,0,0
2258,"Ljute Kobasice",hr-rec-024,draft,dry_recipe,https://drycured.com/?post_type=dry_recipe&p=2258,"2026-05-30 08:21:25",no,,HR-REC-024,no,no,no,no,0,0,0,0
2259,"Salaške Kobasice",hr-rec-025,draft,dry_recipe,https://drycured.com/?post_type=dry_recipe&p=2259,"2026-05-30 08:21:25",no,,HR-REC-025,no,no,no,no,0,0,0,0
2260,"Srijemske Kobasice",hr-rec-026,draft,dry_recipe,https://drycured.com/?post_type=dry_recipe&p=2260,"2026-05-30 08:21:25",no,,HR-REC-026,no,no,no,no,0,0,0,0
2261,"Slatinske Kobasice",hr-rec-027,draft,dry_recipe,https://drycured.com/?post_type=dry_recipe&p=2261,"2026-05-30 08:21:25",no,,HR-REC-027,no,no,no,no,0,0,0,0
2262,"Kolinjske Kobasice",hr-rec-028,draft,dry_recipe,https://drycured.com/?post_type=dry_recipe&p=2262,"2026-05-30 08:21:25",no,,HR-REC-028,no,no,no,no,0,0,0,0
2263,"Velebitske Kobasice",hr-rec-029,draft,dry_recipe,https://drycured.com/?post_type=dry_recipe&p=2263,"2026-05-30 08:21:25",no,,HR-REC-029,no,no,no,no,0,0,0,0
2264,"Pučke Kobasice",hr-rec-030,draft,dry_recipe,https://drycured.com/?post_type=dry_recipe&p=2264,"2026-05-30 08:21:25",no,,HR-REC-030,no,no,no,no,0,0,0,0
2265,"Domaće Kratke Kobasice",hr-rec-031,draft,dry_recipe,https://drycured.com/?post_type=dry_recipe&p=2265,"2026-05-30 08:21:25",no,,HR-REC-031,no,no,no,no,0,0,0,0
2266,"Zagorske Kobasice",hr-rec-032,draft,dry_recipe,https://drycured.com/?post_type=dry_recipe&p=2266,"2026-05-30 08:21:26",no,,HR-REC-032,no,no,no,no,0,0,0,0
2267,"Roštilj Kobasice",hr-rec-033,draft,dry_recipe,https://drycured.com/?post_type=dry_recipe&p=2267,"2026-05-30 08:21:26",no,,HR-REC-033,no,no,no,no,0,0,0,0
2268,"Seljačke Kobasice",hr-rec-034,draft,dry_recipe,https://drycured.com/?post_type=dry_recipe&p=2268,"2026-05-30 08:21:26",no,,HR-REC-034,no,no,no,no,0,0,0,0
2269,"Starogradske Kobasice",hr-rec-035,draft,dry_recipe,https://drycured.com/?post_type=dry_recipe&p=2269,"2026-05-30 08:21:26",no,,HR-REC-035,no,no,no,no,0,0,0,0
2270,"Začinske Kobasice",hr-rec-036,draft,dry_recipe,https://drycured.com/?post_type=dry_recipe&p=2270,"2026-05-30 08:21:26",no,,HR-REC-036,no,no,no,no,0,0,0,0
2271,"Pivske Kobasice",hr-rec-037,draft,dry_recipe,https://drycured.com/?post_type=dry_recipe&p=2271,"2026-05-30 08:21:26",no,,HR-REC-037,no,no,no,no,0,0,0,0
2272,"Gurmanske Kobasice",hr-rec-038,draft,dry_recipe,https://drycured.com/?post_type=dry_recipe&p=2272,"2026-05-30 08:21:26",no,,HR-REC-038,no,no,no,no,0,0,0,0
2273,"Domaći Kulin",hr-rec-039,draft,dry_recipe,https://drycured.com/?post_type=dry_recipe&p=2273,"2026-05-30 08:21:26",no,,HR-REC-039,no,no,no,no,0,0,0,0
2274,"Kulinova Seka",hr-rec-040,draft,dry_recipe,https://drycured.com/?post_type=dry_recipe&p=2274,"2026-05-30 08:21:26",no,,HR-REC-040,no,no,no,no,0,0,0,0
2275,"Sinjski Sudžuk",hr-rec-041,draft,dry_recipe,https://drycured.com/?post_type=dry_recipe&p=2275,"2026-05-30 08:21:26",no,,HR-REC-041,no,no,no,no,0,0,0,0
2276,"Domaća Salama",hr-rec-042,draft,dry_recipe,https://drycured.com/?post_type=dry_recipe&p=2276,"2026-05-30 08:21:26",no,,HR-REC-042,no,no,no,no,0,0,0,0
2277,"Baranjska Salama",hr-rec-043,draft,dry_recipe,https://drycured.com/?post_type=dry_recipe&p=2277,"2026-05-30 08:21:26",no,,HR-REC-043,no,no,no,no,0,0,0,0
2278,"Samoborske Češnjovke",hr-rec-044,draft,dry_recipe,https://drycured.com/?post_type=dry_recipe&p=2278,"2026-05-30 08:21:26",no,,HR-REC-044,no,no,no,no,0,0,0,0
2279,"Domaće Pečenice",hr-rec-045,draft,dry_recipe,https://drycured.com/?post_type=dry_recipe&p=2279,"2026-05-30 08:21:26",no,,HR-REC-045,no,no,no,no,0,0,0,0
2280,"Goriške Pečenice",hr-rec-046,draft,dry_recipe,https://drycured.com/?post_type=dry_recipe&p=2280,"2026-05-30 08:21:26",no,,HR-REC-046,no,no,no,no,0,0,0,0
2281,"Obiteljske Pečenice",hr-rec-047,draft,dry_recipe,https://drycured.com/?post_type=dry_recipe&p=2281,"2026-05-30 08:21:26",no,,HR-REC-047,no,no,no,no,0,0,0,0
2282,"Seoske Pečenice",hr-rec-048,draft,dry_recipe,https://drycured.com/?post_type=dry_recipe&p=2282,"2026-05-30 08:21:26",no,,HR-REC-048,no,no,no,no,0,0,0,0
2283,"Krepke Pečenice",hr-rec-049,draft,dry_recipe,https://drycured.com/?post_type=dry_recipe&p=2283,"2026-05-30 08:21:26",no,,HR-REC-049,no,no,no,no,0,0,0,0
2284,"Dijetne Pečenice",hr-rec-050,draft,dry_recipe,https://drycured.com/?post_type=dry_recipe&p=2284,"2026-05-30 08:21:27",no,,HR-REC-050,no,no,no,no,0,0,0,0
2285,"Alpske Pečenice",hr-rec-051,draft,dry_recipe,https://drycured.com/?post_type=dry_recipe&p=2285,"2026-05-30 08:21:27",no,,HR-REC-051,no,no,no,no,0,0,0,0
2286,"Domaće Krvavice",hr-rec-052,draft,dry_recipe,https://drycured.com/?post_type=dry_recipe&p=2286,"2026-05-30 08:21:27",no,,HR-REC-052,no,no,no,no,0,0,0,0
2287,"Zagorske Krvavice",hr-rec-053,draft,dry_recipe,https://drycured.com/?post_type=dry_recipe&p=2287,"2026-05-30 08:21:27",no,,HR-REC-053,no,no,no,no,0,0,0,0
2288,"Zagrebačke Krvavice",hr-rec-054,draft,dry_recipe,https://drycured.com/?post_type=dry_recipe&p=2288,"2026-05-30 08:21:27",no,,HR-REC-054,no,no,no,no,0,0,0,0
2289,"Domaće Bijele Krvavice",hr-rec-055,draft,dry_recipe,https://drycured.com/?post_type=dry_recipe&p=2289,"2026-05-30 08:21:27",no,,HR-REC-055,no,no,no,no,0,0,0,0
2290,"Pikantne Krvavice",hr-rec-056,draft,dry_recipe,https://drycured.com/?post_type=dry_recipe&p=2290,"2026-05-30 08:21:27",no,,HR-REC-056,no,no,no,no,0,0,0,0
2291,"Dijetne Krvavice",hr-rec-057,draft,dry_recipe,https://drycured.com/?post_type=dry_recipe&p=2291,"2026-05-30 08:21:27",no,,HR-REC-057,no,no,no,no,0,0,0,0
2292,"Međimurske Crne Čurke",hr-rec-058,draft,dry_recipe,https://drycured.com/?post_type=dry_recipe&p=2292,"2026-05-30 08:21:27",no,,HR-REC-058,no,no,no,no,0,0,0,0
2293,"Turopoljske Devenice",hr-rec-059,draft,dry_recipe,https://drycured.com/?post_type=dry_recipe&p=2293,"2026-05-30 08:21:27",no,,HR-REC-059,no,no,no,no,0,0,0,0
2294,"Domaće Tlačenice",hr-rec-060,draft,dry_recipe,https://drycured.com/?post_type=dry_recipe&p=2294,"2026-05-30 08:21:27",no,,HR-REC-060,no,no,no,no,0,0,0,0
2295,"Domaće Jetrenjače",hr-rec-061,draft,dry_recipe,https://drycured.com/?post_type=dry_recipe&p=2295,"2026-05-30 08:21:27",no,,HR-REC-061,no,no,no,no,0,0,0,0
2353,"Pastërma (Albansko suho meso)",pasterma-albansko-suho-meso,publish,dry_recipe,https://drycured.com/recepti-baza/pasterma-albansko-suho-meso/,"2026-06-04 07:53:25",no,,MD-PASTERMA_ALBANSKO_SUHO_MESO,yes,no,no,no,3504,0,0,0
2354,"Suxhuk (Albanska suha kobasica)",suxhuk-albanska-suha-kobasica,draft,dry_recipe,https://drycured.com/?post_type=dry_recipe&p=2354,"2026-05-30 08:21:27",no,,ALB-SUXHUK-ALBANSKA-SUHA-KOBASICA,no,no,no,no,0,0,0,0
2355,"Proshuta Shqiptare – albanska pršuta",proshuta-shqiptare-albanska-prsuta,publish,dry_recipe,https://drycured.com/recepti-baza/proshuta-shqiptare-albanska-prsuta/,"2026-06-04 07:53:25",no,,MD-PROSHUTA_SHQIPTARE_ALBANSKA_PRSUTA,yes,no,no,no,3494,0,0,0
2356,"Kackavall i thatë (Albanski suhi sir)",kackavall-i-thate-albanski-suhi-sir,private,dry_recipe,https://drycured.com/?post_type=dry_recipe&p=2356,"2026-06-04 07:29:57",no,,MD-KACKAVALL_I_THATE_ALBANSKI_SUHI_SIR,yes,no,no,no,3341,0,0,0
2357,"Mish i thatë (Albanska suha janjetina)",mish-i-thate-albanska-suha-janjetina,draft,dry_recipe,https://drycured.com/?post_type=dry_recipe&p=2357,"2026-05-30 08:21:28",no,,ALB-MISH-I-THATE-ALBANSKA,no,no,no,no,0,0,0,0
2358,"Steirischer Rohschinken (Štajerska sirova šunka)",steirischer-rohschinken-stajerska-sirova-sunka,draft,dry_recipe,https://drycured.com/?post_type=dry_recipe&p=2358,"2026-05-30 08:21:28",no,,AUS-STEIRISCHER-ROHSCHINKEN-STAJER,no,no,no,no,0,0,0,0
2359,"Vorarlberger Mostbröckle – vorarlberška dimljena govedina",vorarlberger-mostbrockle-vorarlberska-dimljena-govedina,publish,dry_recipe,https://drycured.com/recepti-baza/vorarlberger-mostbrockle-vorarlberska-dimljena-govedina/,"2026-06-04 07:53:25",no,,MD-VORARLBERGER_MOSTBROCKLE_VORARLBERSKA_DIMLJENA_GOVEDINA,yes,no,no,no,3466,0,0,0
2360,"Austrijska Käsekrainer (Kobasica sa sirom)",austrijska-kasekrainer-kobasica-sa-sirom,draft,dry_recipe,https://drycured.com/?post_type=dry_recipe&p=2360,"2026-05-30 08:21:28",no,,FIN-AUSTRIJSKA-KASEKRAINER-KOBASIC,no,no,no,no,0,0,0,0
2361,"Mađarska Gyulai Kolbász (Gyulai kobasica)",madarska-gyulai-kolbasz-gyulai-kobasica,draft,dry_recipe,https://drycured.com/?post_type=dry_recipe&p=2361,"2026-05-30 08:21:28",no,,FIN-MAARSKA-GYULAI-KOLBASZ-GYULAI,no,no,no,no,0,0,0,0
2362,"Finska Meetvursti (Suha kobasica)",finska-meetvursti-suha-kobasica,draft,dry_recipe,https://drycured.com/?post_type=dry_recipe&p=2362,"2026-05-30 08:21:28",no,,FIN-FINSKA-MEETVURSTI-SUHA-KOBASIC,no,no,no,no,0,0,0,0
2363,"Sastojci za 10 kg mesa:",sastojci-za-10-kg-mesa,draft,dry_recipe,https://drycured.com/?post_type=dry_recipe&p=2363,"2026-05-30 08:21:28",no,,BAL-SASTOJCI-ZA-10-KG,no,no,no,no,0,0,0,0
2364,"Napomena o pripremi masnoće",,pending,dry_recipe,https://drycured.com/?post_type=dry_recipe&p=2364,"0000-00-00 00:00:00",no,,BAL-NAPOMENA-O-PRIPREMI-MASNOCE,no,no,no,no,0,0,0,0
2365,"Napomena o začinima – tradicionalna norveška mješavina",,pending,dry_recipe,https://drycured.com/?post_type=dry_recipe&p=2365,"0000-00-00 00:00:00",no,,BAL-NAPOMENA-O-ZACINIMA-TRADICIONA,no,no,no,no,0,0,0,0
2366,"? Tradicionalni prijedlozi posluživanja",,pending,dry_recipe,https://drycured.com/?post_type=dry_recipe&p=2366,"0000-00-00 00:00:00",no,,BAL-TRADICIONALNI-PRIJEDLOZI-POSLU,no,no,no,no,0,0,0,0
2367,"Napomena o autentičnoj litavskoj pripremi",,pending,dry_recipe,https://drycured.com/?post_type=dry_recipe&p=2367,"0000-00-00 00:00:00",no,,BAL-NAPOMENA-O-AUTENTICNOJ-LITAVSK,no,no,no,no,0,0,0,0
2368,"? Litavske tradicije posluživanja",,pending,dry_recipe,https://drycured.com/?post_type=dry_recipe&p=2368,"0000-00-00 00:00:00",no,,BAL-LITAVSKE-TRADICIJE-POSLUZIVANJ,no,no,no,no,0,0,0,0
2369,"Napomena o češnjaku – ključnom sastojku",,pending,dry_recipe,https://drycured.com/?post_type=dry_recipe&p=2369,"0000-00-00 00:00:00",no,,BAL-NAPOMENA-O-CESNJAKU-KLJUCNOM,no,no,no,no,0,0,0,0
2370,"Napomena o latvijskoj kombinaciji začinskog bilja",,pending,dry_recipe,https://drycured.com/?post_type=dry_recipe&p=2370,"0000-00-00 00:00:00",no,,BAL-NAPOMENA-O-LATVIJSKOJ-KOMBINAC,no,no,no,no,0,0,0,0
2371,"? Tradicionalni latvijski prijedlozi posluživanja",,pending,dry_recipe,https://drycured.com/?post_type=dry_recipe&p=2371,"0000-00-00 00:00:00",no,,BAL-TRADICIONALNI-LATVIJSKI-PRIJED,no,no,no,no,0,0,0,0
2372,"? Dobar tek! ?",,pending,dry_recipe,https://drycured.com/?post_type=dry_recipe&p=2372,"0000-00-00 00:00:00",no,,BAL-DOBAR-TEK,no,no,no,no,0,0,0,0
2373,"FILET D'ANVERS (ANTVERPSKI FILE)",filet-danvers-antverpski-file,draft,dry_recipe,https://drycured.com/?post_type=dry_recipe&p=2373,"2026-05-30 08:21:28",no,,BEL-FILET-DANVERS-ANTVERPSKI-FILE,no,no,no,no,0,0,0,0
2374,"SAUCISSE AU FROMAGE DE HERVE (KOBASICA SA SIROM HERVE)",saucisse-au-fromage-de-herve-kobasica-sa-sirom-herve,draft,dry_recipe,https://drycured.com/?post_type=dry_recipe&p=2374,"2026-05-30 08:21:28",no,,BEL-SAUCISSE-AU-FROMAGE-DE,no,no,no,no,0,0,0,0
2375,"COLLIER FUMÉ DE WALLONIE (DIMLJENI SVINJSKI VRAT IZ VALONIJE)",collier-fume-de-wallonie-dimljeni-svinjski-vrat-iz-valonije,draft,dry_recipe,https://drycured.com/?post_type=dry_recipe&p=2375,"2026-05-30 08:21:28",no,,BEL-COLLIER-FUME-DE-WALLONIE,no,no,no,no,0,0,0,0
2376,"JAMBON D'ARDENNE (ARDENSKI PRŠUT)",jambon-dardenne-ardenski-prsut,draft,dry_recipe,https://drycured.com/?post_type=dry_recipe&p=2376,"2026-05-30 08:21:28",no,,BEL-JAMBON-DARDENNE-ARDENSKI-PRSUT,no,no,no,no,0,0,0,0
2377,"PÂTÉ GAUMAIS (GAUME PAŠTETA)",pate-gaumais-gaume-pasteta,draft,dry_recipe,https://drycured.com/?post_type=dry_recipe&p=2377,"2026-05-30 08:21:28",no,,BEL-PATE-GAUMAIS-GAUME-PASTETA,yes,no,no,no,2451,0,0,0
2378,"TÊTE PRESSÉE (PREZVURŠT)",tete-pressee-prezvurst,draft,dry_recipe,https://drycured.com/?post_type=dry_recipe&p=2378,"2026-05-30 08:21:28",no,,BEL-TETE-PRESSEE-PREZVURST,no,no,no,no,0,0,0,0
2379,"BOULETTE DE LIÈGE (LIEŠKA MESNA KOBASICA)",boulette-de-liege-lieska-mesna-kobasica,draft,dry_recipe,https://drycured.com/?post_type=dry_recipe&p=2379,"2026-05-30 08:21:28",no,,BEL-BOULETTE-DE-LIEGE-LIESKA,no,no,no,no,0,0,0,0
2380,"SAUCISSON D'ARDENNE (ARDENSKI KULEN)",saucisson-dardenne-ardenski-kulen-2,draft,dry_recipe,https://drycured.com/?post_type=dry_recipe&p=2380,"2026-05-30 08:21:28",no,,BEL-SAUCISSON-DARDENNE-ARDENSKI-KU,no,no,no,no,0,0,0,0
2381,"Nadenitsa (Наденица)",nadenitsa-%d0%bd%d0%b0%d0%b4%d0%b5%d0%bd%d0%b8%d1%86%d0%b0,draft,dry_recipe,https://drycured.com/?post_type=dry_recipe&p=2381,"2026-05-30 08:21:29",no,,BUG-NADENITSA,no,no,no,no,0,0,0,0
2382,"Rulopep (Рулопеп)",rulopep-%d1%80%d1%83%d0%bb%d0%be%d0%bf%d0%b5%d0%bf,draft,dry_recipe,https://drycured.com/?post_type=dry_recipe&p=2382,"2026-05-30 08:21:29",no,,BUG-RULOPEP,no,no,no,no,0,0,0,0
2383,"Banska Kapama (Банска капама)",banska-kapama-%d0%b1%d0%b0%d0%bd%d1%81%d0%ba%d0%b0-%d0%ba%d0%b0%d0%bf%d0%b0%d0%bc%d0%b0,draft,dry_recipe,https://drycured.com/?post_type=dry_recipe&p=2383,"2026-05-30 08:21:29",no,,BUG-BANSKA-KAPAMA,no,no,no,no,0,0,0,0
2384,"Katino Meze (Катино мезе)",katino-meze-%d0%ba%d0%b0%d1%82%d0%b8%d0%bd%d0%be-%d0%bc%d0%b5%d0%b7%d0%b5,draft,dry_recipe,https://drycured.com/?post_type=dry_recipe&p=2384,"2026-05-30 08:21:29",no,,BUG-KATINO-MEZE,no,no,no,no,0,0,0,0
2385,"Drobsarma (Дробсарма)",drobsarma-%d0%b4%d1%80%d0%be%d0%b1%d1%81%d0%b0%d1%80%d0%bc%d0%b0,draft,dry_recipe,https://drycured.com/?post_type=dry_recipe&p=2385,"2026-05-30 08:21:29",no,,BUG-DROBSARMA,no,no,no,no,0,0,0,0
2386,"Maleshevska Babichka (Малешевска бабичка)",maleshevska-babichka-%d0%bc%d0%b0%d0%bb%d0%b5%d1%88%d0%b5%d0%b2%d1%81%d0%ba%d0%b0-%d0%b1%d0%b0%d0%b1%d0%b8%d1%87%d0%ba%d0%b0,draft,dry_recipe,https://drycured.com/?post_type=dry_recipe&p=2386,"2026-05-30 08:21:29",no,,BUG-MALESHEVSKA-BABICHKA,no,no,no,no,0,0,0,0
2387,"Kraishte Pastarma (Краищенска пастърма)",kraishte-pastarma-%d0%ba%d1%80%d0%b0%d0%b8%d1%89%d0%b5%d0%bd%d1%81%d0%ba%d0%b0-%d0%bf%d0%b0%d1%81%d1%82%d1%8a%d1%80%d0%bc%d0%b0,draft,dry_recipe,https://drycured.com/?post_type=dry_recipe&p=2387,"2026-05-30 08:21:29",no,,BUG-KRAISHTE-PASTARMA,no,no,no,no,0,0,0,0
2388,"Strandzhansko Dyado (Странджанско дядо)",strandzhansko-dyado-%d1%81%d1%82%d1%80%d0%b0%d0%bd%d0%b4%d0%b6%d0%b0%d0%bd%d1%81%d0%ba%d0%be-%d0%b4%d1%8f%d0%b4%d0%be,draft,dry_recipe,https://drycured.com/?post_type=dry_recipe&p=2388,"2026-05-30 08:21:29",no,,BUG-STRANDZHANSKO-DYADO,no,no,no,no,0,0,0,0
2389,"Srednogorska Kaska (Средногорска каска)",srednogorska-kaska-%d1%81%d1%80%d0%b5%d0%b4%d0%bd%d0%be%d0%b3%d0%be%d1%80%d1%81%d0%ba%d0%b0-%d0%ba%d0%b0%d1%81%d0%ba%d0%b0,draft,dry_recipe,https://drycured.com/?post_type=dry_recipe&p=2389,"2026-05-30 08:21:29",no,,BUG-SREDNOGORSKA-KASKA,no,no,no,no,0,0,0,0
2390,"Dobrudzhanski Babek (Добруджански бабек)",dobrudzhanski-babek-%d0%b4%d0%be%d0%b1%d1%80%d1%83%d0%b4%d0%b6%d0%b0%d0%bd%d1%81%d0%ba%d0%b8-%d0%b1%d0%b0%d0%b1%d0%b5%d0%ba,draft,dry_recipe,https://drycured.com/?post_type=dry_recipe&p=2390,"2026-05-30 08:21:29",no,,BUG-DOBRUDZHANSKI-BABEK,no,no,no,no,0,0,0,0
2391,"Lukanka (Луканка)",lukanka-%d0%bb%d1%83%d0%ba%d0%b0%d0%bd%d0%ba%d0%b0,draft,dry_recipe,https://drycured.com/?post_type=dry_recipe&p=2391,"2026-05-30 08:21:29",no,,BUG-LUKANKA,no,no,no,no,0,0,0,0
2392,"Sudjuk (Суджук)",sudjuk-%d1%81%d1%83%d0%b4%d0%b6%d1%83%d0%ba,draft,dry_recipe,https://drycured.com/?post_type=dry_recipe&p=2392,"2026-05-30 08:21:29",no,,BUG-SUDJUK,no,no,no,no,0,0,0,0
2393,"Elena filet (Еленски филе)",elena-filet-%d0%b5%d0%bb%d0%b5%d0%bd%d1%81%d0%ba%d0%b8-%d1%84%d0%b8%d0%bb%d0%b5,draft,dry_recipe,https://drycured.com/?post_type=dry_recipe&p=2393,"2026-05-30 08:21:29",no,,BUG-ELENA-FILET,no,no,no,no,0,0,0,0
2394,"Pastarma (Пастърма)",pastarma-%d0%bf%d0%b0%d1%81%d1%82%d1%8a%d1%80%d0%bc%d0%b0,draft,dry_recipe,https://drycured.com/?post_type=dry_recipe&p=2394,"2026-05-30 08:21:29",no,,BUG-PASTARMA,no,no,no,no,0,0,0,0
2395,"Banski Starec (Бански старец)",banski-starec-%d0%b1%d0%b0%d0%bd%d1%81%d0%ba%d0%b8-%d1%81%d1%82%d0%b0%d1%80%d0%b5%d1%86,draft,dry_recipe,https://drycured.com/?post_type=dry_recipe&p=2395,"2026-05-30 08:21:29",no,,BUG-BANSKI-STAREC,no,no,no,no,0,0,0,0
2396,"Sastojci (za 5 kg kobasica)",sastojci-za-5-kg-kobasica,draft,dry_recipe,https://drycured.com/?post_type=dry_recipe&p=2396,"2026-05-30 08:21:29",no,,NEP-SASTOJCI-ZA-5-KG,no,no,no,no,0,0,0,0
2397,"Savjeti za posluživanje",,pending,dry_recipe,https://drycured.com/?post_type=dry_recipe&p=2397,"0000-00-00 00:00:00",no,,NEP-SAVJETI-ZA-POSLUZIVANJE,no,no,no,no,0,0,0,0
2398,"Traditionele Droge Worst (Klasična suha kobasica)",traditionele-droge-worst-klasicna-suha-kobasica,publish,dry_recipe,https://drycured.com/recepti-baza/traditionele-droge-worst-klasicna-suha-kobasica/,"2026-06-04 07:53:26",no,,MD-TRADITIONELE_DROGE_WORST_KLASICNA_SUHA_KOBASICA,yes,no,no,no,4004,0,0,0
2399,"Rookworst (Dimljena kobasica)",rookworst-dimljena-kobasica,publish,dry_recipe,https://drycured.com/recepti-baza/rookworst-dimljena-kobasica/,"2026-06-04 07:53:28",no,,MD-ROOKWORST_DIMLJENA_KOBASICA,yes,no,no,no,3958,0,0,0
2400,"?? GRČKI RECEPTI",,pending,dry_recipe,https://drycured.com/?post_type=dry_recipe&p=2400,"0000-00-00 00:00:00",no,,NEP-GRCKI-RECEPTI,no,no,no,no,0,0,0,0
2401,"?? ALBANSKI RECEPTI",,pending,dry_recipe,https://drycured.com/?post_type=dry_recipe&p=2401,"0000-00-00 00:00:00",no,,NEP-ALBANSKI-RECEPTI,no,no,no,no,0,0,0,0
2402,"Lountza (Λούντζα)",lountza-%ce%bb%ce%bf%cf%8d%ce%bd%cf%84%ce%b6%ce%b1,draft,dry_recipe,https://drycured.com/?post_type=dry_recipe&p=2402,"2026-05-30 08:21:30",no,,CIP-LOUNTZA,no,no,no,no,0,0,0,0
2403,"Hiromeri (Χοιρομέρι)",hiromeri-%cf%87%ce%bf%ce%b9%cf%81%ce%bf%ce%bc%ce%ad%cf%81%ce%b9,draft,dry_recipe,https://drycured.com/?post_type=dry_recipe&p=2403,"2026-05-30 08:21:30",no,,CIP-HIROMERI,no,no,no,no,0,0,0,0
2404,"Tsamarella (Τσαμαρέλλα)",,pending,dry_recipe,https://drycured.com/?post_type=dry_recipe&p=2404,"0000-00-00 00:00:00",no,,CIP-TSAMARELLA,no,no,no,no,0,0,0,0
2405,"Posyrti (Ποσυρτή)",,pending,dry_recipe,https://drycured.com/?post_type=dry_recipe&p=2405,"0000-00-00 00:00:00",no,,CIP-POSYRTI,no,no,no,no,0,0,0,0
2406,"Apohtin (Αποχτίν)",,pending,dry_recipe,https://drycured.com/?post_type=dry_recipe&p=2406,"0000-00-00 00:00:00",no,,CIP-APOHTIN,no,no,no,no,0,0,0,0
2407,"Lounza (Λούντζα) - Dimljena svinjska potrbušina",lounza-%ce%bb%ce%bf%cf%8d%ce%bd%cf%84%ce%b6%ce%b1-dimljena-svinjska-potrbusina,draft,dry_recipe,https://drycured.com/?post_type=dry_recipe&p=2407,"2026-05-30 08:21:30",no,,CIP-LOUNZA-DIMLJENA-SVINJSKA-POTRB,no,no,no,no,0,0,0,0
2408,"Tsamarella (Τσαμαρέλλα) - Sušena kozletina",tsamarella-%cf%84%cf%83%ce%b1%ce%bc%ce%b1%cf%81%ce%ad%ce%bb%ce%bb%ce%b1-susena-kozletina,draft,dry_recipe,https://drycured.com/?post_type=dry_recipe&p=2408,"2026-05-30 08:21:30",no,,CIP-TSAMARELLA-SUSENA-KOZLETINA,no,no,no,no,0,0,0,0
2409,"Hiromeri (Χοιρομέρι) - Ciparski pršut",hiromeri-%cf%87%ce%bf%ce%b9%cf%81%ce%bf%ce%bc%ce%ad%cf%81%ce%b9-ciparski-prsut,draft,dry_recipe,https://drycured.com/?post_type=dry_recipe&p=2409,"2026-05-30 08:21:30",no,,CIP-HIROMERI-CIPARSKI-PRSUT,no,no,no,no,0,0,0,0
2410,"Apohti (Απόχτι) - Dimljeni svinjski file",apohti-%ce%b1%cf%80%cf%8c%cf%87%cf%84%ce%b9-dimljeni-svinjski-file,draft,dry_recipe,https://drycured.com/?post_type=dry_recipe&p=2410,"2026-05-30 08:21:30",no,,CIP-APOHTI-DIMLJENI-SVINJSKI-FILE,no,no,no,no,0,0,0,0
2411,"Pastourma (Παστουρμάς) - Ciparski začinjeni sušeni goveđi file",pastourma-%cf%80%ce%b1%cf%83%cf%84%ce%bf%cf%85%cf%81%ce%bc%ce%ac%cf%82-ciparski-zacinjeni-suseni-govedi-file,draft,dry_recipe,https://drycured.com/?post_type=dry_recipe&p=2411,"2026-05-30 08:21:30",no,,CIP-PASTOURMA-CIPARSKI-ZACINJENI-S,no,no,no,no,0,0,0,0
2412,"?? GRČKA - Tradicionalni recepti za Loukaniko",%f0%9f%87%ac%f0%9f%87%b7-grcka-tradicionalni-recepti-za-loukaniko,draft,dry_recipe,https://drycured.com/?post_type=dry_recipe&p=2412,"2026-06-03 05:07:39",no,,NEP-GRCKA-TRADICIONALNI-RECEPTI-ZA,no,no,no,no,0,0,0,0
2413,"?? ALBANIJA - Tradicionalni recepti za Salçe",%f0%9f%87%a6%f0%9f%87%b1-albanija-tradicionalni-recepti-za-salce,draft,dry_recipe,https://drycured.com/?post_type=dry_recipe&p=2413,"2026-06-03 05:07:48",no,,NEP-ALBANIJA-TRADICIONALNI-RECEPTI,no,no,no,no,0,0,0,0
2414,"?? FRANCUSKA - Tradicionalni recepti za saucisson",%f0%9f%87%ab%f0%9f%87%b7-francuska-tradicionalni-recepti-za-saucisson,draft,dry_recipe,https://drycured.com/?post_type=dry_recipe&p=2414,"2026-06-03 05:07:58",no,,NEP-FRANCUSKA-TRADICIONALNI-RECEPT,no,no,no,no,0,0,0,0
2415,"?? NJEMAČKA - Tradicionalni recepti za Wurst",%f0%9f%87%a9%f0%9f%87%aa-njemacka-tradicionalni-recepti-za-wurst,draft,dry_recipe,https://drycured.com/?post_type=dry_recipe&p=2415,"2026-06-03 05:08:15",no,,NEP-NJEMACKA-TRADICIONALNI-RECEPTI,no,no,no,no,0,0,0,0
2416,"?? ITALIJA - Tradicionalni recepti za salame",%f0%9f%87%ae%f0%9f%87%b9-italija-tradicionalni-recepti-za-salame,draft,dry_recipe,https://drycured.com/?post_type=dry_recipe&p=2416,"2026-06-03 05:08:31",no,,NEP-ITALIJA-TRADICIONALNI-RECEPTI-,no,no,no,no,0,0,0,0
2417,"?? PORTUGAL - Tradicionalni recepti za Linguiça",%f0%9f%87%b5%f0%9f%87%b9-portugal-tradicionalni-recepti-za-linguica,draft,dry_recipe,https://drycured.com/?post_type=dry_recipe&p=2417,"2026-06-03 05:08:45",no,,NEP-PORTUGAL-TRADICIONALNI-RECEPTI,no,no,no,no,0,0,0,0
2418,"?? FRANCUSKA - Tradicijski recepti za saucisson (30 recepata)",%f0%9f%87%ab%f0%9f%87%b7-francuska-tradicijski-recepti-za-saucisson-30-recepata,draft,dry_recipe,https://drycured.com/?post_type=dry_recipe&p=2418,"2026-05-30 08:21:30",no,,NEP-FRANCUSKA-TRADICIJSKI-RECEPTI-,no,no,no,no,0,0,0,0
2419,"?? ČEŠKA - Tradicionalni recepti",%f0%9f%87%a8%f0%9f%87%bf-ceska-tradicionalni-recepti,draft,dry_recipe,https://drycured.com/?post_type=dry_recipe&p=2419,"2026-05-30 08:21:30",no,,NEP-CESKA-TRADICIONALNI-RECEPTI,no,no,no,no,0,0,0,0
2420,"?? SLOVAČKA - Tradicionalni recepti",%f0%9f%87%b8%f0%9f%87%b0-slovacka-tradicionalni-recepti,draft,dry_recipe,https://drycured.com/?post_type=dry_recipe&p=2420,"2026-05-30 08:21:30",no,,NEP-SLOVACKA-TRADICIONALNI-RECEPTI,no,no,no,no,0,0,0,0
2421,"?? POLJSKA - Tradicionalni recepti",%f0%9f%87%b5%f0%9f%87%b1-poljska-tradicionalni-recepti,draft,dry_recipe,https://drycured.com/?post_type=dry_recipe&p=2421,"2026-05-30 08:21:30",no,,NEP-POLJSKA-TRADICIONALNI-RECEPTI,no,no,no,no,0,0,0,0
2422,"?? UKRAJINA - Tradicionalni recepti",%f0%9f%87%ba%f0%9f%87%a6-ukrajina-tradicionalni-recepti,draft,dry_recipe,https://drycured.com/?post_type=dry_recipe&p=2422,"2026-05-30 08:21:30",no,,NEP-UKRAJINA-TRADICIONALNI-RECEPTI,no,no,no,no,0,0,0,0
2423,"?? ŠVEDSKA - Tradicionalni recepti",%f0%9f%87%b8%f0%9f%87%aa-svedska-tradicionalni-recepti,draft,dry_recipe,https://drycured.com/?post_type=dry_recipe&p=2423,"2026-05-30 08:21:30",no,,NEP-SVEDSKA-TRADICIONALNI-RECEPTI,no,no,no,no,0,0,0,0
2424,"?? LATVIJA - Tradicionalni recepti",%f0%9f%87%b1%f0%9f%87%bb-latvija-tradicionalni-recepti,draft,dry_recipe,https://drycured.com/?post_type=dry_recipe&p=2424,"2026-05-30 08:21:30",no,,NEP-LATVIJA-TRADICIONALNI-RECEPTI,no,no,no,no,0,0,0,0
2425,"?? NIZOZEMSKA - Tradicionalni recepti",%f0%9f%87%b3%f0%9f%87%b1-nizozemska-tradicionalni-recepti,draft,dry_recipe,https://drycured.com/?post_type=dry_recipe&p=2425,"2026-05-30 08:21:30",no,,NEP-NIZOZEMSKA-TRADICIONALNI-RECEP,no,no,no,no,0,0,0,0
2426,"?? BELGIJA - Tradicionalni recepti",%f0%9f%87%a7%f0%9f%87%aa-belgija-tradicionalni-recepti,draft,dry_recipe,https://drycured.com/?post_type=dry_recipe&p=2426,"2026-05-30 08:21:31",no,,NEP-BELGIJA-TRADICIONALNI-RECEPTI,no,no,no,no,0,0,0,0
2427,"?? LUKSEMBURG - Tradicionalni recepti",%f0%9f%87%b1%f0%9f%87%ba-luksemburg-tradicionalni-recepti,draft,dry_recipe,https://drycured.com/?post_type=dry_recipe&p=2427,"2026-05-30 08:21:31",no,,NEP-LUKSEMBURG-TRADICIONALNI-RECEP,no,no,no,no,0,0,0,0
2428,"Durmitorska kastradina",durmitorska-kastradina,publish,dry_recipe,https://drycured.com/recepti-baza/durmitorska-kastradina/,"2026-06-04 07:53:26",no,,MD-DURMITORSKA_KASTRADINA,yes,no,no,no,3504,0,0,0
2429,"Crmničke goveđe pastrve",crmnicke-govede-pastrve,draft,dry_recipe,https://drycured.com/?post_type=dry_recipe&p=2429,"2026-05-30 08:21:31",no,,CRN-CRMNICKE-GOVEE-PASTRVE,no,no,no,no,0,0,0,0
2430,"Vasojevićka preukuša",vasojevicka-preukusa,publish,dry_recipe,https://drycured.com/recepti-baza/vasojevicka-preukusa/,"2026-06-04 07:53:26",no,,MD-VASOJEVICKA_PREUKUSA,yes,no,no,no,4092,0,0,0
2431,"Bjelopavlićka bumbar-pita",,pending,dry_recipe,https://drycured.com/?post_type=dry_recipe&p=2431,"0000-00-00 00:00:00",no,,CRN-BJELOPAVLICKA-BUMBARPITA,no,no,no,no,0,0,0,0
2432,"Kučka pršura",kucka-prsura,publish,dry_recipe,https://drycured.com/recepti-baza/kucka-prsura/,"2026-06-04 07:53:26",no,,MD-KUCKA_PRSURA,yes,no,no,no,3730,0,0,0
2433,"Crnogorska pečenica",crnogorska-pecenica,private,dry_recipe,https://drycured.com/?post_type=dry_recipe&p=2433,"2026-06-04 07:30:16",no,,MD-CRNOGORSKA_PECENICA,yes,no,no,no,3605,0,0,0
2434,"Crnogorska kobasica",crnogorska-kobasica,publish,dry_recipe,https://drycured.com/recepti-baza/crnogorska-kobasica/,"2026-06-04 07:53:26",no,,MD-CRNOGORSKA_KOBASICA,yes,no,no,no,3959,0,0,0
2435,"Crnogorska stelja",crnogorska-stelja,publish,dry_recipe,https://drycured.com/recepti-baza/crnogorska-stelja/,"2026-06-04 07:53:26",no,,MD-CRNOGORSKA_STELJA,yes,no,no,no,3453,0,0,0
2436,"Crnogorski suđuk",crnogorski-suduk,draft,dry_recipe,https://drycured.com/?post_type=dry_recipe&p=2436,"2026-05-30 08:21:31",no,,CRN-CRNOGORSKI-SUUK,no,no,no,no,0,0,0,0
2437,"Drniški Začinjeni Vrat s Planine (Specifični mountainski naresak)",drniski-zacinjeni-vrat-s-planine-specificni-mountainski-naresak,private,dry_recipe,https://drycured.com/?post_type=dry_recipe&p=2437,"2026-06-04 07:30:25",no,,MD-DRNISKI_ZACINJENI_VRAT_S_PLANINE_SPECIFICNI_MOUNTAINSKI_NARESAK,yes,no,no,no,3523,0,0,0
2438,"Komiški Brudet Narezak",komiski-brudet-narezak,private,dry_recipe,https://drycured.com/?post_type=dry_recipe&p=2438,"2026-06-04 07:30:28",no,,MD-KOMISKI_BRUDET_NAREZAK,yes,no,no,no,3503,0,0,0
2439,"Šibenski Vjetrenjak",sibenski-vjetrenjak,private,dry_recipe,https://drycured.com/?post_type=dry_recipe&p=2439,"2026-06-04 07:30:31",no,,MD-SIBENSKI_VJETRENJAK,yes,no,no,no,3338,0,0,0
2440,"Splitski Maestral Narezak",splitski-maestral-narezak,publish,dry_recipe,https://drycured.com/recepti-baza/splitski-maestral-narezak/,"2026-06-04 07:53:26",no,,MD-SPLITSKI_MAESTRAL_NAREZAK,yes,no,no,no,3485,0,0,0
2441,"Trogirski Zephyr",trogirski-zephyr,publish,dry_recipe,https://drycured.com/recepti-baza/trogirski-zephyr/,"2026-06-04 07:53:26",no,,MD-TROGIRSKI_ZEPHYR,yes,no,no,no,3442,0,0,0
2442,"Makarski Jugo Narezak",makarski-jugo-narezak,publish,dry_recipe,https://drycured.com/recepti-baza/makarski-jugo-narezak/,"2026-06-04 07:53:26",no,,MD-MAKARSKI_JUGO_NAREZAK,yes,no,no,no,3474,0,0,0
2443,"Pagaški sir (rijetka regionalna varijanta)",,pending,dry_recipe,https://drycured.com/?post_type=dry_recipe&p=2443,"0000-00-00 00:00:00",no,,HRV-PAGASKI-SIR-RIJETKA-REGIONALNA,no,no,no,no,0,0,0,0
2444,"Drniški pršut iz zaleđa (rijetka varijanta)",drniski-prsut-iz-zaleda-rijetka-varijanta,draft,dry_recipe,https://drycured.com/?post_type=dry_recipe&p=2444,"2026-05-30 08:21:31",no,,HRV-DRNISKI-PRSUT-IZ-ZALEA,no,no,no,no,0,0,0,0
2445,"Hvarski stolen (zaboravljena delicija)",hvarski-stolen-zaboravljena-delicija,publish,dry_recipe,https://drycured.com/recepti-baza/hvarski-stolen-zaboravljena-delicija/,"2026-06-04 07:53:26",no,,MD-HVARSKI_STOLEN_ZABORAVLJENA_DELICIJA,yes,no,no,no,3461,0,0,0
2446,"Šoltanski sir iz duboke tradicije",,pending,dry_recipe,https://drycured.com/?post_type=dry_recipe&p=2446,"0000-00-00 00:00:00",no,,HRV-SOLTANSKI-SIR-IZ-DUBOKE,no,no,no,no,0,0,0,0
2447,"Leverpostej (Danska pašteta od svinjske jetre)",leverpostej-danska-pasteta-od-svinjske-jetre,private,dry_recipe,https://drycured.com/?post_type=dry_recipe&p=2447,"2026-06-04 07:30:49",no,,MD-LEVERPOSTEJ_DANSKA_PASTETA_OD_SVINJSKE_JETRE,yes,no,no,no,3706,0,0,0
2448,"Medisterpølse (Danska svježa začinjena kobasica)",medisterpolse-danska-svjeza-zacinjena-kobasica,draft,dry_recipe,https://drycured.com/?post_type=dry_recipe&p=2448,"2026-05-30 08:21:31",no,,DAN-MEDISTERPLSE-DANSKA-SVJEZA-ZAC,no,no,no,no,0,0,0,0
2449,"Ribbenssteg (Danska dimljena svinjska rebra)",ribbenssteg-danska-dimljena-svinjska-rebra,publish,dry_recipe,https://drycured.com/recepti-baza/ribbenssteg-danska-dimljena-svinjska-rebra/,"2026-06-04 07:53:26",no,,MD-RIBBENSSTEG_DANSKA_DIMLJENA_SVINJSKA_REBRA,yes,no,no,no,3735,0,0,0
2450,"Bayonneskinke (Danska zasoljena i dimljena šunka)",bayonneskinke-danska-zasoljena-i-dimljena-sunka,publish,dry_recipe,https://drycured.com/recepti-baza/bayonneskinke-danska-zasoljena-i-dimljena-sunka/,"2026-06-04 07:53:26",no,,MD-BAYONNESKINKE_DANSKA_ZASOLJENA_I_DIMLJENA_SUNKA,yes,no,no,no,3729,0,0,0
2451,"Blodpølse (Danska krvavica)",blodpolse-danska-krvavica,draft,dry_recipe,https://drycured.com/?post_type=dry_recipe&p=2451,"2026-05-30 08:21:31",no,,DAN-BLODPLSE-DANSKA-KRVAVICA,no,no,no,no,0,0,0,0
2452,"Rullepølse (Danska rolana šunka)",rullepolse-danska-rolana-sunka,draft,dry_recipe,https://drycured.com/?post_type=dry_recipe&p=2452,"2026-05-30 08:21:31",no,,DAN-RULLEPLSE-DANSKA-ROLANA-SUNKA,no,no,no,no,0,0,0,0
2453,"Flæskesteg (Danska pečena svinjetina s hrskavom kožom)",flaeskesteg-danska-pecena-svinjetina-s-hrskavom-kozom,draft,dry_recipe,https://drycured.com/?post_type=dry_recipe&p=2453,"2026-05-30 08:21:31",no,,DAN-FLSKESTEG-DANSKA-PECENA-SVINJE,no,no,no,no,0,0,0,0
2454,"Spegepølse (Danska fermentirana kobasica)",spegepolse-danska-fermentirana-kobasica,draft,dry_recipe,https://drycured.com/?post_type=dry_recipe&p=2454,"2026-05-30 08:21:31",no,,DAN-SPEGEPLSE-DANSKA-FERMENTIRANA-,no,no,no,no,0,0,0,0
2455,"Sylte (Danska hladetina od svinjske glave)",sylte-danska-hladetina-od-svinjske-glave,private,dry_recipe,https://drycured.com/?post_type=dry_recipe&p=2455,"2026-06-04 07:30:58",no,,MD-SYLTE_DANSKA_HLADETINA_OD_SVINJSKE_GLAVE,yes,no,no,no,3549,0,0,0
2456,"Spegeskinke (Danska sušena šunka)",spegeskinke-danska-susena-sunka,publish,dry_recipe,https://drycured.com/recepti-baza/spegeskinke-danska-susena-sunka/,"2026-06-04 07:53:26",no,,MD-SPEGESKINKE_DANSKA_SUSENA_SUNKA,yes,no,no,no,3551,0,0,0
2457,"Irski spiced beef (Začinjeno sušeno goveđe meso)",irski-spiced-beef-zacinjeno-suseno-govede-meso,draft,dry_recipe,https://drycured.com/?post_type=dry_recipe&p=2457,"2026-05-30 08:21:31",no,,IRS-IRSKI-SPICED-BEEF-ZACINJENO,no,no,no,no,0,0,0,0
2458,"Crubeens (Salamurena i dimljena svinjska stopala)",crubeens-salamurena-i-dimljena-svinjska-stopala,publish,dry_recipe,https://drycured.com/recepti-baza/crubeens-salamurena-i-dimljena-svinjska-stopala/,"2026-06-04 07:53:26",no,,MD-CRUBEENS_SALAMURENA_I_DIMLJENA_SVINJSKA_STOPALA,yes,no,no,no,4131,0,0,0
2459,"Boiled Ham (Tradicionalna irska kuhana šunka)",boiled-ham-tradicionalna-irska-kuhana-sunka,private,dry_recipe,https://drycured.com/?post_type=dry_recipe&p=2459,"2026-06-04 07:31:07",no,,MD-BOILED_HAM_TRADICIONALNA_IRSKA_KUHANA_SUNKA,yes,no,no,no,3506,0,0,0
2460,"Westfälischer Schinken s krumpirom u ljusci i hrenom",,pending,dry_recipe,https://drycured.com/?post_type=dry_recipe&p=2460,"0000-00-00 00:00:00",no,,NJE-WESTFALISCHER-SCHINKEN-S-KRUMP,no,no,no,no,0,0,0,0
2461,"Kasseler pečenka s pireom od jabuka i krupir knedlama",,pending,dry_recipe,https://drycured.com/?post_type=dry_recipe&p=2461,"0000-00-00 00:00:00",no,,NJE-KASSELER-PECENKA-S-PIREOM,no,no,no,no,0,0,0,0
2462,"Leberkäse s prženim jajima i bavarskim röstijem",,pending,dry_recipe,https://drycured.com/?post_type=dry_recipe&p=2462,"0000-00-00 00:00:00",no,,NJE-LEBERKASE-S-PRZENIM-JAJIMA,no,no,no,no,0,0,0,0
2463,"Rogatički Planinsko-Morski Raritet ""Vjetar i More""",,pending,dry_recipe,https://drycured.com/?post_type=dry_recipe&p=2463,"0000-00-00 00:00:00",no,,HRV-ROGATICKI-PLANINSKOMORSKI-RARI,no,no,no,no,0,0,0,0
2464,"StarohrvatskiMore-Kopno Salamet (Salama Maritima)",starohrvatskimore-kopno-salamet-salama-maritima,publish,dry_recipe,https://drycured.com/recepti-baza/starohrvatskimore-kopno-salamet-salama-maritima/,"2026-06-04 07:53:26",no,,MD-STAROHRVATSKIMORE_KOPNO_SALAMET_SALAMA_MARITIMA,yes,no,no,no,4075,0,0,0
2465,"Krčki Ovčji Dimljeni Raritet",krcki-ovcji-dimljeni-raritet,publish,dry_recipe,https://drycured.com/recepti-baza/krcki-ovcji-dimljeni-raritet/,"2026-06-04 07:53:26",no,,MD-KRCKI_OVCJI_DIMLJENI_RARITET,yes,no,no,no,3483,0,0,0
2466,"Kvarnerski Divovski Salamet",kvarnerski-divovski-salamet,publish,dry_recipe,https://drycured.com/recepti-baza/kvarnerski-divovski-salamet/,"2026-06-04 07:53:26",no,,MD-KVARNERSKI_DIVOVSKI_SALAMET,yes,no,no,no,3900,0,0,0
2467,"Istarski Morski Pršut ""Neptunov Dar""",,pending,dry_recipe,https://drycured.com/?post_type=dry_recipe&p=2467,"0000-00-00 00:00:00",no,,HRV-ISTARSKI-MORSKI-PRSUT-NEPTUNOV,no,no,no,no,0,0,0,0
2468,"Lincolnshire kobasica",lincolnshire-kobasica,publish,dry_recipe,https://drycured.com/recepti-baza/lincolnshire-kobasica/,"2026-06-04 07:53:26",no,,MD-LINCOLNSHIRE_KOBASICA,yes,no,no,no,4313,0,0,0
2469,"Haslet (tradicionalna engleska pašteta od svinjskih iznutrica)",haslet-tradicionalna-engleska-pasteta-od-svinjskih-iznutrica,private,dry_recipe,https://drycured.com/?post_type=dry_recipe&p=2469,"2026-06-04 07:31:22",no,,MD-HASLET_TRADICIONALNA_ENGLESKA_PASTETA_OD_SVINJSKIH_IZNUTRICA,yes,no,no,no,3995,0,0,0
2470,"Bath Chaps (ukiseljene svinjske obrazine)",bath-chaps-ukiseljene-svinjske-obrazine,publish,dry_recipe,https://drycured.com/recepti-baza/bath-chaps-ukiseljene-svinjske-obrazine/,"2026-06-04 07:53:26",no,,MD-BATH_CHAPS_UKISELJENE_SVINJSKE_OBRAZINE,yes,no,no,no,4044,0,0,0
2471,"Potted Beef (konzervirano goveđe meso)",potted-beef-konzervirano-govede-meso,draft,dry_recipe,https://drycured.com/?post_type=dry_recipe&p=2471,"2026-05-30 08:21:32",no,,ENG-POTTED-BEEF-KONZERVIRANO-GOVEE,no,no,no,no,0,0,0,0
2472,"Oxford Brawn (hladetina od svinjske glave)",oxford-brawn-hladetina-od-svinjske-glave,private,dry_recipe,https://drycured.com/?post_type=dry_recipe&p=2472,"2026-06-04 07:31:28",no,,MD-OXFORD_BRAWN_HLADETINA_OD_SVINJSKE_GLAVE,yes,no,no,no,3654,0,0,0
2473,"Tradicionalni engleski Black Pudding (krvavica)",,pending,dry_recipe,https://drycured.com/?post_type=dry_recipe&p=2473,"0000-00-00 00:00:00",no,,ENG-TRADICIONALNI-ENGLESKI-BLACK-P,no,no,no,no,0,0,0,0
2474,"Tradicionalna engleska šunka (Wiltshire Ham)",tradicionalna-engleska-sunka-wiltshire-ham,publish,dry_recipe,https://drycured.com/recepti-baza/tradicionalna-engleska-sunka-wiltshire-ham/,"2026-06-04 07:53:26",no,,MD-TRADICIONALNA_ENGLESKA_SUNKA_WILTSHIRE_HAM,yes,no,no,no,3828,0,0,0
2475,"Engleski sušeni goveđi jezik (Potted Ox Tongue)",engleski-suseni-govedi-jezik-potted-ox-tongue,draft,dry_recipe,https://drycured.com/?post_type=dry_recipe&p=2475,"2026-05-30 08:21:32",no,,ENG-ENGLESKI-SUSENI-GOVEI-JEZIK,no,no,no,no,0,0,0,0
2476,"Engleski pork pie (svinjetina u tijestu)",engleski-pork-pie-svinjetina-u-tijestu,publish,dry_recipe,https://drycured.com/recepti-baza/engleski-pork-pie-svinjetina-u-tijestu/,"2026-06-04 07:53:27",no,,MD-ENGLESKI_PORK_PIE_SVINJETINA_U_TIJESTU,yes,no,no,no,4171,0,0,0
2477,"Sült (Hladetina od svinjskog mesa)",sult-hladetina-od-svinjskog-mesa,private,dry_recipe,https://drycured.com/?post_type=dry_recipe&p=2477,"2026-06-04 07:31:37",no,,MD-SULT_HLADETINA_OD_SVINJSKOG_MESA,yes,no,no,no,3407,0,0,0
2478,"Suitsink (Dimljena svinjska šunka)",suitsink-dimljena-svinjska-sunka,publish,dry_recipe,https://drycured.com/recepti-baza/suitsink-dimljena-svinjska-sunka/,"2026-06-04 07:53:27",no,,MD-SUITSINK_DIMLJENA_SVINJSKA_SUNKA,yes,no,no,no,3528,0,0,0
2479,"Verikäkk (Krvavica s ječmom)",verikakk-krvavica-s-jecmom,private,dry_recipe,https://drycured.com/?post_type=dry_recipe&p=2479,"2026-06-04 07:31:43",no,,MD-VERIKAKK_KRVAVICA_S_JECMOM,yes,no,no,no,4194,0,0,0
2480,"Talleliha (Polutrajno sušena govedina)",talleliha-polutrajno-susena-govedina,publish,dry_recipe,https://drycured.com/recepti-baza/talleliha-polutrajno-susena-govedina/,"2026-06-04 07:53:27",no,,MD-TALLELIHA_POLUTRAJNO_SUSENA_GOVEDINA,yes,no,no,no,3637,0,0,0
2481,"Sealiha õlis (Svinjsko meso u ulju)",sealiha-olis-svinjsko-meso-u-ulju,publish,dry_recipe,https://drycured.com/recepti-baza/sealiha-olis-svinjsko-meso-u-ulju/,"2026-06-04 07:53:27",no,,MD-SEALIHA_OLIS_SVINJSKO_MESO_U_ULJU,yes,no,no,no,3810,0,0,0
2482,"?? Grčki tradicionalni recept - Loukaniko",%f0%9f%87%ac%f0%9f%87%b7-grcki-tradicionalni-recept-loukaniko,draft,dry_recipe,https://drycured.com/?post_type=dry_recipe&p=2482,"2026-06-03 05:10:51",no,,NEP-GRCKI-TRADICIONALNI-RECEPT-LOU,no,no,no,no,0,0,0,0
2483,"?? Albanski recept - Salçe",%f0%9f%87%a6%f0%9f%87%b1-albanski-recept-salce,draft,dry_recipe,https://drycured.com/?post_type=dry_recipe&p=2483,"2026-06-03 05:11:03",no,,NEP-ALBANSKI-RECEPT-SALCE,no,no,no,no,0,0,0,0
2484,"?? Nizozemski recept - Droge Worst",%f0%9f%87%b3%f0%9f%87%b1-nizozemski-recept-droge-worst,draft,dry_recipe,https://drycured.com/?post_type=dry_recipe&p=2484,"2026-06-03 05:11:19",no,,NEP-NIZOZEMSKI-RECEPT-DROGE-WORST,no,no,no,no,0,0,0,0
2485,"?? Britanski recept - Cumberland Sausage",%f0%9f%87%ac%f0%9f%87%a7-britanski-recept-cumberland-sausage,draft,dry_recipe,https://drycured.com/?post_type=dry_recipe&p=2485,"2026-06-03 05:11:35",no,,NEP-BRITANSKI-RECEPT-CUMBERLAND-SA,no,no,no,no,0,0,0,0
2486,"?? Bugarski recept - Lukanka",%f0%9f%87%a7%f0%9f%87%ac-bugarski-recept-lukanka,draft,dry_recipe,https://drycured.com/?post_type=dry_recipe&p=2486,"2026-06-03 05:11:48",no,,NEP-BUGARSKI-RECEPT-LUKANKA,no,no,no,no,0,0,0,0
2487,"?? Rumunjski recept - Salam de Sibiu",%f0%9f%87%b7%f0%9f%87%b4-rumunjski-recept-salam-de-sibiu,draft,dry_recipe,https://drycured.com/?post_type=dry_recipe&p=2487,"2026-06-03 05:11:59",no,,NEP-RUMUNJSKI-RECEPT-SALAM-DE,no,no,no,no,0,0,0,0
2488,"?? Češki recept - Lovecká Salám",%f0%9f%87%a8%f0%9f%87%bf-ceski-recept-lovecka-salam,draft,dry_recipe,https://drycured.com/?post_type=dry_recipe&p=2488,"2026-06-03 05:12:12",no,,NEP-CESKI-RECEPT-LOVECKA-SALAM,no,no,no,no,0,0,0,0
2489,"?? Slovački recept - Turistická Saláma",%f0%9f%87%b8%f0%9f%87%b0-slovacki-recept-turisticka-salama,draft,dry_recipe,https://drycured.com/?post_type=dry_recipe&p=2489,"2026-06-03 05:12:24",no,,NEP-SLOVACKI-RECEPT-TURISTICKA-SAL,no,no,no,no,0,0,0,0
2490,"?? Poljski recept - Kiełbasa",%f0%9f%87%b5%f0%9f%87%b1-poljski-recept-kielbasa,draft,dry_recipe,https://drycured.com/?post_type=dry_recipe&p=2490,"2026-06-03 05:12:43",no,,NEP-POLJSKI-RECEPT-KIEBASA,no,no,no,no,0,0,0,0
2491,"?? Ukrajinski recept - Kobasa",%f0%9f%87%ba%f0%9f%87%a6-ukrajinski-recept-kobasa,draft,dry_recipe,https://drycured.com/?post_type=dry_recipe&p=2491,"2026-06-03 05:13:06",no,,NEP-UKRAJINSKI-RECEPT-KOBASA,no,no,no,no,0,0,0,0
2492,"?? Švedski recept - Tunnbrödsrulle",%f0%9f%87%b8%f0%9f%87%aa-svedski-recept-tunnbrodsrulle,draft,dry_recipe,https://drycured.com/?post_type=dry_recipe&p=2492,"2026-06-03 05:13:24",no,,NEP-SVEDSKI-RECEPT-TUNNBRODSRULLE,no,no,no,no,0,0,0,0
2493,"?? Latvijski recept - Mājas Desa",%f0%9f%87%b1%f0%9f%87%bb-latvijski-recept-majas-desa,draft,dry_recipe,https://drycured.com/?post_type=dry_recipe&p=2493,"2026-06-03 05:13:58",no,,NEP-LATVIJSKI-RECEPT-MAJAS-DESA,no,no,no,no,0,0,0,0
2494,"Additional Recommendations:",,pending,dry_recipe,https://drycured.com/?post_type=dry_recipe&p=2494,"0000-00-00 00:00:00",no,,NEP-ADDITIONAL-RECOMMENDATIONS,no,no,no,no,0,0,0,0
2495,"?? Talijansko-toskanski recept za salamu (Salame Toscano)",%f0%9f%87%ae%f0%9f%87%b9-talijansko-toskanski-recept-za-salamu-salame-toscano,draft,dry_recipe,https://drycured.com/?post_type=dry_recipe&p=2495,"2026-06-03 05:14:16",no,,NEP-TALIJANSKOTOSKANSKI-RECEPT-ZA-,no,no,no,no,0,0,0,0
2496,"?? Tradicionalni recept za saucisson sec",%f0%9f%87%ab%f0%9f%87%b7-tradicionalni-recept-za-saucisson-sec,draft,dry_recipe,https://drycured.com/?post_type=dry_recipe&p=2496,"2026-06-03 05:14:28",no,,NEP-TRADICIONALNI-RECEPT-ZA-SAUCIS,no,no,no,no,0,0,0,0
2497,"?? Portugalski recept za Linguiçu",%f0%9f%87%b5%f0%9f%87%b9-portugalski-recept-za-linguicu,draft,dry_recipe,https://drycured.com/?post_type=dry_recipe&p=2497,"2026-06-03 05:14:46",no,,NEP-PORTUGALSKI-RECEPT-ZA-LINGUICU,no,no,no,no,0,0,0,0
2498,"?? Austrijski recept za Kmetzelsuppe kobasicu",%f0%9f%87%a6%f0%9f%87%b9-austrijski-recept-za-kmetzelsuppe-kobasicu,draft,dry_recipe,https://drycured.com/?post_type=dry_recipe&p=2498,"2026-06-03 05:14:55",no,,NEP-AUSTRIJSKI-RECEPT-ZA-KMETZELSU,no,no,no,no,0,0,0,0
2499,"Sigurnosne preporuke:",,pending,dry_recipe,https://drycured.com/?post_type=dry_recipe&p=2499,"0000-00-00 00:00:00",no,,NEP-SIGURNOSNE-PREPORUKE,no,no,no,no,0,0,0,0
2500,"Poljska Kiełbasa Lisiecka (Lisiecka Kobasica)",poljska-kielbasa-lisiecka-lisiecka-kobasica,draft,dry_recipe,https://drycured.com/?post_type=dry_recipe&p=2500,"2026-06-03 05:15:17",no,,EUR-POLJSKA-KIEBASA-LISIECKA-LISIE,no,no,no,no,0,0,0,0
2501,"Slovačka Klobása (Slovenská Klobása)",slovacka-klobasa-slovenska-klobasa,publish,dry_recipe,https://drycured.com/recepti-baza/slovacka-klobasa-slovenska-klobasa/,"2026-06-04 07:53:27",no,,MD-SLOVACKA_KLOBASA_SLOVENSKA_KLOBASA,yes,no,no,no,4324,0,0,0
2502,"JOULUKINKKU (BOŽIĆNA ŠUNKA)",joulukinkku-bozicna-sunka,draft,dry_recipe,https://drycured.com/?post_type=dry_recipe&p=2502,"2026-05-30 08:21:33",no,,FIN-JOULUKINKKU-BOZICNA-SUNKA,no,no,no,no,0,0,0,0
2503,"RIIPUTETTU HIRVENLIHA (SUHO-ZRELA JELENOVINA)",riiputettu-hirvenliha-suho-zrela-jelenovina,publish,dry_recipe,https://drycured.com/recepti-baza/riiputettu-hirvenliha-suho-zrela-jelenovina/,"2026-06-04 07:53:27",no,,MD-RIIPUTETTU_HIRVENLIHA_SUHO_ZRELA_JELENOVINA,yes,no,no,no,3535,0,0,0
2504,"SAVUSIIKA (DIMLJENI SIIKA - BIJELA RIBA)",savusiika-dimljeni-siika-bijela-riba,publish,dry_recipe,https://drycured.com/recepti-baza/savusiika-dimljeni-siika-bijela-riba/,"2026-06-04 07:53:27",no,,MD-SAVUSIIKA_DIMLJENI_SIIKA_BIJELA_RIBA,yes,no,no,no,3568,0,0,0
2505,"METSOPAISTI (SUHO-SALAMURENI TETRIJEB)",metsopaisti-suho-salamureni-tetrijeb,publish,dry_recipe,https://drycured.com/recepti-baza/metsopaisti-suho-salamureni-tetrijeb/,"2026-06-04 07:53:27",no,,MD-METSOPAISTI_SUHO_SALAMURENI_TETRIJEB,yes,no,no,no,4003,0,0,0
2506,"LAMPAAN ILMAKUIVATTU KYLKI (ZRAČNO-SUŠENA JANJEĆJA PRSA)",lampaan-ilmakuivattu-kylki-zracno-susena-janjecja-prsa,publish,dry_recipe,https://drycured.com/recepti-baza/lampaan-ilmakuivattu-kylki-zracno-susena-janjecja-prsa/,"2026-06-04 07:53:27",no,,MD-LAMPAAN_ILMAKUIVATTU_KYLKI_ZRACNO_SUSENA_JANJECJA_PRSA,yes,no,no,no,3604,0,0,0
2507,"PALVIKINKKU (DIMLJENA ŠUNKA)",palvikinkku-dimljena-sunka,draft,dry_recipe,https://drycured.com/?post_type=dry_recipe&p=2507,"2026-05-30 08:21:33",no,,FIN-PALVIKINKKU-DIMLJENA-SUNKA,no,no,no,no,0,0,0,0
2508,"SAVUPORONLIHA (DIMLJENO SOBOVO MESO)",savuporonliha-dimljeno-sobovo-meso,publish,dry_recipe,https://drycured.com/recepti-baza/savuporonliha-dimljeno-sobovo-meso/,"2026-06-04 07:53:27",no,,MD-SAVUPORONLIHA_DIMLJENO_SOBOVO_MESO,yes,no,no,no,3508,0,0,0
2509,"KYLMÄSAVULOHI (HLADNO DIMLJENI LOSOS)",,pending,dry_recipe,https://drycured.com/?post_type=dry_recipe&p=2509,"0000-00-00 00:00:00",no,,FIN-KYLMASAVULOHI-HLADNO-DIMLJENI-,no,no,no,no,0,0,0,0
2510,"ILMAKUIVATTU PORONPAISTI (ZRAČNO-SUŠENI SOBOV BUT)",ilmakuivattu-poronpaisti-zracno-suseni-sobov-but,publish,dry_recipe,https://drycured.com/recepti-baza/ilmakuivattu-poronpaisti-zracno-suseni-sobov-but/,"2026-06-04 07:53:27",no,,MD-ILMAKUIVATTU_PORONPAISTI_ZRACNO_SUSENI_SOBOV_BUT,yes,no,no,no,3540,0,0,0
2511,"GRAAVILOHI (GRAVLAX - FINSKI MARINIRANI LOSOS)",graavilohi-gravlax-finski-marinirani-losos,publish,dry_recipe,https://drycured.com/recepti-baza/graavilohi-gravlax-finski-marinirani-losos/,"2026-06-04 09:08:42",no,,MD-GRAAVILOHI_GRAVLAX_FINSKI_MARINIRANI_LOSOS,yes,no,no,no,3601,0,0,0
2512,"ROSETTE DE LYON",rosette-de-lyon,draft,dry_recipe,https://drycured.com/?post_type=dry_recipe&p=2512,"2026-05-30 08:21:34",no,,FRA-ROSETTE-DE-LYON,no,no,no,no,0,0,0,0
2513,"LONZO CORSE",lonzo-corse,publish,dry_recipe,https://drycured.com/recepti-baza/lonzo-corse/,"2026-06-04 07:53:27",no,,MD-LONZO_CORSE,yes,no,no,no,4156,0,0,0
2514,"SAUCISSON SEC D'AUVERGNE",saucisson-sec-dauvergne-2,draft,dry_recipe,https://drycured.com/?post_type=dry_recipe&p=2514,"2026-05-30 08:21:34",no,,FRA-SAUCISSON-SEC-DAUVERGNE,no,no,no,no,0,0,0,0
2515,"Siglino Messinias (Σύγκλινο Μεσσηνίας)",siglino-messinias-%cf%83%cf%8d%ce%b3%ce%ba%ce%bb%ce%b9%ce%bd%ce%bf-%ce%bc%ce%b5%cf%83%cf%83%ce%b7%ce%bd%ce%af%ce%b1%cf%82,draft,dry_recipe,https://drycured.com/?post_type=dry_recipe&p=2515,"2026-05-30 08:21:34",no,,GRČ-SIGLINO-MESSINIAS,no,no,no,no,0,0,0,0
2516,"Tsigarides (Τσιγαρίδες)",tsigarides-%cf%84%cf%83%ce%b9%ce%b3%ce%b1%cf%81%ce%af%ce%b4%ce%b5%cf%82,draft,dry_recipe,https://drycured.com/?post_type=dry_recipe&p=2516,"2026-05-30 08:21:34",no,,GRČ-TSIGARIDES,no,no,no,no,0,0,0,0
2517,"Armatia (Αρματιά)",armatia-%ce%b1%cf%81%ce%bc%ce%b1%cf%84%ce%b9%ce%ac,draft,dry_recipe,https://drycured.com/?post_type=dry_recipe&p=2517,"2026-05-30 08:21:34",no,,GRČ-ARMATIA,no,no,no,no,0,0,0,0
2518,"Pihti (Πηχτή)",pihti-%cf%80%ce%b7%cf%87%cf%84%ce%ae,draft,dry_recipe,https://drycured.com/?post_type=dry_recipe&p=2518,"2026-05-30 08:21:34",no,,GRČ-PIHTI,no,no,no,no,0,0,0,0
2519,"Kavourmas (Καβουρμάς)",kavourmas-%ce%ba%ce%b1%ce%b2%ce%bf%cf%85%cf%81%ce%bc%ce%ac%cf%82,draft,dry_recipe,https://drycured.com/?post_type=dry_recipe&p=2519,"2026-05-30 08:21:34",no,,GRČ-KAVOURMAS,no,no,no,no,0,0,0,0
2520,"Pastourmas (Παστουρμάς)",pastourmas-%cf%80%ce%b1%cf%83%cf%84%ce%bf%cf%85%cf%81%ce%bc%ce%ac%cf%82,draft,dry_recipe,https://drycured.com/?post_type=dry_recipe&p=2520,"2026-05-30 08:21:34",no,,GRČ-PASTOURMAS,no,no,no,no,0,0,0,0
2521,"Apaki (Απάκι)",apaki-%ce%b1%cf%80%ce%ac%ce%ba%ce%b9,draft,dry_recipe,https://drycured.com/?post_type=dry_recipe&p=2521,"2026-05-30 08:21:34",no,,GRČ-APAKI,no,no,no,no,0,0,0,0
2522,"Noumboulo (Νούμπουλο)",noumboulo-%ce%bd%ce%bf%cf%8d%ce%bc%cf%80%ce%bf%cf%85%ce%bb%ce%bf,draft,dry_recipe,https://drycured.com/?post_type=dry_recipe&p=2522,"2026-05-30 08:21:34",no,,GRČ-NOUMBOULO,no,no,no,no,0,0,0,0
2523,"Syglino (Σύγκλινο)",syglino-%cf%83%cf%8d%ce%b3%ce%ba%ce%bb%ce%b9%ce%bd%ce%bf,draft,dry_recipe,https://drycured.com/?post_type=dry_recipe&p=2523,"2026-05-30 08:21:34",no,,GRČ-SYGLINO,no,no,no,no,0,0,0,0
2524,"Skirts and Kidneys (Tradicionalna irska marinirana goveđa dijafragma)",skirts-and-kidneys-tradicionalna-irska-marinirana-goveda-dijafragma,draft,dry_recipe,https://drycured.com/?post_type=dry_recipe&p=2524,"2026-05-30 08:21:34",no,,IRS-SKIRTS-AND-KIDNEYS-TRADICIONAL,no,no,no,no,0,0,0,0
2525,"Dulse and Yellowman Bacon (Slanina s morskom travom)",dulse-and-yellowman-bacon-slanina-s-morskom-travom,publish,dry_recipe,https://drycured.com/recepti-baza/dulse-and-yellowman-bacon-slanina-s-morskom-travom/,"2026-06-04 07:53:27",no,,MD-DULSE_AND_YELLOWMAN_BACON_SLANINA_S_MORSKOM_TRAVOM,yes,no,no,no,3578,0,0,0
2526,"Caillín Báin (Bieli spek - Irska verzija slanine sa začinima)",caillin-bain-bieli-spek-irska-verzija-slanine-sa-zacinima,publish,dry_recipe,https://drycured.com/recepti-baza/caillin-bain-bieli-spek-irska-verzija-slanine-sa-zacinima/,"2026-06-04 07:53:27",no,,MD-CAILLIN_BAIN_BIELI_SPEK_IRSKA_VERZIJA_SLANINE_SA_ZACINIMA,yes,no,no,no,3800,0,0,0
2527,"Marrowbone Roll (Rolana kobasica s koštanom srži)",marrowbone-roll-rolana-kobasica-s-kostanom-srzi,publish,dry_recipe,https://drycured.com/recepti-baza/marrowbone-roll-rolana-kobasica-s-kostanom-srzi/,"2026-06-04 07:53:27",no,,MD-MARROWBONE_ROLL_ROLANA_KOBASICA_S_KOSTANOM_SRZI,yes,no,no,no,4217,0,0,0
2528,"Fadge Pudding (Krumpirovo-krvna kobasica)",fadge-pudding-krumpirovo-krvna-kobasica,private,dry_recipe,https://drycured.com/?post_type=dry_recipe&p=2528,"2026-06-04 07:34:54",no,,MD-FADGE_PUDDING_KRUMPIROVO_KRVNA_KOBASICA,yes,no,no,no,4358,0,0,0
2529,"Irski soljena govedina (Corned Beef)",irski-soljena-govedina-corned-beef,publish,dry_recipe,https://drycured.com/recepti-baza/irski-soljena-govedina-corned-beef/,"2026-06-04 07:53:27",no,,MD-IRSKI_SOLJENA_GOVEDINA_CORNED_BEEF,yes,no,no,no,3501,0,0,0
2530,"Irska šunka u pivu (Beer-Cured Ham)",irska-sunka-u-pivu-beer-cured-ham,publish,dry_recipe,https://drycured.com/recepti-baza/irska-sunka-u-pivu-beer-cured-ham/,"2026-06-04 07:53:27",no,,MD-IRSKA_SUNKA_U_PIVU_BEER_CURED_HAM,yes,no,no,no,3557,0,0,0
2531,"Slátur (Islandska krvavica)",slatur-islandska-krvavica,private,dry_recipe,https://drycured.com/?post_type=dry_recipe&p=2531,"2026-06-04 07:34:54",no,,MD-SLATUR_ISLANDSKA_KRVAVICA,yes,no,no,no,4115,0,0,0
2532,"Svið (Dimljena janjeća glava)",svid-dimljena-janjeca-glava,draft,dry_recipe,https://drycured.com/?post_type=dry_recipe&p=2532,"2026-05-30 08:21:35",no,,ISL-SVI-DIMLJENA-JANJECA-GLAVA,no,no,no,no,0,0,0,0
2533,"Bjúgu (Islandska dimljena kobasica)",bjugu-islandska-dimljena-kobasica,publish,dry_recipe,https://drycured.com/recepti-baza/bjugu-islandska-dimljena-kobasica/,"2026-06-04 07:53:27",no,,MD-BJUGU_ISLANDSKA_DIMLJENA_KOBASICA,yes,no,no,no,4144,0,0,0
2534,"Torfær​ður Lambahryggur (Zakopana janjeća leđa)",torfaerdur-lambahryggur-zakopana-janjeca-leda,draft,dry_recipe,https://drycured.com/?post_type=dry_recipe&p=2534,"2026-05-30 08:21:35",no,,ISL-TORFRUR-LAMBAHRYGGUR-ZAKOPANA-,no,no,no,no,0,0,0,0
2535,"Selshreifar (Sušeni tuljanovi peraji)",,pending,dry_recipe,https://drycured.com/?post_type=dry_recipe&p=2535,"0000-00-00 00:00:00",no,,ISL-SELSHREIFAR-SUSENI-TULJANOVI-P,no,no,no,no,0,0,0,0
2536,"Hákarlasullur (Fermentirani trbuh grenlandskog morskog psa)",,pending,dry_recipe,https://drycured.com/?post_type=dry_recipe&p=2536,"0000-00-00 00:00:00",no,,ISL-HAKARLASULLUR-FERMENTIRANI-TRB,no,no,no,no,0,0,0,0
2537,"Gellur (Sušeni riblji jezici)",,pending,dry_recipe,https://drycured.com/?post_type=dry_recipe&p=2537,"0000-00-00 00:00:00",no,,ISL-GELLUR-SUSENI-RIBLJI-JEZICI,no,no,no,no,0,0,0,0
2538,"Súrsaðir Hrútspungar Með Lyngi (Fermentirani ovnovski testisi s vrijeskom)",,pending,dry_recipe,https://drycured.com/?post_type=dry_recipe&p=2538,"0000-00-00 00:00:00",no,,ISL-SURSAIR-HRUTSPUNGAR-ME-LYNGI,no,no,no,no,0,0,0,0
2539,"Sviðasulta (Želatinizirano janjeće meso s glave)",svidasulta-zelatinizirano-janjece-meso-s-glave,draft,dry_recipe,https://drycured.com/?post_type=dry_recipe&p=2539,"2026-05-30 08:21:35",no,,ISL-SVIASULTA-ZELATINIZIRANO-JANJE,no,no,no,no,0,0,0,0
2540,"Hrútspungar (Prešana janjeća muda)",hrutspungar-presana-janjeca-muda,publish,dry_recipe,https://drycured.com/recepti-baza/hrutspungar-presana-janjeca-muda/,"2026-06-04 07:53:28",no,,MD-HRUTSPUNGAR_PRESANA_JANJECA_MUDA,yes,no,no,no,3601,0,0,0
2541,"Harðfiskur (Sušeni oslić)",,pending,dry_recipe,https://drycured.com/?post_type=dry_recipe&p=2541,"0000-00-00 00:00:00",no,,ISL-HARFISKUR-SUSENI-OSLIC,no,no,no,no,0,0,0,0
2542,"Kæstur Hákarl (Fermentirano meso grenlandskog morskog psa)",,pending,dry_recipe,https://drycured.com/?post_type=dry_recipe&p=2542,"0000-00-00 00:00:00",no,,ISL-KSTUR-HAKARL-FERMENTIRANO-MESO,no,no,no,no,0,0,0,0
2543,"Lundabaggar (Dimljena prskalina od janjetine)",lundabaggar-dimljena-prskalina-od-janjetine,publish,dry_recipe,https://drycured.com/recepti-baza/lundabaggar-dimljena-prskalina-od-janjetine/,"2026-06-04 07:53:28",no,,MD-LUNDABAGGAR_DIMLJENA_PRSKALINA_OD_JANJETINE,yes,no,no,no,3653,0,0,0
2544,"Moldavska Cârnaţi de Oaie (Kobasica od Ovčetine)",moldavska-carnati-de-oaie-kobasica-od-ovcetine,publish,dry_recipe,https://drycured.com/recepti-baza/moldavska-carnati-de-oaie-kobasica-od-ovcetine/,"2026-06-04 07:53:28",no,,MD-MOLDAVSKA_CARNA_I_DE_OAIE_KOBASICA_OD_OVCETINE,yes,no,no,no,4463,0,0,0
2545,"Estonska Suitsusink (Dimljena Šunka)",estonska-suitsusink-dimljena-sunka,publish,dry_recipe,https://drycured.com/recepti-baza/estonska-suitsusink-dimljena-sunka/,"2026-06-04 07:53:28",no,,MD-ESTONSKA_SUITSUSINK_DIMLJENA_SUNKA,yes,no,no,no,3631,0,0,0
2546,"Sudžuk (Sudžuk Kosovar)",sudzuk-sudzuk-kosovar,publish,dry_recipe,https://drycured.com/recepti-baza/sudzuk-sudzuk-kosovar/,"2026-06-04 07:53:28",no,,MD-SUDZUK_SUDZUK_KOSOVAR,yes,no,no,no,4067,0,0,0
2547,"Pršuta e Kosovës (Kosovska pršuta)",prsuta-e-kosoves-kosovska-prsuta,draft,dry_recipe,https://drycured.com/?post_type=dry_recipe&p=2547,"2026-05-30 08:21:35",no,,KOS-PRSUTA-E-KOSOVES-KOSOVSKA,no,no,no,no,0,0,0,0
2548,"Llokum Kosove (Kosovski delikates)",llokum-kosove-kosovski-delikates,draft,dry_recipe,https://drycured.com/?post_type=dry_recipe&p=2548,"2026-05-30 08:21:35",no,,KOS-LLOKUM-KOSOVE-KOSOVSKI-DELIKAT,no,no,no,no,0,0,0,0
2549,"Suxhuk me Spec (Sudžuk s paprikom)",suxhuk-me-spec-sudzuk-s-paprikom,publish,dry_recipe,https://drycured.com/recepti-baza/suxhuk-me-spec-sudzuk-s-paprikom/,"2026-06-04 07:53:28",no,,MD-SUXHUK_ME_SPEC_SUDZUK_S_PAPRIKOM,yes,no,no,no,4076,0,0,0
2550,"Gospićki Vjetromet (Specifični mesni naresak)",gospicki-vjetromet-specificni-mesni-naresak,private,dry_recipe,https://drycured.com/?post_type=dry_recipe&p=2550,"2026-06-04 07:34:54",no,,MD-GOSPICKI_VJETROMET_SPECIFICNI_MESNI_NARESAK,yes,no,no,no,3535,0,0,0
2551,"Senj Začinski Vrat (Specifični nasoljavani vrat)",senj-zacinski-vrat-specificni-nasoljavani-vrat,private,dry_recipe,https://drycured.com/?post_type=dry_recipe&p=2551,"2026-06-04 07:34:54",no,,MD-SENJ_ZACINSKI_VRAT_SPECIFICNI_NASOLJAVANI_VRAT,yes,no,no,no,3528,0,0,0
2552,"Otočac Začinski Vrat s Planine (Mountainski naresak)",otocac-zacinski-vrat-s-planine-mountainski-naresak,publish,dry_recipe,https://drycured.com/recepti-baza/otocac-zacinski-vrat-s-planine-mountainski-naresak/,"2026-06-04 07:53:28",no,,MD-OTOCAC_ZACINSKI_VRAT_S_PLANINE_MOUNTAINSKI_NARESAK,yes,no,no,no,3541,0,0,0
2553,"Skilandis (litavska dimljena kobasica)",skilandis-litavska-dimljena-kobasica,publish,dry_recipe,https://drycured.com/recepti-baza/skilandis-litavska-dimljena-kobasica/,"2026-06-04 07:53:28",no,,MD-SKILANDIS_LITAVSKA_DIMLJENA_KOBASICA,yes,no,no,no,4381,0,0,0
2554,"Kindziukas (litavska dimljena šunka)",kindziukas-litavska-dimljena-sunka,publish,dry_recipe,https://drycured.com/recepti-baza/kindziukas-litavska-dimljena-sunka/,"2026-06-04 07:53:28",no,,MD-KINDZIUKAS_LITAVSKA_DIMLJENA_SUNKA,yes,no,no,no,3691,0,0,0
2555,"Lašiniai (litavska slanina)",lasiniai-litavska-slanina,publish,dry_recipe,https://drycured.com/recepti-baza/lasiniai-litavska-slanina/,"2026-06-04 07:53:28",no,,MD-LASINIAI_LITAVSKA_SLANINA,yes,no,no,no,3470,0,0,0
2556,"Vytinta dešra (litavska suha kobasica)",vytinta-desra-litavska-suha-kobasica,publish,dry_recipe,https://drycured.com/recepti-baza/vytinta-desra-litavska-suha-kobasica/,"2026-06-04 07:53:28",no,,MD-VYTINTA_DESRA_LITAVSKA_SUHA_KOBASICA,yes,no,no,no,4361,0,0,0
2557,"Rūkyti lašišos (dimljen losos na litavski način)",rukyti-lasisos-dimljen-losos-na-litavski-nacin,publish,dry_recipe,https://drycured.com/recepti-baza/rukyti-lasisos-dimljen-losos-na-litavski-nacin/,"2026-06-04 09:08:42",no,,MD-R_KYTI_LASISOS_DIMLJEN_LOSOS_NA_LITAVSKI_NACIN,yes,no,no,no,3683,0,0,0
2558,"Pounje Planinski Vrtlog",pounje-planinski-vrtlog,publish,dry_recipe,https://drycured.com/recepti-baza/pounje-planinski-vrtlog/,"2026-06-04 07:53:28",no,,MD-POUNJE_PLANINSKI_VRTLOG,yes,no,no,no,3529,0,0,0
2559,"Gackanski Vjetrenjak",gackanski-vjetrenjak,private,dry_recipe,https://drycured.com/?post_type=dry_recipe&p=2559,"2026-06-04 07:34:54",no,,MD-GACKANSKI_VJETRENJAK,yes,no,no,no,3339,0,0,0
2560,"Drežnički Šušanj",dreznicki-susanj,publish,dry_recipe,https://drycured.com/recepti-baza/dreznicki-susanj/,"2026-06-04 07:53:28",no,,MD-DREZNICKI_SUSANJ,yes,no,no,no,3481,0,0,0
2561,"Gospićki Vjetar",gospicki-vjetar,publish,dry_recipe,https://drycured.com/recepti-baza/gospicki-vjetar/,"2026-06-04 07:53:28",no,,MD-GOSPICKI_VJETAR,yes,no,no,no,3451,0,0,0
2562,"Lički Planinarski Navršak",,pending,dry_recipe,https://drycured.com/?post_type=dry_recipe&p=2562,"0000-00-00 00:00:00",no,,NEP-LICKI-PLANINARSKI-NAVRSAK,no,no,no,no,0,0,0,0
2563,"Maltežanska kobasica (Zalzett Malti)",maltezanska-kobasica-zalzett-malti,publish,dry_recipe,https://drycured.com/recepti-baza/maltezanska-kobasica-zalzett-malti/,"2026-06-04 07:53:28",no,,MD-MALTEZANSKA_KOBASICA_ZALZETT_MALTI,yes,no,no,no,4000,0,0,0
2564,"Maltežanski pršut (Prosciutto Malti)",maltezanski-prsut-prosciutto-malti,publish,dry_recipe,https://drycured.com/recepti-baza/maltezanski-prsut-prosciutto-malti/,"2026-06-04 07:53:28",no,,MD-MALTEZANSKI_PRSUT_PROSCIUTTO_MALTI,yes,no,no,no,3502,0,0,0
2565,"Maltežanska suha govedina (Carne Secca Maltija)",maltezanska-suha-govedina-carne-secca-maltija,publish,dry_recipe,https://drycured.com/recepti-baza/maltezanska-suha-govedina-carne-secca-maltija/,"2026-06-04 07:53:28",no,,MD-MALTEZANSKA_SUHA_GOVEDINA_CARNE_SECCA_MALTIJA,yes,no,no,no,3469,0,0,0
2566,"Maltežanski sušeni ovčji sir (Ġbejna Mnixxfa)",,pending,dry_recipe,https://drycured.com/?post_type=dry_recipe&p=2566,"0000-00-00 00:00:00",no,,MAL-MALTEZANSKI-SUSENI-OVCJI-SIR,no,no,no,no,0,0,0,0
2567,"Mađarska Kobasica (Kolbász)",madarska-kobasica-kolbasz,draft,dry_recipe,https://drycured.com/?post_type=dry_recipe&p=2567,"2026-06-03 05:17:37",no,,NEP-MAARSKA-KOBASICA-KOLBASZ,no,no,no,no,0,0,0,0
2568,"Mađarska Dimljena Šunka (Füstölt Sonka)",madarska-dimljena-sunka-fustolt-sonka,draft,dry_recipe,https://drycured.com/?post_type=dry_recipe&p=2568,"2026-06-03 05:26:39",no,,NEP-MAARSKA-DIMLJENA-SUNKA-FUSTOLT,no,no,no,no,0,0,0,0
2569,"Mađarski Dimljeni Jezik (Füstölt Nyelv)",madarski-dimljeni-jezik-fustolt-nyelv,draft,dry_recipe,https://drycured.com/?post_type=dry_recipe&p=2569,"2026-06-03 05:27:06",no,,NEP-MAARSKI-DIMLJENI-JEZIK-FUSTOLT,no,no,no,no,0,0,0,0
2570,"Štruki od Svetog Martina - Specifična Vrste Kobasice",struki-od-svetog-martina-specificna-vrste-kobasice,private,dry_recipe,https://drycured.com/?post_type=dry_recipe&p=2570,"2026-06-04 07:34:54",no,,MD-STRUKI_OD_SVETOG_MARTINA_SPECIFICNA_VRSTE_KOBASICE,yes,no,no,no,3562,0,0,0
2571,"Zaprešićki Vrganjevi Narezak",zapresicki-vrganjevi-narezak,publish,dry_recipe,https://drycured.com/recepti-baza/zapresicki-vrganjevi-narezak/,"2026-06-04 07:53:28",no,,MD-ZAPRESICKI_VRGANJEVI_NAREZAK,yes,no,no,no,3530,0,0,0
2572,"Medžimurski Divljač Narezak",medzimurski-divljac-narezak,publish,dry_recipe,https://drycured.com/recepti-baza/medzimurski-divljac-narezak/,"2026-06-04 07:53:28",no,,MD-MEDZIMURSKI_DIVLJAC_NAREZAK,yes,no,no,no,3513,0,0,0
2573,"Gornjomurečki Začinski Narezak",gornjomurecki-zacinski-narezak,publish,dry_recipe,https://drycured.com/recepti-baza/gornjomurecki-zacinski-narezak/,"2026-06-04 07:53:28",no,,MD-GORNJOMURECKI_ZACINSKI_NAREZAK,yes,no,no,no,3492,0,0,0
2574,"ȘUNCĂ AFUMATĂ (DIMLJENA ŠUNKA)",sunca-afumata-dimljena-sunka,publish,dry_recipe,https://drycured.com/recepti-baza/sunca-afumata-dimljena-sunka/,"2026-06-04 07:53:28",no,,MD-UNC_AFUMAT_DIMLJENA_SUNKA,yes,no,no,no,3396,0,0,0
2575,"PASTRAMĂ DE OAIE (OVČJA PASTRAMA)",pastrama-de-oaie-ovcja-pastrama,publish,dry_recipe,https://drycured.com/recepti-baza/pastrama-de-oaie-ovcja-pastrama/,"2026-06-04 07:53:28",no,,MD-PASTRAM_DE_OAIE_OVCJA_PASTRAMA,yes,no,no,no,3659,0,0,0
2576,"CÂRNAȚ AFUMAT (DIMLJENE KOBASICE)",carnat-afumat-dimljene-kobasice,publish,dry_recipe,https://drycured.com/recepti-baza/carnat-afumat-dimljene-kobasice/,"2026-06-04 07:53:28",no,,MD-CARNA_AFUMAT_DIMLJENE_KOBASICE,yes,no,no,no,4263,0,0,0
2577,"Droge Worst (Suha kobasica)",droge-worst-suha-kobasica,publish,dry_recipe,https://drycured.com/recepti-baza/droge-worst-suha-kobasica/,"2026-06-04 07:53:28",no,,MD-DROGE_WORST_SUHA_KOBASICA,yes,no,no,no,4064,0,0,0
2578,"Leverworst (Jetrena pašteta)",leverworst-jetrena-pasteta,private,dry_recipe,https://drycured.com/?post_type=dry_recipe&p=2578,"2026-06-04 07:34:54",no,,MD-LEVERWORST_JETRENA_PASTETA,yes,no,no,no,3538,0,0,0
2579,"Spekdikken (Slanina s medom)",spekdikken-slanina-s-medom,publish,dry_recipe,https://drycured.com/recepti-baza/spekdikken-slanina-s-medom/,"2026-06-04 07:53:28",no,,MD-SPEKDIKKEN_SLANINA_S_MEDOM,yes,no,no,no,3442,0,0,0
2580,"Ossenworst (Goveđa sirova kobasica)",ossenworst-goveda-sirova-kobasica,draft,dry_recipe,https://drycured.com/?post_type=dry_recipe&p=2580,"2026-05-30 08:21:37",no,,NIZ-OSSENWORST-GOVEA-SIROVA-KOBASI,no,no,no,no,0,0,0,0
2581,"MOSTBRÖCKLI (ALPSKA SUŠENA GOVEDINA)",,pending,dry_recipe,https://drycured.com/?post_type=dry_recipe&p=2581,"0000-00-00 00:00:00",no,,NJE-MOSTBROCKLI-ALPSKA-SUSENA-GOVE,no,no,no,no,0,0,0,0
2582,"HOLSTEINER KATENSCHINKEN (HOLŠTAJNSKA DIMLJENA ŠUNKA)",,pending,dry_recipe,https://drycured.com/?post_type=dry_recipe&p=2582,"0000-00-00 00:00:00",no,,NJE-HOLSTEINER-KATENSCHINKEN-HOLST,no,no,no,no,0,0,0,0
2583,"WESTFÄLISCHER KNOCHENSCHINKEN (VESTFALSKA ŠUNKA S KOSTI)",,pending,dry_recipe,https://drycured.com/?post_type=dry_recipe&p=2583,"0000-00-00 00:00:00",no,,NJE-WESTFALISCHER-KNOCHENSCHINKEN-,no,no,no,no,0,0,0,0
2584,"Schwarzwaldska šunka s kiselim kupusom i krumpirom",,pending,dry_recipe,https://drycured.com/?post_type=dry_recipe&p=2584,"0000-00-00 00:00:00",no,,NJE-SCHWARZWALDSKA-SUNKA-S-KISELIM,no,no,no,no,0,0,0,0
2585,"Leichter Karreeschinken s povrćem u eintopfu",,pending,dry_recipe,https://drycured.com/?post_type=dry_recipe&p=2585,"0000-00-00 00:00:00",no,,NJE-LEICHTER-KARREESCHINKEN-S-POVR,no,no,no,no,0,0,0,0
2586,"Scharfe Edelrohwurst s povrćem na žaru",,pending,dry_recipe,https://drycured.com/?post_type=dry_recipe&p=2586,"0000-00-00 00:00:00",no,,NJE-SCHARFE-EDELROHWURST-S-POVRCEM,no,no,no,no,0,0,0,0
2587,"VOSSAKORV (TRADICIONALNA DIMLJENA KOBASICA IZ VOSSA)",vossakorv-tradicionalna-dimljena-kobasica-iz-vossa,publish,dry_recipe,https://drycured.com/recepti-baza/vossakorv-tradicionalna-dimljena-kobasica-iz-vossa/,"2026-06-04 07:53:29",no,,MD-VOSSAKORV_TRADICIONALNA_DIMLJENA_KOBASICA_IZ_VOSSA,yes,no,no,no,4413,0,0,0
2588,"RAKFISK (FERMENTIRANI SLATKOVODNI LOSOS)",,pending,dry_recipe,https://drycured.com/?post_type=dry_recipe&p=2588,"0000-00-00 00:00:00",no,,NOR-RAKFISK-FERMENTIRANI-SLATKOVOD,no,no,no,no,0,0,0,0
2589,"SPEKELÅR (SUŠENA I DIMLJENA JELEN/SRNETINA)",spekelar-susena-i-dimljena-jelen-srnetina,publish,dry_recipe,https://drycured.com/recepti-baza/spekelar-susena-i-dimljena-jelen-srnetina/,"2026-06-04 07:53:29",no,,MD-SPEKELAR_SUSENA_I_DIMLJENA_JELEN_SRNETINA,yes,no,no,no,3819,0,0,0
2591,"SMALAHOVE (SUŠENA OVČJA GLAVA)",,pending,dry_recipe,https://drycured.com/?post_type=dry_recipe&p=2591,"0000-00-00 00:00:00",no,,NOR-SMALAHOVE-SUSENA-OVCJA-GLAVA,no,no,no,no,0,0,0,0
2592,"FÅREPØLSE (TRADICIONALNA OVČJA KOBASICA)",farepolse-tradicionalna-ovcja-kobasica,draft,dry_recipe,https://drycured.com/?post_type=dry_recipe&p=2592,"2026-05-30 08:21:37",no,,NOR-FAREPLSE-TRADICIONALNA-OVCJA-K,no,no,no,no,0,0,0,0
2593,"ELGKJØTT SPEKEMAT (SUHO MESO LOSA)",elgkjott-spekemat-suho-meso-losa,draft,dry_recipe,https://drycured.com/?post_type=dry_recipe&p=2593,"2026-05-30 08:21:37",no,,NOR-ELGKJTT-SPEKEMAT-SUHO-MESO,no,no,no,no,0,0,0,0
2594,"GRAVET LAKS (GRAVLAKS - MARINIRANI LOSOS)",gravet-laks-gravlaks-marinirani-losos,publish,dry_recipe,https://drycured.com/recepti-baza/gravet-laks-gravlaks-marinirani-losos/,"2026-06-04 09:08:42",no,,MD-GRAVET_LAKS_GRAVLAKS_MARINIRANI_LOSOS,yes,no,no,no,3686,0,0,0
2595,"TJUKKMJØLKSPØLSE (FERMENTIRANA KOBASICA S MLIJEČNOM KULTUROM)",tjukkmjolkspolse-fermentirana-kobasica-s-mlijecnom-kulturom,draft,dry_recipe,https://drycured.com/?post_type=dry_recipe&p=2595,"2026-05-30 08:21:37",no,,NOR-TJUKKMJLKSPLSE-FERMENTIRANA-KO,no,no,no,no,0,0,0,0
2596,"REINSDYRHJERTE (SUŠENO SRCE SOBA)",,pending,dry_recipe,https://drycured.com/?post_type=dry_recipe&p=2596,"0000-00-00 00:00:00",no,,NOR-REINSDYRHJERTE-SUSENO-SRCE-SOB,no,no,no,no,0,0,0,0
2597,"FENALÅR (SUŠENI BUT JANJETA)",fenalar-suseni-but-janjeta,publish,dry_recipe,https://drycured.com/recepti-baza/fenalar-suseni-but-janjeta/,"2026-06-04 07:53:29",no,,MD-FENALAR_SUSENI_BUT_JANJETA,yes,no,no,no,3642,0,0,0
2598,"SPEKESKINKE (NORŠKA PRŠUTA)",spekeskinke-norska-prsuta,publish,dry_recipe,https://drycured.com/recepti-baza/spekeskinke-norska-prsuta/,"2026-06-04 07:53:29",no,,MD-SPEKESKINKE_NORSKA_PRSUTA,yes,no,no,no,3571,0,0,0
2599,"PINNEKJØTT (SUŠENA REBRA)",pinnekjott-susena-rebra,draft,dry_recipe,https://drycured.com/?post_type=dry_recipe&p=2599,"2026-05-30 08:21:37",no,,NOR-PINNEKJTT-SUSENA-REBRA,no,no,no,no,0,0,0,0
2600,"MORR (NORVEŠKA KOBASICA)",morr-norveska-kobasica,publish,dry_recipe,https://drycured.com/recepti-baza/morr-norveska-kobasica/,"2026-06-04 07:53:29",no,,MD-MORR_NORVESKA_KOBASICA,yes,no,no,no,4136,0,0,0
2601,"RØKELAKS (DIMLJENI LOSOS)",rokelaks-dimljeni-losos,draft,dry_recipe,https://drycured.com/?post_type=dry_recipe&p=2601,"2026-05-30 08:21:37",no,,NOR-RKELAKS-DIMLJENI-LOSOS,no,no,no,no,0,0,0,0
2602,"Đakovački Specijalni Fermentirani Vrat",dakovacki-specijalni-fermentirani-vrat,draft,dry_recipe,https://drycured.com/?post_type=dry_recipe&p=2602,"2026-05-30 08:21:37",no,,HRV-AKOVACKI-SPECIJALNI-FERMENTIRA,no,no,no,no,0,0,0,0
2603,"Vinkovački Aromatični Začinski Špek",vinkovacki-aromaticni-zacinski-spek,publish,dry_recipe,https://drycured.com/recepti-baza/vinkovacki-aromaticni-zacinski-spek/,"2026-06-04 07:53:29",no,,MD-VINKOVACKI_AROMATICNI_ZACINSKI_SPEK,yes,no,no,no,3492,0,0,0
2604,"Osiječki Ljuti Začinski Vrat s Divljim Travkama",osijecki-ljuti-zacinski-vrat-s-divljim-travkama,publish,dry_recipe,https://drycured.com/recepti-baza/osijecki-ljuti-zacinski-vrat-s-divljim-travkama/,"2026-06-04 07:53:29",no,,MD-OSIJECKI_LJUTI_ZACINSKI_VRAT_S_DIVLJIM_TRAVKAMA,yes,no,no,no,3645,0,0,0
2605,"Podunavski Specijalni Fermentirani Špek",podunavski-specijalni-fermentirani-spek,private,dry_recipe,https://drycured.com/?post_type=dry_recipe&p=2605,"2026-06-04 07:34:54",no,,MD-PODUNAVSKI_SPECIJALNI_FERMENTIRANI_SPEK,yes,no,no,no,3621,0,0,0
2606,"Požeški Aromatični Sušeni Vrat s Divljim Travkama",pozeski-aromaticni-suseni-vrat-s-divljim-travkama,publish,dry_recipe,https://drycured.com/recepti-baza/pozeski-aromaticni-suseni-vrat-s-divljim-travkama/,"2026-06-04 07:53:29",no,,MD-POZESKI_AROMATICNI_SUSENI_VRAT_S_DIVLJIM_TRAVKAMA,yes,no,no,no,3642,0,0,0
2607,"Çiğ Köfte (Fermentirana mesna smjesa za sirovo konzumiranje)",cig-kofte-fermentirana-mesna-smjesa-za-sirovo-konzumiranje,private,dry_recipe,https://drycured.com/?post_type=dry_recipe&p=2607,"2026-06-04 07:34:54",no,,MD-CI_KOFTE_FERMENTIRANA_MESNA_SMJESA_ZA_SIROVO_KONZUMIRANJE,yes,no,no,no,3577,0,0,0
2608,"Kuru Et (Suho meso sa smrekom)",kuru-et-suho-meso-sa-smrekom,publish,dry_recipe,https://drycured.com/recepti-baza/kuru-et-suho-meso-sa-smrekom/,"2026-06-04 07:53:29",no,,MD-KURU_ET_SUHO_MESO_SA_SMREKOM,yes,no,no,no,3459,0,0,0
2609,"Kuşbaşı Jerky (Turski goveđi jerky)",kusbasi-jerky-turski-govedi-jerky,draft,dry_recipe,https://drycured.com/?post_type=dry_recipe&p=2609,"2026-05-30 08:21:38",no,,TUR-KUSBAS-JERKY-TURSKI-GOVEI,no,no,no,no,0,0,0,0
2610,"Tulum Peyniri Dolgulu Et (Meso punjeno sirom)",tulum-peyniri-dolgulu-et-meso-punjeno-sirom,publish,dry_recipe,https://drycured.com/recepti-baza/tulum-peyniri-dolgulu-et-meso-punjeno-sirom/,"2026-06-04 07:53:29",no,,MD-TULUM_PEYNIRI_DOLGULU_ET_MESO_PUNJENO_SIROM,yes,no,no,no,3614,0,0,0
2611,"Işkembe Dolması (Punjeni goveđi burag)",iskembe-dolmasi-punjeni-govedi-burag,draft,dry_recipe,https://drycured.com/?post_type=dry_recipe&p=2611,"2026-05-30 08:21:38",no,,TUR-ISKEMBE-DOLMAS-PUNJENI-GOVEI,no,no,no,no,0,0,0,0
2612,"Varaždinski Š(p)ek",varazdinski-spek,draft,dry_recipe,https://drycured.com/?post_type=dry_recipe&p=2612,"2026-05-30 08:21:38",no,,HRV-VARAZDINSKI-SPEK,no,no,no,no,0,0,0,0
2613,"Đurđevački Zelenjak",durdevacki-zelenjak,draft,dry_recipe,https://drycured.com/?post_type=dry_recipe&p=2613,"2026-05-30 08:21:38",no,,HRV-UREVACKI-ZELENJAK,no,no,no,no,0,0,0,0
2614,"Virovski Čvarci",virovski-cvarci,publish,dry_recipe,https://drycured.com/recepti-baza/virovski-cvarci/,"2026-06-04 07:53:29",no,,MD-VIROVSKI_CVARCI,yes,no,no,no,3320,0,0,0
2615,"SALCESON OZORKOWY (POLJSKA TLAČENICA)",salceson-ozorkowy-poljska-tlacenica,private,dry_recipe,https://drycured.com/?post_type=dry_recipe&p=2615,"2026-06-04 07:34:54",no,,MD-SALCESON_OZORKOWY_POLJSKA_TLACENICA,yes,no,no,no,3580,0,0,0
2616,"BALERON (POLJSKA DIMLJENA VRATINA)",baleron-poljska-dimljena-vratina,publish,dry_recipe,https://drycured.com/recepti-baza/baleron-poljska-dimljena-vratina/,"2026-06-04 07:53:29",no,,MD-BALERON_POLJSKA_DIMLJENA_VRATINA,yes,no,no,no,3655,0,0,0
2617,"PASZTETOWA (POLJSKA JETRENA PAŠTETA U CRIJEVU)",pasztetowa-poljska-jetrena-pasteta-u-crijevu,private,dry_recipe,https://drycured.com/?post_type=dry_recipe&p=2617,"2026-06-04 07:34:54",no,,MD-PASZTETOWA_POLJSKA_JETRENA_PASTETA_U_CRIJEVU,yes,no,no,no,3671,0,0,0
2618,"KIEŁBASA WĘDZONA (DIMLJENA POLJSKA KOBASICA)",kielbasa-wedzona-dimljena-poljska-kobasica,draft,dry_recipe,https://drycured.com/?post_type=dry_recipe&p=2618,"2026-05-30 08:21:38",no,,POL-KIEBASA-WEDZONA-DIMLJENA-POLJS,no,no,no,no,0,0,0,0
2619,"POLĘDWICA SOPOCKA (SUŠENA SVINJSKA PEČENICA)",poledwica-sopocka-susena-svinjska-pecenica,private,dry_recipe,https://drycured.com/?post_type=dry_recipe&p=2619,"2026-06-04 07:34:54",no,,MD-POL_DWICA_SOPOCKA_SUSENA_SVINJSKA_PECENICA,yes,no,no,no,3642,0,0,0
2620,"SZYNKA WĘDZONA (DIMLJENA ŠUNKA)",szynka-wedzona-dimljena-sunka,publish,dry_recipe,https://drycured.com/recepti-baza/szynka-wedzona-dimljena-sunka/,"2026-06-04 07:53:29",no,,MD-SZYNKA_W_DZONA_DIMLJENA_SUNKA,yes,no,no,no,3470,0,0,0
2621,"BOCZEK WĘDZONY (DIMLJENA SLANINA)",boczek-wedzony-dimljena-slanina,publish,dry_recipe,https://drycured.com/recepti-baza/boczek-wedzony-dimljena-slanina/,"2026-06-04 07:53:29",no,,MD-BOCZEK_W_DZONY_DIMLJENA_SLANINA,yes,no,no,no,3467,0,0,0
2622,"Chouriço Tradicional Português (Tradicionalna portugalska kobasica)",chourico-tradicional-portugues-tradicionalna-portugalska-kobasica,publish,dry_recipe,https://drycured.com/recepti-baza/chourico-tradicional-portugues-tradicionalna-portugalska-kobasica/,"2026-06-04 07:53:29",no,,MD-CHOURICO_TRADICIONAL_PORTUGUES_TRADICIONALNA_PORTUGALSKA_KOBASICA,yes,no,no,no,4224,0,0,0
2623,"Presunto Português (Portugalska pršuta)",presunto-portugues-portugalska-prsuta,publish,dry_recipe,https://drycured.com/recepti-baza/presunto-portugues-portugalska-prsuta/,"2026-06-04 07:53:29",no,,MD-PRESUNTO_PORTUGUES_PORTUGALSKA_PRSUTA,yes,no,no,no,3526,0,0,0
2624,"Paio Alentejano (Alentejanska kobasica)",paio-alentejano-alentejanska-kobasica,publish,dry_recipe,https://drycured.com/recepti-baza/paio-alentejano-alentejanska-kobasica/,"2026-06-04 07:53:29",no,,MD-PAIO_ALENTEJANO_ALENTEJANSKA_KOBASICA,yes,no,no,no,4379,0,0,0
2625,"Farinheira Alentejana (Kobasica s brašnom iz Alenteja)",farinheira-alentejana-kobasica-s-brasnom-iz-alenteja,publish,dry_recipe,https://drycured.com/recepti-baza/farinheira-alentejana-kobasica-s-brasnom-iz-alenteja/,"2026-06-04 07:53:29",no,,MD-FARINHEIRA_ALENTEJANA_KOBASICA_S_BRASNOM_IZ_ALENTEJA,yes,no,no,no,4497,0,0,0
2626,"Presunto de Porco Preto (Pršut od Crne Iberijske Svinje)",,pending,dry_recipe,https://drycured.com/?post_type=dry_recipe&p=2626,"0000-00-00 00:00:00",no,,POR-PRESUNTO-DE-PORCO-PRETO,no,no,no,no,0,0,0,0
2627,"Chouriço de Vinho (Kobasica s Vinom)",chourico-de-vinho-kobasica-s-vinom,publish,dry_recipe,https://drycured.com/recepti-baza/chourico-de-vinho-kobasica-s-vinom/,"2026-06-04 07:53:29",no,,MD-CHOURICO_DE_VINHO_KOBASICA_S_VINOM,yes,no,no,no,4221,0,0,0
2628,"Paio do Alentejo (Alentejo Dimljena Kobasica)",paio-do-alentejo-alentejo-dimljena-kobasica,publish,dry_recipe,https://drycured.com/recepti-baza/paio-do-alentejo-alentejo-dimljena-kobasica/,"2026-06-04 07:53:29",no,,MD-PAIO_DO_ALENTEJO_ALENTEJO_DIMLJENA_KOBASICA,yes,no,no,no,4195,0,0,0
2629,"Alheira de Mirandela (Kobasica iz Mirandele)",alheira-de-mirandela-kobasica-iz-mirandele,publish,dry_recipe,https://drycured.com/recepti-baza/alheira-de-mirandela-kobasica-iz-mirandele/,"2026-06-04 07:53:29",no,,MD-ALHEIRA_DE_MIRANDELA_KOBASICA_IZ_MIRANDELE,yes,no,no,no,4299,0,0,0
2630,"Dalmatinski Pršut (Pršut s Kaštelanskog polja)",,pending,dry_recipe,https://drycured.com/?post_type=dry_recipe&p=2630,"0000-00-00 00:00:00",no,,HRV-DALMATINSKI-PRSUT-PRSUT-S,no,no,no,no,0,0,0,0
2631,"Rovinjska Kobasica",rovinjska-kobasica,publish,dry_recipe,https://drycured.com/recepti-baza/rovinjska-kobasica/,"2026-06-04 07:53:29",no,,MD-ROVINJSKA_KOBASICA,yes,no,no,no,3869,0,0,0
2632,"Krčki Sir-Kobasica",krcki-sir-kobasica,publish,dry_recipe,https://drycured.com/recepti-baza/krcki-sir-kobasica/,"2026-06-04 07:53:29",no,,MD-KRCKI_SIR_KOBASICA,yes,no,no,no,3928,0,0,0
2633,"Senjska Šunka",senjska-sunka,publish,dry_recipe,https://drycured.com/recepti-baza/senjska-sunka/,"2026-06-04 07:53:29",no,,MD-SENJSKA_SUNKA,yes,no,no,no,3242,0,0,0
2634,"Povijesni kontekst suhomesnatih proizvoda u Podravini",,pending,dry_recipe,https://drycured.com/?post_type=dry_recipe&p=2634,"0000-00-00 00:00:00",no,,HRV-POVIJESNI-KONTEKST-SUHOMESNATI,no,no,no,no,0,0,0,0
2635,"Dubinska analiza odabranih recepata",,pending,dry_recipe,https://drycured.com/?post_type=dry_recipe&p=2635,"0000-00-00 00:00:00",no,,HRV-DUBINSKA-ANALIZA-ODABRANIH-REC,no,no,no,no,0,0,0,0
2636,"Izazovi očuvanja tradicije",,pending,dry_recipe,https://drycured.com/?post_type=dry_recipe&p=2636,"0000-00-00 00:00:00",no,,HRV-IZAZOVI-OCUVANJA-TRADICIJE,no,no,no,no,0,0,0,0
2637,"Tradicionalni Thüringer Schinken (Tirinška šunka)",tradicionalni-thuringer-schinken-tirinska-sunka,publish,dry_recipe,https://drycured.com/recepti-baza/tradicionalni-thuringer-schinken-tirinska-sunka/,"2026-06-04 07:53:29",no,,MD-TRADICIONALNI_THURINGER_SCHINKEN_TIRINSKA_SUNKA,yes,no,no,no,3450,0,0,0
2638,"Bavarski Bierschinken (Šunka od piva)",bavarski-bierschinken-sunka-od-piva,publish,dry_recipe,https://drycured.com/recepti-baza/bavarski-bierschinken-sunka-od-piva/,"2026-06-04 07:53:29",no,,MD-BAVARSKI_BIERSCHINKEN_SUNKA_OD_PIVA,yes,no,no,no,3510,0,0,0
2639,"Zalatina (Ζαλατίνα) - Ciparski hladetinasti svinjski narezak",zalatina-%ce%b6%ce%b1%ce%bb%ce%b1%cf%84%ce%af%ce%bd%ce%b1-ciparski-hladetinasti-svinjski-narezak,draft,dry_recipe,https://drycured.com/?post_type=dry_recipe&p=2639,"2026-05-30 08:21:39",no,,CIP-ZALATINA-CIPARSKI-HLADETINASTI,no,no,no,no,0,0,0,0
2640,"Lountza Kafteri (Λούντζα Καυτερή) - Ljuta dimljena svinjska vratina",,pending,dry_recipe,https://drycured.com/?post_type=dry_recipe&p=2640,"0000-00-00 00:00:00",no,,CIP-LOUNTZA-KAFTERI-LJUTA-DIMLJENA,no,no,no,no,0,0,0,0
2641,"Posyrti (Ποσυρτή) - Ciparska suha kobasica s divljim biljem",,pending,dry_recipe,https://drycured.com/?post_type=dry_recipe&p=2641,"0000-00-00 00:00:00",no,,CIP-POSYRTI-CIPARSKA-SUHA-KOBASICA,no,no,no,no,0,0,0,0
2642,"Afelia Pastarma (Αφέλια Παστάρμα) - Ciparska marinirana goveđa pisanica",afelia-pastarma-%ce%b1%cf%86%ce%ad%ce%bb%ce%b9%ce%b1-%cf%80%ce%b1%cf%83%cf%84%ce%ac%cf%81%ce%bc%ce%b1-ciparska-marinirana-goveda-pisanica,draft,dry_recipe,https://drycured.com/?post_type=dry_recipe&p=2642,"2026-05-30 08:21:39",no,,CIP-AFELIA-PASTARMA-CIPARSKA-MARIN,no,no,no,no,0,0,0,0
2643,"Ofto Lountza (Οφτή Λούντζα) - Ciparska zračno sušena janjetina",,pending,dry_recipe,https://drycured.com/?post_type=dry_recipe&p=2643,"0000-00-00 00:00:00",no,,CIP-OFTO-LOUNTZA-CIPARSKA-ZRACNO,no,no,no,no,0,0,0,0
2644,"Fažanski morski salamur (Specijalitet s morskom travom)",fazanski-morski-salamur-specijalitet-s-morskom-travom,private,dry_recipe,https://drycured.com/?post_type=dry_recipe&p=2644,"2026-06-04 07:34:54",no,,MD-FAZANSKI_MORSKI_SALAMUR_SPECIJALITET_S_MORSKOM_TRAVOM,yes,no,no,no,3480,0,0,0
2645,"Viganjska kobasica od divlje svinje s tavom",viganjska-kobasica-od-divlje-svinje-s-tavom,publish,dry_recipe,https://drycured.com/recepti-baza/viganjska-kobasica-od-divlje-svinje-s-tavom/,"2026-06-04 07:53:29",no,,MD-VIGANJSKA_KOBASICA_OD_DIVLJE_SVINJE_S_TAVOM,yes,no,no,no,3953,0,0,0
2646,"Bujski janjetinski specijalitet s lavandom",bujski-janjetinski-specijalitet-s-lavandom,private,dry_recipe,https://drycured.com/?post_type=dry_recipe&p=2646,"2026-06-04 07:34:54",no,,MD-BUJSKI_JANJETINSKI_SPECIJALITET_S_LAVANDOM,yes,no,no,no,3458,0,0,0
2647,"Pazinski specijalitet od kozjeg mesa s kestenom",pazinski-specijalitet-od-kozjeg-mesa-s-kestenom,private,dry_recipe,https://drycured.com/?post_type=dry_recipe&p=2647,"2026-06-04 07:34:54",no,,MD-PAZINSKI_SPECIJALITET_OD_KOZJEG_MESA_S_KESTENOM,yes,no,no,no,3432,0,0,0
2648,"Rovinjski specijalitet od sardele s ružom",rovinjski-specijalitet-od-sardele-s-ruzom,private,dry_recipe,https://drycured.com/?post_type=dry_recipe&p=2648,"2026-06-04 07:34:54",no,,MD-ROVINJSKI_SPECIJALITET_OD_SARDELE_S_RUZOM,yes,no,no,no,3407,0,0,0
2649,"Stara Koprivnička Salama ""Šokačka Priča""",,pending,dry_recipe,https://drycured.com/?post_type=dry_recipe&p=2649,"0000-00-00 00:00:00",no,,HRV-STARA-KOPRIVNICKA-SALAMA-SOKAC,no,no,no,no,0,0,0,0
2650,"Virovski ""Živi Čvarci""",,pending,dry_recipe,https://drycured.com/?post_type=dry_recipe&p=2650,"0000-00-00 00:00:00",no,,HRV-VIROVSKI-ZIVI-CVARCI,no,no,no,no,0,0,0,0
2651,"Ludbreška ""Tajna Kobasica""",,pending,dry_recipe,https://drycured.com/?post_type=dry_recipe&p=2651,"0000-00-00 00:00:00",no,,HRV-LUDBRESKA-TAJNA-KOBASICA,no,no,no,no,0,0,0,0
2652,"Đurđevački ""Zaboravljeni Š(p)ek""",,pending,dry_recipe,https://drycured.com/?post_type=dry_recipe&p=2652,"0000-00-00 00:00:00",no,,HRV-UREVACKI-ZABORAVLJENI-SPEK,no,no,no,no,0,0,0,0
2653,"Pitomački ""Divlji Kulen""",,pending,dry_recipe,https://drycured.com/?post_type=dry_recipe&p=2653,"0000-00-00 00:00:00",no,,HRV-PITOMACKI-DIVLJI-KULEN,no,no,no,no,0,0,0,0
2654,"Pregradski ""Šumski Šaptat""",,pending,dry_recipe,https://drycured.com/?post_type=dry_recipe&p=2654,"0000-00-00 00:00:00",no,,NEP-PREGRADSKI-SUMSKI-SAPTAT,no,no,no,no,0,0,0,0
2655,"Križevački ""Začinski Vjetar""",,pending,dry_recipe,https://drycured.com/?post_type=dry_recipe&p=2655,"0000-00-00 00:00:00",no,,NEP-KRIZEVACKI-ZACINSKI-VJETAR,no,no,no,no,0,0,0,0
2656,"Našički ""Ratarski Sjećaj""",,pending,dry_recipe,https://drycured.com/?post_type=dry_recipe&p=2656,"0000-00-00 00:00:00",no,,NEP-NASICKI-RATARSKI-SJECAJ,no,no,no,no,0,0,0,0
2657,"Draževački ""Veteranski Sjećaj""",,pending,dry_recipe,https://drycured.com/?post_type=dry_recipe&p=2657,"0000-00-00 00:00:00",no,,NEP-DRAZEVACKI-VETERANSKI-SJECAJ,no,no,no,no,0,0,0,0
2658,"Kalničkog ""Gorski Trag""",,pending,dry_recipe,https://drycured.com/?post_type=dry_recipe&p=2658,"0000-00-00 00:00:00",no,,NEP-KALNICKOG-GORSKI-TRAG,no,no,no,no,0,0,0,0
2659,"Podravski ""Zaboravljeni Vrbovec""",,pending,dry_recipe,https://drycured.com/?post_type=dry_recipe&p=2659,"0000-00-00 00:00:00",no,,NEP-PODRAVSKI-ZABORAVLJENI-VRBOVEC,no,no,no,no,0,0,0,0
2660,"Koprivnički ""Seoski Izvor""",,pending,dry_recipe,https://drycured.com/?post_type=dry_recipe&p=2660,"0000-00-00 00:00:00",no,,NEP-KOPRIVNICKI-SEOSKI-IZVOR,no,no,no,no,0,0,0,0
2661,"Đurđevački ""Ribarski Sjaj""",,pending,dry_recipe,https://drycured.com/?post_type=dry_recipe&p=2661,"0000-00-00 00:00:00",no,,NEP-UREVACKI-RIBARSKI-SJAJ,no,no,no,no,0,0,0,0
2662,"Ludbreški ""Planinski Trag""",,pending,dry_recipe,https://drycured.com/?post_type=dry_recipe&p=2662,"0000-00-00 00:00:00",no,,NEP-LUDBRESKI-PLANINSKI-TRAG,no,no,no,no,0,0,0,0
2663,"Virovski ""Šumski Biseri""",,pending,dry_recipe,https://drycured.com/?post_type=dry_recipe&p=2663,"0000-00-00 00:00:00",no,,NEP-VIROVSKI-SUMSKI-BISERI,no,no,no,no,0,0,0,0
2664,"BABIC (Tradicionalna babić kobasica)",babic-tradicionalna-babic-kobasica,publish,dry_recipe,https://drycured.com/recepti-baza/babic-tradicionalna-babic-kobasica/,"2026-06-04 07:53:30",no,,MD-BABIC_TRADICIONALNA_BABIC_KOBASICA,yes,no,no,no,4432,0,0,0
2665,"MUȘCHI ȚIGĂNESC (Ciganski vrat)",muschi-tiganesc-ciganski-vrat,publish,dry_recipe,https://drycured.com/recepti-baza/muschi-tiganesc-ciganski-vrat/,"2026-06-04 07:53:30",no,,MD-MU_CHI_IG_NESC_CIGANSKI_VRAT,yes,no,no,no,3869,0,0,0
2666,"CÂRNAȚI DE BURDUF (Sirnate kobasice)",carnati-de-burduf-sirnate-kobasice,publish,dry_recipe,https://drycured.com/recepti-baza/carnati-de-burduf-sirnate-kobasice/,"2026-06-04 07:53:30",no,,MD-CARNA_I_DE_BURDUF_SIRNATE_KOBASICE,yes,no,no,no,4285,0,0,0
2667,"ȘUNCĂ DE MANGALIȚA AFUMATĂ (Dimljena mangulica šunka)",sunca-de-mangalita-afumata-dimljena-mangulica-sunka,publish,dry_recipe,https://drycured.com/recepti-baza/sunca-de-mangalita-afumata-dimljena-mangulica-sunka/,"2026-06-04 07:53:30",no,,MD-UNC_DE_MANGALI_A_AFUMAT_DIMLJENA_MANGULICA_SUNKA,yes,no,no,no,3829,0,0,0
2668,"CÂRNAŢI DE PLEŞCOI (Pleščojske kobasice)",carnati-de-plescoi-plescojske-kobasice,publish,dry_recipe,https://drycured.com/recepti-baza/carnati-de-plescoi-plescojske-kobasice/,"2026-06-04 07:53:30",no,,MD-CARNA_I_DE_PLE_COI_PLESCOJSKE_KOBASICE,yes,no,no,no,4270,0,0,0
2669,"TOBĂ (Tradidicionalna rumunjska tlačenica)",toba-tradidicionalna-rumunjska-tlacenica,private,dry_recipe,https://drycured.com/?post_type=dry_recipe&p=2669,"2026-06-04 07:34:54",no,,MD-TOB_TRADIDICIONALNA_RUMUNJSKA_TLACENICA,yes,no,no,no,3548,0,0,0
2670,"GHIUDEM (Suha kobasica od ovčetine)",ghiudem-suha-kobasica-od-ovcetine,publish,dry_recipe,https://drycured.com/recepti-baza/ghiudem-suha-kobasica-od-ovcetine/,"2026-06-04 07:53:30",no,,MD-GHIUDEM_SUHA_KOBASICA_OD_OVCETINE,yes,no,no,no,4177,0,0,0
2671,"Basturma (Бастурма - Začinjeno sušeno goveđe meso)",basturma-%d0%b1%d0%b0%d1%81%d1%82%d1%83%d1%80%d0%bc%d0%b0-zacinjeno-suseno-govede-meso,draft,dry_recipe,https://drycured.com/?post_type=dry_recipe&p=2671,"2026-05-30 08:21:40",no,,RUS-BASTURMA-ZACINJENO-SUSENO-GOVE,no,no,no,no,0,0,0,0
2672,"Koryushka (Корюшка - Dimljena mala riba)",koryushka-%d0%ba%d0%be%d1%80%d1%8e%d1%88%d0%ba%d0%b0-dimljena-mala-riba,draft,dry_recipe,https://drycured.com/?post_type=dry_recipe&p=2672,"2026-05-30 08:21:40",no,,RUS-KORYUSHKA-DIMLJENA-MALA-RIBA,no,no,no,no,0,0,0,0
2673,"Svinaya Vyrezka (Свиная вырезка - Sušeni svinjski file)",svinaya-vyrezka-%d1%81%d0%b2%d0%b8%d0%bd%d0%b0%d1%8f-%d0%b2%d1%8b%d1%80%d0%b5%d0%b7%d0%ba%d0%b0-suseni-svinjski-file,draft,dry_recipe,https://drycured.com/?post_type=dry_recipe&p=2673,"2026-05-30 08:21:40",no,,RUS-SVINAYA-VYREZKA-SUSENI-SVINJSK,no,no,no,no,0,0,0,0
2674,"Vetchina (Ветчина - Domaća kuhana šunka)",vetchina-%d0%b2%d0%b5%d1%82%d1%87%d0%b8%d0%bd%d0%b0-domaca-kuhana-sunka,draft,dry_recipe,https://drycured.com/?post_type=dry_recipe&p=2674,"2026-05-30 08:21:40",no,,RUS-VETCHINA-DOMACA-KUHANA-SUNKA,no,no,no,no,0,0,0,0
2675,Sadržaj,,pending,dry_recipe,https://drycured.com/?post_type=dry_recipe&p=2675,"0000-00-00 00:00:00",no,,SKA-SADRZAJ,no,no,no,no,0,0,0,0
2676,"Napomena o danskoj Medister kobasici",,pending,dry_recipe,https://drycured.com/?post_type=dry_recipe&p=2676,"0000-00-00 00:00:00",no,,SKA-NAPOMENA-O-DANSKOJ-MEDISTER,no,no,no,no,0,0,0,0
2677,"? Savjeti za serviranje:",,pending,dry_recipe,https://drycured.com/?post_type=dry_recipe&p=2677,"0000-00-00 00:00:00",no,,SKA-SAVJETI-ZA-SERVIRANJE,no,no,no,no,0,0,0,0
2678,"Sastojci za 4 kg smjese:",sastojci-za-4-kg-smjese,draft,dry_recipe,https://drycured.com/?post_type=dry_recipe&p=2678,"2026-05-30 08:21:40",no,,SKA-SASTOJCI-ZA-4-KG,no,no,no,no,0,0,0,0
2679,"Napomena o belgijskom Boudin Blanc",,pending,dry_recipe,https://drycured.com/?post_type=dry_recipe&p=2679,"0000-00-00 00:00:00",no,,SKA-NAPOMENA-O-BELGIJSKOM-BOUDIN,no,no,no,no,0,0,0,0
2680,"ŠKOTSKI STOVIES MEAT (KONZERVIRANO USOLJENO MESO)",skotski-stovies-meat-konzervirano-usoljeno-meso,draft,dry_recipe,https://drycured.com/?post_type=dry_recipe&p=2680,"2026-05-30 08:21:40",no,,ŠKO-SKOTSKI-STOVIES-MEAT-KONZERVIR,no,no,no,no,0,0,0,0
2681,"FORFAR BRIDIE (ŠKOTSKA MESNA PAŠTETA)",forfar-bridie-skotska-mesna-pasteta,private,dry_recipe,https://drycured.com/?post_type=dry_recipe&p=2681,"2026-06-04 07:34:54",no,,MD-FORFAR_BRIDIE_SKOTSKA_MESNA_PASTETA,yes,no,no,no,3808,0,0,0
2682,"HIGHLAND VENISON HAM (DIMLJENA ŠUNKA OD JELENA)",highland-venison-ham-dimljena-sunka-od-jelena,publish,dry_recipe,https://drycured.com/recepti-baza/highland-venison-ham-dimljena-sunka-od-jelena/,"2026-06-04 07:53:30",no,,MD-HIGHLAND_VENISON_HAM_DIMLJENA_SUNKA_OD_JELENA,yes,no,no,no,3736,0,0,0
2683,"EDINBURGH POTTED HOG (KONZERVIRANO SVINJSKO MESO)",edinburgh-potted-hog-konzervirano-svinjsko-meso,publish,dry_recipe,https://drycured.com/recepti-baza/edinburgh-potted-hog-konzervirano-svinjsko-meso/,"2026-06-04 07:53:30",no,,MD-EDINBURGH_POTTED_HOG_KONZERVIRANO_SVINJSKO_MESO,yes,no,no,no,3964,0,0,0
2684,"ŠKOTSKI HAGGIS",skotski-haggis,publish,dry_recipe,https://drycured.com/recepti-baza/skotski-haggis/,"2026-06-04 07:53:30",no,,MD-SKOTSKI_HAGGIS,yes,no,no,no,3665,0,0,0
2685,"ŠKOTSKI BLACK PUDDING (KRVAVICA)",skotski-black-pudding-krvavica,private,dry_recipe,https://drycured.com/?post_type=dry_recipe&p=2685,"2026-06-04 07:34:54",no,,MD-SKOTSKI_BLACK_PUDDING_KRVAVICA,yes,no,no,no,3751,0,0,0
2687,"AYRSHIRE PRESAVICA (AYRSHIRE MIDDLE CUT)",ayrshire-presavica-ayrshire-middle-cut,publish,dry_recipe,https://drycured.com/recepti-baza/ayrshire-presavica-ayrshire-middle-cut/,"2026-06-04 07:53:30",no,,MD-AYRSHIRE_PRESAVICA_AYRSHIRE_MIDDLE_CUT,yes,no,no,no,3761,0,0,0
2688,"HIGHLANDS JERKY (SUŠENA DIVLJAČ)",highlands-jerky-susena-divljac,publish,dry_recipe,https://drycured.com/recepti-baza/highlands-jerky-susena-divljac/,"2026-06-04 07:53:30",no,,MD-HIGHLANDS_JERKY_SUSENA_DIVLJAC,yes,no,no,no,3760,0,0,0
2689,"KopačkiRib Začinska Štruca",kopackirib-zacinska-struca,publish,dry_recipe,https://drycured.com/recepti-baza/kopackirib-zacinska-struca/,"2026-06-04 07:53:30",no,,MD-KOPACKIRIB_ZACINSKA_STRUCA,yes,no,no,no,3544,0,0,0
2690,"Đakovačka Pihtijana Kobasica",,pending,dry_recipe,https://drycured.com/?post_type=dry_recipe&p=2690,"0000-00-00 00:00:00",no,,HRV-AKOVACKA-PIHTIJANA-KOBASICA,no,no,no,no,0,0,0,0
2691,"Valpovačka Zimska Devenica",valpovacka-zimska-devenica,publish,dry_recipe,https://drycured.com/recepti-baza/valpovacka-zimska-devenica/,"2026-06-04 07:53:30",no,,MD-VALPOVACKA_ZIMSKA_DEVENICA,yes,no,no,no,3487,0,0,0
2692,"Požeška Začinska Štruca",pozeska-zacinska-struca,publish,dry_recipe,https://drycured.com/recepti-baza/pozeska-zacinska-struca/,"2026-06-04 07:53:30",no,,MD-POZESKA_ZACINSKA_STRUCA,yes,no,no,no,3486,0,0,0
2693,"Osječki Začinski Špek",osjecki-zacinski-spek,publish,dry_recipe,https://drycured.com/recepti-baza/osjecki-zacinski-spek/,"2026-06-04 07:53:30",no,,MD-OSJECKI_ZACINSKI_SPEK,yes,no,no,no,3442,0,0,0
2694,"Požeški Pikantni Vrat",pozeski-pikantni-vrat,publish,dry_recipe,https://drycured.com/recepti-baza/pozeski-pikantni-vrat/,"2026-06-04 07:53:30",no,,MD-POZESKI_PIKANTNI_VRAT,yes,no,no,no,3573,0,0,0
2695,"Slavonsko-Brodski Ljuti Čvarci",slavonsko-brodski-ljuti-cvarci,publish,dry_recipe,https://drycured.com/recepti-baza/slavonsko-brodski-ljuti-cvarci/,"2026-06-04 07:53:30",no,,MD-SLAVONSKO_BRODSKI_LJUTI_CVARCI,yes,no,no,no,3568,0,0,0
2696,"Nasički Fermentirani Vrat",nasicki-fermentirani-vrat,publish,dry_recipe,https://drycured.com/recepti-baza/nasicki-fermentirani-vrat/,"2026-06-04 07:53:30",no,,MD-NASICKI_FERMENTIRANI_VRAT,yes,no,no,no,3552,0,0,0
2697,"Baranjska Ljuta Slavonska Kobasica",baranjska-ljuta-slavonska-kobasica,publish,dry_recipe,https://drycured.com/recepti-baza/baranjska-ljuta-slavonska-kobasica/,"2026-06-04 07:53:30",no,,MD-BARANJSKA_LJUTA_SLAVONSKA_KOBASICA,yes,no,no,no,3937,0,0,0
2698,"Slavonska Domaća Suhomesnata Salama",slavonska-domaca-suhomesnata-salama,publish,dry_recipe,https://drycured.com/recepti-baza/slavonska-domaca-suhomesnata-salama/,"2026-06-04 07:53:30",no,,MD-SLAVONSKA_DOMACA_SUHOMESNATA_SALAMA,yes,no,no,no,3972,0,0,0
2699,"Baranjska Fermenetirana Kobasica",baranjska-fermenetirana-kobasica,publish,dry_recipe,https://drycured.com/recepti-baza/baranjska-fermenetirana-kobasica/,"2026-06-04 07:53:30",no,,MD-BARANJSKA_FERMENETIRANA_KOBASICA,yes,no,no,no,3849,0,0,0
2700,"Osječka Specijalna Suhomesnata Salama",osjecka-specijalna-suhomesnata-salama,private,dry_recipe,https://drycured.com/?post_type=dry_recipe&p=2700,"2026-06-04 07:34:54",no,,MD-OSJECKA_SPECIJALNA_SUHOMESNATA_SALAMA,yes,no,no,no,3504,0,0,0
2701,"Vukovarska Tradicionalna Kobasica",vukovarska-tradicionalna-kobasica,publish,dry_recipe,https://drycured.com/recepti-baza/vukovarska-tradicionalna-kobasica/,"2026-06-04 07:53:30",no,,MD-VUKOVARSKA_TRADICIONALNA_KOBASICA,yes,no,no,no,3823,0,0,0
2702,"Baranjski Začinski Špek s Pustara Začinima",baranjski-zacinski-spek-s-pustara-zacinima,publish,dry_recipe,https://drycured.com/recepti-baza/baranjski-zacinski-spek-s-pustara-zacinima/,"2026-06-04 07:53:30",no,,MD-BARANJSKI_ZACINSKI_SPEK_S_PUSTARA_ZACINIMA,yes,no,no,no,3409,0,0,0
2703,"Erdutski Fermentirani Vrat s Podunavskim Začinima",erdutski-fermentirani-vrat-s-podunavskim-zacinima,publish,dry_recipe,https://drycured.com/recepti-baza/erdutski-fermentirani-vrat-s-podunavskim-zacinima/,"2026-06-04 07:53:30",no,,MD-ERDUTSKI_FERMENTIRANI_VRAT_S_PODUNAVSKIM_ZACINIMA,yes,no,no,no,3705,0,0,0
2704,"Osječko-Baranjski Ljuti Špek s Divljim Travama",osjecko-baranjski-ljuti-spek-s-divljim-travama,publish,dry_recipe,https://drycured.com/recepti-baza/osjecko-baranjski-ljuti-spek-s-divljim-travama/,"2026-06-04 07:53:30",no,,MD-OSJECKO_BARANJSKI_LJUTI_SPEK_S_DIVLJIM_TRAVAMA,yes,no,no,no,3343,0,0,0
2705,"Vukovarski Fermentirani Vrat s Podunavskim Začinima",vukovarski-fermentirani-vrat-s-podunavskim-zacinima,publish,dry_recipe,https://drycured.com/recepti-baza/vukovarski-fermentirani-vrat-s-podunavskim-zacinima/,"2026-06-04 07:53:30",no,,MD-VUKOVARSKI_FERMENTIRANI_VRAT_S_PODUNAVSKIM_ZACINIMA,yes,no,no,no,3678,0,0,0
2706,"Tradicijski Baranjski Specijalni Fermentirani Špek",tradicijski-baranjski-specijalni-fermentirani-spek,private,dry_recipe,https://drycured.com/?post_type=dry_recipe&p=2706,"2026-06-04 07:34:55",no,,MD-TRADICIJSKI_BARANJSKI_SPECIJALNI_FERMENTIRANI_SPEK,yes,no,no,no,3512,0,0,0
2707,"Klobása (slovačka kobasica)",klobasa-slovacka-kobasica,publish,dry_recipe,https://drycured.com/recepti-baza/klobasa-slovacka-kobasica/,"2026-06-04 07:53:30",no,,MD-KLOBASA_SLOVACKA_KOBASICA,yes,no,no,no,4343,0,0,0
2708,"Údené mäso (dimljeno meso)",udene-maso-dimljeno-meso,publish,dry_recipe,https://drycured.com/recepti-baza/udene-maso-dimljeno-meso/,"2026-06-04 07:53:30",no,,MD-UDENE_MASO_DIMLJENO_MESO,yes,no,no,no,3834,0,0,0
2709,"Huspenina (slovačka hladetina)",huspenina-slovacka-hladetina,private,dry_recipe,https://drycured.com/?post_type=dry_recipe&p=2709,"2026-06-04 07:34:55",no,,MD-HUSPENINA_SLOVACKA_HLADETINA,yes,no,no,no,3556,0,0,0
2710,"Jaternice (slovačke krvavice)",jaternice-slovacke-krvavice,private,dry_recipe,https://drycured.com/?post_type=dry_recipe&p=2710,"2026-06-04 07:34:55",no,,MD-JATERNICE_SLOVACKE_KRVAVICE,yes,no,no,no,4069,0,0,0
2711,"Posoška bunka",pososka-bunka,private,dry_recipe,https://drycured.com/?post_type=dry_recipe&p=2711,"2026-06-04 07:34:55",no,,MD-POSOSKA_BUNKA,yes,no,no,no,3528,0,0,0
2712,"Koroška tunka",koroska-tunka,publish,dry_recipe,https://drycured.com/recepti-baza/koroska-tunka/,"2026-06-04 07:53:30",no,,MD-KOROSKA_TUNKA,yes,no,no,no,4221,0,0,0
2713,"Zasavska klobasa (Zasavska kobasica)",zasavska-klobasa-zasavska-kobasica,publish,dry_recipe,https://drycured.com/recepti-baza/zasavska-klobasa-zasavska-kobasica/,"2026-06-04 07:53:30",no,,MD-ZASAVSKA_KLOBASA_ZASAVSKA_KOBASICA,yes,no,no,no,4243,0,0,0
2714,"Prleška tünka",prleska-tunka,publish,dry_recipe,https://drycured.com/recepti-baza/prleska-tunka/,"2026-06-04 07:53:30",no,,MD-PRLESKA_TUNKA,yes,no,no,no,3894,0,0,0
2715,"Idrijsko kosilo",idrijsko-kosilo,publish,dry_recipe,https://drycured.com/recepti-baza/idrijsko-kosilo/,"2026-06-04 07:53:30",no,,MD-IDRIJSKO_KOSILO,yes,no,no,no,3795,0,0,0
2716,"Dolenjska tlačenka (prezvuršt)",dolenjska-tlacenka-prezvurst,private,dry_recipe,https://drycured.com/?post_type=dry_recipe&p=2716,"2026-06-04 07:34:55",no,,MD-DOLENJSKA_TLACENKA_PREZVURST,yes,no,no,no,3495,0,0,0
2717,"Savinjski želodec (Savinjski želudac)",savinjski-zelodec-savinjski-zeludac,publish,dry_recipe,https://drycured.com/recepti-baza/savinjski-zelodec-savinjski-zeludac/,"2026-06-04 07:53:31",no,,MD-SAVINJSKI_ZELODEC_SAVINJSKI_ZELUDAC,yes,no,no,no,3567,0,0,0
2718,"Prekmurska šunka",prekmurska-sunka,publish,dry_recipe,https://drycured.com/recepti-baza/prekmurska-sunka/,"2026-06-04 07:53:31",no,,MD-PREKMURSKA_SUNKA,yes,no,no,no,3311,0,0,0
2719,"Zgornjesavinjski želodec",,pending,dry_recipe,https://drycured.com/?post_type=dry_recipe&p=2719,"0000-00-00 00:00:00",no,,SLO-ZGORNJESAVINJSKI-ZELODEC,no,no,no,no,0,0,0,0
2720,"Lomo Embuchado - Začinjena Suha Svinjska Leđa",lomo-embuchado-zacinjena-suha-svinjska-leda,draft,dry_recipe,https://drycured.com/?post_type=dry_recipe&p=2720,"2026-05-30 08:21:42",no,,ŠPA-LOMO-EMBUCHADO-ZACINJENA-SUHA,no,no,no,no,0,0,0,0
2721,"Cecina de León - Sušena Goveđa Cecina",,pending,dry_recipe,https://drycured.com/?post_type=dry_recipe&p=2721,"0000-00-00 00:00:00",no,,ŠPA-CECINA-DE-LEON-SUSENA,no,no,no,no,0,0,0,0
2722,"Crnogorska Pršuta (Njeguška pršuta)",crnogorska-prsuta-njeguska-prsuta,publish,dry_recipe,https://drycured.com/recepti-baza/crnogorska-prsuta-njeguska-prsuta/,"2026-06-04 07:53:31",no,,MD-CRNOGORSKA_PRSUTA_NJEGUSKA_PRSUTA,yes,no,no,no,3330,0,0,0
2723,"Crnogorska Kastradina",crnogorska-kastradina,publish,dry_recipe,https://drycured.com/recepti-baza/crnogorska-kastradina/,"2026-06-04 07:53:31",no,,MD-CRNOGORSKA_KASTRADINA,yes,no,no,no,3459,0,0,0
2724,"PRINSKORV (ŠVEDSKE TANKE DIMLJENE KOBASICE)",prinskorv-svedske-tanke-dimljene-kobasice,publish,dry_recipe,https://drycured.com/recepti-baza/prinskorv-svedske-tanke-dimljene-kobasice/,"2026-06-04 07:53:31",no,,MD-PRINSKORV_SVEDSKE_TANKE_DIMLJENE_KOBASICE,yes,no,no,no,4124,0,0,0
2725,"FLÄSKLÄGG (DIMLJENA SVINJSKA KOLJENICA)",flasklagg-dimljena-svinjska-koljenica,publish,dry_recipe,https://drycured.com/recepti-baza/flasklagg-dimljena-svinjska-koljenica/,"2026-06-04 07:53:31",no,,MD-FLASKLAGG_DIMLJENA_SVINJSKA_KOLJENICA,yes,no,no,no,3704,0,0,0
2726,"ÖLÄNDSK GETKORV (ÖLANDSKA KOZJA KOBASICA)",olandsk-getkorv-olandska-kozja-kobasica,publish,dry_recipe,https://drycured.com/recepti-baza/olandsk-getkorv-olandska-kozja-kobasica/,"2026-06-04 07:53:31",no,,MD-OLANDSK_GETKORV_OLANDSKA_KOZJA_KOBASICA,yes,no,no,no,4059,0,0,0
2727,"KRONOBERGSKORV (KRONOBERGŠKA KOBASICA)",kronobergskorv-kronobergska-kobasica,publish,dry_recipe,https://drycured.com/recepti-baza/kronobergskorv-kronobergska-kobasica/,"2026-06-04 07:53:31",no,,MD-KRONOBERGSKORV_KRONOBERGSKA_KOBASICA,yes,no,no,no,4158,0,0,0
2728,"VÄRMLANDSKORV (VÄRMLANDSKA DIMLJENA KOBASICA)",varmlandskorv-varmlandska-dimljena-kobasica,publish,dry_recipe,https://drycured.com/recepti-baza/varmlandskorv-varmlandska-dimljena-kobasica/,"2026-06-04 07:53:31",no,,MD-VARMLANDSKORV_VARMLANDSKA_DIMLJENA_KOBASICA,yes,no,no,no,4166,0,0,0
2729,"FALUKORV (TRADICIONALNA ŠVEDSKA KOBASICA)",falukorv-tradicionalna-svedska-kobasica,publish,dry_recipe,https://drycured.com/recepti-baza/falukorv-tradicionalna-svedska-kobasica/,"2026-06-04 07:53:31",no,,MD-FALUKORV_TRADICIONALNA_SVEDSKA_KOBASICA,yes,no,no,no,3977,0,0,0
2730,"GRAVAD LAX (ŠVEDSKI GRAVLJENI LOSOS)",gravad-lax-svedski-gravljeni-losos,publish,dry_recipe,https://drycured.com/recepti-baza/gravad-lax-svedski-gravljeni-losos/,"2026-06-04 09:08:42",no,,MD-GRAVAD_LAX_SVEDSKI_GRAVLJENI_LOSOS,yes,no,no,no,3579,0,0,0
2731,"JULSKINKA (ŠVEDSKA BOŽIĆNA ŠUNKA)",julskinka-svedska-bozicna-sunka,draft,dry_recipe,https://drycured.com/?post_type=dry_recipe&p=2731,"2026-05-30 08:21:43",no,,ŠVE-JULSKINKA-SVEDSKA-BOZICNA-SUNK,no,no,no,no,0,0,0,0
2732,"ISTERBAND (ŠVEDSKA FERMENTIRANA KOBASICA)",isterband-svedska-fermentirana-kobasica,publish,dry_recipe,https://drycured.com/recepti-baza/isterband-svedska-fermentirana-kobasica/,"2026-06-04 07:53:31",no,,MD-ISTERBAND_SVEDSKA_FERMENTIRANA_KOBASICA,yes,no,no,no,4166,0,0,0
2733,"SPICKESKINKA (ŠVEDSKA SUHA ŠUNKA)",spickeskinka-svedska-suha-sunka,publish,dry_recipe,https://drycured.com/recepti-baza/spickeskinka-svedska-suha-sunka/,"2026-06-04 07:53:31",no,,MD-SPICKESKINKA_SVEDSKA_SUHA_SUNKA,yes,no,no,no,3418,0,0,0
2734,"ENGADINER HATECLETT (SUŠENI KOZJI BUT)",engadiner-hateclett-suseni-kozji-but,draft,dry_recipe,https://drycured.com/?post_type=dry_recipe&p=2734,"2026-05-30 08:21:43",no,,ŠVI-ENGADINER-HATECLETT-SUSENI-KOZ,no,no,no,no,0,0,0,0
2735,"BASLER LÄBERLI (SUHA JETRENA KOBASICA IZ BASELA)",basler-laberli-suha-jetrena-kobasica-iz-basela,private,dry_recipe,https://drycured.com/?post_type=dry_recipe&p=2735,"2026-06-04 07:34:55",no,,MD-BASLER_LABERLI_SUHA_JETRENA_KOBASICA_IZ_BASELA,yes,no,no,no,3948,0,0,0
2736,"GLARNER KALBERWURST (TELEĆA KOBASICA IZ GLARUSA)",glarner-kalberwurst-teleca-kobasica-iz-glarusa,publish,dry_recipe,https://drycured.com/recepti-baza/glarner-kalberwurst-teleca-kobasica-iz-glarusa/,"2026-06-04 07:53:31",no,,MD-GLARNER_KALBERWURST_TELECA_KOBASICA_IZ_GLARUSA,yes,no,no,no,4359,0,0,0
2737,"CHURER SALSIZ (DIVLJAČKA KOBASICA IZ CHURA)",churer-salsiz-divljacka-kobasica-iz-chura,publish,dry_recipe,https://drycured.com/recepti-baza/churer-salsiz-divljacka-kobasica-iz-chura/,"2026-06-04 07:53:31",no,,MD-CHURER_SALSIZ_DIVLJACKA_KOBASICA_IZ_CHURA,yes,no,no,no,4550,0,0,0
2738,"TESSINER LUGANIGHETTA (SVJEŽA KOBASICA IZ TICINA)",tessiner-luganighetta-svjeza-kobasica-iz-ticina,private,dry_recipe,https://drycured.com/?post_type=dry_recipe&p=2738,"2026-06-04 07:34:55",no,,MD-TESSINER_LUGANIGHETTA_SVJEZA_KOBASICA_IZ_TICINA,yes,no,no,no,4400,0,0,0
2739,"ZUGER HIRSCHTROCKENWURST (KOBASICA OD JELENA IZ ZUGA)",zuger-hirschtrockenwurst-kobasica-od-jelena-iz-zuga,draft,dry_recipe,https://drycured.com/?post_type=dry_recipe&p=2739,"2026-05-30 08:21:43",no,,ŠVI-ZUGER-HIRSCHTROCKENWURST-KOBAS,no,no,no,no,0,0,0,0
2740,"SCHAFFHAUSER SCHÜBLIG (DIMLJENA GOVEĐA KOBASICA)",schaffhauser-schublig-dimljena-goveda-kobasica,draft,dry_recipe,https://drycured.com/?post_type=dry_recipe&p=2740,"2026-05-30 08:21:43",no,,ŠVI-SCHAFFHAUSER-SCHUBLIG-DIMLJENA,no,no,no,no,0,0,0,0
2741,"AARGAUER RÜEBLIWURST (MESNATA KOBASICA S MRKVOM)",aargauer-ruebliwurst-mesnata-kobasica-s-mrkvom,publish,dry_recipe,https://drycured.com/recepti-baza/aargauer-ruebliwurst-mesnata-kobasica-s-mrkvom/,"2026-06-04 07:53:31",no,,MD-AARGAUER_RUEBLIWURST_MESNATA_KOBASICA_S_MRKVOM,yes,no,no,no,4277,0,0,0
2742,"BÜNDNERFLEISCH (GRAUBÜNDENSKI SUŠENI GOVEĐI BUT)",bundnerfleisch-graubundenski-suseni-govedi-but,draft,dry_recipe,https://drycured.com/?post_type=dry_recipe&p=2742,"2026-05-30 08:21:43",no,,ŠVI-BUNDNERFLEISCH-GRAUBUNDENSKI-S,no,no,no,no,0,0,0,0
2743,"APPENZELLER MOSTBRÖCKLI (DIMLJENA GOVEDINA)",,pending,dry_recipe,https://drycured.com/?post_type=dry_recipe&p=2743,"0000-00-00 00:00:00",no,,ŠVI-APPENZELLER-MOSTBROCKLI-DIMLJE,no,no,no,no,0,0,0,0
2744,"WALLISER TROCKENFLEISCH (SUŠENA GOVEDINA IZ VALAISA)",walliser-trockenfleisch-susena-govedina-iz-valaisa,publish,dry_recipe,https://drycured.com/recepti-baza/walliser-trockenfleisch-susena-govedina-iz-valaisa/,"2026-06-04 07:53:31",no,,MD-WALLISER_TROCKENFLEISCH_SUSENA_GOVEDINA_IZ_VALAISA,yes,no,no,no,3449,0,0,0
2745,"SALSIZ (ALPSKA SUHA KOBASICA)",salsiz-alpska-suha-kobasica,publish,dry_recipe,https://drycured.com/recepti-baza/salsiz-alpska-suha-kobasica/,"2026-06-04 07:53:31",no,,MD-SALSIZ_ALPSKA_SUHA_KOBASICA,yes,no,no,no,4379,0,0,0
2746,"CULATELLO DI ZIBELLO",culatello-di-zibello,publish,dry_recipe,https://drycured.com/recepti-baza/culatello-di-zibello/,"2026-06-04 07:53:31",no,,MD-CULATELLO_DI_ZIBELLO,yes,no,no,no,3706,0,0,0
2747,"LONZINO (LOMBO)",lonzino-lombo,publish,dry_recipe,https://drycured.com/recepti-baza/lonzino-lombo/,"2026-06-04 07:53:32",no,,MD-LONZINO_LOMBO,yes,no,no,no,3582,0,0,0
2748,"Napomena o posebnosti Lorne kobasice",,pending,dry_recipe,https://drycured.com/?post_type=dry_recipe&p=2748,"0000-00-00 00:00:00",no,,NEP-NAPOMENA-O-POSEBNOSTI-LORNE,no,no,no,no,0,0,0,0
2749,"? Savjeti za konzumaciju:",,pending,dry_recipe,https://drycured.com/?post_type=dry_recipe&p=2749,"0000-00-00 00:00:00",no,,NEP-SAVJETI-ZA-KONZUMACIJU,no,no,no,no,0,0,0,0
2750,"Herzegovina Livanjska Devenica",,pending,dry_recipe,https://drycured.com/?post_type=dry_recipe&p=2750,"0000-00-00 00:00:00",no,,NEP-HERZEGOVINA-LIVANJSKA-DEVENICA,no,no,no,no,0,0,0,0
2751,"Tuzlanski Švargli",,pending,dry_recipe,https://drycured.com/?post_type=dry_recipe&p=2751,"0000-00-00 00:00:00",no,,NEP-TUZLANSKI-SVARGLI,no,no,no,no,0,0,0,0
2752,"Zeleni Burek Kobasica (Specifičnost Cazinske doline)",,pending,dry_recipe,https://drycured.com/?post_type=dry_recipe&p=2752,"0000-00-00 00:00:00",no,,NEP-ZELENI-BUREK-KOBASICA-SPECIFIC,no,no,no,no,0,0,0,0
2753,"Mostarsko Zrno - Unikatna Mesna Kombinacija",,pending,dry_recipe,https://drycured.com/?post_type=dry_recipe&p=2753,"0000-00-00 00:00:00",no,,NEP-MOSTARSKO-ZRNO-UNIKATNA-MESNA,no,no,no,no,0,0,0,0
2754,"Regije i Status Istraživanja",,pending,dry_recipe,https://drycured.com/?post_type=dry_recipe&p=2754,"0000-00-00 00:00:00",no,,NEP-REGIJE-I-STATUS-ISTRAZIVANJA,no,no,no,no,0,0,0,0
2755,"Metodologija Istraživanja",,pending,dry_recipe,https://drycured.com/?post_type=dry_recipe&p=2755,"0000-00-00 00:00:00",no,,NEP-METODOLOGIJA-ISTRAZIVANJA,no,no,no,no,0,0,0,0
2756,"Ciljevi Projekta",,pending,dry_recipe,https://drycured.com/?post_type=dry_recipe&p=2756,"0000-00-00 00:00:00",no,,NEP-CILJEVI-PROJEKTA,no,no,no,no,0,0,0,0
2757,"Kontakt i Suradnja",,pending,dry_recipe,https://drycured.com/?post_type=dry_recipe&p=2757,"0000-00-00 00:00:00",no,,NEP-KONTAKT-I-SURADNJA,no,no,no,no,0,0,0,0
2758,"Polendvytsia (Полендвиця) - Sušeni svinjski file",polendvytsia-%d0%bf%d0%be%d0%bb%d0%b5%d0%bd%d0%b4%d0%b2%d0%b8%d1%86%d1%8f-suseni-svinjski-file,draft,dry_recipe,https://drycured.com/?post_type=dry_recipe&p=2758,"2026-05-30 08:21:44",no,,UKR-POLENDVYTSIA-SUSENI-SVINJSKI-F,no,no,no,no,0,0,0,0
2759,"Pashtetna (Паштетна) - Pečena mesna pašteta",pashtetna-%d0%bf%d0%b0%d1%88%d1%82%d0%b5%d1%82%d0%bd%d0%b0-pecena-mesna-pasteta-2,draft,dry_recipe,https://drycured.com/?post_type=dry_recipe&p=2759,"2026-05-30 08:21:44",no,,UKR-PASHTETNA-PECENA-MESNA-PASTETA,no,no,no,no,0,0,0,0
2760,"Miasnyi Khlib (М'ясний хліб) - Mesni kruh",miasnyi-khlib-%d0%bc%d1%8f%d1%81%d0%bd%d0%b8%d0%b9-%d1%85%d0%bb%d1%96%d0%b1-mesni-kruh,draft,dry_recipe,https://drycured.com/?post_type=dry_recipe&p=2760,"2026-05-30 08:21:44",no,,UKR-MIASNYI-KHLIB-MESNI-KRUH,no,no,no,no,0,0,0,0
2761,"Dimlenyi Yazyk (Димлений язик) - Dimljeni goveđi jezik",dimlenyi-yazyk-%d0%b4%d0%b8%d0%bc%d0%bb%d0%b5%d0%bd%d0%b8%d0%b9-%d1%8f%d0%b7%d0%b8%d0%ba-dimljeni-govedi-jezik,draft,dry_recipe,https://drycured.com/?post_type=dry_recipe&p=2761,"2026-05-30 08:21:44",no,,UKR-DIMLENYI-YAZYK-DIMLJENI-GOVEI,no,no,no,no,0,0,0,0
2762,"Salo (Сало) - Ukrajinska slanina",salo-%d1%81%d0%b0%d0%bb%d0%be-ukrajinska-slanina-2,draft,dry_recipe,https://drycured.com/?post_type=dry_recipe&p=2762,"2026-05-30 08:21:44",no,,UKR-SALO-UKRAJINSKA-SLANINA,no,no,no,no,0,0,0,0
2763,"Domašnja Kovbasa (Домашня ковбаса) - Domaća kobasica",domasnja-kovbasa-%d0%b4%d0%be%d0%bc%d0%b0%d1%88%d0%bd%d1%8f-%d0%ba%d0%be%d0%b2%d0%b1%d0%b0%d1%81%d0%b0-domaca-kobasica-2,draft,dry_recipe,https://drycured.com/?post_type=dry_recipe&p=2763,"2026-05-30 08:21:44",no,,UKR-DOMASNJA-KOVBASA-DOMACA-KOBASI,no,no,no,no,0,0,0,0
2764,"Buženina (Буженина) - Pečena i sušena svinjetina",buzenina-%d0%b1%d1%83%d0%b6%d0%b5%d0%bd%d0%b8%d0%bd%d0%b0-pecena-i-susena-svinjetina,draft,dry_recipe,https://drycured.com/?post_type=dry_recipe&p=2764,"2026-05-30 08:21:44",no,,UKR-BUZENINA-PECENA-I-SUSENA,no,no,no,no,0,0,0,0
2765,"Kholodets (Холодець) - Hladetina od mesa",kholodets-%d1%85%d0%be%d0%bb%d0%be%d0%b4%d0%b5%d1%86%d1%8c-hladetina-od-mesa-2,draft,dry_recipe,https://drycured.com/?post_type=dry_recipe&p=2765,"2026-05-30 08:21:44",no,,UKR-KHOLODETS-HLADETINA-OD-MESA,no,no,no,no,0,0,0,0
2766,"Solonina (Солонина) - Salamurena govedina",solonina-%d1%81%d0%be%d0%bb%d0%be%d0%bd%d0%b8%d0%bd%d0%b0-salamurena-govedina-2,draft,dry_recipe,https://drycured.com/?post_type=dry_recipe&p=2766,"2026-05-30 08:21:44",no,,UKR-SOLONINA-SALAMURENA-GOVEDINA,no,no,no,no,0,0,0,0
2767,"Geografski i klimatski kontekst",,pending,dry_recipe,https://drycured.com/?post_type=dry_recipe&p=2767,"0000-00-00 00:00:00",no,,HRV-GEOGRAFSKI-I-KLIMATSKI-KONTEKS,no,no,no,no,0,0,0,0
2768,"Najznačajniji suhomesnati proizvodi",,pending,dry_recipe,https://drycured.com/?post_type=dry_recipe&p=2768,"0000-00-00 00:00:00",no,,HRV-NAJZNACAJNIJI-SUHOMESNATI-PROI,no,no,no,no,0,0,0,0
2769,"Kulturni značaj",,pending,dry_recipe,https://drycured.com/?post_type=dry_recipe&p=2769,"0000-00-00 00:00:00",no,,HRV-KULTURNI-ZNACAJ,no,no,no,no,0,0,0,0
2770,"Izazovi i budućnost",,pending,dry_recipe,https://drycured.com/?post_type=dry_recipe&p=2770,"0000-00-00 00:00:00",no,,HRV-IZAZOVI-I-BUDUCNOST,no,no,no,no,0,0,0,0
2771,Zaključak,,pending,dry_recipe,https://drycured.com/?post_type=dry_recipe&p=2771,"0000-00-00 00:00:00",no,,HRV-ZAKLJUCAK,no,no,no,no,0,0,0,0
2772,"Pâté de Campagne (Seljački pašteta)",pate-de-campagne-seljacki-pasteta,private,dry_recipe,https://drycured.com/?post_type=dry_recipe&p=2772,"2026-06-04 07:34:55",no,,MD-PATE_DE_CAMPAGNE_SELJACKI_PASTETA,yes,no,no,no,4038,0,0,0
2773,"Boudin Noir (Krvavica)",boudin-noir-krvavica,private,dry_recipe,https://drycured.com/?post_type=dry_recipe&p=2773,"2026-06-04 07:34:55",no,,MD-BOUDIN_NOIR_KRVAVICA,yes,no,no,no,3755,0,0,0
2774,"Jambon Persillé (Šunka u želeu s peršinom)",jambon-persille-sunka-u-zeleu-s-persinom,publish,dry_recipe,https://drycured.com/recepti-baza/jambon-persille-sunka-u-zeleu-s-persinom/,"2026-06-04 07:53:27",no,,MD-JAMBON_PERSILLE_SUNKA_U_ZELEU_S_PERSINOM,yes,no,no,no,3638,0,0,0
2775,"Cervelas de Lyon (Lionska kobasica)",,pending,dry_recipe,https://drycured.com/?post_type=dry_recipe&p=2775,"0000-00-00 00:00:00",no,,FRA-CERVELAS-DE-LYON-LIONSKA,no,no,no,no,0,0,0,0
2776,"Kepeninė dešra (Litavska jetrena kobasica)",kepenine-desra-litavska-jetrena-kobasica,private,dry_recipe,https://drycured.com/?post_type=dry_recipe&p=2776,"2026-06-04 07:34:55",no,,MD-KEPENIN_DESRA_LITAVSKA_JETRENA_KOBASICA,yes,no,no,no,3763,0,0,0
2777,"Kulen iz Požeške doline - Specijalna varijanta s divljim začinima",kulen-iz-pozeske-doline-specijalna-varijanta-s-divljim-zacinima,private,dry_recipe,https://drycured.com/?post_type=dry_recipe&p=2777,"2026-06-04 07:34:55",no,,MD-KULEN_IZ_POZESKE_DOLINE_SPECIJALNA_VARIJANTA_S_DIVLJIM_ZACINIMA,yes,no,no,no,3908,0,0,0
2778,"Čvarci s Papuka - Planinski recept",cvarci-s-papuka-planinski-recept,publish,dry_recipe,https://drycured.com/recepti-baza/cvarci-s-papuka-planinski-recept/,"2026-06-04 07:53:30",no,,MD-CVARCI_S_PAPUKA_PLANINSKI_RECEPT,yes,no,no,no,3621,0,0,0
2779,"Slavonski cviček (suhomesnati narez)",slavonski-cvicek-suhomesnati-narez,publish,dry_recipe,https://drycured.com/recepti-baza/slavonski-cvicek-suhomesnati-narez/,"2026-06-04 07:53:30",no,,MD-SLAVONSKI_CVICEK_SUHOMESNATI_NAREZ,yes,no,no,no,3420,0,0,0
2780,"Slavonski pikantni vrat",slavonski-pikantni-vrat,publish,dry_recipe,https://drycured.com/recepti-baza/slavonski-pikantni-vrat/,"2026-06-04 07:53:30",no,,MD-SLAVONSKI_PIKANTNI_VRAT,yes,no,no,no,3556,0,0,0
2781,"Esencijalni slavonski sušeni vrat s divljim začinima",esencijalni-slavonski-suseni-vrat-s-divljim-zacinima,publish,dry_recipe,https://drycured.com/recepti-baza/esencijalni-slavonski-suseni-vrat-s-divljim-zacinima/,"2026-06-04 07:53:30",no,,MD-ESENCIJALNI_SLAVONSKI_SUSENI_VRAT_S_DIVLJIM_ZACINIMA,yes,no,no,no,3440,0,0,0
2782,"Coppa Piacentina - Piacentinska Coppa",,pending,dry_recipe,https://drycured.com/?post_type=dry_recipe&p=2782,"0000-00-00 00:00:00",no,,ITA-COPPA-PIACENTINA-PIACENTINSKA-,no,no,no,no,0,0,0,0
2783,"Nduja Calabrese - Kalabrijska Nduja",nduja-calabrese-kalabrijska-nduja-2,draft,dry_recipe,https://drycured.com/?post_type=dry_recipe&p=2783,"2026-05-30 08:21:45",no,,ITA-NDUJA-CALABRESE-KALABRIJSKA-ND,no,no,no,no,0,0,0,0
2784,"Guanciale Romano - Rimski Guanciale",guanciale-romano-rimski-guanciale-2,draft,dry_recipe,https://drycured.com/?post_type=dry_recipe&p=2784,"2026-05-30 08:21:45",no,,ITA-GUANCIALE-ROMANO-RIMSKI-GUANCI,no,no,no,no,0,0,0,0
2785,"SALAME MILANO - MILANSKA SALAMA",salame-milano-milanska-salama-2,draft,dry_recipe,https://drycured.com/?post_type=dry_recipe&p=2785,"2026-05-30 08:21:45",no,,ITA-SALAME-MILANO-MILANSKA-SALAMA,no,no,no,no,0,0,0,0
2786,"COPPA (CAPOCOLLO) - TALIJANSKA VRATINA",coppa-capocollo-talijanska-vratina-2,draft,dry_recipe,https://drycured.com/?post_type=dry_recipe&p=2786,"2026-05-30 08:21:45",no,,ITA-COPPA-CAPOCOLLO-TALIJANSKA-VRA,no,no,no,no,0,0,0,0
2859,"IstARSKA KOBASICA",istarska-kobasica-2,draft,dry_recipe,https://drycured.com/?post_type=dry_recipe&p=2859,"2026-05-30 08:21:45",no,,DRY--5423F8C7,no,no,no,no,0,0,0,0
2860,"Šokačka kobasica by Davor",sokacka-kobasica-by-davor,draft,dry_recipe,https://drycured.com/?post_type=dry_recipe&p=2860,"2026-05-30 08:21:45",no,,DRY--CD04B118,no,no,no,no,0,0,0,0
2972,"Slavonski kulen (PDO EU)",hr-sl-001-slavonski-kulen-pdo-eu,publish,dry_recipe,https://drycured.com/recepti-baza/hr-sl-001-slavonski-kulen-pdo-eu/,"2026-06-04 07:40:04",no,,HR-SL-001,yes,yes,yes,no,6032,6315,8497,0
2973,"Kulenova seka",hr-sl-002-kulenova-seka,publish,dry_recipe,https://drycured.com/recepti-baza/hr-sl-002-kulenova-seka/,"2026-06-05 02:40:27",no,,HR-SL-002,yes,yes,yes,no,5471,5764,1152,0
2974,"Baranjski kulen (ZOZP EU)",hr-sl-003-baranjski-kulen-zozp-eu,publish,dry_recipe,https://drycured.com/recepti-baza/hr-sl-003-baranjski-kulen-zozp-eu/,"2026-06-05 02:40:27",no,,HR-SL-003,yes,yes,yes,no,5743,6024,2113,0
2975,"Đakovački kulen",hr-sl-004-dakovacki-kulen,publish,dry_recipe,https://drycured.com/recepti-baza/hr-sl-004-dakovacki-kulen/,"2026-06-05 02:40:27",no,,HR-SL-004,yes,yes,yes,no,5598,5887,1901,0
2976,"Slavonska domaća kobasica",hr-sl-005-slavonska-domaca-kobasica,publish,dry_recipe,https://drycured.com/recepti-baza/hr-sl-005-slavonska-domaca-kobasica/,"2026-06-05 02:40:27",no,,HR-SL-005,yes,yes,yes,no,5856,6136,1611,0
2977,"Srijemska kobasica (OGP)",hr-sl-006-srijemska-kobasica-ogp,publish,dry_recipe,https://drycured.com/recepti-baza/hr-sl-006-srijemska-kobasica-ogp/,"2026-06-05 02:40:27",no,,HR-SL-006,yes,yes,yes,no,5798,6080,1712,0
2978,"Ratarske kobasice",hr-sl-007-ratarske-kobasice,private,dry_recipe,https://drycured.com/?post_type=dry_recipe&p=2978,"2026-05-31 06:43:42",no,,HR-SL-007,yes,yes,no,no,11038,5942,0,0
2979,"Baranjska kobasica",hr-sl-008-baranjska-kobasica,publish,dry_recipe,https://drycured.com/recepti-baza/hr-sl-008-baranjska-kobasica/,"2026-06-05 02:40:27",no,,HR-SL-008,yes,yes,yes,no,5720,6008,1375,0
2980,"Baranjska salama",hr-sl-009-baranjska-salama,private,dry_recipe,https://drycured.com/?post_type=dry_recipe&p=2980,"2026-05-31 06:43:42",no,,HR-SL-009,yes,yes,no,no,5581,5871,0,0
2981,"Slavonska kobasica (ZOI EU 2023)",hr-sl-010-slavonska-kobasica-zoi-eu-2023,publish,dry_recipe,https://drycured.com/recepti-baza/hr-sl-010-slavonska-kobasica-zoi-eu-2023/,"2026-06-05 02:40:27",no,,HR-SL-010,yes,yes,yes,no,5771,6045,2149,0
2982,"Slavonska dimljena slanina",hr-sl-012-slavonska-dimljena-slanina,private,dry_recipe,https://drycured.com/?post_type=dry_recipe&p=2982,"2026-05-31 06:43:42",no,,HR-SL-012,yes,yes,no,no,5382,5662,0,0
2983,"Slavonska dimljena šunka",hr-sl-014-slavonska-dimljena-sunka,private,dry_recipe,https://drycured.com/?post_type=dry_recipe&p=2983,"2026-05-31 06:43:42",no,,HR-SL-014,yes,yes,no,no,5857,6138,0,0
2984,"Suha plećka slavonska",hr-sl-015-suha-plecka-slavonska,private,dry_recipe,https://drycured.com/?post_type=dry_recipe&p=2984,"2026-05-31 06:43:42",no,,HR-SL-015,yes,yes,no,no,5187,5471,0,0
2985,"Suha rebra slavonska",hr-sl-016-suha-rebra-slavonska,private,dry_recipe,https://drycured.com/?post_type=dry_recipe&p=2985,"2026-05-31 06:43:42",no,,HR-SL-016,yes,yes,no,no,5272,5558,0,0
2986,"Slavonska jetrena kobasica",hr-sl-017-slavonska-jetrena-kobasica,private,dry_recipe,https://drycured.com/?post_type=dry_recipe&p=2986,"2026-05-30 08:31:07",no,,HR-SL-017,yes,yes,no,no,5730,6010,0,0
2987,"Krvavica slavonska",hr-sl-018-krvavica-slavonska,private,dry_recipe,https://drycured.com/?post_type=dry_recipe&p=2987,"2026-05-30 08:31:07",no,,HR-SL-018,yes,yes,no,no,5722,6010,0,0
2988,"Tlačenica slavonska (švargl)",hr-sl-019-tlacenica-slavonska-svargl,private,dry_recipe,https://drycured.com/?post_type=dry_recipe&p=2988,"2026-05-30 08:31:07",no,,HR-SL-019,yes,yes,no,no,5577,5853,0,0
2989,"Vinkovačka šunka — suho soljena varijanta",hr-sl-020-vinkovacka-sunka-suho-soljena-varijanta,private,dry_recipe,https://drycured.com/?post_type=dry_recipe&p=2989,"2026-05-31 06:43:42",no,,HR-SL-020,yes,yes,no,no,5789,6050,0,0
2990,"Slavonski lovački kulen (divljač + svinjetina)",hr-sl-021-slavonski-lovacki-kulen-divljac-svinjetina,private,dry_recipe,https://drycured.com/?post_type=dry_recipe&p=2990,"2026-05-31 06:43:42",no,,HR-SL-021,yes,yes,no,no,5907,6165,0,0
2991,"Konjska salama Ploštine (talijanska manjina, Pakrac)",hr-sl-022-konjska-salama-plostine-talijanska-manjina-pakrac,private,dry_recipe,https://drycured.com/?post_type=dry_recipe&p=2991,"2026-05-31 06:43:42",no,,HR-SL-022,yes,yes,no,no,5759,6012,0,0
2992,"Slavonski dimljeni svinjski vrat",hr-sl-024-slavonski-dimljeni-svinjski-vrat,private,dry_recipe,https://drycured.com/?post_type=dry_recipe&p=2992,"2026-05-31 06:43:42",no,,HR-SL-024,yes,yes,no,no,5220,5494,0,0
2993,"Slavonski suhi vrat (ovratina)",hr-sl-027-slavonski-suhi-vrat-ovratina,private,dry_recipe,https://drycured.com/?post_type=dry_recipe&p=2993,"2026-05-31 06:43:42",no,,HR-SL-027,yes,yes,no,no,5438,5714,0,0
2994,"Baranjska šunka",hr-sl-028-baranjska-sunka,private,dry_recipe,https://drycured.com/?post_type=dry_recipe&p=2994,"2026-05-31 06:43:42",no,,HR-SL-028,yes,yes,no,no,5603,5893,0,0
2995,"Đakovačka šunka",hr-sl-029-dakovacka-sunka,private,dry_recipe,https://drycured.com/?post_type=dry_recipe&p=2995,"2026-05-31 06:43:42",no,,HR-SL-029,yes,yes,no,no,5631,5919,0,0
2996,"Brodska kobasica (Slavonski Brod)",hr-sl-030-brodska-kobasica-slavonski-brod,publish,dry_recipe,https://drycured.com/recepti-baza/hr-sl-030-brodska-kobasica-slavonski-brod/,"2026-06-05 02:40:27",no,,HR-SL-030,yes,yes,yes,no,5677,5950,1413,0
2997,"Osječka kobasica",hr-sl-031-osjecka-kobasica,publish,dry_recipe,https://drycured.com/recepti-baza/hr-sl-031-osjecka-kobasica/,"2026-06-05 02:40:27",no,,HR-SL-031,yes,yes,yes,no,5816,6105,1600,0
2998,"Slavonska krvavica od prosa (bijela)",hr-sl-032-slavonska-krvavica-od-prosa-bijela,private,dry_recipe,https://drycured.com/?post_type=dry_recipe&p=2998,"2026-05-30 08:31:08",no,,HR-SL-032,yes,yes,no,no,5836,6106,0,0
2999,"Slavonska šunka od crne slavonske svinje",hr-sl-033-slavonska-sunka-od-crne-slavonske-svinje,private,dry_recipe,https://drycured.com/?post_type=dry_recipe&p=2999,"2026-05-31 06:43:42",no,,HR-SL-033,yes,yes,no,no,6199,6464,0,0
3000,"Slavonska domaća salama",hr-sl-034-slavonska-domaca-salama,publish,dry_recipe,https://drycured.com/recepti-baza/hr-sl-034-slavonska-domaca-salama/,"2026-06-05 02:40:28",no,,HR-SL-034,yes,yes,yes,no,5611,5893,1572,0
3001,"Slavonska čvarkovača (kobasica od čvaraka)",hr-sl-036-slavonska-cvarkovaca-kobasica-od-cvaraka,publish,dry_recipe,https://drycured.com/recepti-baza/hr-sl-036-slavonska-cvarkovaca-kobasica-od-cvaraka/,"2026-06-05 02:40:28",no,,HR-SL-036,yes,yes,yes,no,5682,5943,2422,0
3002,"Vinkovačka kobasica",hr-sl-037-vinkovacka-kobasica,publish,dry_recipe,https://drycured.com/recepti-baza/hr-sl-037-vinkovacka-kobasica/,"2026-06-05 02:40:27",no,,HR-SL-037,yes,yes,yes,no,5688,5974,1511,0
3003,"Slavonska lovačka kobasica (divljač + svinjetina)",hr-sl-038-slavonska-lovacka-kobasica-divljac-svinjetina,publish,dry_recipe,https://drycured.com/recepti-baza/hr-sl-038-slavonska-lovacka-kobasica-divljac-svinjetina/,"2026-06-05 02:40:28",no,,HR-SL-038,yes,yes,yes,no,6095,6350,2611,0
3005,"Cvelferija kulen — varijanta bez slanine",hr-sl-003,private,dry_recipe,https://drycured.com/?post_type=dry_recipe&p=3005,"2026-06-03 05:04:28",no,,,no,no,no,no,0,0,0,0
3006,"Vinkovačka šunka",hr-sl-022,private,dry_recipe,https://drycured.com/?post_type=dry_recipe&p=3006,"2026-06-03 05:04:38",no,,,no,no,no,no,0,0,0,0
3007,"Samoborska salama (županijska robna marka)",hr-sl-025,private,dry_recipe,https://drycured.com/?post_type=dry_recipe&p=3007,"2026-06-03 05:04:47",no,,,no,no,no,no,0,0,0,0
3008,"Dalmatinska suha šunka",hr-sl-034,private,dry_recipe,https://drycured.com/?post_type=dry_recipe&p=3008,"2026-06-03 05:05:45",no,,,no,no,no,no,0,0,0,0
3009,"Dalmatinska suha kobasica",hr-sl-038,private,dry_recipe,https://drycured.com/?post_type=dry_recipe&p=3009,"2026-06-03 05:06:00",no,,,no,no,no,no,0,0,0,0
3010,"Hvarska prstena kobasica",hr-sl-039,private,dry_recipe,https://drycured.com/?post_type=dry_recipe&p=3010,"2026-06-03 05:06:10",no,,,no,no,no,no,0,0,0,0
3011,"Sinjaška kobasica (Cetinska krajina)",hr-sl-040,private,dry_recipe,https://drycured.com/?post_type=dry_recipe&p=3011,"2026-06-03 05:05:33",no,,,no,no,no,no,0,0,0,0
3012,"Dalmatinska dimljena slanina",hr-sl-043,private,dry_recipe,https://drycured.com/?post_type=dry_recipe&p=3012,"2026-06-03 05:02:32",no,,,no,no,no,no,0,0,0,0
3013,"Istarska špaleta (suha plećka)",hr-sl-067,private,dry_recipe,https://drycured.com/?post_type=dry_recipe&p=3013,"2026-06-03 05:02:57",no,,,no,no,no,no,0,0,0,0
3014,"Zagorska dimljena šunka",hr-sl-083,private,dry_recipe,https://drycured.com/?post_type=dry_recipe&p=3014,"2026-06-03 05:03:21",no,,,no,no,no,no,0,0,0,0
3015,"Međimurska šunka",hr-sl-084,private,dry_recipe,https://drycured.com/?post_type=dry_recipe&p=3015,"2026-06-03 05:03:40",no,,,no,no,no,no,0,0,0,0
3016,"Zagorska tlačenica",hr-sl-091,private,dry_recipe,https://drycured.com/?post_type=dry_recipe&p=3016,"2026-06-03 05:03:50",no,,,no,no,no,no,0,0,0,0
3017,"Gospićka suha plećka",hr-sl-109,private,dry_recipe,https://drycured.com/?post_type=dry_recipe&p=3017,"2026-06-03 05:04:00",no,,,no,no,no,no,0,0,0,0
3018,"Banovinska tlačenica",hr-sl-115,private,dry_recipe,https://drycured.com/?post_type=dry_recipe&p=3018,"2026-06-03 05:04:09",no,,,no,no,no,no,0,0,0,0
3020,"Albanska proshutë / sušena šunka – kategorijski radni zapis",albanska-proshute-susena-sunka-radni-zapis,private,dry_recipe,https://drycured.com/?post_type=dry_recipe&p=3020,"2026-06-01 20:15:28",no,,MD-PROSHUTA_SHQIPTARE_ALBANSKA_PRSUTA,yes,yes,no,no,6263,6587,0,0
3021,"Vorarlberger Mostbröckle – sušena i dimljena govedina",vorarlberger-mostbroeckle-susena-dimljena-govedina,private,dry_recipe,https://drycured.com/?post_type=dry_recipe&p=3021,"2026-06-01 20:15:28",no,,MD-VORARLBERGER_MOSTBROCKLE_VORARLBERSKA_DIMLJENA_GOVEDINA,yes,yes,no,no,6368,6692,0,0
3022,"Westfälischer Schinken s krumpirom u ljusci i hrenom",westfalischer-schinken-s-krumpirom-u-ljusci-i-hrenom,private,dry_recipe,https://drycured.com/?post_type=dry_recipe&p=3022,"2026-06-04 07:29:31",no,,MD-WESTFALISCHER_SCHINKEN_S_KRUMPIROM_U_LJUSCI_I_HRENOM,yes,yes,no,no,3452,6232,0,0
3023,"Bonus: Pfefferbeis s prženim krumpirom i umkom od kiselog vrhnja",bonus-pfefferbeis-s-przenim-krumpirom-i-umkom-od-kiselog-vrhnja,private,dry_recipe,https://drycured.com/?post_type=dry_recipe&p=3023,"2026-06-04 07:29:34",no,,MD-BONUS_PFEFFERBEIS_S_PRZENIM_KRUMPIROM_I_UMKOM_OD_KISELOG_VRHNJA,yes,yes,no,no,4164,6385,0,0
3024,"Irska dimljena kobasica (Smoked Sausage)",irska-dimljena-kobasica-smoked-sausage,publish,dry_recipe,https://drycured.com/recepti-baza/irska-dimljena-kobasica-smoked-sausage/,"2026-06-04 07:53:27",no,,MD-IRSKA_DIMLJENA_KOBASICA_SMOKED_SAUSAGE,yes,yes,no,no,4119,6212,0,0
3025,"Pršuta e Kosovës (Kosovska pršuta)",prsuta-e-kosoves-kosovska-prsuta-2,publish,dry_recipe,https://drycured.com/recepti-baza/prsuta-e-kosoves-kosovska-prsuta-2/,"2026-06-04 07:53:28",no,,MD-PRSUTA_E_KOSOVES_KOSOVSKA_PRSUTA,yes,yes,no,no,3433,6132,0,0
3026,"Scharfe Edelrohwurst s povrćem na žaru",scharfe-edelrohwurst-s-povrcem-na-zaru,publish,dry_recipe,https://drycured.com/recepti-baza/scharfe-edelrohwurst-s-povrcem-na-zaru/,"2026-06-04 07:53:29",no,,MD-SCHARFE_EDELROHWURST_S_POVRCEM_NA_ZARU,yes,yes,no,no,4360,5534,0,0
3027,"ENGADINER HATECLETT (SUŠENI KOZJI BUT)",engadiner-hateclett-suseni-kozji-but-2,publish,dry_recipe,https://drycured.com/recepti-baza/engadiner-hateclett-suseni-kozji-but-2/,"2026-06-04 07:53:31",no,,MD-ENGADINER_HATECLETT_SUSENI_KOZJI_BUT,yes,yes,no,no,3612,6134,0,0
3028,"ZUGER HIRSCHTROCKENWURST (KOBASICA OD JELENA IZ ZUGA)",zuger-hirschtrockenwurst-kobasica-od-jelena-iz-zuga-2,publish,dry_recipe,https://drycured.com/recepti-baza/zuger-hirschtrockenwurst-kobasica-od-jelena-iz-zuga-2/,"2026-06-04 07:53:31",no,,MD-ZUGER_HIRSCHTROCKENWURST_KOBASICA_OD_JELENA_IZ_ZUGA,yes,yes,no,no,4442,6164,0,0
3029,"Tiroler Speck – tirolski sušeni dimljeni svinjski but",tiroler-speck-tirolska-slanina-2,publish,dry_recipe,https://drycured.com/recepti-baza/tiroler-speck-tirolska-slanina-2/,"2026-06-04 07:53:25",no,,MD-TIROLER_SPECK_TIROLSKA_SLANINA,yes,yes,no,no,3385,6666,0,0
3030,"Waldviertler Hirschsalami – salama od jelena iz Waldviertela",waldviertler-hirschsalami-salama-od-jelena-iz-waldviertela-2,publish,dry_recipe,https://drycured.com/recepti-baza/waldviertler-hirschsalami-salama-od-jelena-iz-waldviertela-2/,"2026-06-04 07:53:25",no,,MD-WALDVIERTLER_HIRSCHSALAMI_SALAMA_OD_JELENA_IZ_WALDVIERTELA,yes,yes,no,no,4216,7287,0,0
3031,"Austrijska Käsekrainer – kobasica sa sirom",austrijska-kasekrainer-kobasica-sa-sirom-2,private,dry_recipe,https://drycured.com/?post_type=dry_recipe&p=3031,"2026-06-04 07:28:55",no,,MD-AUSTRIJSKA_KASEKRAINER_KOBASICA_SA_SIROM,yes,yes,no,no,4349,9865,0,0
3032,"Mađarska Gyulai Kolbász – Gyulai kobasica",maarska-gyulai-kolbasz-gyulai-kobasica,publish,dry_recipe,https://drycured.com/recepti-baza/maarska-gyulai-kolbasz-gyulai-kobasica/,"2026-06-04 07:53:25",no,,MD-MADARSKA_GYULAI_KOLBASZ_GYULAI_KOBASICA,yes,yes,no,no,4374,11275,0,0
3033,"Lukanka iz Panagyurishte – bugarska prešana suha kobasica",lukanka-iz-panagyurishte,publish,dry_recipe,https://drycured.com/recepti-baza/lukanka-iz-panagyurishte/,"2026-06-04 07:53:25",no,,MD-LUKANKA_IZ_PANAGYURISHTE,yes,yes,no,no,4189,8430,0,0
3034,"Banska Kapama – bugarski mesni specijalitet",banska-kapama,private,dry_recipe,https://drycured.com/?post_type=dry_recipe&p=3034,"2026-06-04 07:29:04",no,,MD-BANSKA_KAPAMA,yes,yes,no,no,3798,6592,0,0
3035,"Strandzhansko Dyado – bugarski sušeni punjeni proizvod",strandzhansko-dyado,publish,dry_recipe,https://drycured.com/recepti-baza/strandzhansko-dyado/,"2026-06-04 07:53:25",no,,MD-STRANDZHANSKO_DYADO,yes,yes,no,no,4377,7062,0,0
3036,"Srednogorska Kaska – bugarski punjeni mesni proizvod",srednogorska-kaska,private,dry_recipe,https://drycured.com/?post_type=dry_recipe&p=3036,"2026-06-04 07:29:10",no,,MD-SREDNOGORSKA_KASKA,yes,yes,no,no,3897,7283,0,0
3037,"Dobrudzhanski Babek – bugarski sušeni babek",dobrudzhanski-babek,publish,dry_recipe,https://drycured.com/recepti-baza/dobrudzhanski-babek/,"2026-06-04 07:53:25",no,,MD-DOBRUDZHANSKI_BABEK,yes,yes,no,no,4296,7497,0,0
3038,"Grčki Loukaniko – tradicionalna grčka kobasica",grcka-tradicionalni-recepti-za-loukaniko-2,publish,dry_recipe,https://drycured.com/recepti-baza/grcka-tradicionalni-recepti-za-loukaniko-2/,"2026-06-04 07:53:26",no,,MD-GRCKA_TRADICIONALNI_RECEPTI_ZA_LOUKANIKO,yes,yes,no,no,3978,5662,0,0
3039,"Joulukinkku – finska božićna šunka",joulukinkku-bozicna-sunka-2,publish,dry_recipe,https://drycured.com/recepti-baza/joulukinkku-bozicna-sunka-2/,"2026-06-04 07:53:27",no,,MD-JOULUKINKKU_BOZICNA_SUNKA,yes,yes,no,no,3386,7540,0,0
3040,"Palvikinkku – finska dimljena šunka",palvikinkku-dimljena-sunka-2,private,dry_recipe,https://drycured.com/?post_type=dry_recipe&p=3040,"2026-06-04 07:29:22",no,,MD-PALVIKINKKU_DIMLJENA_SUNKA,yes,yes,no,no,3425,6195,0,0
3041,"Saucisson Sec – francuska suha kobasica",saucisson-sec-suha-kobasica-2,publish,dry_recipe,https://drycured.com/recepti-baza/saucisson-sec-suha-kobasica-2/,"2026-06-04 07:53:27",no,,MD-SAUCISSON_SEC_SUHA_KOBASICA,yes,yes,no,no,4138,7272,0,0
3042,"Jésus de Lyon – debela suha kobasica",jesus-de-lyon-debela-suha-kobasica,publish,dry_recipe,https://drycured.com/recepti-baza/jesus-de-lyon-debela-suha-kobasica/,"2026-06-04 07:53:27",no,,MD-JESUS_DE_LYON_DEBELA_SUHA_KOBASICA,yes,yes,no,no,4123,8517,0,0
3043,"Cervelas de Lyon – lionska kobasica",cervelas-de-lyon-lionska-kobasica,private,dry_recipe,https://drycured.com/?post_type=dry_recipe&p=3043,"2026-06-04 07:22:00",no,,MD-CERVELAS_DE_LYON_LIONSKA_KOBASICA,yes,yes,no,no,4284,7971,0,0
3044,"Jésus de Lyon – velika lionska suha kobasica",jesus-de-lyon-2,publish,dry_recipe,https://drycured.com/recepti-baza/jesus-de-lyon-2/,"2026-06-04 07:53:27",no,,MD-JESUS_DE_LYON,yes,yes,no,no,4232,9420,0,0
3045,"Rosette de Lyon – lionska suha kobasica",rosette-de-lyon-2,publish,dry_recipe,https://drycured.com/recepti-baza/rosette-de-lyon-2/,"2026-06-04 07:53:27",no,,MD-ROSETTE_DE_LYON,yes,yes,no,no,4369,9670,0,0
3046,"Rillettes du Mans – kuhani mesni namaz",rillettes-du-mans-2,private,dry_recipe,https://drycured.com/?post_type=dry_recipe&p=3046,"2026-06-04 07:22:09",no,,MD-RILLETTES_DU_MANS,yes,yes,no,no,3344,8058,0,0
3047,"Siglino Messinias – grčka dimljena svinjetina",siglino-messinias,publish,dry_recipe,https://drycured.com/recepti-baza/siglino-messinias/,"2026-06-04 07:53:27",no,,MD-SIGLINO_MESSINIAS,yes,yes,no,no,3596,9065,0,0
3048,"Tsigarides – grčki čvarci / mesni pripravak",tsigarides,private,dry_recipe,https://drycured.com/?post_type=dry_recipe&p=3048,"2026-06-04 07:22:15",no,,MD-TSIGARIDES,yes,yes,no,no,3595,7179,0,0
3049,"Llokum Kosove – kosovski mesni delikates",llokum-kosove-kosovski-delikates-2,private,dry_recipe,https://drycured.com/?post_type=dry_recipe&p=3049,"2026-06-04 07:22:18",no,,MD-LLOKUM_KOSOVE_KOSOVSKI_DELIKATES,yes,yes,no,no,3604,6898,0,0
3050,"Pancetta Maltija – malteška panceta",maltezanska-panceta-pancetta-maltija-2,publish,dry_recipe,https://drycured.com/recepti-baza/maltezanska-panceta-pancetta-maltija-2/,"2026-06-04 07:53:28",no,,MD-MALTEZANSKA_PANCETA_PANCETTA_MALTIJA,yes,yes,no,no,3411,7102,0,0
3051,"Pick Szalámi – mađarski Pick salami",maarski-pick-salami-pick-szalami,publish,dry_recipe,https://drycured.com/recepti-baza/maarski-pick-salami-pick-szalami/,"2026-06-04 07:53:28",no,,MD-MADARSKI_PICK_SALAMI_PICK_SZALAMI,yes,yes,no,no,4076,7205,0,0
3052,"Mađarska Kolbász – mađarska kobasica",maarska-kobasica-kolbasz,publish,dry_recipe,https://drycured.com/recepti-baza/maarska-kobasica-kolbasz/,"2026-06-04 07:53:28",no,,MD-MADARSKA_KOBASICA_KOLBASZ,yes,yes,no,no,4204,7090,0,0
3053,"Westfälischer Knochenschinken – vestfalska šunka s kosti",westfalischer-knochenschinken-vestfalska-sunka-s-kosti,publish,dry_recipe,https://drycured.com/recepti-baza/westfalischer-knochenschinken-vestfalska-sunka-s-kosti/,"2026-06-04 07:53:28",no,,MD-WESTFALISCHER_KNOCHENSCHINKEN_VESTFALSKA_SUNKA_S_KOSTI,yes,yes,no,no,3735,10230,0,0
3054,"Rovinjska kobasica",0306-rovinjska-kobasica,private,dry_recipe,https://drycured.com/?post_type=dry_recipe&p=3054,"2026-06-03 17:13:23",no,,,yes,no,no,no,2823,0,0,0
3055,"Salo – ukrajinska slana svinjska slanina",salo-slana-svinjeca-slanina,publish,dry_recipe,https://drycured.com/recepti-baza/salo-slana-svinjeca-slanina/,"2026-06-04 07:53:30",no,,MD-SALO_SLANA_SVINJECA_SLANINA,yes,yes,no,no,3596,6132,0,0
3056,"Škotski stovies meat – usoljeno kuhano meso",skotski-stovies-meat-konzervirano-usoljeno-meso-2,private,dry_recipe,https://drycured.com/?post_type=dry_recipe&p=3056,"2026-06-04 07:22:36",no,,MD-SKOTSKI_STOVIES_MEAT_KONZERVIRANO_USOLJENO_MESO,yes,yes,no,no,3390,11081,0,0
3057,"Belokranjska jagenjčara",belokranjska-jagenjcara-2,publish,dry_recipe,https://drycured.com/recepti-baza/belokranjska-jagenjcara-2/,"2026-06-04 07:53:30",no,,MD-BELOKRANJSKA_JAGENJCARA,yes,yes,no,no,4217,7738,0,0
3058,"Sobrasada Mallorquina – majorška sobrasada",sobrasada-mallorquina-majorska-sobrasada-2,publish,dry_recipe,https://drycured.com/recepti-baza/sobrasada-mallorquina-majorska-sobrasada-2/,"2026-06-04 07:53:31",no,,MD-SOBRASADA_MALLORQUINA_MAJORSKA_SOBRASADA,yes,yes,no,no,4399,8282,0,0
3059,"Julskinka – švedska božićna šunka",julskinka-svedska-bozicna-sunka-2,private,dry_recipe,https://drycured.com/?post_type=dry_recipe&p=3059,"2026-06-04 07:22:45",no,,MD-JULSKINKA_SVEDSKA_BOZICNA_SUNKA,yes,yes,no,no,3523,7521,0,0
3060,"Appenzeller Mostbröckli – švicarska sušena dimljena govedina",appenzeller-mostbrockli-dimljena-govedina,publish,dry_recipe,https://drycured.com/recepti-baza/appenzeller-mostbrockli-dimljena-govedina/,"2026-06-04 07:53:31",no,,MD-APPENZELLER_MOSTBROCKLI_DIMLJENA_GOVEDINA,yes,yes,no,no,3473,6637,0,0
3061,"Speck Alto Adige – južnotirolski sušeni dimljeni but",speck-alto-adige-2,publish,dry_recipe,https://drycured.com/recepti-baza/speck-alto-adige-2/,"2026-06-04 07:53:31",no,,MD-SPECK_ALTO_ADIGE,yes,yes,no,no,3610,7958,0,0
3062,"Pashtetna – pečena mesna pašteta",pashtetna-pecena-mesna-pasteta,private,dry_recipe,https://drycured.com/?post_type=dry_recipe&p=3062,"2026-06-04 07:28:46",no,,MD-PASHTETNA_PECENA_MESNA_PASTETA,yes,yes,no,no,3601,8211,0,0
3063,"Suxhuk – albanska suha kobasica",suxhuk-albanska-suha-kobasica-2,publish,dry_recipe,https://drycured.com/recepti-baza/suxhuk-albanska-suha-kobasica-2/,"2026-06-04 07:53:25",no,,MD-SUXHUK_ALBANSKA_SUHA_KOBASICA,yes,yes,no,no,4129,5304,0,0
3064,"Proshuta Shqiptare – albanska pršuta",0003-proshuta-shqiptare-albanska-prsuta,publish,dry_recipe,https://drycured.com/recepti-baza/0003-proshuta-shqiptare-albanska-prsuta/,"2026-06-04 07:40:04",no,,MD-PROSHUTA_SHQIPTARE_ALBANSKA_PRSUTA,yes,yes,no,no,2581,5314,0,0
3065,"Mish i thatë – albanska suha janjetina",mish-i-thate-albanska-suha-janjetina-2,publish,dry_recipe,https://drycured.com/recepti-baza/mish-i-thate-albanska-suha-janjetina-2/,"2026-06-04 07:53:25",no,,MD-MISH_I_THATE_ALBANSKA_SUHA_JANJETINA,yes,yes,no,no,3521,5072,0,0
3066,"Kärntner Wurzelspeck – koruški sušeni dimljeni vrat",karntner-wurzelspeck-koruska-korijenska-slanina-2,publish,dry_recipe,https://drycured.com/recepti-baza/karntner-wurzelspeck-koruska-korijenska-slanina-2/,"2026-06-04 07:53:25",no,,MD-KARNTNER_WURZELSPECK_KORUSKA_KORIJENSKA_SLANINA,yes,yes,no,no,3448,6376,0,0
3067,"Steirischer Rohschinken – štajerska sirova šunka",steirischer-rohschinken-stajerska-sirova-sunka-2,publish,dry_recipe,https://drycured.com/recepti-baza/steirischer-rohschinken-stajerska-sirova-sunka-2/,"2026-06-04 07:53:25",no,,MD-STEIRISCHER_ROHSCHINKEN_STAJERSKA_SIROVA_SUNKA,yes,yes,no,no,3393,6748,0,0
3068,"Vorarlberger Mostbröckle – vorarlberška dimljena govedina",0010-vorarlberger-mostbrockle-vorarlberska-dimljena-govedina,publish,dry_recipe,https://drycured.com/recepti-baza/0010-vorarlberger-mostbrockle-vorarlberska-dimljena-govedina/,"2026-06-04 07:40:04",no,,MD-VORARLBERGER_MOSTBROCKLE_VORARLBERSKA_DIMLJENA_GOVEDINA,yes,yes,no,no,2654,6127,0,0
3069,"Finska Meetvursti – suha kobasica",finska-meetvursti-suha-kobasica-2,publish,dry_recipe,https://drycured.com/recepti-baza/finska-meetvursti-suha-kobasica-2/,"2026-06-04 07:53:25",no,,MD-FINSKA_MEETVURSTI_SUHA_KOBASICA,yes,yes,no,no,4364,12173,0,0
3070,"Filet d’Anvers – antverpski file",filet-d-anvers-antverpski-file,publish,dry_recipe,https://drycured.com/recepti-baza/filet-d-anvers-antverpski-file/,"2026-06-04 07:53:25",no,,MD-FILET_DANVERS_ANTVERPSKI_FILE,yes,yes,no,no,3436,7663,0,0
3071,"Lard fumé de Flandre – flamanska dimljena slanina",lard-fume-de-flandre-flamansko-dimljeno-salo-2,publish,dry_recipe,https://drycured.com/recepti-baza/lard-fume-de-flandre-flamansko-dimljeno-salo-2/,"2026-06-04 07:53:25",no,,MD-LARD_FUME_DE_FLANDRE_FLAMANSKO_DIMLJENO_SALO,yes,yes,no,no,3409,7719,0,0
3072,"Saucisse au fromage de Herve – kobasica sa sirom Herve",saucisse-au-fromage-de-herve-kobasica-sa-sirom-herve-2,private,dry_recipe,https://drycured.com/?post_type=dry_recipe&p=3072,"2026-06-04 07:21:33",no,,MD-SAUCISSE_AU_FROMAGE_DE_HERVE_KOBASICA_SA_SIROM_HERVE,yes,yes,no,no,4096,7720,0,0
3073,"Collier fumé de Wallonie – dimljeni svinjski vrat iz Valonije",collier-fume-de-wallonie-dimljeni-svinjski-vrat-iz-valonije-2,publish,dry_recipe,https://drycured.com/recepti-baza/collier-fume-de-wallonie-dimljeni-svinjski-vrat-iz-valonije-2/,"2026-06-04 07:53:25",no,,MD-COLLIER_FUME_DE_WALLONIE_DIMLJENI_SVINJSKI_VRAT_IZ_VALONIJE,yes,yes,no,no,3775,8344,0,0
3074,"Boudin blanc de Bruxelles – bijela kuhana kobasica iz Bruxellesa",boudin-blanc-de-bruxelles-bijela-krvavica-iz-bruxellesa-2,private,dry_recipe,https://drycured.com/?post_type=dry_recipe&p=3074,"2026-06-04 07:21:39",no,,MD-BOUDIN_BLANC_DE_BRUXELLES_BIJELA_KRVAVICA_IZ_BRUXELLESA,yes,yes,no,no,4076,8430,0,0
3075,"Jambon d’Ardenne – ardenska šunka",jambon-d-ardenne-ardenski-prsut,publish,dry_recipe,https://drycured.com/recepti-baza/jambon-d-ardenne-ardenski-prsut/,"2026-06-04 07:53:25",no,,MD-JAMBON_DARDENNE_ARDENSKI_PRSUT,yes,yes,no,no,3670,7726,0,0
3076,"Pâté gaumais – gaume pašteta",pate-gaumais-gaume-pasteta-2,private,dry_recipe,https://drycured.com/?post_type=dry_recipe&p=3076,"2026-06-04 07:21:45",no,,MD-PATE_GAUMAIS_GAUME_PASTETA,yes,yes,no,no,3631,7910,0,0
3077,"Tête pressée – prešana svinjska glava / prezvuršt",tete-pressee-prezvurst-2,private,dry_recipe,https://drycured.com/?post_type=dry_recipe&p=3077,"2026-06-04 07:21:48",no,,MD-TETE_PRESSEE_PREZVURST,yes,yes,no,no,3643,9330,0,0
3078,"Boulette de Liège – lieške mesne okruglice",boulette-de-liege-lieska-mesna-kobasica-2,private,dry_recipe,https://drycured.com/?post_type=dry_recipe&p=3078,"2026-06-04 07:21:51",no,,MD-BOULETTE_DE_LIEGE_LIESKA_MESNA_KOBASICA,yes,yes,no,no,4264,8504,0,0
3081,"SAUCISSON D'ARDENNE (ARDENSKI KULEN)",saucisson-d-ardenne-ardenski-kulen,publish,dry_recipe,https://drycured.com/recepti-baza/saucisson-d-ardenne-ardenski-kulen/,"2026-06-04 07:53:25",no,,MD-SAUCISSON_DARDENNE_ARDENSKI_KULEN,yes,no,no,no,4238,0,0,0
3082,"НАНИЖЕН СУДЖУК (Nanižen Sudžuk)",nanizen-sudzuk,publish,dry_recipe,https://drycured.com/recepti-baza/nanizen-sudzuk/,"2026-06-04 07:53:25",no,,MD-NANIZEN_SUDZUK,yes,no,no,no,4172,0,0,0
3083,"ЕЛЕНСКИ БУТ (Elenski but)",elenski-but,publish,dry_recipe,https://drycured.com/recepti-baza/elenski-but/,"2026-06-04 07:53:25",no,,MD-ELENSKI_BUT,yes,no,no,no,3907,0,0,0
3084,"СМЯДОВСКА ЛУКАНКА (Smyadovska lukanka)",smyadovska-lukanka,publish,dry_recipe,https://drycured.com/recepti-baza/smyadovska-lukanka/,"2026-06-04 07:53:25",no,,MD-SMYADOVSKA_LUKANKA,yes,no,no,no,4297,0,0,0
3085,"СТАРОПЛАНИНСКИ ПАСТЪРМА (Staroplaninska pastrma)",staroplaninska-pastrma,publish,dry_recipe,https://drycured.com/recepti-baza/staroplaninska-pastrma/,"2026-06-04 07:53:25",no,,MD-STAROPLANINSKA_PASTRMA,yes,no,no,no,3646,0,0,0
3086,"Nadenitsa (Наденица)",nadenitsa,publish,dry_recipe,https://drycured.com/recepti-baza/nadenitsa/,"2026-06-04 07:53:25",no,,MD-NADENITSA,yes,no,no,no,3839,0,0,0
3087,"Rulopep (Рулопеп)",rulopep,publish,dry_recipe,https://drycured.com/recepti-baza/rulopep/,"2026-06-04 07:53:25",no,,MD-RULOPEP,yes,no,no,no,3679,0,0,0
3088,"Katino Meze (Катино мезе)",katino-meze,publish,dry_recipe,https://drycured.com/recepti-baza/katino-meze/,"2026-06-04 07:53:25",no,,MD-KATINO_MEZE,yes,no,no,no,3678,0,0,0
3089,"Drobsarma (Дробсарма)",drobsarma,publish,dry_recipe,https://drycured.com/recepti-baza/drobsarma/,"2026-06-04 07:53:25",no,,MD-DROBSARMA,yes,no,no,no,4277,0,0,0
3090,"Maleshevska Babichka (Малешевска бабичка)",maleshevska-babichka,publish,dry_recipe,https://drycured.com/recepti-baza/maleshevska-babichka/,"2026-06-04 07:53:25",no,,MD-MALESHEVSKA_BABICHKA,yes,no,no,no,3957,0,0,0
3091,"Kraishte Pastarma (Краищенска пастърма)",kraishte-pastarma,publish,dry_recipe,https://drycured.com/recepti-baza/kraishte-pastarma/,"2026-06-04 07:53:25",no,,MD-KRAISHTE_PASTARMA,yes,no,no,no,3928,0,0,0
3092,"Lukanka (Луканка)",lukanka,publish,dry_recipe,https://drycured.com/recepti-baza/lukanka/,"2026-06-04 07:53:26",no,,MD-LUKANKA,yes,no,no,no,4035,0,0,0
3093,"Sudjuk (Суджук)",sudjuk,publish,dry_recipe,https://drycured.com/recepti-baza/sudjuk/,"2026-06-04 07:53:26",no,,MD-SUDJUK,yes,no,no,no,4197,0,0,0
3094,"Elena filet (Еленски филе)",elena-filet,publish,dry_recipe,https://drycured.com/recepti-baza/elena-filet/,"2026-06-04 07:53:26",no,,MD-ELENA_FILET,yes,no,no,no,3606,0,0,0
3095,"Pastarma (Пастърма)",pastarma,publish,dry_recipe,https://drycured.com/recepti-baza/pastarma/,"2026-06-04 07:53:26",no,,MD-PASTARMA,yes,no,no,no,3457,0,0,0
3096,"Banski Starec (Бански старец)",banski-starec,publish,dry_recipe,https://drycured.com/recepti-baza/banski-starec/,"2026-06-04 07:53:26",no,,MD-BANSKI_STAREC,yes,no,no,no,4147,0,0,0
3097,"Lountza (Λούντζα)",lountza,publish,dry_recipe,https://drycured.com/recepti-baza/lountza/,"2026-06-04 07:53:26",no,,MD-LOUNTZA,yes,no,no,no,3796,0,0,0
3098,"Hiromeri (Χοιρομέρι)",hiromeri,publish,dry_recipe,https://drycured.com/recepti-baza/hiromeri/,"2026-06-04 07:53:26",no,,MD-HIROMERI,yes,no,no,no,3526,0,0,0
3099,"Tsamarella (Τσαμαρέλλα)",tsamarella,publish,dry_recipe,https://drycured.com/recepti-baza/tsamarella/,"2026-06-04 07:53:26",no,,MD-TSAMARELLA,yes,no,no,no,3603,0,0,0
3100,"Posyrti (Ποσυρτή)",posyrti,publish,dry_recipe,https://drycured.com/recepti-baza/posyrti/,"2026-06-04 07:53:26",no,,MD-POSYRTI,yes,no,no,no,3640,0,0,0
3101,"Apohtin (Αποχτίν)",apohtin,publish,dry_recipe,https://drycured.com/recepti-baza/apohtin/,"2026-06-04 07:53:26",no,,MD-APOHTIN,yes,no,no,no,3700,0,0,0
3102,"Lounza (Λούντζα) - Dimljena svinjska potrbušina",lounza-dimljena-svinjska-potrbusina,publish,dry_recipe,https://drycured.com/recepti-baza/lounza-dimljena-svinjska-potrbusina/,"2026-06-04 07:53:26",no,,MD-LOUNZA_DIMLJENA_SVINJSKA_POTRBUSINA,yes,no,no,no,3623,0,0,0
3103,"Tsamarella (Τσαμαρέλλα) - Sušena kozletina",tsamarella-susena-kozletina,publish,dry_recipe,https://drycured.com/recepti-baza/tsamarella-susena-kozletina/,"2026-06-04 07:53:26",no,,MD-TSAMARELLA_SUSENA_KOZLETINA,yes,no,no,no,3566,0,0,0
3104,"Hiromeri (Χοιρομέρι) - Ciparski pršut",hiromeri-ciparski-prsut,publish,dry_recipe,https://drycured.com/recepti-baza/hiromeri-ciparski-prsut/,"2026-06-04 07:53:26",no,,MD-HIROMERI_CIPARSKI_PRSUT,yes,no,no,no,3531,0,0,0
3105,"Apohti (Απόχτι) - Dimljeni svinjski file",apohti-dimljeni-svinjski-file,publish,dry_recipe,https://drycured.com/recepti-baza/apohti-dimljeni-svinjski-file/,"2026-06-04 07:53:26",no,,MD-APOHTI_DIMLJENI_SVINJSKI_FILE,yes,no,no,no,3633,0,0,0
3106,"Pastourma (Παστουρμάς) - Ciparski začinjeni sušeni goveđi file",pastourma-ciparski-zacinjeni-suseni-govei-file,publish,dry_recipe,https://drycured.com/recepti-baza/pastourma-ciparski-zacinjeni-suseni-govei-file/,"2026-06-04 07:53:26",no,,MD-PASTOURMA_CIPARSKI_ZACINJENI_SUSENI_GOVEDI_FILE,yes,no,no,no,3673,0,0,0
3107,"?? NIZOZEMSKA - Tradicionalni recepti",nizozemska-tradicionalni-recepti,publish,dry_recipe,https://drycured.com/recepti-baza/nizozemska-tradicionalni-recepti/,"2026-06-04 07:53:26",no,,MD-NIZOZEMSKA_TRADICIONALNI_RECEPTI,yes,no,no,no,3982,0,0,0
3108,"Crmničke goveđe pastrve",crmnicke-govee-pastrve,publish,dry_recipe,https://drycured.com/recepti-baza/crmnicke-govee-pastrve/,"2026-06-04 07:53:26",no,,MD-CRMNICKE_GOVEDE_PASTRVE,yes,no,no,no,3640,0,0,0
3109,"Bjelopavlićka bumbar-pita",bjelopavlicka-bumbar-pita,private,dry_recipe,https://drycured.com/?post_type=dry_recipe&p=3109,"2026-06-04 07:20:02",no,,MD-BJELOPAVLICKA_BUMBAR_PITA,yes,no,no,no,4120,0,0,0
3110,"Crnogorski suđuk",crnogorski-suuk,publish,dry_recipe,https://drycured.com/recepti-baza/crnogorski-suuk/,"2026-06-04 07:53:26",no,,MD-CRNOGORSKI_SUDUK,yes,no,no,no,3483,0,0,0
3111,"Pagaški sir (rijetka regionalna varijanta)",pagaski-sir-rijetka-regionalna-varijanta,private,dry_recipe,https://drycured.com/?post_type=dry_recipe&p=3111,"2026-06-04 07:19:38",no,,MD-PAGASKI_SIR_RIJETKA_REGIONALNA_VARIJANTA,yes,no,no,no,3246,0,0,0
3112,"Medisterpølse (Danska svježa začinjena kobasica)",medisterplse-danska-svjeza-zacinjena-kobasica,publish,dry_recipe,https://drycured.com/recepti-baza/medisterplse-danska-svjeza-zacinjena-kobasica/,"2026-06-04 07:53:26",no,,MD-MEDISTERP_LSE_DANSKA_SVJEZA_ZACINJENA_KOBASICA,yes,no,no,no,4055,0,0,0
3113,"Blodpølse (Danska krvavica)",blodplse-danska-krvavica,private,dry_recipe,https://drycured.com/?post_type=dry_recipe&p=3113,"2026-06-04 07:19:44",no,,MD-BLODP_LSE_DANSKA_KRVAVICA,yes,no,no,no,3729,0,0,0
3114,"Rullepølse (Danska rolana šunka)",rulleplse-danska-rolana-sunka,publish,dry_recipe,https://drycured.com/recepti-baza/rulleplse-danska-rolana-sunka/,"2026-06-04 07:53:26",no,,MD-RULLEP_LSE_DANSKA_ROLANA_SUNKA,yes,no,no,no,3381,0,0,0
3115,"Flæskesteg (Danska pečena svinjetina s hrskavom kožom)",flskesteg-danska-pecena-svinjetina-s-hrskavom-kozom,publish,dry_recipe,https://drycured.com/recepti-baza/flskesteg-danska-pecena-svinjetina-s-hrskavom-kozom/,"2026-06-04 07:53:26",no,,MD-FL_SKESTEG_DANSKA_PECENA_SVINJETINA_S_HRSKAVOM_KOZOM,yes,no,no,no,3635,0,0,0
3116,"Spegepølse (Danska fermentirana kobasica)",spegeplse-danska-fermentirana-kobasica,publish,dry_recipe,https://drycured.com/recepti-baza/spegeplse-danska-fermentirana-kobasica/,"2026-06-04 07:53:26",no,,MD-SPEGEP_LSE_DANSKA_FERMENTIRANA_KOBASICA,yes,no,no,no,4112,0,0,0
3117,"Irski spiced beef (Začinjeno sušeno goveđe meso)",irski-spiced-beef-zacinjeno-suseno-govee-meso,publish,dry_recipe,https://drycured.com/recepti-baza/irski-spiced-beef-zacinjeno-suseno-govee-meso/,"2026-06-04 07:53:26",no,,MD-IRSKI_SPICED_BEEF_ZACINJENO_SUSENO_GOVEDE_MESO,yes,no,no,no,3765,0,0,0
3118,"Kasseler pečenka s pireom od jabuka i krupir knedlama",kasseler-pecenka-s-pireom-od-jabuka-i-krupir-knedlama,publish,dry_recipe,https://drycured.com/recepti-baza/kasseler-pecenka-s-pireom-od-jabuka-i-krupir-knedlama/,"2026-06-04 07:53:26",no,,MD-KASSELER_PECENKA_S_PIREOM_OD_JABUKA_I_KRUPIR_KNEDLAMA,yes,no,no,no,3865,0,0,0
3119,"Leberkäse s prženim jajima i bavarskim röstijem",leberkase-s-przenim-jajima-i-bavarskim-rostijem,private,dry_recipe,https://drycured.com/?post_type=dry_recipe&p=3119,"2026-06-04 07:19:20",no,,MD-LEBERKASE_S_PRZENIM_JAJIMA_I_BAVARSKIM_ROSTIJEM,yes,no,no,no,3593,0,0,0
3120,"Rogatički Planinsko-Morski Raritet ""Vjetar i More""",rogaticki-planinsko-morski-raritet-vjetar-i-more,publish,dry_recipe,https://drycured.com/recepti-baza/rogaticki-planinsko-morski-raritet-vjetar-i-more/,"2026-06-04 07:53:26",no,,MD-ROGATICKI_PLANINSKO_MORSKI_RARITET_VJETAR_I_MORE,yes,no,no,no,3662,0,0,0
3121,"Istarski Morski Pršut ""Neptunov Dar""",istarski-morski-prsut-neptunov-dar,publish,dry_recipe,https://drycured.com/recepti-baza/istarski-morski-prsut-neptunov-dar/,"2026-06-04 07:53:26",no,,MD-ISTARSKI_MORSKI_PRSUT_NEPTUNOV_DAR,yes,no,no,no,3326,0,0,0
3122,"Potted Beef (konzervirano goveđe meso)",potted-beef-konzervirano-govee-meso,publish,dry_recipe,https://drycured.com/recepti-baza/potted-beef-konzervirano-govee-meso/,"2026-06-04 07:53:26",no,,MD-POTTED_BEEF_KONZERVIRANO_GOVEDE_MESO,yes,no,no,no,3789,0,0,0
3123,"Tradicionalni engleski Black Pudding (krvavica)",tradicionalni-engleski-black-pudding-krvavica,private,dry_recipe,https://drycured.com/?post_type=dry_recipe&p=3123,"2026-06-04 07:19:08",no,,MD-TRADICIONALNI_ENGLESKI_BLACK_PUDDING_KRVAVICA,yes,no,no,no,3885,0,0,0
3124,"Engleski sušeni goveđi jezik (Potted Ox Tongue)",engleski-suseni-govei-jezik-potted-ox-tongue,publish,dry_recipe,https://drycured.com/recepti-baza/engleski-suseni-govei-jezik-potted-ox-tongue/,"2026-06-04 07:53:26",no,,MD-ENGLESKI_SUSENI_GOVEDI_JEZIK_POTTED_OX_TONGUE,yes,no,no,no,3872,0,0,0
3125,"?? Talijansko-toskanski recept za salamu (Salame Toscano)",talijansko-toskanski-recept-za-salamu-salame-toscano,publish,dry_recipe,https://drycured.com/recepti-baza/talijansko-toskanski-recept-za-salamu-salame-toscano/,"2026-06-04 07:53:27",no,,MD-TALIJANSKO_TOSKANSKI_RECEPT_ZA_SALAMU_SALAME_TOSCANO,yes,no,no,no,3847,0,0,0
3126,"?? Austrijski recept za Kmetzelsuppe kobasicu",austrijski-recept-za-kmetzelsuppe-kobasicu,publish,dry_recipe,https://drycured.com/recepti-baza/austrijski-recept-za-kmetzelsuppe-kobasicu/,"2026-06-04 07:53:27",no,,MD-AUSTRIJSKI_RECEPT_ZA_KMETZELSUPPE_KOBASICU,yes,no,no,no,3850,0,0,0
3127,"Poljska Kiełbasa Lisiecka (Lisiecka Kobasica)",poljska-kiebasa-lisiecka-lisiecka-kobasica,publish,dry_recipe,https://drycured.com/recepti-baza/poljska-kiebasa-lisiecka-lisiecka-kobasica/,"2026-06-04 07:53:27",no,,MD-POLJSKA_KIE_BASA_LISIECKA_LISIECKA_KOBASICA,yes,no,no,no,4504,0,0,0
3128,"KYLMÄSAVULOHI (HLADNO DIMLJENI LOSOS)",kylmasavulohi-hladno-dimljeni-losos,publish,dry_recipe,https://drycured.com/recepti-baza/kylmasavulohi-hladno-dimljeni-losos/,"2026-06-04 09:08:42",no,,MD-KYLMASAVULOHI_HLADNO_DIMLJENI_LOSOS,yes,no,no,no,3499,0,0,0
3129,"Jambon de Bayonne (Bajonska šunka)",jambon-de-bayonne-bajonska-sunka,publish,dry_recipe,https://drycured.com/recepti-baza/jambon-de-bayonne-bajonska-sunka/,"2026-06-04 07:53:27",no,,MD-JAMBON_DE_BAYONNE_BAJONSKA_SUNKA,yes,no,no,no,3656,0,0,0
3130,"Rillettes du Mans (Pašteta od konfitiranog mesa)",rillettes-du-mans-pasteta-od-konfitiranog-mesa,private,dry_recipe,https://drycured.com/?post_type=dry_recipe&p=3130,"2026-06-04 07:18:47",no,,MD-RILLETTES_DU_MANS_PASTETA_OD_KONFITIRANOG_MESA,yes,no,no,no,3805,0,0,0
3131,"SAUCISSON SEC D'AUVERGNE",saucisson-sec-d-auvergne,publish,dry_recipe,https://drycured.com/recepti-baza/saucisson-sec-d-auvergne/,"2026-06-04 07:53:27",no,,MD-SAUCISSON_SEC_DAUVERGNE,yes,no,no,no,4281,0,0,0
3132,"Armatia (Αρματιά)",armatia,publish,dry_recipe,https://drycured.com/recepti-baza/armatia/,"2026-06-04 07:53:27",no,,MD-ARMATIA,yes,no,no,no,3849,0,0,0
3133,"Pihti (Πηχτή)",pihti,publish,dry_recipe,https://drycured.com/recepti-baza/pihti/,"2026-06-04 07:53:27",no,,MD-PIHTI,yes,no,no,no,3707,0,0,0
3134,"Kavourmas (Καβουρμάς)",kavourmas,publish,dry_recipe,https://drycured.com/recepti-baza/kavourmas/,"2026-06-04 07:53:27",no,,MD-KAVOURMAS,yes,no,no,no,3881,0,0,0
3135,"Pastourmas (Παστουρμάς)",pastourmas,publish,dry_recipe,https://drycured.com/recepti-baza/pastourmas/,"2026-06-04 07:53:27",no,,MD-PASTOURMAS,yes,no,no,no,3608,0,0,0
3136,"Loukaniko (Λουκάνικο)",loukaniko,publish,dry_recipe,https://drycured.com/recepti-baza/loukaniko/,"2026-06-04 07:53:27",no,,MD-LOUKANIKO,yes,no,no,no,3865,0,0,0
3137,"Apaki (Απάκι)",apaki,publish,dry_recipe,https://drycured.com/recepti-baza/apaki/,"2026-06-04 07:53:27",no,,MD-APAKI,yes,no,no,no,3626,0,0,0
3138,"Noumboulo (Νούμπουλο)",noumboulo,publish,dry_recipe,https://drycured.com/recepti-baza/noumboulo/,"2026-06-04 07:53:27",no,,MD-NOUMBOULO,yes,no,no,no,3875,0,0,0
3139,"Syglino (Σύγκλινο)",syglino,publish,dry_recipe,https://drycured.com/recepti-baza/syglino/,"2026-06-04 07:53:27",no,,MD-SYGLINO,yes,no,no,no,3678,0,0,0
3140,"Skirts and Kidneys (Tradicionalna irska marinirana goveđa dijafragma)",skirts-and-kidneys-tradicionalna-irska-marinirana-govea-dijafragma,publish,dry_recipe,https://drycured.com/recepti-baza/skirts-and-kidneys-tradicionalna-irska-marinirana-govea-dijafragma/,"2026-06-04 07:53:27",no,,MD-SKIRTS_AND_KIDNEYS_TRADICIONALNA_IRSKA_MARINIRANA_GOVEDA_DIJAFRAGMA,yes,no,no,no,3782,0,0,0
3141,"Svið (Dimljena janjeća glava)",svi-dimljena-janjeca-glava,publish,dry_recipe,https://drycured.com/recepti-baza/svi-dimljena-janjeca-glava/,"2026-06-04 07:53:27",no,,MD-SVI_DIMLJENA_JANJECA_GLAVA,yes,no,no,no,3567,0,0,0
3142,"Heilhornað Hangikjöt (Sušena janjeća rebra)",heilhorna-hangikjot-susena-janjeca-rebra,publish,dry_recipe,https://drycured.com/recepti-baza/heilhorna-hangikjot-susena-janjeca-rebra/,"2026-06-04 07:53:27",no,,MD-HEILHORNA_HANGIKJOT_SUSENA_JANJECA_REBRA,yes,no,no,no,3614,0,0,0
3143,"Torfær​ður Lambahryggur (Zakopana janjeća leđa)",torfrur-lambahryggur-zakopana-janjeca-lea,publish,dry_recipe,https://drycured.com/recepti-baza/torfrur-lambahryggur-zakopana-janjeca-lea/,"2026-06-04 07:53:27",no,,MD-TORF_R_UR_LAMBAHRYGGUR_ZAKOPANA_JANJECA_LEDA,yes,no,no,no,3715,0,0,0
3144,"Selshreifar (Sušeni tuljanovi peraji)",selshreifar-suseni-tuljanovi-peraji,publish,dry_recipe,https://drycured.com/recepti-baza/selshreifar-suseni-tuljanovi-peraji/,"2026-06-04 07:53:27",no,,MD-SELSHREIFAR_SUSENI_TULJANOVI_PERAJI,yes,no,no,no,3692,0,0,0
3145,"Hákarlasullur (Fermentirani trbuh grenlandskog morskog psa)",hakarlasullur-fermentirani-trbuh-grenlandskog-morskog-psa,publish,dry_recipe,https://drycured.com/recepti-baza/hakarlasullur-fermentirani-trbuh-grenlandskog-morskog-psa/,"2026-06-04 07:53:27",no,,MD-HAKARLASULLUR_FERMENTIRANI_TRBUH_GRENLANDSKOG_MORSKOG_PSA,yes,no,no,no,3632,0,0,0
3146,"Gellur (Sušeni riblji jezici)",gellur-suseni-riblji-jezici,publish,dry_recipe,https://drycured.com/recepti-baza/gellur-suseni-riblji-jezici/,"2026-06-04 07:53:27",no,,MD-GELLUR_SUSENI_RIBLJI_JEZICI,yes,no,no,no,3674,0,0,0
3147,"Súrsaðir Hrútspungar Með Lyngi (Fermentirani ovnovski testisi s vrijeskom)",sursair-hrutspungar-me-lyngi-fermentirani-ovnovski-testisi-s-vrijeskom,publish,dry_recipe,https://drycured.com/recepti-baza/sursair-hrutspungar-me-lyngi-fermentirani-ovnovski-testisi-s-vrijeskom/,"2026-06-04 07:53:28",no,,MD-SURSA_IR_HRUTSPUNGAR_ME_LYNGI_FERMENTIRANI_OVNOVSKI_TESTISI_S_VRIJESKOM,yes,no,no,no,3764,0,0,0
3148,"Sviðasulta (Želatinizirano janjeće meso s glave)",sviasulta-zelatinizirano-janjece-meso-s-glave,publish,dry_recipe,https://drycured.com/recepti-baza/sviasulta-zelatinizirano-janjece-meso-s-glave/,"2026-06-04 07:53:28",no,,MD-SVI_ASULTA_ZELATINIZIRANO_JANJECE_MESO_S_GLAVE,yes,no,no,no,3800,0,0,0
3149,"Harðfiskur (Sušeni oslić)",harfiskur-suseni-oslic,publish,dry_recipe,https://drycured.com/recepti-baza/harfiskur-suseni-oslic/,"2026-06-04 07:53:28",no,,MD-HAR_FISKUR_SUSENI_OSLIC,yes,no,no,no,3437,0,0,0
3150,"Kæstur Hákarl (Fermentirano meso grenlandskog morskog psa)",kstur-hakarl-fermentirano-meso-grenlandskog-morskog-psa,publish,dry_recipe,https://drycured.com/recepti-baza/kstur-hakarl-fermentirano-meso-grenlandskog-morskog-psa/,"2026-06-04 07:53:28",no,,MD-K_STUR_HAKARL_FERMENTIRANO_MESO_GRENLANDSKOG_MORSKOG_PSA,yes,no,no,no,3440,0,0,0
3151,"Pastërma (Sušena govedina)",pasterma-susena-govedina,publish,dry_recipe,https://drycured.com/recepti-baza/pasterma-susena-govedina/,"2026-06-04 07:53:28",no,,MD-PASTERMA_SUSENA_GOVEDINA,yes,no,no,no,3425,0,0,0
3152,"Skilandis (Tradicinis lietuviškas skilandis)",skilandis-tradicinis-lietuviskas-skilandis,publish,dry_recipe,https://drycured.com/recepti-baza/skilandis-tradicinis-lietuviskas-skilandis/,"2026-06-04 07:53:28",no,,MD-SKILANDIS_TRADICINIS_LIETUVISKAS_SKILANDIS,yes,no,no,no,3567,0,0,0
3153,"Kindziukas (Kindzius)",kindziukas-kindzius,publish,dry_recipe,https://drycured.com/recepti-baza/kindziukas-kindzius/,"2026-06-04 07:53:28",no,,MD-KINDZIUKAS_KINDZIUS,yes,no,no,no,3664,0,0,0
3154,"Lašiniai (Tradicionalna litavska slanina)",lasiniai-tradicionalna-litavska-slanina,publish,dry_recipe,https://drycured.com/recepti-baza/lasiniai-tradicionalna-litavska-slanina/,"2026-06-04 07:53:28",no,,MD-LASINIAI_TRADICIONALNA_LITAVSKA_SLANINA,yes,no,no,no,3321,0,0,0
3155,"Vytinta dešra (Sušena litavska kobasica)",vytinta-desra-susena-litavska-kobasica,publish,dry_recipe,https://drycured.com/recepti-baza/vytinta-desra-susena-litavska-kobasica/,"2026-06-04 07:53:28",no,,MD-VYTINTA_DESRA_SUSENA_LITAVSKA_KOBASICA,yes,no,no,no,4010,0,0,0
3156,"Lički Planinarski Navršak",licki-planinarski-navrsak,publish,dry_recipe,https://drycured.com/recepti-baza/licki-planinarski-navrsak/,"2026-06-04 07:53:28",no,,MD-LICKI_PLANINARSKI_NAVRSAK,yes,no,no,no,3472,0,0,0
3157,"Maltežanski sušeni ovčji sir (Ġbejna Mnixxfa)",maltezanski-suseni-ovcji-sir-gbejna-mnixxfa,private,dry_recipe,https://drycured.com/?post_type=dry_recipe&p=3157,"2026-06-03 19:05:12",no,,MD-MALTEZANSKI_SUSENI_OVCJI_SIR_BEJNA_MNIXXFA,yes,no,no,no,3451,0,0,0
3158,"Mađarska Slanina (Szalonna)",maarska-slanina-szalonna,publish,dry_recipe,https://drycured.com/recepti-baza/maarska-slanina-szalonna/,"2026-06-04 07:53:28",no,,MD-MADARSKA_SLANINA_SZALONNA,yes,no,no,no,3332,0,0,0
3159,"Mađarska Dimljena Šunka (Füstölt Sonka)",maarska-dimljena-sunka-fustolt-sonka,publish,dry_recipe,https://drycured.com/recepti-baza/maarska-dimljena-sunka-fustolt-sonka/,"2026-06-04 07:53:28",no,,MD-MADARSKA_DIMLJENA_SUNKA_FUSTOLT_SONKA,yes,no,no,no,3457,0,0,0
3160,"Mađarski Dimljeni Jezik (Füstölt Nyelv)",maarski-dimljeni-jezik-fustolt-nyelv,publish,dry_recipe,https://drycured.com/recepti-baza/maarski-dimljeni-jezik-fustolt-nyelv/,"2026-06-04 07:53:28",no,,MD-MADARSKI_DIMLJENI_JEZIK_FUSTOLT_NYELV,yes,no,no,no,3535,0,0,0
3161,"CHIȘCĂ (MOLDAVSKA KRVAVICA)",chisca-moldavska-krvavica,private,dry_recipe,https://drycured.com/?post_type=dry_recipe&p=3161,"2026-06-03 19:05:09",no,,MD-CHI_C_MOLDAVSKA_KRVAVICA,yes,no,no,no,4092,0,0,0
3162,"Ossenworst (Goveđa sirova kobasica)",ossenworst-govea-sirova-kobasica,publish,dry_recipe,https://drycured.com/recepti-baza/ossenworst-govea-sirova-kobasica/,"2026-06-04 07:53:28",no,,MD-OSSENWORST_GOVEDA_SIROVA_KOBASICA,yes,no,no,no,4058,0,0,0
3163,"MOSTBRÖCKLI (ALPSKA SUŠENA GOVEDINA)",mostbrockli-alpska-susena-govedina,publish,dry_recipe,https://drycured.com/recepti-baza/mostbrockli-alpska-susena-govedina/,"2026-06-04 07:53:28",no,,MD-MOSTBROCKLI_ALPSKA_SUSENA_GOVEDINA,yes,no,no,no,4005,0,0,0
3164,"HOLSTEINER KATENSCHINKEN (HOLŠTAJNSKA DIMLJENA ŠUNKA)",holsteiner-katenschinken-holstajnska-dimljena-sunka,publish,dry_recipe,https://drycured.com/recepti-baza/holsteiner-katenschinken-holstajnska-dimljena-sunka/,"2026-06-04 07:53:28",no,,MD-HOLSTEINER_KATENSCHINKEN_HOLSTAJNSKA_DIMLJENA_SUNKA,yes,no,no,no,3972,0,0,0
3165,"Schwarzwaldska šunka s kiselim kupusom i krumpirom",schwarzwaldska-sunka-s-kiselim-kupusom-i-krumpirom,private,dry_recipe,https://drycured.com/?post_type=dry_recipe&p=3165,"2026-06-03 19:04:54",no,,MD-SCHWARZWALDSKA_SUNKA_S_KISELIM_KUPUSOM_I_KRUMPIROM,yes,no,no,no,3522,0,0,0
3166,"Leichter Karreeschinken s povrćem u eintopfu",leichter-karreeschinken-s-povrcem-u-eintopfu,publish,dry_recipe,https://drycured.com/recepti-baza/leichter-karreeschinken-s-povrcem-u-eintopfu/,"2026-06-04 07:53:29",no,,MD-LEICHTER_KARREESCHINKEN_S_POVRCEM_U_EINTOPFU,yes,no,no,no,4001,0,0,0
3167,"Bonus: Juha od povrća s Schinkenspeck kobasicama",bonus-juha-od-povrca-s-schinkenspeck-kobasicama,private,dry_recipe,https://drycured.com/?post_type=dry_recipe&p=3167,"2026-06-03 19:05:00",no,,MD-BONUS_JUHA_OD_POVRCA_S_SCHINKENSPECK_KOBASICAMA,yes,no,no,no,4142,0,0,0
3168,"RAKFISK (FERMENTIRANI SLATKOVODNI LOSOS)",rakfisk-fermentirani-slatkovodni-losos,publish,dry_recipe,https://drycured.com/recepti-baza/rakfisk-fermentirani-slatkovodni-losos/,"2026-06-04 09:08:42",no,,MD-RAKFISK_FERMENTIRANI_SLATKOVODNI_LOSOS,yes,no,no,no,3587,0,0,0
3169,"LUTEFISK (SUŠENI BAKALAR)",lutefisk-suseni-bakalar,publish,dry_recipe,https://drycured.com/recepti-baza/lutefisk-suseni-bakalar/,"2026-06-04 07:53:29",no,,MD-LUTEFISK_SUSENI_BAKALAR,yes,no,no,no,3487,0,0,0
3170,"SMALAHOVE (SUŠENA OVČJA GLAVA)",smalahove-susena-ovcja-glava,publish,dry_recipe,https://drycured.com/recepti-baza/smalahove-susena-ovcja-glava/,"2026-06-04 07:53:29",no,,MD-SMALAHOVE_SUSENA_OVCJA_GLAVA,yes,no,no,no,3575,0,0,0
3171,"FÅREPØLSE (TRADICIONALNA OVČJA KOBASICA)",fareplse-tradicionalna-ovcja-kobasica,publish,dry_recipe,https://drycured.com/recepti-baza/fareplse-tradicionalna-ovcja-kobasica/,"2026-06-04 07:53:29",no,,MD-FAREP_LSE_TRADICIONALNA_OVCJA_KOBASICA,yes,no,no,no,4247,0,0,0
3172,"ELGKJØTT SPEKEMAT (SUHO MESO LOSA)",elgkjtt-spekemat-suho-meso-losa,publish,dry_recipe,https://drycured.com/recepti-baza/elgkjtt-spekemat-suho-meso-losa/,"2026-06-04 07:53:29",no,,MD-ELGKJ_TT_SPEKEMAT_SUHO_MESO_LOSA,yes,no,no,no,3483,0,0,0
3173,"TJUKKMJØLKSPØLSE (FERMENTIRANA KOBASICA S MLIJEČNOM KULTUROM)",tjukkmjlksplse-fermentirana-kobasica-s-mlijecnom-kulturom,publish,dry_recipe,https://drycured.com/recepti-baza/tjukkmjlksplse-fermentirana-kobasica-s-mlijecnom-kulturom/,"2026-06-04 07:53:29",no,,MD-TJUKKMJ_LKSP_LSE_FERMENTIRANA_KOBASICA_S_MLIJECNOM_KULTUROM,yes,no,no,no,4494,0,0,0
3174,"REINSDYRHJERTE (SUŠENO SRCE SOBA)",reinsdyrhjerte-suseno-srce-soba,publish,dry_recipe,https://drycured.com/recepti-baza/reinsdyrhjerte-suseno-srce-soba/,"2026-06-04 07:53:29",no,,MD-REINSDYRHJERTE_SUSENO_SRCE_SOBA,yes,no,no,no,3622,0,0,0
3175,"PINNEKJØTT (SUŠENA REBRA)",pinnekjtt-susena-rebra,publish,dry_recipe,https://drycured.com/recepti-baza/pinnekjtt-susena-rebra/,"2026-06-04 07:53:29",no,,MD-PINNEKJ_TT_SUSENA_REBRA,yes,no,no,no,3566,0,0,0
3176,"RØKELAKS (DIMLJENI LOSOS)",rkelaks-dimljeni-losos,publish,dry_recipe,https://drycured.com/recepti-baza/rkelaks-dimljeni-losos/,"2026-06-04 09:08:43",no,,MD-R_KELAKS_DIMLJENI_LOSOS,yes,no,no,no,3711,0,0,0
3177,"Đakovački Specijalni Fermentirani Vrat",akovacki-specijalni-fermentirani-vrat,private,dry_recipe,https://drycured.com/?post_type=dry_recipe&p=3177,"2026-06-03 19:04:30",no,,MD-DAKOVACKI_SPECIJALNI_FERMENTIRANI_VRAT,yes,no,no,no,3474,0,0,0
3178,"Kuşbaşı Jerky (Turski goveđi jerky)",kusbas-jerky-turski-govei-jerky,publish,dry_recipe,https://drycured.com/recepti-baza/kusbas-jerky-turski-govei-jerky/,"2026-06-04 07:53:29",no,,MD-KU_BA_JERKY_TURSKI_GOVEDI_JERKY,yes,no,no,no,3831,0,0,0
3179,"Işkembe Dolması (Punjeni goveđi burag)",iskembe-dolmas-punjeni-govei-burag,publish,dry_recipe,https://drycured.com/recepti-baza/iskembe-dolmas-punjeni-govei-burag/,"2026-06-04 07:53:29",no,,MD-I_KEMBE_DOLMAS_PUNJENI_GOVEDI_BURAG,yes,no,no,no,3829,0,0,0
3180,"Varaždinski Š(p)ek",varazdinski-s-p-ek,publish,dry_recipe,https://drycured.com/recepti-baza/varazdinski-s-p-ek/,"2026-06-04 07:53:29",no,,MD-VARAZDINSKI_S_P_EK,yes,no,no,no,3474,0,0,0
3181,"Đurđevački Zelenjak",urevacki-zelenjak,publish,dry_recipe,https://drycured.com/recepti-baza/urevacki-zelenjak/,"2026-06-04 07:53:29",no,,MD-DURDEVACKI_ZELENJAK,yes,no,no,no,3394,0,0,0
3182,"KINDZIUK (POLJSKO-LITAVSKA SUHA KOBASICA)",kindziuk-poljsko-litavska-suha-kobasica,publish,dry_recipe,https://drycured.com/recepti-baza/kindziuk-poljsko-litavska-suha-kobasica/,"2026-06-04 07:53:29",no,,MD-KINDZIUK_POLJSKO_LITAVSKA_SUHA_KOBASICA,yes,no,no,no,4086,0,0,0
3183,"KIEŁBASA WĘDZONA (DIMLJENA POLJSKA KOBASICA)",kiebasa-wedzona-dimljena-poljska-kobasica,publish,dry_recipe,https://drycured.com/recepti-baza/kiebasa-wedzona-dimljena-poljska-kobasica/,"2026-06-04 07:53:29",no,,MD-KIE_BASA_W_DZONA_DIMLJENA_POLJSKA_KOBASICA,yes,no,no,no,4003,0,0,0
3184,"Morcela de Assar (Portugalska krvavica za pečenje)",morcela-de-assar-portugalska-krvavica-za-pecenje,private,dry_recipe,https://drycured.com/?post_type=dry_recipe&p=3184,"2026-06-03 19:03:58",no,,MD-MORCELA_DE_ASSAR_PORTUGALSKA_KRVAVICA_ZA_PECENJE,yes,no,no,no,3656,0,0,0
3185,"Presunto de Porco Preto (Pršut od Crne Iberijske Svinje)",presunto-de-porco-preto-prsut-od-crne-iberijske-svinje,publish,dry_recipe,https://drycured.com/recepti-baza/presunto-de-porco-preto-prsut-od-crne-iberijske-svinje/,"2026-06-04 07:53:29",no,,MD-PRESUNTO_DE_PORCO_PRETO_PRSUT_OD_CRNE_IBERIJSKE_SVINJE,yes,no,no,no,3415,0,0,0
3186,"Bonus: Schwarzwälder Speck (Crnogorska slanina)",bonus-schwarzwalder-speck-crnogorska-slanina,private,dry_recipe,https://drycured.com/?post_type=dry_recipe&p=3186,"2026-06-03 19:03:43",no,,MD-BONUS_SCHWARZWALDER_SPECK_CRNOGORSKA_SLANINA,yes,no,no,no,3380,0,0,0
3187,"Zalatina (Ζαλατίνα) - Ciparski hladetinasti svinjski narezak",zalatina-ciparski-hladetinasti-svinjski-narezak,private,dry_recipe,https://drycured.com/?post_type=dry_recipe&p=3187,"2026-06-03 19:03:46",no,,MD-ZALATINA_CIPARSKI_HLADETINASTI_SVINJSKI_NAREZAK,yes,no,no,no,3379,0,0,0
3188,"Lountza Kafteri (Λούντζα Καυτερή) - Ljuta dimljena svinjska vratina",lountza-kafteri-ljuta-dimljena-svinjska-vratina,publish,dry_recipe,https://drycured.com/recepti-baza/lountza-kafteri-ljuta-dimljena-svinjska-vratina/,"2026-06-04 07:53:29",no,,MD-LOUNTZA_KAFTERI_LJUTA_DIMLJENA_SVINJSKA_VRATINA,yes,no,no,no,3907,0,0,0
3189,"Posyrti (Ποσυρτή) - Ciparska suha kobasica s divljim biljem",posyrti-ciparska-suha-kobasica-s-divljim-biljem,publish,dry_recipe,https://drycured.com/recepti-baza/posyrti-ciparska-suha-kobasica-s-divljim-biljem/,"2026-06-04 07:53:29",no,,MD-POSYRTI_CIPARSKA_SUHA_KOBASICA_S_DIVLJIM_BILJEM,yes,no,no,no,4326,0,0,0
3190,"Afelia Pastarma (Αφέλια Παστάρμα) - Ciparska marinirana goveđa pisanica",afelia-pastarma-ciparska-marinirana-govea-pisanica,publish,dry_recipe,https://drycured.com/recepti-baza/afelia-pastarma-ciparska-marinirana-govea-pisanica/,"2026-06-04 07:53:29",no,,MD-AFELIA_PASTARMA_CIPARSKA_MARINIRANA_GOVEDA_PISANICA,yes,no,no,no,3964,0,0,0
3191,"Ofto Lountza (Οφτή Λούντζα) - Ciparska zračno sušena janjetina",ofto-lountza-ciparska-zracno-susena-janjetina,publish,dry_recipe,https://drycured.com/recepti-baza/ofto-lountza-ciparska-zracno-susena-janjetina/,"2026-06-04 07:53:29",no,,MD-OFTO_LOUNTZA_CIPARSKA_ZRACNO_SUSENA_JANJETINA,yes,no,no,no,3968,0,0,0
3192,"Virovski ""Živi Čvarci""",virovski-zivi-cvarci,publish,dry_recipe,https://drycured.com/recepti-baza/virovski-zivi-cvarci/,"2026-06-04 07:53:29",no,,MD-VIROVSKI_ZIVI_CVARCI,yes,no,no,no,3613,0,0,0
3193,"Ludbreška ""Tajna Kobasica""",ludbreska-tajna-kobasica,publish,dry_recipe,https://drycured.com/recepti-baza/ludbreska-tajna-kobasica/,"2026-06-04 07:53:29",no,,MD-LUDBRESKA_TAJNA_KOBASICA,yes,no,no,no,4044,0,0,0
3194,"Đurđevački ""Zaboravljeni Š(p)ek""",urevacki-zaboravljeni-s-p-ek,publish,dry_recipe,https://drycured.com/recepti-baza/urevacki-zaboravljeni-s-p-ek/,"2026-06-04 07:53:29",no,,MD-DURDEVACKI_ZABORAVLJENI_S_P_EK,yes,no,no,no,3490,0,0,0
3195,"Pregradski ""Šumski Šaptat""",pregradski-sumski-saptat,publish,dry_recipe,https://drycured.com/recepti-baza/pregradski-sumski-saptat/,"2026-06-04 07:53:29",no,,MD-PREGRADSKI_SUMSKI_SAPTAT,yes,no,no,no,3480,0,0,0
3196,"Križevački ""Začinski Vjetar""",krizevacki-zacinski-vjetar,publish,dry_recipe,https://drycured.com/recepti-baza/krizevacki-zacinski-vjetar/,"2026-06-04 07:53:29",no,,MD-KRIZEVACKI_ZACINSKI_VJETAR,yes,no,no,no,3449,0,0,0
3197,"Našički ""Ratarski Sjećaj""",nasicki-ratarski-sjecaj,publish,dry_recipe,https://drycured.com/recepti-baza/nasicki-ratarski-sjecaj/,"2026-06-04 07:53:30",no,,MD-NASICKI_RATARSKI_SJECAJ,yes,no,no,no,3465,0,0,0
3198,"Draževački ""Veteranski Sjećaj""",drazevacki-veteranski-sjecaj,publish,dry_recipe,https://drycured.com/recepti-baza/drazevacki-veteranski-sjecaj/,"2026-06-04 07:53:30",no,,MD-DRAZEVACKI_VETERANSKI_SJECAJ,yes,no,no,no,3473,0,0,0
3199,"Kalničkog ""Gorski Trag""",kalnickog-gorski-trag,publish,dry_recipe,https://drycured.com/recepti-baza/kalnickog-gorski-trag/,"2026-06-04 07:53:30",no,,MD-KALNICKOG_GORSKI_TRAG,yes,no,no,no,3459,0,0,0
3200,"Podravski ""Zaboravljeni Vrbovec""",podravski-zaboravljeni-vrbovec,publish,dry_recipe,https://drycured.com/recepti-baza/podravski-zaboravljeni-vrbovec/,"2026-06-04 07:53:30",no,,MD-PODRAVSKI_ZABORAVLJENI_VRBOVEC,yes,no,no,no,3511,0,0,0
3201,"Koprivnički ""Seoski Izvor""",koprivnicki-seoski-izvor,publish,dry_recipe,https://drycured.com/recepti-baza/koprivnicki-seoski-izvor/,"2026-06-04 07:53:30",no,,MD-KOPRIVNICKI_SEOSKI_IZVOR,yes,no,no,no,3655,0,0,0
3202,"Đurđevački ""Ribarski Sjaj""",urevacki-ribarski-sjaj,publish,dry_recipe,https://drycured.com/recepti-baza/urevacki-ribarski-sjaj/,"2026-06-04 07:53:30",no,,MD-DURDEVACKI_RIBARSKI_SJAJ,yes,no,no,no,3453,0,0,0
3203,"Ludbreški ""Planinski Trag""",ludbreski-planinski-trag,publish,dry_recipe,https://drycured.com/recepti-baza/ludbreski-planinski-trag/,"2026-06-04 07:53:30",no,,MD-LUDBRESKI_PLANINSKI_TRAG,yes,no,no,no,3479,0,0,0
3204,"Virovski ""Šumski Biseri""",virovski-sumski-biseri,publish,dry_recipe,https://drycured.com/recepti-baza/virovski-sumski-biseri/,"2026-06-04 07:53:30",no,,MD-VIROVSKI_SUMSKI_BISERI,yes,no,no,no,3457,0,0,0
3205,"PASTRAMĂ DE OAIE (Sušena ovčetina)",pastrama-de-oaie-susena-ovcetina,publish,dry_recipe,https://drycured.com/recepti-baza/pastrama-de-oaie-susena-ovcetina/,"2026-06-04 07:53:30",no,,MD-PASTRAM_DE_OAIE_SUSENA_OVCETINA,yes,no,no,no,3796,0,0,0
3206,"Basturma (Бастурма - Začinjeno sušeno goveđe meso)",basturma-zacinjeno-suseno-govee-meso,publish,dry_recipe,https://drycured.com/recepti-baza/basturma-zacinjeno-suseno-govee-meso/,"2026-06-04 07:53:30",no,,MD-BASTURMA_ZACINJENO_SUSENO_GOVEDE_MESO,yes,no,no,no,3808,0,0,0
3207,"Koryushka (Корюшка - Dimljena mala riba)",koryushka-dimljena-mala-riba,publish,dry_recipe,https://drycured.com/recepti-baza/koryushka-dimljena-mala-riba/,"2026-06-04 07:53:30",no,,MD-KORYUSHKA_DIMLJENA_MALA_RIBA,yes,no,no,no,3613,0,0,0
3208,"Svinaya Vyrezka (Свиная вырезка - Sušeni svinjski file)",svinaya-vyrezka-suseni-svinjski-file,publish,dry_recipe,https://drycured.com/recepti-baza/svinaya-vyrezka-suseni-svinjski-file/,"2026-06-04 07:53:30",no,,MD-SVINAYA_VYREZKA_SUSENI_SVINJSKI_FILE,yes,no,no,no,3737,0,0,0
3209,"Vetchina (Ветчина - Domaća kuhana šunka)",vetchina-domaca-kuhana-sunka,private,dry_recipe,https://drycured.com/?post_type=dry_recipe&p=3209,"2026-06-03 19:02:54",no,,MD-VETCHINA_DOMACA_KUHANA_SUNKA,yes,no,no,no,3666,0,0,0
3210,"ARBROATH SMOKIES (DIMLJENA HARINGA)",arbroath-smokies-dimljena-haringa,publish,dry_recipe,https://drycured.com/recepti-baza/arbroath-smokies-dimljena-haringa/,"2026-06-04 07:53:30",no,,MD-ARBROATH_SMOKIES_DIMLJENA_HARINGA,yes,no,no,no,3575,0,0,0
3211,"Zgornjesavinjski želodec",zgornjesavinjski-zelodec,publish,dry_recipe,https://drycured.com/recepti-baza/zgornjesavinjski-zelodec/,"2026-06-04 07:53:31",no,,MD-ZGORNJESAVINJSKI_ZELODEC,yes,no,no,no,3801,0,0,0
3212,"Lomo Embuchado - Začinjena Suha Svinjska Leđa",lomo-embuchado-zacinjena-suha-svinjska-lea,publish,dry_recipe,https://drycured.com/recepti-baza/lomo-embuchado-zacinjena-suha-svinjska-lea/,"2026-06-04 07:53:31",no,,MD-LOMO_EMBUCHADO_ZACINJENA_SUHA_SVINJSKA_LEDA,yes,no,no,no,4025,0,0,0
3213,"Cecina de León - Sušena Goveđa Cecina",cecina-de-leon-susena-govea-cecina,publish,dry_recipe,https://drycured.com/recepti-baza/cecina-de-leon-susena-govea-cecina/,"2026-06-04 07:53:31",no,,MD-CECINA_DE_LEON_SUSENA_GOVEDA_CECINA,yes,no,no,no,3857,0,0,0
3214,"Crnogorski Sudžuk",crnogorski-sudzuk,publish,dry_recipe,https://drycured.com/recepti-baza/crnogorski-sudzuk/,"2026-06-04 07:53:31",no,,MD-CRNOGORSKI_SUDZUK,yes,no,no,no,3982,0,0,0
3215,"SCHAFFHAUSER SCHÜBLIG (DIMLJENA GOVEĐA KOBASICA)",schaffhauser-schublig-dimljena-govea-kobasica,publish,dry_recipe,https://drycured.com/recepti-baza/schaffhauser-schublig-dimljena-govea-kobasica/,"2026-06-04 07:53:31",no,,MD-SCHAFFHAUSER_SCHUBLIG_DIMLJENA_GOVEDA_KOBASICA,yes,no,no,no,4312,0,0,0
3216,"BÜNDNERFLEISCH (GRAUBÜNDENSKI SUŠENI GOVEĐI BUT)",bundnerfleisch-graubundenski-suseni-govei-but,publish,dry_recipe,https://drycured.com/recepti-baza/bundnerfleisch-graubundenski-suseni-govei-but/,"2026-06-04 07:53:31",no,,MD-BUNDNERFLEISCH_GRAUBUNDENSKI_SUSENI_GOVEDI_BUT,yes,no,no,no,3517,0,0,0
3217,"Culatello di Zibello - Kulatelo iz Zibella",culatello-di-zibello-kulatelo-iz-zibella,publish,dry_recipe,https://drycured.com/recepti-baza/culatello-di-zibello-kulatelo-iz-zibella/,"2026-06-04 07:53:31",no,,MD-CULATELLO_DI_ZIBELLO_KULATELO_IZ_ZIBELLA,yes,no,no,no,4044,0,0,0
3218,"PANCETTA ARROTOLATA",pancetta-arrotolata,publish,dry_recipe,https://drycured.com/recepti-baza/pancetta-arrotolata/,"2026-06-04 07:53:32",no,,MD-PANCETTA_ARROTOLATA,yes,no,no,no,3542,0,0,0
3219,"Herzegovina Livanjska Devenica",herzegovina-livanjska-devenica,publish,dry_recipe,https://drycured.com/recepti-baza/herzegovina-livanjska-devenica/,"2026-06-04 07:53:32",no,,MD-HERZEGOVINA_LIVANJSKA_DEVENICA,yes,no,no,no,3500,0,0,0
3220,"Tuzlanski Švargli",tuzlanski-svargli,private,dry_recipe,https://drycured.com/?post_type=dry_recipe&p=3220,"2026-06-03 19:01:48",no,,MD-TUZLANSKI_SVARGLI,yes,no,no,no,3023,0,0,0
3221,"Zeleni Burek Kobasica (Specifičnost Cazinske doline)",zeleni-burek-kobasica-specificnost-cazinske-doline,private,dry_recipe,https://drycured.com/?post_type=dry_recipe&p=3221,"2026-06-03 19:01:51",no,,MD-ZELENI_BUREK_KOBASICA_SPECIFICNOST_CAZINSKE_DOLINE,yes,no,no,no,3491,0,0,0
3222,"Mostarsko Zrno - Unikatna Mesna Kombinacija",mostarsko-zrno-unikatna-mesna-kombinacija,publish,dry_recipe,https://drycured.com/recepti-baza/mostarsko-zrno-unikatna-mesna-kombinacija/,"2026-06-04 07:53:32",no,,MD-MOSTARSKO_ZRNO_UNIKATNA_MESNA_KOMBINACIJA,yes,no,no,no,3451,0,0,0
3223,"Etnografska studija kulinarskog naslijeđa",etnografska-studija-kulinarskog-naslijea,publish,dry_recipe,https://drycured.com/recepti-baza/etnografska-studija-kulinarskog-naslijea/,"2026-06-04 07:53:32",no,,MD-ETNOGRAFSKA_STUDIJA_KULINARSKOG_NASLIJEDA,yes,no,no,no,4001,0,0,0
3224,"Polendvytsia (Полендвиця) - Sušeni svinjski file",polendvytsia-suseni-svinjski-file,publish,dry_recipe,https://drycured.com/recepti-baza/polendvytsia-suseni-svinjski-file/,"2026-06-04 07:53:32",no,,MD-POLENDVYTSIA_SUSENI_SVINJSKI_FILE,yes,no,no,no,3596,0,0,0
3225,"Shukhevychivska Kovbasa (Шухевичівська ковбаса) - Sušena kobasica s paprom",shukhevychivska-kovbasa-susena-kobasica-s-paprom,publish,dry_recipe,https://drycured.com/recepti-baza/shukhevychivska-kovbasa-susena-kobasica-s-paprom/,"2026-06-04 07:53:32",no,,MD-SHUKHEVYCHIVSKA_KOVBASA_SUSENA_KOBASICA_S_PAPROM,yes,no,no,no,4353,0,0,0
3226,"Miasnyi Khlib (М'ясний хліб) - Mesni kruh",miasnyi-khlib-mesni-kruh,publish,dry_recipe,https://drycured.com/recepti-baza/miasnyi-khlib-mesni-kruh/,"2026-06-04 07:53:32",no,,MD-MIASNYI_KHLIB_MESNI_KRUH,yes,no,no,no,3902,0,0,0
3227,"Dimlenyi Yazyk (Димлений язик) - Dimljeni goveđi jezik",dimlenyi-yazyk-dimljeni-govei-jezik,publish,dry_recipe,https://drycured.com/recepti-baza/dimlenyi-yazyk-dimljeni-govei-jezik/,"2026-06-04 07:53:32",no,,MD-DIMLENYI_YAZYK_DIMLJENI_GOVEDI_JEZIK,yes,no,no,no,3686,0,0,0
3228,"Salo (Сало) - Ukrajinska slanina",salo-ukrajinska-slanina,publish,dry_recipe,https://drycured.com/recepti-baza/salo-ukrajinska-slanina/,"2026-06-04 07:53:32",no,,MD-SALO_UKRAJINSKA_SLANINA,yes,no,no,no,3553,0,0,0
3229,"Domašnja Kovbasa (Домашня ковбаса) - Domaća kobasica",domasnja-kovbasa-domaca-kobasica,publish,dry_recipe,https://drycured.com/recepti-baza/domasnja-kovbasa-domaca-kobasica/,"2026-06-04 07:53:32",no,,MD-DOMASNJA_KOVBASA_DOMACA_KOBASICA,yes,no,no,no,4276,0,0,0
3230,"Buženina (Буженина) - Pečena i sušena svinjetina",buzenina-pecena-i-susena-svinjetina,publish,dry_recipe,https://drycured.com/recepti-baza/buzenina-pecena-i-susena-svinjetina/,"2026-06-04 07:53:32",no,,MD-BUZENINA_PECENA_I_SUSENA_SVINJETINA,yes,no,no,no,3647,0,0,0
3231,"Kholodets (Холодець) - Hladetina od mesa",kholodets-hladetina-od-mesa,private,dry_recipe,https://drycured.com/?post_type=dry_recipe&p=3231,"2026-06-03 19:01:33",no,,MD-KHOLODETS_HLADETINA_OD_MESA,yes,no,no,no,3436,0,0,0
3232,"Solonina (Солонина) - Salamurena govedina",solonina-salamurena-govedina,publish,dry_recipe,https://drycured.com/recepti-baza/solonina-salamurena-govedina/,"2026-06-04 07:53:32",no,,MD-SOLONINA_SALAMURENA_GOVEDINA,yes,no,no,no,4012,0,0,0
3233,"Češnjovke 1.2021 – domaća varijanta",e-njovke-1-2021-doma-a-varijanta,publish,dry_recipe,https://drycured.com/recepti-baza/e-njovke-1-2021-doma-a-varijanta/,"2026-06-04 07:53:32",no,,NEW-CESNJOVKE-2021,yes,no,no,no,3916,0,0,0
3234,"Kranjska 1.2021 – domaća varijanta",kranjska-1-2021-doma-a-varijanta,publish,dry_recipe,https://drycured.com/recepti-baza/kranjska-1-2021-doma-a-varijanta/,"2026-06-04 07:53:32",no,,NEW-KRANJSKA-2021,yes,no,no,no,4117,0,0,0
3235,"Pečenice 1.2021 – domaća varijanta",pe-enice-1-2021-doma-a-varijanta,private,dry_recipe,https://drycured.com/?post_type=dry_recipe&p=3235,"2026-06-03 19:01:45",no,,NEW-PECENICE-2021,yes,no,no,no,3497,0,0,0
3236,"Pečena salamurena slanina s toplim dimom",pe-ena-salamurena-slanina-s-toplim-dimom,publish,dry_recipe,https://drycured.com/recepti-baza/pe-ena-salamurena-slanina-s-toplim-dimom/,"2026-06-04 07:53:32",no,,NEW-PECENA-SALAMURENA-SLANINA,yes,no,no,no,3820,0,0,0
3308,"Istarska kobasica",hr-is-001-istarska-kobasica,publish,dry_recipe,https://drycured.com/recepti-baza/hr-is-001-istarska-kobasica/,"2026-06-06 18:57:27",no,,HR-IS-001,yes,yes,yes,no,5856,6136,1611,0
3309,"Rovinjska kobasica",hr-is-002-rovinjska-kobasica,publish,dry_recipe,https://drycured.com/recepti-baza/hr-is-002-rovinjska-kobasica/,"2026-06-06 18:57:27",no,,HR-IS-002,yes,yes,yes,no,5856,6136,1611,0
3310,"Pazinska kobasica",hr-is-003-pazinska-kobasica,publish,dry_recipe,https://drycured.com/recepti-baza/hr-is-003-pazinska-kobasica/,"2026-06-06 18:57:27",no,,HR-IS-003,yes,yes,yes,no,5856,6136,1611,0
3311,"Lička kobasica",hr-li-001-licka-kobasica,publish,dry_recipe,https://drycured.com/recepti-baza/hr-li-001-licka-kobasica/,"2026-06-06 18:57:27",no,,HR-LI-001,yes,yes,yes,no,5856,6136,1611,0
3312,"Sinjska kobasica",hr-da-001-sinjska-kobasica,publish,dry_recipe,https://drycured.com/recepti-baza/hr-da-001-sinjska-kobasica/,"2026-06-06 18:57:27",no,,HR-DA-001,yes,yes,yes,no,5856,6136,1611,0
3313,"Korčulanska kobasica",hr-da-002-korculanska-kobasica,publish,dry_recipe,https://drycured.com/recepti-baza/hr-da-002-korculanska-kobasica/,"2026-06-06 18:57:27",no,,HR-DA-002,yes,yes,yes,no,5856,6136,1611,0
3314,"Hvarska prstena kobasica",hr-da-003-hvarska-prstena-kobasica,publish,dry_recipe,https://drycured.com/recepti-baza/hr-da-003-hvarska-prstena-kobasica/,"2026-06-06 18:57:27",no,,HR-DA-003,yes,yes,yes,no,5856,6136,1611,0
3315,"Vrgorački kulen",hr-da-004-vrgoracki-kulen,publish,dry_recipe,https://drycured.com/recepti-baza/hr-da-004-vrgoracki-kulen/,"2026-06-06 18:57:27",no,,HR-DA-004,yes,yes,yes,no,5856,6136,1611,0
3524,"PREVIEW CANON — Slavonska domaća kobasica",preview-canon-preview-canon-slavonska-kobasica-src-2976,private,dry_recipe,https://drycured.com/?post_type=dry_recipe&p=3524,"2026-06-15 17:24:58",yes,,HR-SL-005,yes,yes,yes,no,6704,6579,2545,0
3525,"PREVIEW CANON — Prosciutto di Parma",preview-canon-preview-canon-prosciutto-di-parma-src-2061,private,dry_recipe,https://drycured.com/?post_type=dry_recipe&p=3525,"2026-06-07 18:12:06",yes,,MD-PROSCIUTTO_DI_PARMA_PARMSKA_SUNKA,yes,no,no,no,3344,0,0,0
3526,"PREVIEW CANON — Prosciutto di San Daniele",preview-canon-preview-canon-prosciutto-di-san-daniele-src-1983,private,dry_recipe,https://drycured.com/?post_type=dry_recipe&p=3526,"2026-06-07 18:12:06",yes,,MD-PROSCIUTTO_DI_SAN_DANIELE,yes,no,no,no,3426,0,0,0
3527,"PREVIEW CANON — Bresaola della Valtellina",preview-canon-preview-canon-bresaola-della-valtellina-src-2115,private,dry_recipe,https://drycured.com/?post_type=dry_recipe&p=3527,"2026-06-07 18:12:06",yes,,MD-BRESAOLA_DELLA_VALTELLINA,yes,no,no,no,3511,0,0,0
3528,"PREVIEW CANON — Kraški pršut",preview-canon-preview-canon-kraski-prsut-src-2104,private,dry_recipe,https://drycured.com/?post_type=dry_recipe&p=3528,"2026-06-07 18:12:06",yes,,MD-KRASKI_PRSUT,yes,no,no,no,3270,0,0,0
3529,"PREVIEW CANON — Lardo di Colonnata",preview-canon-preview-canon-lardo-di-colonnata-src-1986,private,dry_recipe,https://drycured.com/?post_type=dry_recipe&p=3529,"2026-06-07 18:12:07",yes,,MD-LARDO_DI_COLONNATA,yes,no,no,no,3965,0,0,0
3530,"PREVIEW CANON — Coppa Piacentina",preview-canon-preview-canon-coppa-piacentina-src-2116,private,dry_recipe,https://drycured.com/?post_type=dry_recipe&p=3530,"2026-06-07 18:12:07",yes,,MD-COPPA_PIACENTINA,yes,no,no,no,3777,0,0,0
3531,"PREVIEW CANON — Pancetta Arrotolata",preview-canon-preview-canon-pancetta-arrotolata-src-3218,private,dry_recipe,https://drycured.com/?post_type=dry_recipe&p=3531,"2026-06-07 18:12:07",yes,,MD-PANCETTA_ARROTOLATA,yes,no,no,no,3542,0,0,0
3532,"PREVIEW GRANULACIJA — Kulenova seka",preview-granulation-kulenova-seka-src-2973,private,dry_recipe,https://drycured.com/?post_type=dry_recipe&p=3532,"2026-06-07 20:21:32",yes,,HR-SL-002,yes,yes,yes,no,5471,5764,2463,0
3535,"PRIVATE PREVIEW — Jésus de Lyon – debela suha kobasica",private-preview-3042-jesus-de-lyon-dossier-only-20260618-184742,private,dry_recipe,https://drycured.com/?post_type=dry_recipe&p=3535,"2026-06-18 18:47:42",yes,3042,MD-JESUS_DE_LYON_DEBELA_SUHA_KOBASICA,yes,yes,yes,no,2682,5996,1491,0
3536,"PREVIEW — Finocchiona Toscana IGP",preview-finocchiona-toscana-src-1982,private,dry_recipe,https://drycured.com/?post_type=dry_recipe&p=3536,"2026-06-19 17:29:59",yes,1982,IT-TOS-1982-FINOCCHIONA-TOSCANA,yes,yes,yes,no,7243,7937,4839,0
3537,"PREVIEW — Baranjska kobasica – ljuta varijanta",preview-2697-baranjska-kobasica-ljuta-varijanta-20260619-190124,private,dry_recipe,https://drycured.com/?post_type=dry_recipe&p=3537,"2026-06-19 19:01:24",yes,2697,HR-BR-2697-BARANJSKA-LJUTA-KOBASICA,yes,yes,yes,no,8217,14294,6866,0
