post_id,title,url,post_status,detected_type,confidence,score_ground,score_whole,score_thermal,score_fish,has_granulation,has_fat_handling,has_casing,has_brine_or_cure,has_thermal_process,has_thermal_params,has_cold_chain,has_smoking,has_drying,has_aging,has_phase_time_or_params,has_nitrite,has_nitrite_note,has_fallback_internal,has_problem_signal,has_solution_signal,public_fetch_status,public_fetch_error,audit_status,public_update_gate,block_reasons,v1_1_final_type,v1_1_type_source,v1_1_type_reason,v1_1_public_update_gate,v1_1_block_reasons,v1_1_work_priority
1975,Istarska kobasica,https://drycured.com/?post_type=dry_recipe&p=1975,draft,GROUND_MEAT_OR_CASING,high,6,4,1,0,1,1,1,0,1,1,1,1,1,0,1,0,0,0,1,1,,,TYPE_PASS_READY_FOR_SOURCE_DOSSIER,PASS,,GROUND_MEAT_OR_CASING,KEEP,,PASS,,D_NONPUBLIC_REVIEW_READY
1976,Primorska kobasica,https://drycured.com/?post_type=dry_recipe&p=1976,draft,GROUND_MEAT_OR_CASING,high,6,1,0,0,1,0,1,0,0,0,1,1,1,1,1,0,0,0,1,0,,,TYPE_PASS_MISSING_FIELDS,FAIL,GROUND_MISSING_FAT_HANDLING;PROBLEM_WITHOUT_SOLUTION_SIGNAL,GROUND_MEAT_OR_CASING,KEEP,,FAIL,GROUND_MISSING_FAT_HANDLING;PROBLEM_WITHOUT_SOLUTION_SIGNAL,C_NONPUBLIC_BLOCKED
1977,Creski udić — pršut od ovce,https://drycured.com/?post_type=dry_recipe&p=1977,draft,WHOLE_CUT,medium,0,3,1,1,0,1,0,1,1,0,0,0,1,1,0,0,0,0,1,1,,,TYPE_PASS_MISSING_FIELDS,FAIL,PHASE_MISSING_TIME_OR_PARAMS,WHOLE_CUT,KEEP,WHOLE_CUT_TITLE:prsut,FAIL,PHASE_MISSING_TIME_OR_PARAMS,C_NONPUBLIC_BLOCKED
1978,Creska janjeća roštilj kobasica,https://drycured.com/?post_type=dry_recipe&p=1978,draft,GROUND_MEAT_OR_CASING,high,6,3,1,0,1,0,1,0,1,0,1,0,1,0,1,0,0,0,1,0,,,TYPE_PASS_MISSING_FIELDS,FAIL,GROUND_MISSING_FAT_HANDLING;PROBLEM_WITHOUT_SOLUTION_SIGNAL,GROUND_MEAT_OR_CASING,KEEP,,FAIL,GROUND_MISSING_FAT_HANDLING;PROBLEM_WITHOUT_SOLUTION_SIGNAL,C_NONPUBLIC_BLOCKED
1979,Testni recept iz kalkulatora,https://drycured.com/?post_type=dry_recipe&p=1979,draft,NEEDS_CLASSIFICATION,low,3,3,0,0,0,0,0,0,0,1,1,0,1,0,1,0,0,0,1,0,,,NEEDS_CLASSIFICATION,FAIL,NEEDS_CLASSIFICATION;PROBLEM_WITHOUT_SOLUTION_SIGNAL,NEEDS_CLASSIFICATION,BLOCK,NOISE_OR_COLLECTION:testni recept,FAIL,NEEDS_CLASSIFICATION;PROBLEM_WITHOUT_SOLUTION_SIGNAL,C_NONPUBLIC_BLOCKED
1980,Davorova kobasa,https://drycured.com/?post_type=dry_recipe&p=1980,draft,NEEDS_CLASSIFICATION,low,2,2,0,1,0,1,1,0,0,0,0,1,1,1,1,0,0,0,0,1,,,NEEDS_CLASSIFICATION,FAIL,NEEDS_CLASSIFICATION,NEEDS_CLASSIFICATION,BLOCK,NOISE_OR_COLLECTION:davorova kobasa,FAIL,NEEDS_CLASSIFICATION,C_NONPUBLIC_BLOCKED
1981,TRADICIJSKIH TALIJANSKIH RECEPATA ZA SUHOMESNATE PROIZVODE,https://drycured.com/?post_type=dry_recipe&p=1981,draft,GROUND_MEAT_OR_CASING,medium,3,1,0,1,1,1,1,0,0,1,1,0,1,0,1,1,0,0,1,0,,,TYPE_PASS_MISSING_FIELDS,FAIL,NITRITE_WITHOUT_SAFETY_NOTE;PROBLEM_WITHOUT_SOLUTION_SIGNAL,NEEDS_CLASSIFICATION,BLOCK,NOISE_OR_COLLECTION:tradicijskih,FAIL,NITRITE_WITHOUT_SAFETY_NOTE;PROBLEM_WITHOUT_SOLUTION_SIGNAL;NEEDS_CLASSIFICATION,C_NONPUBLIC_BLOCKED
1982,FINOCCHIONA TOSCANA,https://drycured.com/recepti-baza/finocchiona-toscana/,publish,GROUND_MEAT_OR_CASING,high,10,3,1,2,1,1,1,1,1,1,1,1,1,1,1,1,1,0,1,1,200,,TYPE_PASS_READY_FOR_SOURCE_DOSSIER,PASS,,GROUND_MEAT_OR_CASING,KEEP,,PASS,,B_PUBLIC_REVIEW_READY
1983,PROSCIUTTO DI SAN DANIELE,https://drycured.com/recepti-baza/prosciutto-di-san-daniele/,publish,WHOLE_CUT,high,6,9,0,2,0,1,1,1,0,1,1,1,1,1,1,1,1,0,1,1,200,,TYPE_PASS_READY_FOR_SOURCE_DOSSIER,PASS,,WHOLE_CUT,KEEP,"WHOLE_CUT_TITLE:prosciutto,san daniele",PASS,,B_PUBLIC_REVIEW_READY
1984,NDUJA CALABRESE,https://drycured.com/recepti-baza/nduja-calabrese/,publish,GROUND_MEAT_OR_CASING,high,9,3,1,2,1,1,1,1,1,1,1,1,1,1,1,1,1,0,1,1,200,,TYPE_PASS_READY_FOR_SOURCE_DOSSIER,PASS,,GROUND_MEAT_OR_CASING,KEEP,,PASS,,B_PUBLIC_REVIEW_READY
1985,SPECK ALTO ADIGE,https://drycured.com/?post_type=dry_recipe&p=1985,draft,WHOLE_CUT,medium,1,3,0,1,0,0,0,1,0,0,1,1,1,0,1,1,0,0,1,0,,,TYPE_PASS_MISSING_FIELDS,FAIL,NITRITE_WITHOUT_SAFETY_NOTE;PROBLEM_WITHOUT_SOLUTION_SIGNAL,WHOLE_CUT,KEEP,WHOLE_CUT_TITLE:speck,FAIL,NITRITE_WITHOUT_SAFETY_NOTE;PROBLEM_WITHOUT_SOLUTION_SIGNAL,C_NONPUBLIC_BLOCKED
1986,LARDO DI COLONNATA,https://drycured.com/recepti-baza/lardo-di-colonnata/,publish,GROUND_MEAT_OR_CASING,high,7,5,0,2,1,1,1,1,0,1,1,1,1,1,1,0,0,0,1,1,200,,TYPE_PASS_READY_FOR_SOURCE_DOSSIER,PASS,,WHOLE_CUT,RECLASSIFY,WHOLE_CUT_TITLE:lardo,PASS,,B_PUBLIC_REVIEW_READY
1987,Privatno: MORTADELLA BOLOGNA,https://drycured.com/?post_type=dry_recipe&p=1987,private,GROUND_MEAT_OR_CASING,high,10,2,2,2,1,1,1,1,1,1,1,1,1,1,1,1,0,0,1,1,,,TYPE_PASS_MISSING_FIELDS,FAIL,NITRITE_WITHOUT_SAFETY_NOTE,THERMAL_PROCESSED,RECLASSIFY,THERMAL_TITLE:mortadella,FAIL,NITRITE_WITHOUT_SAFETY_NOTE,C_NONPUBLIC_BLOCKED
1988,SOPPRESSA VICENTINA,https://drycured.com/recepti-baza/soppressa-vicentina/,publish,GROUND_MEAT_OR_CASING,high,8,2,0,2,1,1,1,1,0,1,1,1,1,1,1,1,0,1,1,1,200,,TYPE_PASS_PUBLIC_TEXT_BLOCKED,FAIL,NITRITE_WITHOUT_SAFETY_NOTE;PUBLIC_OR_META_INTERNAL_TEXT_HIT,GROUND_MEAT_OR_CASING,KEEP,,FAIL,NITRITE_WITHOUT_SAFETY_NOTE;PUBLIC_OR_META_INTERNAL_TEXT_HIT,A_PUBLIC_BLOCKED
1989,Privatno: PORCHETTA ROMANA,https://drycured.com/?post_type=dry_recipe&p=1989,private,GROUND_MEAT_OR_CASING,high,6,2,1,2,1,1,1,1,1,1,1,1,1,1,1,0,0,0,1,1,,,TYPE_PASS_READY_FOR_SOURCE_DOSSIER,PASS,,GROUND_MEAT_OR_CASING,KEEP,,PASS,,D_NONPUBLIC_REVIEW_READY
1990,SALAME DI FELINO,https://drycured.com/recepti-baza/salame-di-felino/,publish,GROUND_MEAT_OR_CASING,high,11,3,1,2,1,1,1,1,1,1,1,1,1,1,1,1,1,0,1,1,200,,TYPE_PASS_READY_FOR_SOURCE_DOSSIER,PASS,,GROUND_MEAT_OR_CASING,KEEP,,PASS,,B_PUBLIC_REVIEW_READY
1991,GUANCIALE ROMANO,https://drycured.com/recepti-baza/guanciale-romano/,publish,GROUND_MEAT_OR_CASING,medium,7,6,0,2,1,1,1,1,0,1,1,1,1,1,1,1,0,1,1,1,200,,TYPE_PASS_PUBLIC_TEXT_BLOCKED,FAIL,NITRITE_WITHOUT_SAFETY_NOTE;PUBLIC_OR_META_INTERNAL_TEXT_HIT,WHOLE_CUT,RECLASSIFY,WHOLE_CUT_TITLE:guanciale,FAIL,NITRITE_WITHOUT_SAFETY_NOTE;PUBLIC_OR_META_INTERNAL_TEXT_HIT,A_PUBLIC_BLOCKED
1992,Engleska Cumberland Kobasica,https://drycured.com/?post_type=dry_recipe&p=1992,draft,GROUND_MEAT_OR_CASING,medium,4,3,0,1,1,1,1,0,0,0,0,0,1,0,1,0,0,0,1,0,,,TYPE_PASS_MISSING_FIELDS,FAIL,PROBLEM_WITHOUT_SOLUTION_SIGNAL,GROUND_MEAT_OR_CASING,KEEP,,FAIL,PROBLEM_WITHOUT_SOLUTION_SIGNAL,C_NONPUBLIC_BLOCKED
1993,Škotska Lorne Kobasica,https://drycured.com/?post_type=dry_recipe&p=1993,draft,GROUND_MEAT_OR_CASING,medium,4,3,0,1,1,0,1,0,0,0,0,0,1,0,0,0,0,0,1,0,,,TYPE_PASS_MISSING_FIELDS,FAIL,GROUND_MISSING_FAT_HANDLING;PHASE_MISSING_TIME_OR_PARAMS;PROBLEM_WITHOUT_SOLUTION_SIGNAL,GROUND_MEAT_OR_CASING,KEEP,,FAIL,GROUND_MISSING_FAT_HANDLING;PHASE_MISSING_TIME_OR_PARAMS;PROBLEM_WITHOUT_SOLUTION_SIGNAL,C_NONPUBLIC_BLOCKED
1994,Islandska Hangikjöt Kobasica,https://drycured.com/?post_type=dry_recipe&p=1994,draft,GROUND_MEAT_OR_CASING,medium,4,2,0,1,1,0,1,0,0,0,0,1,1,0,0,0,0,0,1,0,,,TYPE_PASS_MISSING_FIELDS,FAIL,GROUND_MISSING_FAT_HANDLING;PHASE_MISSING_TIME_OR_PARAMS;PROBLEM_WITHOUT_SOLUTION_SIGNAL,WHOLE_CUT,RECLASSIFY,CALIBRATION_ACCEPTED:TITLE_WHOLE_CUT_SIGNAL:hangikjot,FAIL,GROUND_MISSING_FAT_HANDLING;PHASE_MISSING_TIME_OR_PARAMS;PROBLEM_WITHOUT_SOLUTION_SIGNAL;WHOLE_CUT_MISSING_CURE_OR_BRINE,C_NONPUBLIC_BLOCKED
1995,Privatno: Posavska Krvavica sa Šumskim Začinima,https://drycured.com/?post_type=dry_recipe&p=1995,private,GROUND_MEAT_OR_CASING,high,7,2,2,0,1,1,1,1,1,1,1,1,1,1,1,0,0,0,1,1,,,TYPE_PASS_READY_FOR_SOURCE_DOSSIER,PASS,,THERMAL_PROCESSED,RECLASSIFY,THERMAL_TITLE:krvavica,PASS,,D_NONPUBLIC_REVIEW_READY
1996,Tradicionalni suhomesnati proizvodi Slavonije,https://drycured.com/?post_type=dry_recipe&p=1996,draft,NEEDS_CLASSIFICATION,none,1,1,0,0,0,0,1,0,0,0,0,1,1,0,1,0,0,0,1,0,,,NEEDS_CLASSIFICATION,FAIL,NEEDS_CLASSIFICATION;PROBLEM_WITHOUT_SOLUTION_SIGNAL,NEEDS_CLASSIFICATION,KEEP,,FAIL,NEEDS_CLASSIFICATION;PROBLEM_WITHOUT_SOLUTION_SIGNAL,C_NONPUBLIC_BLOCKED
1997,Etnografska studija kulinarskog naslijeđa,https://drycured.com/?post_type=dry_recipe&p=1997,draft,GROUND_MEAT_OR_CASING,low,2,1,0,0,0,0,1,0,0,0,0,1,1,0,1,0,0,0,1,0,,,TYPE_CONFLICT_NEEDS_REVIEW,FAIL,GROUND_MISSING_GRANULATION;GROUND_MISSING_FAT_HANDLING;PROBLEM_WITHOUT_SOLUTION_SIGNAL,NEEDS_CLASSIFICATION,BLOCK,NOISE_OR_COLLECTION:etnografska studija,FAIL,GROUND_MISSING_GRANULATION;GROUND_MISSING_FAT_HANDLING;PROBLEM_WITHOUT_SOLUTION_SIGNAL;NEEDS_CLASSIFICATION,C_NONPUBLIC_BLOCKED
1998,Tradicionalni suhomesnati proizvodi,https://drycured.com/?post_type=dry_recipe&p=1998,draft,GROUND_MEAT_OR_CASING,low,2,1,0,0,0,0,1,0,0,0,0,1,1,0,1,0,0,0,1,0,,,TYPE_CONFLICT_NEEDS_REVIEW,FAIL,GROUND_MISSING_GRANULATION;GROUND_MISSING_FAT_HANDLING;PROBLEM_WITHOUT_SOLUTION_SIGNAL,GROUND_MEAT_OR_CASING,KEEP,,FAIL,GROUND_MISSING_GRANULATION;GROUND_MISSING_FAT_HANDLING;PROBLEM_WITHOUT_SOLUTION_SIGNAL,C_NONPUBLIC_BLOCKED
1999,Salo (Сало) &#8211; Ukrajinska slanina,https://drycured.com/?post_type=dry_recipe&p=1999,draft,WHOLE_CUT,high,1,5,0,1,0,0,0,1,0,0,0,0,0,0,1,0,0,0,1,0,,,TYPE_PASS_MISSING_FIELDS,FAIL,PROBLEM_WITHOUT_SOLUTION_SIGNAL,WHOLE_CUT,KEEP,WHOLE_CUT_TITLE:slanina,FAIL,PROBLEM_WITHOUT_SOLUTION_SIGNAL,C_NONPUBLIC_BLOCKED
2000,Domašnja Kovbasa (Домашня ковбаса) &#8211; Domaća kobasica,https://drycured.com/?post_type=dry_recipe&p=2000,draft,GROUND_MEAT_OR_CASING,high,5,1,0,1,1,1,1,0,0,1,1,0,0,0,1,0,0,0,1,0,,,TYPE_PASS_MISSING_FIELDS,FAIL,PROBLEM_WITHOUT_SOLUTION_SIGNAL,GROUND_MEAT_OR_CASING,KEEP,,FAIL,PROBLEM_WITHOUT_SOLUTION_SIGNAL,C_NONPUBLIC_BLOCKED
2001,Kholodets (Холодець) &#8211; Hladetina od mesa,https://drycured.com/?post_type=dry_recipe&p=2001,draft,WHOLE_CUT,low,0,2,0,0,0,0,0,0,0,1,1,0,0,0,1,0,0,0,1,0,,,TYPE_CONFLICT_NEEDS_REVIEW,FAIL,WHOLE_CUT_MISSING_CURE_OR_BRINE;PROBLEM_WITHOUT_SOLUTION_SIGNAL,THERMAL_PROCESSED,RECLASSIFY,THERMAL_TITLE:hladetina,FAIL,WHOLE_CUT_MISSING_CURE_OR_BRINE;PROBLEM_WITHOUT_SOLUTION_SIGNAL;THERMAL_MISSING_PROCESS,C_NONPUBLIC_BLOCKED
2002,Solonina (Солонина) &#8211; Salamurena govedina,https://drycured.com/?post_type=dry_recipe&p=2002,draft,WHOLE_CUT,low,1,2,0,1,0,0,0,1,0,0,1,0,1,0,1,0,0,0,1,0,,,TYPE_CONFLICT_NEEDS_REVIEW,FAIL,PROBLEM_WITHOUT_SOLUTION_SIGNAL,WHOLE_CUT,KEEP,,FAIL,PROBLEM_WITHOUT_SOLUTION_SIGNAL,C_NONPUBLIC_BLOCKED
2003,Shukhevychivska Kovbasa (Шухевичівська ковбаса) &#8211; Sušena kobasica s paprom,https://drycured.com/?post_type=dry_recipe&p=2003,draft,GROUND_MEAT_OR_CASING,medium,3,1,0,1,0,0,1,0,0,0,1,0,1,0,1,0,0,0,1,0,,,TYPE_PASS_MISSING_FIELDS,FAIL,GROUND_MISSING_GRANULATION;GROUND_MISSING_FAT_HANDLING;PROBLEM_WITHOUT_SOLUTION_SIGNAL,GROUND_MEAT_OR_CASING,KEEP,,FAIL,GROUND_MISSING_GRANULATION;GROUND_MISSING_FAT_HANDLING;PROBLEM_WITHOUT_SOLUTION_SIGNAL,C_NONPUBLIC_BLOCKED
2004,Pashtetna (Паштетна) &#8211; Pečena mesna pašteta,https://drycured.com/?post_type=dry_recipe&p=2004,draft,WHOLE_CUT,medium,1,3,2,1,0,0,0,0,1,1,0,0,0,0,1,0,0,0,1,0,,,TYPE_PASS_MISSING_FIELDS,FAIL,WHOLE_CUT_MISSING_CURE_OR_BRINE;PROBLEM_WITHOUT_SOLUTION_SIGNAL,THERMAL_PROCESSED,RECLASSIFY,THERMAL_TITLE:pasteta,FAIL,WHOLE_CUT_MISSING_CURE_OR_BRINE;PROBLEM_WITHOUT_SOLUTION_SIGNAL,C_NONPUBLIC_BLOCKED
2005,UJEDINJENO KRALJEVSTVO &#8211; Tradicionalni recepti,https://drycured.com/?post_type=dry_recipe&p=2005,draft,GROUND_MEAT_OR_CASING,low,2,0,0,0,0,0,1,0,0,0,0,0,0,0,0,1,0,0,1,0,,,TYPE_CONFLICT_NEEDS_REVIEW,FAIL,GROUND_MISSING_GRANULATION;GROUND_MISSING_FAT_HANDLING;NITRITE_WITHOUT_SAFETY_NOTE;PROBLEM_WITHOUT_SOLUTION_SIGNAL,NEEDS_CLASSIFICATION,BLOCK,"NOISE_OR_COLLECTION:tradicionalni recepti,ujedinjeno kraljevstvo",FAIL,GROUND_MISSING_GRANULATION;GROUND_MISSING_FAT_HANDLING;NITRITE_WITHOUT_SAFETY_NOTE;PROBLEM_WITHOUT_SOLUTION_SIGNAL;NEEDS_CLASSIFICATION,C_NONPUBLIC_BLOCKED
2006,Cumberland Sausage,https://drycured.com/?post_type=dry_recipe&p=2006,draft,GROUND_MEAT_OR_CASING,low,2,0,0,0,0,0,1,0,0,0,0,0,0,0,0,1,0,0,1,0,,,TYPE_CONFLICT_NEEDS_REVIEW,FAIL,GROUND_MISSING_GRANULATION;GROUND_MISSING_FAT_HANDLING;NITRITE_WITHOUT_SAFETY_NOTE;PROBLEM_WITHOUT_SOLUTION_SIGNAL,GROUND_MEAT_OR_CASING,KEEP,,FAIL,GROUND_MISSING_GRANULATION;GROUND_MISSING_FAT_HANDLING;NITRITE_WITHOUT_SAFETY_NOTE;PROBLEM_WITHOUT_SOLUTION_SIGNAL,C_NONPUBLIC_BLOCKED
2007,Kompleksna zbirka tradicionalnih suhomesnatih recepata iz Europe,https://drycured.com/?post_type=dry_recipe&p=2007,draft,NEEDS_CLASSIFICATION,low,2,1,0,2,0,0,1,0,0,0,1,0,1,1,1,1,0,0,1,0,,,NEEDS_CLASSIFICATION,FAIL,NEEDS_CLASSIFICATION;NITRITE_WITHOUT_SAFETY_NOTE;PROBLEM_WITHOUT_SOLUTION_SIGNAL,NEEDS_CLASSIFICATION,BLOCK,NOISE_OR_COLLECTION:kompleksna zbirka,FAIL,NEEDS_CLASSIFICATION;NITRITE_WITHOUT_SAFETY_NOTE;PROBLEM_WITHOUT_SOLUTION_SIGNAL,C_NONPUBLIC_BLOCKED
2008,GRČKA &#8211; Tradicionalni recepti za Loukaniko,https://drycured.com/?post_type=dry_recipe&p=2008,draft,NEEDS_CLASSIFICATION,low,2,1,0,2,0,0,1,0,0,0,1,0,1,1,1,1,0,0,1,0,,,NEEDS_CLASSIFICATION,FAIL,NEEDS_CLASSIFICATION;NITRITE_WITHOUT_SAFETY_NOTE;PROBLEM_WITHOUT_SOLUTION_SIGNAL,NEEDS_CLASSIFICATION,BLOCK,"NOISE_OR_COLLECTION:tradicionalni recepti,recepti za,grcka",FAIL,NEEDS_CLASSIFICATION;NITRITE_WITHOUT_SAFETY_NOTE;PROBLEM_WITHOUT_SOLUTION_SIGNAL,C_NONPUBLIC_BLOCKED
2009,Tradicionalni Loukaniko sa Krete,https://drycured.com/?post_type=dry_recipe&p=2009,draft,NEEDS_CLASSIFICATION,low,2,1,0,2,0,0,1,0,0,0,1,0,1,1,1,1,0,0,1,0,,,NEEDS_CLASSIFICATION,FAIL,NEEDS_CLASSIFICATION;NITRITE_WITHOUT_SAFETY_NOTE;PROBLEM_WITHOUT_SOLUTION_SIGNAL,NEEDS_CLASSIFICATION,KEEP,,FAIL,NEEDS_CLASSIFICATION;NITRITE_WITHOUT_SAFETY_NOTE;PROBLEM_WITHOUT_SOLUTION_SIGNAL,C_NONPUBLIC_BLOCKED
2010,Makedončki Loukaniko sa Planinom,https://drycured.com/?post_type=dry_recipe&p=2010,draft,GROUND_MEAT_OR_CASING,low,2,0,0,0,0,0,1,0,0,0,0,0,0,0,0,0,0,0,1,0,,,TYPE_CONFLICT_NEEDS_REVIEW,FAIL,GROUND_MISSING_GRANULATION;GROUND_MISSING_FAT_HANDLING;PROBLEM_WITHOUT_SOLUTION_SIGNAL,GROUND_MEAT_OR_CASING,KEEP,,FAIL,GROUND_MISSING_GRANULATION;GROUND_MISSING_FAT_HANDLING;PROBLEM_WITHOUT_SOLUTION_SIGNAL,C_NONPUBLIC_BLOCKED
2011,Kompleksna zbirka tradicionalnih suhomesnatih recepata iz Europe,https://drycured.com/?post_type=dry_recipe&p=2011,draft,WHOLE_CUT,low,1,2,0,1,0,0,1,0,0,0,0,0,0,0,1,1,0,0,1,0,,,TYPE_CONFLICT_NEEDS_REVIEW,FAIL,WHOLE_CUT_MISSING_CURE_OR_BRINE;NITRITE_WITHOUT_SAFETY_NOTE;PROBLEM_WITHOUT_SOLUTION_SIGNAL,NEEDS_CLASSIFICATION,BLOCK,NOISE_OR_COLLECTION:kompleksna zbirka,FAIL,WHOLE_CUT_MISSING_CURE_OR_BRINE;NITRITE_WITHOUT_SAFETY_NOTE;PROBLEM_WITHOUT_SOLUTION_SIGNAL;NEEDS_CLASSIFICATION,C_NONPUBLIC_BLOCKED
2012,FRANCUSKA &#8211; Tradicionalni recepti za saucisson,https://drycured.com/?post_type=dry_recipe&p=2012,draft,GROUND_MEAT_OR_CASING,low,2,0,0,1,0,0,1,0,0,0,0,0,0,0,1,1,0,0,1,0,,,TYPE_CONFLICT_NEEDS_REVIEW,FAIL,GROUND_MISSING_GRANULATION;GROUND_MISSING_FAT_HANDLING;NITRITE_WITHOUT_SAFETY_NOTE;PROBLEM_WITHOUT_SOLUTION_SIGNAL,NEEDS_CLASSIFICATION,BLOCK,"NOISE_OR_COLLECTION:tradicionalni recepti,recepti za,francuska",FAIL,GROUND_MISSING_GRANULATION;GROUND_MISSING_FAT_HANDLING;NITRITE_WITHOUT_SAFETY_NOTE;PROBLEM_WITHOUT_SOLUTION_SIGNAL;NEEDS_CLASSIFICATION,C_NONPUBLIC_BLOCKED
2013,Saucisson sec iz Lyona,https://drycured.com/?post_type=dry_recipe&p=2013,draft,GROUND_MEAT_OR_CASING,low,2,0,0,1,0,0,1,0,0,0,0,0,0,0,1,1,0,0,1,0,,,TYPE_CONFLICT_NEEDS_REVIEW,FAIL,GROUND_MISSING_GRANULATION;GROUND_MISSING_FAT_HANDLING;NITRITE_WITHOUT_SAFETY_NOTE;PROBLEM_WITHOUT_SOLUTION_SIGNAL,GROUND_MEAT_OR_CASING,KEEP,,FAIL,GROUND_MISSING_GRANULATION;GROUND_MISSING_FAT_HANDLING;NITRITE_WITHOUT_SAFETY_NOTE;PROBLEM_WITHOUT_SOLUTION_SIGNAL,C_NONPUBLIC_BLOCKED
2014,Kompleksna zbirka tradicionalnih suhomesnatih recepata iz Europe,https://drycured.com/?post_type=dry_recipe&p=2014,draft,GROUND_MEAT_OR_CASING,low,2,1,0,1,0,0,1,0,0,0,0,0,1,0,0,1,0,0,1,0,,,TYPE_CONFLICT_NEEDS_REVIEW,FAIL,GROUND_MISSING_GRANULATION;GROUND_MISSING_FAT_HANDLING;PHASE_MISSING_TIME_OR_PARAMS;NITRITE_WITHOUT_SAFETY_NOTE;PROBLEM_WITHOUT_SOLUTION_SIGNAL,NEEDS_CLASSIFICATION,BLOCK,NOISE_OR_COLLECTION:kompleksna zbirka,FAIL,GROUND_MISSING_GRANULATION;GROUND_MISSING_FAT_HANDLING;PHASE_MISSING_TIME_OR_PARAMS;NITRITE_WITHOUT_SAFETY_NOTE;PROBLEM_WITHOUT_SOLUTION_SIGNAL;NEEDS_CLASSIFICATION,C_NONPUBLIC_BLOCKED
2015,ČEŠKA &#8211; Tradicionalni recepti,https://drycured.com/?post_type=dry_recipe&p=2015,draft,GROUND_MEAT_OR_CASING,low,2,1,0,1,0,0,1,0,0,0,0,0,1,0,0,1,0,0,1,0,,,TYPE_CONFLICT_NEEDS_REVIEW,FAIL,GROUND_MISSING_GRANULATION;GROUND_MISSING_FAT_HANDLING;PHASE_MISSING_TIME_OR_PARAMS;NITRITE_WITHOUT_SAFETY_NOTE;PROBLEM_WITHOUT_SOLUTION_SIGNAL,NEEDS_CLASSIFICATION,BLOCK,"NOISE_OR_COLLECTION:tradicionalni recepti,ceska",FAIL,GROUND_MISSING_GRANULATION;GROUND_MISSING_FAT_HANDLING;PHASE_MISSING_TIME_OR_PARAMS;NITRITE_WITHOUT_SAFETY_NOTE;PROBLEM_WITHOUT_SOLUTION_SIGNAL;NEEDS_CLASSIFICATION,C_NONPUBLIC_BLOCKED
2016,Lovecká Saláma (Lovačka salama),https://drycured.com/?post_type=dry_recipe&p=2016,draft,GROUND_MEAT_OR_CASING,low,2,1,0,1,0,0,1,0,0,0,0,0,1,0,0,1,0,0,1,0,,,TYPE_CONFLICT_NEEDS_REVIEW,FAIL,GROUND_MISSING_GRANULATION;GROUND_MISSING_FAT_HANDLING;PHASE_MISSING_TIME_OR_PARAMS;NITRITE_WITHOUT_SAFETY_NOTE;PROBLEM_WITHOUT_SOLUTION_SIGNAL,GROUND_MEAT_OR_CASING,KEEP,,FAIL,GROUND_MISSING_GRANULATION;GROUND_MISSING_FAT_HANDLING;PHASE_MISSING_TIME_OR_PARAMS;NITRITE_WITHOUT_SAFETY_NOTE;PROBLEM_WITHOUT_SOLUTION_SIGNAL,C_NONPUBLIC_BLOCKED
2017,Privatno: Drisheen (Tradicionalna irska krvavica od ovčje krvi),https://drycured.com/?post_type=dry_recipe&p=2017,private,GROUND_MEAT_OR_CASING,high,6,2,1,2,1,1,1,1,0,1,1,1,1,1,1,0,0,0,1,1,,,TYPE_PASS_READY_FOR_SOURCE_DOSSIER,PASS,,THERMAL_PROCESSED,RECLASSIFY,"THERMAL_TITLE:krvavica,drisheen",FAIL,THERMAL_MISSING_PROCESS,C_NONPUBLIC_BLOCKED
2018,Irska salama (Spiced Irish Salami),https://drycured.com/recepti-baza/irska-salama-spiced-irish-salami/,publish,GROUND_MEAT_OR_CASING,high,9,2,1,2,1,1,1,1,1,1,1,1,1,1,1,1,0,1,1,1,200,,TYPE_PASS_PUBLIC_TEXT_BLOCKED,FAIL,NITRITE_WITHOUT_SAFETY_NOTE;PUBLIC_OR_META_INTERNAL_TEXT_HIT,GROUND_MEAT_OR_CASING,KEEP,,FAIL,NITRITE_WITHOUT_SAFETY_NOTE;PUBLIC_OR_META_INTERNAL_TEXT_HIT,A_PUBLIC_BLOCKED
2019,Privatno: Landjäger kobasice s bavarskom salatom od krumpira,https://drycured.com/?post_type=dry_recipe&p=2019,private,GROUND_MEAT_OR_CASING,high,7,2,1,0,1,1,1,1,1,1,1,1,1,1,1,0,0,0,1,1,,,TYPE_PASS_READY_FOR_SOURCE_DOSSIER,PASS,,GROUND_MEAT_OR_CASING,KEEP,,PASS,,D_NONPUBLIC_REVIEW_READY
2020,Privatno: Mettwurst s toplom salatom od krumpira i zelenog graha,https://drycured.com/?post_type=dry_recipe&p=2020,private,GROUND_MEAT_OR_CASING,high,7,2,1,0,1,1,1,1,1,1,1,1,1,1,1,0,0,0,1,1,,,TYPE_PASS_READY_FOR_SOURCE_DOSSIER,PASS,,GROUND_MEAT_OR_CASING,KEEP,,PASS,,D_NONPUBLIC_REVIEW_READY
2021,Cumberland kobasica,https://drycured.com/recepti-baza/cumberland-kobasica/,publish,GROUND_MEAT_OR_CASING,high,9,2,1,2,1,1,1,1,1,1,1,1,1,1,1,0,0,1,1,1,200,,TYPE_PASS_PUBLIC_TEXT_BLOCKED,FAIL,PUBLIC_OR_META_INTERNAL_TEXT_HIT,GROUND_MEAT_OR_CASING,KEEP,,FAIL,PUBLIC_OR_META_INTERNAL_TEXT_HIT,A_PUBLIC_BLOCKED
2022,Recepti za salame i suhomesnate proizvode iz europskih zemalja,https://drycured.com/?post_type=dry_recipe&p=2022,draft,GROUND_MEAT_OR_CASING,medium,3,1,0,1,0,0,1,0,0,1,0,0,1,0,1,0,0,0,1,0,,,TYPE_PASS_MISSING_FIELDS,FAIL,GROUND_MISSING_GRANULATION;GROUND_MISSING_FAT_HANDLING;PROBLEM_WITHOUT_SOLUTION_SIGNAL,NEEDS_CLASSIFICATION,BLOCK,NOISE_OR_COLLECTION:recepti za,FAIL,GROUND_MISSING_GRANULATION;GROUND_MISSING_FAT_HANDLING;PROBLEM_WITHOUT_SOLUTION_SIGNAL;NEEDS_CLASSIFICATION,C_NONPUBLIC_BLOCKED
2023,?? Grčki tradicionalni recept &#8211; Loukaniko,https://drycured.com/recepti-baza/grcki-tradicionalni-recept-loukaniko/,publish,GROUND_MEAT_OR_CASING,high,8,2,0,1,1,1,1,1,0,1,1,1,1,1,1,0,0,1,1,1,200,,TYPE_PASS_PUBLIC_TEXT_BLOCKED,FAIL,PUBLIC_OR_META_INTERNAL_TEXT_HIT,GROUND_MEAT_OR_CASING,KEEP,,FAIL,PUBLIC_OR_META_INTERNAL_TEXT_HIT,A_PUBLIC_BLOCKED
2024,Slovački recept &#8211; Turistická Saláma,https://drycured.com/?post_type=dry_recipe&p=2024,draft,GROUND_MEAT_OR_CASING,medium,3,1,0,0,0,0,1,0,0,0,0,0,1,0,0,0,0,0,1,0,,,TYPE_PASS_MISSING_FIELDS,FAIL,GROUND_MISSING_GRANULATION;GROUND_MISSING_FAT_HANDLING;PHASE_MISSING_TIME_OR_PARAMS;PROBLEM_WITHOUT_SOLUTION_SIGNAL,GROUND_MEAT_OR_CASING,KEEP,,FAIL,GROUND_MISSING_GRANULATION;GROUND_MISSING_FAT_HANDLING;PHASE_MISSING_TIME_OR_PARAMS;PROBLEM_WITHOUT_SOLUTION_SIGNAL,C_NONPUBLIC_BLOCKED
2025,Recepti za salame i suhomesnate proizvode iz evropskih zemalja,https://drycured.com/?post_type=dry_recipe&p=2025,draft,GROUND_MEAT_OR_CASING,medium,3,1,0,0,0,0,1,0,0,1,0,0,1,0,1,0,0,0,1,0,,,TYPE_PASS_MISSING_FIELDS,FAIL,GROUND_MISSING_GRANULATION;GROUND_MISSING_FAT_HANDLING;PROBLEM_WITHOUT_SOLUTION_SIGNAL,NEEDS_CLASSIFICATION,BLOCK,NOISE_OR_COLLECTION:recepti za,FAIL,GROUND_MISSING_GRANULATION;GROUND_MISSING_FAT_HANDLING;PROBLEM_WITHOUT_SOLUTION_SIGNAL;NEEDS_CLASSIFICATION,C_NONPUBLIC_BLOCKED
2026,?? Španjolski recept za chorizo,https://drycured.com/recepti-baza/spanjolski-recept-za-chorizo/,publish,GROUND_MEAT_OR_CASING,high,8,3,1,0,1,1,1,1,1,1,1,1,1,1,1,0,0,1,1,1,200,,TYPE_PASS_PUBLIC_TEXT_BLOCKED,FAIL,PUBLIC_OR_META_INTERNAL_TEXT_HIT,GROUND_MEAT_OR_CASING,KEEP,,FAIL,PUBLIC_OR_META_INTERNAL_TEXT_HIT,A_PUBLIC_BLOCKED
2027,Nemački recept za Mettwurst,https://drycured.com/?post_type=dry_recipe&p=2027,draft,NEEDS_CLASSIFICATION,none,1,1,0,0,0,0,0,0,0,1,0,1,0,0,1,0,0,0,1,0,,,NEEDS_CLASSIFICATION,FAIL,NEEDS_CLASSIFICATION;PROBLEM_WITHOUT_SOLUTION_SIGNAL,GROUND_MEAT_OR_CASING,RECLASSIFY,GROUND_TITLE:mettwurst,FAIL,NEEDS_CLASSIFICATION;PROBLEM_WITHOUT_SOLUTION_SIGNAL;GROUND_MISSING_GRANULATION;GROUND_MISSING_FAT_HANDLING;GROUND_MISSING_CASING,C_NONPUBLIC_BLOCKED
2028,Češki Špekáček (Špek Kobasica),https://drycured.com/recepti-baza/ceski-spekacek-spek-kobasica/,publish,GROUND_MEAT_OR_CASING,high,8,3,1,0,1,1,1,1,1,1,1,1,1,1,1,1,0,1,1,1,200,,TYPE_PASS_PUBLIC_TEXT_BLOCKED,FAIL,NITRITE_WITHOUT_SAFETY_NOTE;PUBLIC_OR_META_INTERNAL_TEXT_HIT,GROUND_MEAT_OR_CASING,KEEP,,FAIL,NITRITE_WITHOUT_SAFETY_NOTE;PUBLIC_OR_META_INTERNAL_TEXT_HIT,A_PUBLIC_BLOCKED
2029,JAMBON DE BAYONNE,https://drycured.com/recepti-baza/jambon-de-bayonne/,publish,WHOLE_CUT,high,5,8,0,2,0,1,1,1,0,1,1,1,1,1,1,1,0,1,1,1,200,,TYPE_PASS_PUBLIC_TEXT_BLOCKED,FAIL,NITRITE_WITHOUT_SAFETY_NOTE;PUBLIC_OR_META_INTERNAL_TEXT_HIT,WHOLE_CUT,KEEP,WHOLE_CUT_TITLE:jambon,FAIL,NITRITE_WITHOUT_SAFETY_NOTE;PUBLIC_OR_META_INTERNAL_TEXT_HIT,A_PUBLIC_BLOCKED
2030,Saucisson Sec (Suha kobasica),https://drycured.com/?post_type=dry_recipe&p=2030,draft,GROUND_MEAT_OR_CASING,high,5,1,0,1,1,1,1,0,0,1,1,0,1,1,1,1,0,0,1,1,,,TYPE_PASS_MISSING_FIELDS,FAIL,NITRITE_WITHOUT_SAFETY_NOTE,GROUND_MEAT_OR_CASING,KEEP,,FAIL,NITRITE_WITHOUT_SAFETY_NOTE,C_NONPUBLIC_BLOCKED
2031,RILLETTES DU MANS,https://drycured.com/?post_type=dry_recipe&p=2031,draft,WHOLE_CUT,medium,1,3,0,1,0,0,0,1,0,1,0,0,0,0,1,0,0,0,1,0,,,TYPE_PASS_MISSING_FIELDS,FAIL,PROBLEM_WITHOUT_SOLUTION_SIGNAL,WHOLE_CUT,KEEP,,FAIL,PROBLEM_WITHOUT_SOLUTION_SIGNAL,C_NONPUBLIC_BLOCKED
2032,Coppa (Kapula),https://drycured.com/recepti-baza/coppa-kapula/,publish,GROUND_MEAT_OR_CASING,high,6,3,0,2,1,1,1,1,0,1,1,1,1,1,1,0,0,1,1,1,200,,TYPE_PASS_PUBLIC_TEXT_BLOCKED,FAIL,PUBLIC_OR_META_INTERNAL_TEXT_HIT,WHOLE_CUT,RECLASSIFY,WHOLE_CUT_TITLE:coppa,FAIL,PUBLIC_OR_META_INTERNAL_TEXT_HIT,A_PUBLIC_BLOCKED
2033,Andouille de Guémené,https://drycured.com/recepti-baza/andouille-de-guemene/,publish,GROUND_MEAT_OR_CASING,high,8,2,1,2,1,1,1,1,1,1,1,1,1,1,1,0,0,1,1,1,200,,TYPE_PASS_PUBLIC_TEXT_BLOCKED,FAIL,PUBLIC_OR_META_INTERNAL_TEXT_HIT,GROUND_MEAT_OR_CASING,KEEP,,FAIL,PUBLIC_OR_META_INTERNAL_TEXT_HIT,A_PUBLIC_BLOCKED
2034,JÉSUS DE LYON,https://drycured.com/?post_type=dry_recipe&p=2034,draft,GROUND_MEAT_OR_CASING,medium,3,2,0,1,0,0,1,0,0,1,1,0,1,0,1,1,0,0,1,0,,,TYPE_PASS_MISSING_FIELDS,FAIL,GROUND_MISSING_GRANULATION;GROUND_MISSING_FAT_HANDLING;NITRITE_WITHOUT_SAFETY_NOTE;PROBLEM_WITHOUT_SOLUTION_SIGNAL,GROUND_MEAT_OR_CASING,KEEP,,FAIL,GROUND_MISSING_GRANULATION;GROUND_MISSING_FAT_HANDLING;NITRITE_WITHOUT_SAFETY_NOTE;PROBLEM_WITHOUT_SOLUTION_SIGNAL,C_NONPUBLIC_BLOCKED
2035,Privatno: Tradicionalna irska krvavica (Black Pudding),https://drycured.com/?post_type=dry_recipe&p=2035,private,GROUND_MEAT_OR_CASING,high,8,2,1,2,1,1,1,1,0,1,1,1,1,1,1,0,0,0,1,1,,,TYPE_PASS_READY_FOR_SOURCE_DOSSIER,PASS,,THERMAL_PROCESSED,RECLASSIFY,"THERMAL_TITLE:krvavica,black pudding",FAIL,THERMAL_MISSING_PROCESS,C_NONPUBLIC_BLOCKED
2036,Privatno: Irska bijela krvavica (White Pudding),https://drycured.com/?post_type=dry_recipe&p=2036,private,GROUND_MEAT_OR_CASING,high,7,3,1,2,1,1,1,1,0,1,1,1,1,1,1,0,0,0,1,1,,,TYPE_PASS_READY_FOR_SOURCE_DOSSIER,PASS,,THERMAL_PROCESSED,RECLASSIFY,"THERMAL_TITLE:krvavica,white pudding",FAIL,THERMAL_MISSING_PROCESS,C_NONPUBLIC_BLOCKED
2037,Hangikjöt (Dimljeni janjeti but),https://drycured.com/recepti-baza/hangikjot-dimljeni-janjeti-but/,publish,GROUND_MEAT_OR_CASING,medium,7,6,1,2,1,1,1,1,0,1,1,1,1,1,1,0,0,0,1,1,200,,TYPE_PASS_READY_FOR_SOURCE_DOSSIER,PASS,,WHOLE_CUT,RECLASSIFY,WHOLE_CUT_TITLE:dimljeni janjeti but,PASS,,B_PUBLIC_REVIEW_READY
2038,Heilhornað Hangikjöt (Sušena janjeća rebra),https://drycured.com/?post_type=dry_recipe&p=2038,draft,WHOLE_CUT,high,2,5,0,2,0,0,0,1,0,0,0,1,1,0,1,0,0,0,1,0,,,TYPE_PASS_MISSING_FIELDS,FAIL,PROBLEM_WITHOUT_SOLUTION_SIGNAL,WHOLE_CUT,KEEP,,FAIL,PROBLEM_WITHOUT_SOLUTION_SIGNAL,C_NONPUBLIC_BLOCKED
2039,Ukrajinska Domashnia Kovbasa (Domaća Kobasica),https://drycured.com/recepti-baza/ukrajinska-domashnia-kovbasa-domaca-kobasica/,publish,GROUND_MEAT_OR_CASING,high,8,4,1,0,1,1,1,1,1,1,1,1,1,1,1,1,0,1,1,1,200,,TYPE_PASS_PUBLIC_TEXT_BLOCKED,FAIL,NITRITE_WITHOUT_SAFETY_NOTE;PUBLIC_OR_META_INTERNAL_TEXT_HIT,GROUND_MEAT_OR_CASING,KEEP,,FAIL,NITRITE_WITHOUT_SAFETY_NOTE;PUBLIC_OR_META_INTERNAL_TEXT_HIT,A_PUBLIC_BLOCKED
2040,Mađarski Pick Salami (Pick Szalámi),https://drycured.com/?post_type=dry_recipe&p=2040,draft,GROUND_MEAT_OR_CASING,medium,3,2,0,0,1,0,1,1,0,1,1,1,1,0,1,1,0,0,1,0,,,TYPE_PASS_MISSING_FIELDS,FAIL,GROUND_MISSING_FAT_HANDLING;NITRITE_WITHOUT_SAFETY_NOTE;PROBLEM_WITHOUT_SOLUTION_SIGNAL,GROUND_MEAT_OR_CASING,KEEP,,FAIL,GROUND_MISSING_FAT_HANDLING;NITRITE_WITHOUT_SAFETY_NOTE;PROBLEM_WITHOUT_SOLUTION_SIGNAL,C_NONPUBLIC_BLOCKED
2041,Mađarska Slanina (Szalonna),https://drycured.com/?post_type=dry_recipe&p=2041,draft,WHOLE_CUT,high,1,5,0,0,0,0,0,1,0,1,0,0,1,0,1,1,0,0,1,0,,,TYPE_PASS_MISSING_FIELDS,FAIL,NITRITE_WITHOUT_SAFETY_NOTE;PROBLEM_WITHOUT_SOLUTION_SIGNAL,WHOLE_CUT,KEEP,WHOLE_CUT_TITLE:slanina,FAIL,NITRITE_WITHOUT_SAFETY_NOTE;PROBLEM_WITHOUT_SOLUTION_SIGNAL,C_NONPUBLIC_BLOCKED
2042,BALMOȘ CU SLANINĂ (PALENTA SA SLANINOM),https://drycured.com/recepti-baza/balmos-cu-slanina-palenta-sa-slaninom/,publish,WHOLE_CUT,high,5,8,0,2,0,1,1,1,0,1,1,1,1,1,1,0,0,1,1,1,200,,TYPE_PASS_PUBLIC_TEXT_BLOCKED,FAIL,PUBLIC_OR_META_INTERNAL_TEXT_HIT,WHOLE_CUT,KEEP,,FAIL,PUBLIC_OR_META_INTERNAL_TEXT_HIT,A_PUBLIC_BLOCKED
2043,PFÄLZER SAUMAGEN (FALAČKA SVINJSKA ŽELUDAC-KOBASICA),https://drycured.com/recepti-baza/pfalzer-saumagen-falacka-svinjska-zeludac-kobasica/,publish,GROUND_MEAT_OR_CASING,high,8,5,2,1,1,1,1,1,1,1,1,1,1,1,1,1,0,1,1,1,200,,TYPE_PASS_PUBLIC_TEXT_BLOCKED,FAIL,NITRITE_WITHOUT_SAFETY_NOTE;PUBLIC_OR_META_INTERNAL_TEXT_HIT,GROUND_MEAT_OR_CASING,KEEP,,FAIL,NITRITE_WITHOUT_SAFETY_NOTE;PUBLIC_OR_META_INTERNAL_TEXT_HIT,A_PUBLIC_BLOCKED
2044,Privatno: NÜRNBERGER BRATWURST (NIRNBERŠKA KOBASICA ZA PEČENJE),https://drycured.com/?post_type=dry_recipe&p=2044,private,GROUND_MEAT_OR_CASING,high,8,4,2,1,1,1,1,1,1,1,1,1,1,1,1,0,0,0,1,1,,,TYPE_PASS_READY_FOR_SOURCE_DOSSIER,PASS,,THERMAL_PROCESSED,RECLASSIFY,"THERMAL_TITLE:bratwurst,kobasica za pecenje",PASS,,D_NONPUBLIC_REVIEW_READY
2045,Privatno: Salata sa Schinkenspeck kobasicama,https://drycured.com/?post_type=dry_recipe&p=2045,private,GROUND_MEAT_OR_CASING,high,7,4,2,0,1,1,1,1,1,1,1,1,1,1,1,0,0,0,1,1,,,TYPE_PASS_READY_FOR_SOURCE_DOSSIER,PASS,,WHOLE_CUT,RECLASSIFY,"WHOLE_CUT_TITLE:speck,schinken",PASS,,D_NONPUBLIC_REVIEW_READY
2046,Privatno: Rinderbeiried sendvič,https://drycured.com/?post_type=dry_recipe&p=2046,private,GROUND_MEAT_OR_CASING,high,6,3,0,0,1,1,1,1,0,1,1,1,1,1,1,0,0,0,1,1,,,TYPE_PASS_READY_FOR_SOURCE_DOSSIER,PASS,,GROUND_MEAT_OR_CASING,KEEP,,PASS,,D_NONPUBLIC_REVIEW_READY
2047,Domaći Bratwurst,https://drycured.com/recepti-baza/domaci-bratwurst/,publish,NEEDS_CLASSIFICATION,low,7,7,0,1,1,1,1,1,0,1,1,1,1,1,1,0,0,1,1,1,200,,NEEDS_CLASSIFICATION,FAIL,NEEDS_CLASSIFICATION;PUBLIC_OR_META_INTERNAL_TEXT_HIT,THERMAL_PROCESSED,RECLASSIFY,THERMAL_TITLE:bratwurst,FAIL,NEEDS_CLASSIFICATION;PUBLIC_OR_META_INTERNAL_TEXT_HIT;THERMAL_MISSING_PROCESS,A_PUBLIC_BLOCKED
2048,Privatno: Domaći Leberwurst (Pašteta od jetre),https://drycured.com/?post_type=dry_recipe&p=2048,private,GROUND_MEAT_OR_CASING,high,8,2,4,0,1,0,1,1,1,1,1,1,1,1,1,0,0,0,1,1,,,TYPE_PASS_MISSING_FIELDS,FAIL,GROUND_MISSING_FAT_HANDLING,THERMAL_PROCESSED,RECLASSIFY,"THERMAL_TITLE:leberwurst,pasteta",FAIL,GROUND_MISSING_FAT_HANDLING,C_NONPUBLIC_BLOCKED
2049,Hausmacher Mettwurst (Domaća dimljena kobasica za mazanje),https://drycured.com/recepti-baza/hausmacher-mettwurst-domaca-dimljena-kobasica-za-mazanje/,publish,GROUND_MEAT_OR_CASING,high,9,3,1,1,1,1,1,1,1,1,1,1,1,1,1,0,0,1,1,1,200,,TYPE_PASS_PUBLIC_TEXT_BLOCKED,FAIL,PUBLIC_OR_META_INTERNAL_TEXT_HIT,GROUND_MEAT_OR_CASING,KEEP,,FAIL,PUBLIC_OR_META_INTERNAL_TEXT_HIT,A_PUBLIC_BLOCKED
2050,Secallona &#8211; Tradicionalna Katalonska Sušena Slanina,https://drycured.com/?post_type=dry_recipe&p=2050,draft,WHOLE_CUT,high,4,5,0,1,1,1,1,1,0,0,1,0,1,0,1,1,0,0,1,0,,,TYPE_PASS_MISSING_FIELDS,FAIL,NITRITE_WITHOUT_SAFETY_NOTE;PROBLEM_WITHOUT_SOLUTION_SIGNAL,WHOLE_CUT,KEEP,WHOLE_CUT_TITLE:slanina,FAIL,NITRITE_WITHOUT_SAFETY_NOTE;PROBLEM_WITHOUT_SOLUTION_SIGNAL,C_NONPUBLIC_BLOCKED
2051,ŠKOTSKI LORNE SAUSAGE (ČETVRTASTI KOBASIČASTI ODREZAK),https://drycured.com/recepti-baza/skotski-lorne-sausage-cetvrtasti-kobasicasti-odrezak/,publish,GROUND_MEAT_OR_CASING,high,9,2,1,0,1,1,1,1,1,1,1,1,1,1,1,0,0,1,1,1,200,,TYPE_PASS_PUBLIC_TEXT_BLOCKED,FAIL,PUBLIC_OR_META_INTERNAL_TEXT_HIT,GROUND_MEAT_OR_CASING,KEEP,,FAIL,PUBLIC_OR_META_INTERNAL_TEXT_HIT,A_PUBLIC_BLOCKED
2052,Jamón Ibérico de Bellota &#8211; Iberijski Pršut od Žira,https://drycured.com/recepti-baza/jamon-iberico-de-bellota-iberijski-prsut-od-zira/,publish,WHOLE_CUT,high,5,9,0,2,0,1,1,1,0,1,1,1,1,1,1,0,0,1,1,1,200,,TYPE_PASS_PUBLIC_TEXT_BLOCKED,FAIL,PUBLIC_OR_META_INTERNAL_TEXT_HIT,WHOLE_CUT,KEEP,WHOLE_CUT_TITLE:prsut,FAIL,PUBLIC_OR_META_INTERNAL_TEXT_HIT,A_PUBLIC_BLOCKED
2053,Chorizo de Pamplona &#8211; Čorizo iz Pamplone,https://drycured.com/recepti-baza/chorizo-de-pamplona-corizo-iz-pamplone/,publish,GROUND_MEAT_OR_CASING,high,8,2,1,2,1,1,1,1,1,1,1,1,1,1,1,0,0,1,1,1,200,,TYPE_PASS_PUBLIC_TEXT_BLOCKED,FAIL,PUBLIC_OR_META_INTERNAL_TEXT_HIT,GROUND_MEAT_OR_CASING,KEEP,,FAIL,PUBLIC_OR_META_INTERNAL_TEXT_HIT,A_PUBLIC_BLOCKED
2054,Sobrasada Mallorquina &#8211; Majorška Sobrasada,https://drycured.com/?post_type=dry_recipe&p=2054,draft,GROUND_MEAT_OR_CASING,medium,3,2,0,1,0,1,1,0,0,0,0,0,1,1,0,0,0,0,1,0,,,TYPE_PASS_MISSING_FIELDS,FAIL,GROUND_MISSING_GRANULATION;PHASE_MISSING_TIME_OR_PARAMS;PROBLEM_WITHOUT_SOLUTION_SIGNAL,GROUND_MEAT_OR_CASING,KEEP,,FAIL,GROUND_MISSING_GRANULATION;PHASE_MISSING_TIME_OR_PARAMS;PROBLEM_WITHOUT_SOLUTION_SIGNAL,C_NONPUBLIC_BLOCKED
2055,Coppa Piacentina &#8211; Piacentinska Coppa,https://drycured.com/recepti-baza/coppa-piacentina-piacentinska-coppa/,publish,GROUND_MEAT_OR_CASING,high,6,2,0,2,1,1,1,1,0,1,1,1,1,1,1,0,0,1,1,1,200,,TYPE_PASS_PUBLIC_TEXT_BLOCKED,FAIL,PUBLIC_OR_META_INTERNAL_TEXT_HIT,WHOLE_CUT,RECLASSIFY,WHOLE_CUT_TITLE:coppa,FAIL,PUBLIC_OR_META_INTERNAL_TEXT_HIT,A_PUBLIC_BLOCKED
2056,Nduja Calabrese &#8211; Kalabrijska Nduja,https://drycured.com/recepti-baza/nduja-calabrese-kalabrijska-nduja/,publish,WHOLE_CUT,medium,6,7,0,2,0,1,1,1,0,1,1,1,1,1,1,0,0,1,1,1,200,,TYPE_PASS_PUBLIC_TEXT_BLOCKED,FAIL,PUBLIC_OR_META_INTERNAL_TEXT_HIT,WHOLE_CUT,KEEP,,FAIL,PUBLIC_OR_META_INTERNAL_TEXT_HIT,A_PUBLIC_BLOCKED
2057,Bresaola Valtellinese &#8211; Valtelinska Bresaola,https://drycured.com/recepti-baza/bresaola-valtellinese-valtelinska-bresaola/,publish,WHOLE_CUT,high,5,7,0,1,0,1,1,1,0,1,1,1,1,1,1,0,0,1,1,1,200,,TYPE_PASS_PUBLIC_TEXT_BLOCKED,FAIL,PUBLIC_OR_META_INTERNAL_TEXT_HIT,WHOLE_CUT,KEEP,WHOLE_CUT_TITLE:bresaola,FAIL,PUBLIC_OR_META_INTERNAL_TEXT_HIT,A_PUBLIC_BLOCKED
2058,Guanciale Romano &#8211; Rimski Guanciale,https://drycured.com/recepti-baza/guanciale-romano-rimski-guanciale/,publish,GROUND_MEAT_OR_CASING,medium,6,5,0,2,1,1,1,1,0,1,1,1,1,1,1,0,0,1,1,1,200,,TYPE_PASS_PUBLIC_TEXT_BLOCKED,FAIL,PUBLIC_OR_META_INTERNAL_TEXT_HIT,WHOLE_CUT,RECLASSIFY,WHOLE_CUT_TITLE:guanciale,FAIL,PUBLIC_OR_META_INTERNAL_TEXT_HIT,A_PUBLIC_BLOCKED
2059,SALAME MILANO &#8211; MILANSKA SALAMA,https://drycured.com/recepti-baza/salame-milano-milanska-salama/,publish,GROUND_MEAT_OR_CASING,high,9,4,1,2,1,1,1,1,1,1,1,1,1,1,1,1,0,1,1,1,200,,TYPE_PASS_PUBLIC_TEXT_BLOCKED,FAIL,NITRITE_WITHOUT_SAFETY_NOTE;PUBLIC_OR_META_INTERNAL_TEXT_HIT,GROUND_MEAT_OR_CASING,KEEP,,FAIL,NITRITE_WITHOUT_SAFETY_NOTE;PUBLIC_OR_META_INTERNAL_TEXT_HIT,A_PUBLIC_BLOCKED
2060,SOPPRESSATA CALABRESE &#8211; KALABRIJSKA SOPPRESSATA,https://drycured.com/recepti-baza/soppressata-calabrese-kalabrijska-soppressata/,publish,GROUND_MEAT_OR_CASING,high,7,3,0,2,1,1,1,1,0,1,1,1,1,1,1,1,0,1,1,1,200,,TYPE_PASS_PUBLIC_TEXT_BLOCKED,FAIL,NITRITE_WITHOUT_SAFETY_NOTE;PUBLIC_OR_META_INTERNAL_TEXT_HIT,GROUND_MEAT_OR_CASING,KEEP,,FAIL,NITRITE_WITHOUT_SAFETY_NOTE;PUBLIC_OR_META_INTERNAL_TEXT_HIT,A_PUBLIC_BLOCKED
2061,PROSCIUTTO DI PARMA &#8211; PARMSKA ŠUNKA,https://drycured.com/recepti-baza/prosciutto-di-parma-parmska-sunka/,publish,WHOLE_CUT,high,5,8,0,2,0,1,1,1,0,1,1,1,1,1,1,0,0,1,1,1,200,,TYPE_PASS_PUBLIC_TEXT_BLOCKED,FAIL,PUBLIC_OR_META_INTERNAL_TEXT_HIT,WHOLE_CUT,KEEP,"WHOLE_CUT_TITLE:prosciutto,parma,sunka",FAIL,PUBLIC_OR_META_INTERNAL_TEXT_HIT,A_PUBLIC_BLOCKED
2062,PANCETTA ARROTOLATA &#8211; ROLANA PANCETA,https://drycured.com/recepti-baza/pancetta-arrotolata-rolana-panceta/,publish,WHOLE_CUT,high,5,7,0,2,0,1,1,1,0,1,1,1,1,1,1,1,0,1,1,1,200,,TYPE_PASS_PUBLIC_TEXT_BLOCKED,FAIL,NITRITE_WITHOUT_SAFETY_NOTE;PUBLIC_OR_META_INTERNAL_TEXT_HIT,WHOLE_CUT,KEEP,"WHOLE_CUT_TITLE:pancetta,panceta",FAIL,NITRITE_WITHOUT_SAFETY_NOTE;PUBLIC_OR_META_INTERNAL_TEXT_HIT,A_PUBLIC_BLOCKED
2063,FINOCCHIONA TOSCANA &#8211; TOSKANSKA KOBASICA S KOMORAČEM,https://drycured.com/recepti-baza/finocchiona-toscana-toskanska-kobasica-s-komoracem/,publish,GROUND_MEAT_OR_CASING,high,9,2,1,2,1,1,1,1,1,1,1,1,1,1,1,0,0,1,1,1,200,,TYPE_PASS_PUBLIC_TEXT_BLOCKED,FAIL,PUBLIC_OR_META_INTERNAL_TEXT_HIT,GROUND_MEAT_OR_CASING,KEEP,,FAIL,PUBLIC_OR_META_INTERNAL_TEXT_HIT,A_PUBLIC_BLOCKED
2064,COPPA (CAPOCOLLO) &#8211; TALIJANSKA VRATINA,https://drycured.com/recepti-baza/coppa-capocollo-talijanska-vratina/,publish,GROUND_MEAT_OR_CASING,medium,7,6,0,2,1,1,1,1,0,1,1,1,1,1,1,0,0,0,1,1,200,,TYPE_PASS_READY_FOR_SOURCE_DOSSIER,PASS,,WHOLE_CUT,RECLASSIFY,"WHOLE_CUT_TITLE:coppa,capocollo,vratina",PASS,,B_PUBLIC_REVIEW_READY
2065,Tiroler Speck (Tirolska slanina),https://drycured.com/?post_type=dry_recipe&p=2065,draft,WHOLE_CUT,medium,2,4,0,0,0,0,0,1,0,0,0,1,1,1,0,1,0,0,1,0,,,TYPE_PASS_MISSING_FIELDS,FAIL,PHASE_MISSING_TIME_OR_PARAMS;NITRITE_WITHOUT_SAFETY_NOTE;PROBLEM_WITHOUT_SOLUTION_SIGNAL,WHOLE_CUT,KEEP,"WHOLE_CUT_TITLE:speck,slanina",FAIL,PHASE_MISSING_TIME_OR_PARAMS;NITRITE_WITHOUT_SAFETY_NOTE;PROBLEM_WITHOUT_SOLUTION_SIGNAL,C_NONPUBLIC_BLOCKED
2066,Kärntner Wurzelspeck (Koruška korijenska slanina),https://drycured.com/?post_type=dry_recipe&p=2066,draft,WHOLE_CUT,medium,2,4,0,0,0,0,0,1,0,0,0,1,1,1,0,1,0,0,1,0,,,TYPE_PASS_MISSING_FIELDS,FAIL,PHASE_MISSING_TIME_OR_PARAMS;NITRITE_WITHOUT_SAFETY_NOTE;PROBLEM_WITHOUT_SOLUTION_SIGNAL,WHOLE_CUT,KEEP,"WHOLE_CUT_TITLE:speck,slanina",FAIL,PHASE_MISSING_TIME_OR_PARAMS;NITRITE_WITHOUT_SAFETY_NOTE;PROBLEM_WITHOUT_SOLUTION_SIGNAL,C_NONPUBLIC_BLOCKED
2067,Waldviertler Hirschsalami (Salama od jelena iz Waldviertela),https://drycured.com/?post_type=dry_recipe&p=2067,draft,GROUND_MEAT_OR_CASING,medium,3,1,0,0,0,0,1,0,0,0,0,1,1,1,0,1,0,0,1,0,,,TYPE_PASS_MISSING_FIELDS,FAIL,GROUND_MISSING_GRANULATION;GROUND_MISSING_FAT_HANDLING;PHASE_MISSING_TIME_OR_PARAMS;NITRITE_WITHOUT_SAFETY_NOTE;PROBLEM_WITHOUT_SOLUTION_SIGNAL,GROUND_MEAT_OR_CASING,KEEP,,FAIL,GROUND_MISSING_GRANULATION;GROUND_MISSING_FAT_HANDLING;PHASE_MISSING_TIME_OR_PARAMS;NITRITE_WITHOUT_SAFETY_NOTE;PROBLEM_WITHOUT_SOLUTION_SIGNAL,C_NONPUBLIC_BLOCKED
2068,SAUCISSON D&#8217;ARDENNE (ARDENSKI KULEN),https://drycured.com/?post_type=dry_recipe&p=2068,draft,GROUND_MEAT_OR_CASING,high,6,1,0,2,1,0,1,0,0,1,1,0,0,0,1,1,0,0,1,0,,,TYPE_PASS_MISSING_FIELDS,FAIL,GROUND_MISSING_FAT_HANDLING;NITRITE_WITHOUT_SAFETY_NOTE;PROBLEM_WITHOUT_SOLUTION_SIGNAL,GROUND_MEAT_OR_CASING,KEEP,,FAIL,GROUND_MISSING_FAT_HANDLING;NITRITE_WITHOUT_SAFETY_NOTE;PROBLEM_WITHOUT_SOLUTION_SIGNAL,C_NONPUBLIC_BLOCKED
2069,LARD FUMÉ DE FLANDRE (FLAMANSKO DIMLJENO SALO),https://drycured.com/?post_type=dry_recipe&p=2069,draft,WHOLE_CUT,high,2,5,0,1,0,0,0,1,0,0,1,1,0,0,1,0,0,0,1,0,,,TYPE_PASS_MISSING_FIELDS,FAIL,PROBLEM_WITHOUT_SOLUTION_SIGNAL,WHOLE_CUT,KEEP,,FAIL,PROBLEM_WITHOUT_SOLUTION_SIGNAL,C_NONPUBLIC_BLOCKED
2070,BOUDIN BLANC DE BRUXELLES (BIJELA KRVAVICA IZ BRUXELLESA),https://drycured.com/?post_type=dry_recipe&p=2070,draft,GROUND_MEAT_OR_CASING,high,5,1,2,1,1,1,1,0,1,1,1,0,0,0,1,0,0,0,1,0,,,TYPE_PASS_MISSING_FIELDS,FAIL,PROBLEM_WITHOUT_SOLUTION_SIGNAL,THERMAL_PROCESSED,RECLASSIFY,THERMAL_TITLE:krvavica,FAIL,PROBLEM_WITHOUT_SOLUTION_SIGNAL,C_NONPUBLIC_BLOCKED
2071,Butifarra Blanca &#8211; Tradicionalna Bijela Katalonska Kobasica,https://drycured.com/?post_type=dry_recipe&p=2071,draft,GROUND_MEAT_OR_CASING,medium,4,3,2,0,1,1,1,0,1,0,1,0,0,0,1,0,0,0,1,0,,,TYPE_PASS_MISSING_FIELDS,FAIL,PROBLEM_WITHOUT_SOLUTION_SIGNAL,GROUND_MEAT_OR_CASING,KEEP,,FAIL,PROBLEM_WITHOUT_SOLUTION_SIGNAL,C_NONPUBLIC_BLOCKED
2072,Njeguški pršut,https://drycured.com/recepti-baza/njeguski-prsut/,publish,WHOLE_CUT,high,5,9,0,2,0,1,1,1,0,1,1,1,1,1,1,0,0,1,1,1,200,,TYPE_PASS_PUBLIC_TEXT_BLOCKED,FAIL,PUBLIC_OR_META_INTERNAL_TEXT_HIT,WHOLE_CUT,KEEP,WHOLE_CUT_TITLE:prsut,FAIL,PUBLIC_OR_META_INTERNAL_TEXT_HIT,A_PUBLIC_BLOCKED
2073,Privatno: Kistanje Začinjena Panceta (Specifični sušeni vrat),https://drycured.com/?post_type=dry_recipe&p=2073,private,GROUND_MEAT_OR_CASING,high,7,3,5,2,1,0,1,1,1,0,1,1,1,1,1,0,0,0,1,1,,,TYPE_PASS_MISSING_FIELDS,FAIL,GROUND_MISSING_FAT_HANDLING,WHOLE_CUT,RECLASSIFY,"WHOLE_CUT_TITLE:panceta,suseni vrat",FAIL,GROUND_MISSING_FAT_HANDLING,C_NONPUBLIC_BLOCKED
2074,Privatno: Petrovo Polje Začinska Slanina (Specifični začinjeni komad),https://drycured.com/?post_type=dry_recipe&p=2074,private,GROUND_MEAT_OR_CASING,high,7,4,5,2,1,0,1,1,1,1,1,1,1,1,1,0,0,0,1,1,,,TYPE_PASS_MISSING_FIELDS,FAIL,GROUND_MISSING_FAT_HANDLING,WHOLE_CUT,RECLASSIFY,WHOLE_CUT_TITLE:slanina,FAIL,GROUND_MISSING_FAT_HANDLING,C_NONPUBLIC_BLOCKED
2075,Vrgorački kulen iz zaboravljenih recepata,https://drycured.com/recepti-baza/vrgoracki-kulen-iz-zaboravljenih-recepata/,publish,GROUND_MEAT_OR_CASING,high,9,2,1,0,1,1,1,1,1,1,1,1,1,1,1,0,0,1,1,1,200,,TYPE_PASS_PUBLIC_TEXT_BLOCKED,FAIL,PUBLIC_OR_META_INTERNAL_TEXT_HIT,GROUND_MEAT_OR_CASING,KEEP,,FAIL,PUBLIC_OR_META_INTERNAL_TEXT_HIT,A_PUBLIC_BLOCKED
2076,Senjska Morska Panceta &#8220;Bura Intenzitet&#8221;,https://drycured.com/recepti-baza/senjska-morska-panceta-bura-intenzitet/,publish,WHOLE_CUT,high,5,8,0,2,0,1,1,1,0,1,1,1,1,1,1,0,0,1,1,1,200,,TYPE_PASS_PUBLIC_TEXT_BLOCKED,FAIL,PUBLIC_OR_META_INTERNAL_TEXT_HIT,WHOLE_CUT,KEEP,WHOLE_CUT_TITLE:panceta,FAIL,PUBLIC_OR_META_INTERNAL_TEXT_HIT,A_PUBLIC_BLOCKED
2077,SAUCISSON SEC D&#8217;AUVERGNE,https://drycured.com/?post_type=dry_recipe&p=2077,draft,GROUND_MEAT_OR_CASING,high,5,2,0,2,1,0,1,0,0,1,1,0,0,0,1,1,0,0,1,0,,,TYPE_PASS_MISSING_FIELDS,FAIL,GROUND_MISSING_FAT_HANDLING;NITRITE_WITHOUT_SAFETY_NOTE;PROBLEM_WITHOUT_SOLUTION_SIGNAL,GROUND_MEAT_OR_CASING,KEEP,,FAIL,GROUND_MISSING_FAT_HANDLING;NITRITE_WITHOUT_SAFETY_NOTE;PROBLEM_WITHOUT_SOLUTION_SIGNAL,C_NONPUBLIC_BLOCKED
2078,ANDOUILLE DE VIRE,https://drycured.com/recepti-baza/andouille-de-vire/,publish,GROUND_MEAT_OR_CASING,high,8,3,1,2,1,1,1,1,1,1,1,1,1,1,1,0,0,1,1,1,200,,TYPE_PASS_PUBLIC_TEXT_BLOCKED,FAIL,PUBLIC_OR_META_INTERNAL_TEXT_HIT,GROUND_MEAT_OR_CASING,KEEP,,FAIL,PUBLIC_OR_META_INTERNAL_TEXT_HIT,A_PUBLIC_BLOCKED
2079,COPPA CORSE,https://drycured.com/recepti-baza/coppa-corse/,publish,GROUND_MEAT_OR_CASING,high,6,3,0,2,1,1,1,1,0,1,1,1,1,1,1,1,0,1,1,1,200,,TYPE_PASS_PUBLIC_TEXT_BLOCKED,FAIL,NITRITE_WITHOUT_SAFETY_NOTE;PUBLIC_OR_META_INTERNAL_TEXT_HIT,WHOLE_CUT,RECLASSIFY,WHOLE_CUT_TITLE:coppa,FAIL,NITRITE_WITHOUT_SAFETY_NOTE;PUBLIC_OR_META_INTERNAL_TEXT_HIT,A_PUBLIC_BLOCKED
2080,SAUCISSE DE MORTEAU,https://drycured.com/recepti-baza/saucisse-de-morteau/,publish,GROUND_MEAT_OR_CASING,high,9,4,1,2,1,1,1,1,1,1,1,1,1,1,1,1,0,1,1,1,200,,TYPE_PASS_PUBLIC_TEXT_BLOCKED,FAIL,NITRITE_WITHOUT_SAFETY_NOTE;PUBLIC_OR_META_INTERNAL_TEXT_HIT,GROUND_MEAT_OR_CASING,KEEP,,FAIL,NITRITE_WITHOUT_SAFETY_NOTE;PUBLIC_OR_META_INTERNAL_TEXT_HIT,A_PUBLIC_BLOCKED
2081,Privatno: PÂTÉ DE CAMPAGNE BRETON,https://drycured.com/?post_type=dry_recipe&p=2081,private,GROUND_MEAT_OR_CASING,medium,6,5,0,2,1,1,1,1,0,1,1,1,1,1,1,1,0,0,1,1,,,TYPE_PASS_MISSING_FIELDS,FAIL,NITRITE_WITHOUT_SAFETY_NOTE,THERMAL_PROCESSED,RECLASSIFY,THERMAL_TITLE:pate,FAIL,NITRITE_WITHOUT_SAFETY_NOTE;THERMAL_MISSING_PROCESS,C_NONPUBLIC_BLOCKED
2082,Loukaniko (Λουκάνικο),https://drycured.com/?post_type=dry_recipe&p=2082,draft,GROUND_MEAT_OR_CASING,medium,3,1,0,2,0,1,1,0,0,1,1,0,1,0,1,0,0,0,1,0,,,TYPE_PASS_MISSING_FIELDS,FAIL,GROUND_MISSING_GRANULATION;PROBLEM_WITHOUT_SOLUTION_SIGNAL,GROUND_MEAT_OR_CASING,KEEP,,FAIL,GROUND_MISSING_GRANULATION;PROBLEM_WITHOUT_SOLUTION_SIGNAL,C_NONPUBLIC_BLOCKED
2083,Privatno: Gračac Začinjena Panceta (Specifični sušeni vrat),https://drycured.com/?post_type=dry_recipe&p=2083,private,GROUND_MEAT_OR_CASING,high,7,3,5,0,1,0,1,1,1,1,1,1,1,1,1,0,0,0,1,1,,,TYPE_PASS_MISSING_FIELDS,FAIL,GROUND_MISSING_FAT_HANDLING,WHOLE_CUT,RECLASSIFY,"WHOLE_CUT_TITLE:panceta,suseni vrat",FAIL,GROUND_MISSING_FAT_HANDLING,C_NONPUBLIC_BLOCKED
2084,Privatno: Plitvice Začinska Slanina (Specifični začinjeni komad),https://drycured.com/?post_type=dry_recipe&p=2084,private,GROUND_MEAT_OR_CASING,high,7,4,5,0,1,0,1,1,1,0,1,1,1,1,1,0,0,0,1,1,,,TYPE_PASS_MISSING_FIELDS,FAIL,GROUND_MISSING_FAT_HANDLING,WHOLE_CUT,RECLASSIFY,WHOLE_CUT_TITLE:slanina,FAIL,GROUND_MISSING_FAT_HANDLING,C_NONPUBLIC_BLOCKED
2085,Maltežanska panceta (Pancetta Maltija),https://drycured.com/?post_type=dry_recipe&p=2085,draft,WHOLE_CUT,medium,1,3,0,1,0,0,0,1,0,0,1,0,1,0,1,0,0,0,1,0,,,TYPE_PASS_MISSING_FIELDS,FAIL,PROBLEM_WITHOUT_SOLUTION_SIGNAL,WHOLE_CUT,KEEP,"WHOLE_CUT_TITLE:pancetta,panceta",FAIL,PROBLEM_WITHOUT_SOLUTION_SIGNAL,C_NONPUBLIC_BLOCKED
2086,Prekomurska Slaninska Rolada &#8220;Trnčova&#8221;,https://drycured.com/recepti-baza/prekomurska-slaninska-rolada-trncova/,publish,WHOLE_CUT,high,5,8,0,1,0,1,1,1,0,1,1,1,1,1,1,0,0,1,1,1,200,,TYPE_PASS_PUBLIC_TEXT_BLOCKED,FAIL,PUBLIC_OR_META_INTERNAL_TEXT_HIT,WHOLE_CUT,KEEP,,FAIL,PUBLIC_OR_META_INTERNAL_TEXT_HIT,A_PUBLIC_BLOCKED
2087,Privatno: Podravska Krvavica,https://drycured.com/?post_type=dry_recipe&p=2087,private,GROUND_MEAT_OR_CASING,high,7,3,1,0,1,1,1,1,0,1,1,1,1,1,1,0,0,0,1,1,,,TYPE_PASS_READY_FOR_SOURCE_DOSSIER,PASS,,THERMAL_PROCESSED,RECLASSIFY,THERMAL_TITLE:krvavica,FAIL,THERMAL_MISSING_PROCESS,C_NONPUBLIC_BLOCKED
2088,Koprivnička Kulen,https://drycured.com/recepti-baza/koprivnicka-kulen/,publish,GROUND_MEAT_OR_CASING,high,9,2,1,0,1,1,1,1,1,1,1,1,1,1,1,0,0,1,1,1,200,,TYPE_PASS_PUBLIC_TEXT_BLOCKED,FAIL,PUBLIC_OR_META_INTERNAL_TEXT_HIT,GROUND_MEAT_OR_CASING,KEEP,,FAIL,PUBLIC_OR_META_INTERNAL_TEXT_HIT,A_PUBLIC_BLOCKED
2089,KABANOSY (TANKE SUHE KOBASICE),https://drycured.com/recepti-baza/kabanosy-tanke-suhe-kobasice/,publish,GROUND_MEAT_OR_CASING,high,8,3,1,0,1,1,1,1,1,1,1,1,1,1,1,1,0,1,1,1,200,,TYPE_PASS_PUBLIC_TEXT_BLOCKED,FAIL,NITRITE_WITHOUT_SAFETY_NOTE;PUBLIC_OR_META_INTERNAL_TEXT_HIT,GROUND_MEAT_OR_CASING,KEEP,,FAIL,NITRITE_WITHOUT_SAFETY_NOTE;PUBLIC_OR_META_INTERNAL_TEXT_HIT,A_PUBLIC_BLOCKED
2090,Privatno: KASZANKA (POLJSKA KRVAVICA),https://drycured.com/?post_type=dry_recipe&p=2090,private,GROUND_MEAT_OR_CASING,high,7,2,2,0,1,1,1,1,1,1,1,1,1,1,1,0,0,0,1,1,,,TYPE_PASS_READY_FOR_SOURCE_DOSSIER,PASS,,THERMAL_PROCESSED,RECLASSIFY,"THERMAL_TITLE:krvavica,kaszanka",PASS,,D_NONPUBLIC_REVIEW_READY
2091,Privatno: Morcela de Assar (Krvavica za Pečenje),https://drycured.com/?post_type=dry_recipe&p=2091,private,GROUND_MEAT_OR_CASING,high,7,2,4,2,1,1,1,1,1,1,1,1,1,1,1,0,0,0,1,1,,,TYPE_PASS_READY_FOR_SOURCE_DOSSIER,PASS,,THERMAL_PROCESSED,RECLASSIFY,"THERMAL_TITLE:krvavica,morcela",PASS,,D_NONPUBLIC_REVIEW_READY
2092,Crikvenička Panceta,https://drycured.com/recepti-baza/crikvenicka-panceta/,publish,WHOLE_CUT,high,5,8,0,2,0,1,1,1,0,1,1,1,1,1,1,0,0,1,1,1,200,,TYPE_PASS_PUBLIC_TEXT_BLOCKED,FAIL,PUBLIC_OR_META_INTERNAL_TEXT_HIT,WHOLE_CUT,KEEP,WHOLE_CUT_TITLE:panceta,FAIL,PUBLIC_OR_META_INTERNAL_TEXT_HIT,A_PUBLIC_BLOCKED
2093,Stara Koprivnička Salama &#8220;Šokačka Priča&#8221;,https://drycured.com/recepti-baza/stara-koprivnicka-salama-sokacka-prica/,publish,GROUND_MEAT_OR_CASING,high,9,2,1,2,1,1,1,1,1,1,1,1,1,1,1,0,0,1,1,1,200,,TYPE_PASS_PUBLIC_TEXT_BLOCKED,FAIL,PUBLIC_OR_META_INTERNAL_TEXT_HIT,GROUND_MEAT_OR_CASING,KEEP,,FAIL,PUBLIC_OR_META_INTERNAL_TEXT_HIT,A_PUBLIC_BLOCKED
2094,Pitomački &#8220;Divlji Kulen&#8221;,https://drycured.com/recepti-baza/pitomacki-divlji-kulen/,publish,GROUND_MEAT_OR_CASING,high,9,2,1,0,1,1,1,1,1,1,1,1,1,1,1,0,0,1,1,1,200,,TYPE_PASS_PUBLIC_TEXT_BLOCKED,FAIL,PUBLIC_OR_META_INTERNAL_TEXT_HIT,GROUND_MEAT_OR_CASING,KEEP,,FAIL,PUBLIC_OR_META_INTERNAL_TEXT_HIT,A_PUBLIC_BLOCKED
2095,Posebne tehnike i napomene,https://drycured.com/?post_type=dry_recipe&p=2095,draft,NEEDS_CLASSIFICATION,none,1,0,1,0,0,0,1,0,0,0,0,0,0,0,0,0,0,0,1,1,,,NEEDS_CLASSIFICATION,FAIL,NEEDS_CLASSIFICATION,NEEDS_CLASSIFICATION,KEEP,,FAIL,NEEDS_CLASSIFICATION,C_NONPUBLIC_BLOCKED
2096,SLĂNINĂ AFUMATĂ (Dimljena slanina),https://drycured.com/recepti-baza/slanina-afumata-dimljena-slanina/,publish,WHOLE_CUT,high,5,8,0,2,0,1,1,1,0,1,1,1,1,1,1,0,0,1,1,1,200,,TYPE_PASS_PUBLIC_TEXT_BLOCKED,FAIL,PUBLIC_OR_META_INTERNAL_TEXT_HIT,WHOLE_CUT,KEEP,WHOLE_CUT_TITLE:slanina,FAIL,PUBLIC_OR_META_INTERNAL_TEXT_HIT,A_PUBLIC_BLOCKED
2097,CHIȘCĂ (Puhana želuca s krvlju),https://drycured.com/recepti-baza/chisca-puhana-zeluca-s-krvlju/,publish,GROUND_MEAT_OR_CASING,high,7,2,0,1,1,1,1,1,0,1,1,1,1,1,1,0,0,1,1,1,200,,TYPE_PASS_PUBLIC_TEXT_BLOCKED,FAIL,PUBLIC_OR_META_INTERNAL_TEXT_HIT,GROUND_MEAT_OR_CASING,KEEP,,FAIL,PUBLIC_OR_META_INTERNAL_TEXT_HIT,A_PUBLIC_BLOCKED
2098,Novih Ruskih Recepata za Suhomesnate Proizvode,https://drycured.com/?post_type=dry_recipe&p=2098,draft,WHOLE_CUT,medium,2,3,0,1,0,0,0,1,0,1,0,0,1,1,1,0,0,0,1,0,,,TYPE_PASS_MISSING_FIELDS,FAIL,PROBLEM_WITHOUT_SOLUTION_SIGNAL,WHOLE_CUT,KEEP,,FAIL,PROBLEM_WITHOUT_SOLUTION_SIGNAL,C_NONPUBLIC_BLOCKED
2099,Salo (Сало &#8211; Slana svinjeća slanina),https://drycured.com/?post_type=dry_recipe&p=2099,draft,WHOLE_CUT,medium,2,4,0,1,0,0,0,1,0,1,0,0,1,1,1,0,0,0,1,0,,,TYPE_PASS_MISSING_FIELDS,FAIL,PROBLEM_WITHOUT_SOLUTION_SIGNAL,WHOLE_CUT,KEEP,WHOLE_CUT_TITLE:slanina,FAIL,PROBLEM_WITHOUT_SOLUTION_SIGNAL,C_NONPUBLIC_BLOCKED
2100,Miholjačka Začinska Salama,https://drycured.com/recepti-baza/miholjacka-zacinska-salama/,publish,GROUND_MEAT_OR_CASING,high,9,2,1,0,1,1,1,1,1,1,1,1,1,1,1,0,0,1,1,1,200,,TYPE_PASS_PUBLIC_TEXT_BLOCKED,FAIL,PUBLIC_OR_META_INTERNAL_TEXT_HIT,GROUND_MEAT_OR_CASING,KEEP,,FAIL,PUBLIC_OR_META_INTERNAL_TEXT_HIT,A_PUBLIC_BLOCKED
2101,Vinkovački Slavonski Kulen &#8211; Stara obiteljska receptura,https://drycured.com/recepti-baza/vinkovacki-slavonski-kulen-stara-obiteljska-receptura/,publish,GROUND_MEAT_OR_CASING,high,9,2,1,2,1,1,1,1,1,1,1,1,1,1,1,0,0,1,1,1,200,,TYPE_PASS_PUBLIC_TEXT_BLOCKED,FAIL,PUBLIC_OR_META_INTERNAL_TEXT_HIT,GROUND_MEAT_OR_CASING,KEEP,,FAIL,PUBLIC_OR_META_INTERNAL_TEXT_HIT,A_PUBLIC_BLOCKED
2102,Slovačka slanina (Slovenská slanina),https://drycured.com/recepti-baza/slovacka-slanina-slovenska-slanina/,publish,WHOLE_CUT,high,5,8,0,1,0,1,1,1,0,1,1,1,1,1,1,1,0,1,1,1,200,,TYPE_PASS_PUBLIC_TEXT_BLOCKED,FAIL,NITRITE_WITHOUT_SAFETY_NOTE;PUBLIC_OR_META_INTERNAL_TEXT_HIT,WHOLE_CUT,KEEP,WHOLE_CUT_TITLE:slanina,FAIL,NITRITE_WITHOUT_SAFETY_NOTE;PUBLIC_OR_META_INTERNAL_TEXT_HIT,A_PUBLIC_BLOCKED
2103,Kranjska klobasa (Kranjska kobasica),https://drycured.com/recepti-baza/kranjska-klobasa-kranjska-kobasica/,publish,GROUND_MEAT_OR_CASING,high,9,2,5,1,1,1,1,1,1,1,1,1,1,1,1,1,0,1,1,1,200,,TYPE_PASS_PUBLIC_TEXT_BLOCKED,FAIL,NITRITE_WITHOUT_SAFETY_NOTE;PUBLIC_OR_META_INTERNAL_TEXT_HIT,GROUND_MEAT_OR_CASING,KEEP,,FAIL,NITRITE_WITHOUT_SAFETY_NOTE;PUBLIC_OR_META_INTERNAL_TEXT_HIT,A_PUBLIC_BLOCKED
2104,Kraški pršut,https://drycured.com/recepti-baza/kraski-prsut/,publish,WHOLE_CUT,high,5,9,0,2,0,1,1,1,0,1,1,1,1,1,1,0,0,1,1,1,200,,TYPE_PASS_PUBLIC_TEXT_BLOCKED,FAIL,PUBLIC_OR_META_INTERNAL_TEXT_HIT,WHOLE_CUT,KEEP,WHOLE_CUT_TITLE:prsut,FAIL,PUBLIC_OR_META_INTERNAL_TEXT_HIT,A_PUBLIC_BLOCKED
2105,Belokranjska jagenjčara,https://drycured.com/?post_type=dry_recipe&p=2105,draft,GROUND_MEAT_OR_CASING,high,6,1,0,0,1,1,1,0,0,1,1,0,1,0,1,0,0,0,1,0,,,TYPE_PASS_MISSING_FIELDS,FAIL,PROBLEM_WITHOUT_SOLUTION_SIGNAL,GROUND_MEAT_OR_CASING,KEEP,,FAIL,PROBLEM_WITHOUT_SOLUTION_SIGNAL,C_NONPUBLIC_BLOCKED
2106,Gorenjska zaseka,https://drycured.com/recepti-baza/gorenjska-zaseka/,publish,WHOLE_CUT,high,6,7,1,0,1,1,1,1,0,1,1,1,1,1,1,0,0,1,1,1,200,,TYPE_PASS_PUBLIC_TEXT_BLOCKED,FAIL,PUBLIC_OR_META_INTERNAL_TEXT_HIT,WHOLE_CUT,KEEP,,FAIL,PUBLIC_OR_META_INTERNAL_TEXT_HIT,A_PUBLIC_BLOCKED
2107,Vipavska panceta,https://drycured.com/recepti-baza/vipavska-panceta/,publish,WHOLE_CUT,high,5,8,0,2,0,1,1,1,0,1,1,1,1,1,1,0,0,1,1,1,200,,TYPE_PASS_PUBLIC_TEXT_BLOCKED,FAIL,PUBLIC_OR_META_INTERNAL_TEXT_HIT,WHOLE_CUT,KEEP,WHOLE_CUT_TITLE:panceta,FAIL,PUBLIC_OR_META_INTERNAL_TEXT_HIT,A_PUBLIC_BLOCKED
2108,Tolminska salama,https://drycured.com/recepti-baza/tolminska-salama/,publish,GROUND_MEAT_OR_CASING,high,10,2,1,0,1,1,1,1,1,1,1,1,1,1,1,0,0,1,1,1,200,,TYPE_PASS_PUBLIC_TEXT_BLOCKED,FAIL,PUBLIC_OR_META_INTERNAL_TEXT_HIT,GROUND_MEAT_OR_CASING,KEEP,,FAIL,PUBLIC_OR_META_INTERNAL_TEXT_HIT,A_PUBLIC_BLOCKED
2109,Recepata za Suhomesnate Proizvode iz Crne Gore &#8211; Dokument #1,https://drycured.com/?post_type=dry_recipe&p=2109,draft,WHOLE_CUT,high,0,5,0,1,0,0,0,1,0,1,0,1,0,0,1,1,0,0,1,0,,,TYPE_PASS_MISSING_FIELDS,FAIL,NITRITE_WITHOUT_SAFETY_NOTE;PROBLEM_WITHOUT_SOLUTION_SIGNAL,WHOLE_CUT,KEEP,,FAIL,NITRITE_WITHOUT_SAFETY_NOTE;PROBLEM_WITHOUT_SOLUTION_SIGNAL,C_NONPUBLIC_BLOCKED
2110,Crnogorska Slanina (Durmitorska panćeta),https://drycured.com/recepti-baza/crnogorska-slanina-durmitorska-panceta/,publish,WHOLE_CUT,high,5,8,0,2,0,1,1,1,0,1,1,1,1,1,1,0,0,1,1,1,200,,TYPE_PASS_PUBLIC_TEXT_BLOCKED,FAIL,PUBLIC_OR_META_INTERNAL_TEXT_HIT,WHOLE_CUT,KEEP,"WHOLE_CUT_TITLE:panceta,slanina",FAIL,PUBLIC_OR_META_INTERNAL_TEXT_HIT,A_PUBLIC_BLOCKED
2111,LANDJÄGER (TRADICIONALNE DIMLJENE KOBASICE),https://drycured.com/recepti-baza/landjager-tradicionalne-dimljene-kobasice/,publish,GROUND_MEAT_OR_CASING,high,9,4,1,2,1,1,1,1,1,1,1,1,1,1,1,1,0,1,1,1,200,,TYPE_PASS_PUBLIC_TEXT_BLOCKED,FAIL,NITRITE_WITHOUT_SAFETY_NOTE;PUBLIC_OR_META_INTERNAL_TEXT_HIT,GROUND_MEAT_OR_CASING,KEEP,,FAIL,NITRITE_WITHOUT_SAFETY_NOTE;PUBLIC_OR_META_INTERNAL_TEXT_HIT,A_PUBLIC_BLOCKED
2112,NOVIH ŠVICARSKIH RECEPATA ZA SUHOMESNATE PROIZVODE,https://drycured.com/?post_type=dry_recipe&p=2112,draft,GROUND_MEAT_OR_CASING,high,5,2,0,2,1,0,1,1,0,1,1,0,0,0,1,1,0,0,1,0,,,TYPE_PASS_MISSING_FIELDS,FAIL,GROUND_MISSING_FAT_HANDLING;NITRITE_WITHOUT_SAFETY_NOTE;PROBLEM_WITHOUT_SOLUTION_SIGNAL,GROUND_MEAT_OR_CASING,KEEP,,FAIL,GROUND_MISSING_FAT_HANDLING;NITRITE_WITHOUT_SAFETY_NOTE;PROBLEM_WITHOUT_SOLUTION_SIGNAL,C_NONPUBLIC_BLOCKED
2113,VACHERIN FRIBOURGEOIS METTWURST (DIMLJENA KOBASICA S ALPSKIM SIROM),https://drycured.com/recepti-baza/vacherin-fribourgeois-mettwurst-dimljena-kobasica-s-alpskim-sirom/,publish,GROUND_MEAT_OR_CASING,high,9,4,1,2,1,1,1,1,1,1,1,1,1,1,1,1,0,1,1,1,200,,TYPE_PASS_PUBLIC_TEXT_BLOCKED,FAIL,NITRITE_WITHOUT_SAFETY_NOTE;PUBLIC_OR_META_INTERNAL_TEXT_HIT,GROUND_MEAT_OR_CASING,KEEP,,FAIL,NITRITE_WITHOUT_SAFETY_NOTE;PUBLIC_OR_META_INTERNAL_TEXT_HIT,A_PUBLIC_BLOCKED
2114,Privatno: ST. GALLER OLMA-BRATWURST (TELEĆA KOBASICA ZA PEČENJE),https://drycured.com/?post_type=dry_recipe&p=2114,private,GROUND_MEAT_OR_CASING,high,9,3,2,2,1,1,1,1,1,1,1,1,1,1,1,1,0,0,1,1,,,TYPE_PASS_MISSING_FIELDS,FAIL,NITRITE_WITHOUT_SAFETY_NOTE,THERMAL_PROCESSED,RECLASSIFY,"THERMAL_TITLE:bratwurst,kobasica za pecenje",FAIL,NITRITE_WITHOUT_SAFETY_NOTE,C_NONPUBLIC_BLOCKED
2115,BRESAOLA DELLA VALTELLINA,https://drycured.com/recepti-baza/bresaola-della-valtellina/,publish,WHOLE_CUT,high,5,7,0,1,0,1,1,1,0,1,1,1,1,1,1,1,0,1,1,1,200,,TYPE_PASS_PUBLIC_TEXT_BLOCKED,FAIL,NITRITE_WITHOUT_SAFETY_NOTE;PUBLIC_OR_META_INTERNAL_TEXT_HIT,WHOLE_CUT,KEEP,WHOLE_CUT_TITLE:bresaola,FAIL,NITRITE_WITHOUT_SAFETY_NOTE;PUBLIC_OR_META_INTERNAL_TEXT_HIT,A_PUBLIC_BLOCKED
2116,COPPA PIACENTINA,https://drycured.com/recepti-baza/coppa-piacentina/,publish,GROUND_MEAT_OR_CASING,high,7,3,0,2,1,1,1,1,0,1,1,1,1,1,1,1,0,1,1,1,200,,TYPE_PASS_PUBLIC_TEXT_BLOCKED,FAIL,NITRITE_WITHOUT_SAFETY_NOTE;PUBLIC_OR_META_INTERNAL_TEXT_HIT,WHOLE_CUT,RECLASSIFY,WHOLE_CUT_TITLE:coppa,FAIL,NITRITE_WITHOUT_SAFETY_NOTE;PUBLIC_OR_META_INTERNAL_TEXT_HIT,A_PUBLIC_BLOCKED
2117,Finocchiona Toscana IGP — edukativni profil,https://drycured.com/?post_type=dry_recipe&p=2117,draft,NEEDS_CLASSIFICATION,low,3,3,0,0,0,0,0,0,0,0,1,0,1,1,1,0,0,0,1,1,,,NEEDS_CLASSIFICATION,FAIL,NEEDS_CLASSIFICATION,GROUND_MEAT_OR_CASING,RECLASSIFY,GROUND_TITLE:finocchiona,FAIL,NEEDS_CLASSIFICATION;GROUND_MISSING_GRANULATION;GROUND_MISSING_FAT_HANDLING;GROUND_MISSING_CASING,C_NONPUBLIC_BLOCKED
2118,Mortadella Bologna IGP — edukativni profil,https://drycured.com/?post_type=dry_recipe&p=2118,draft,THERMAL_PROCESSED,medium,3,2,4,0,0,1,0,0,1,0,1,0,0,0,0,0,0,0,1,1,,,TYPE_PASS_MISSING_FIELDS,FAIL,THERMAL_MISSING_TEMP_OR_DURATION,THERMAL_PROCESSED,KEEP,THERMAL_TITLE:mortadella,FAIL,THERMAL_MISSING_TEMP_OR_DURATION,C_NONPUBLIC_BLOCKED
2119,Prosciutto di San Daniele DOP — edukativni profil,https://drycured.com/?post_type=dry_recipe&p=2119,draft,WHOLE_CUT,low,0,2,1,1,0,0,0,1,1,0,1,1,1,1,0,0,0,0,1,1,,,TYPE_CONFLICT_NEEDS_REVIEW,FAIL,PHASE_MISSING_TIME_OR_PARAMS,WHOLE_CUT,KEEP,"WHOLE_CUT_TITLE:prosciutto,san daniele",FAIL,PHASE_MISSING_TIME_OR_PARAMS,C_NONPUBLIC_BLOCKED
2120,Lardo di Colonnata IGP — edukativni profil,https://drycured.com/?post_type=dry_recipe&p=2120,draft,WHOLE_CUT,medium,1,4,0,1,0,0,0,1,0,0,1,0,1,1,0,0,0,0,1,1,,,TYPE_PASS_MISSING_FIELDS,FAIL,PHASE_MISSING_TIME_OR_PARAMS,WHOLE_CUT,KEEP,WHOLE_CUT_TITLE:lardo,FAIL,PHASE_MISSING_TIME_OR_PARAMS,C_NONPUBLIC_BLOCKED
2121,Chorizo Riojano IGP — edukativni profil,https://drycured.com/?post_type=dry_recipe&p=2121,draft,GROUND_MEAT_OR_CASING,high,5,2,0,0,0,0,1,0,0,0,1,0,1,0,0,0,0,0,1,1,,,TYPE_PASS_MISSING_FIELDS,FAIL,GROUND_MISSING_GRANULATION;GROUND_MISSING_FAT_HANDLING;PHASE_MISSING_TIME_OR_PARAMS,GROUND_MEAT_OR_CASING,KEEP,,FAIL,GROUND_MISSING_GRANULATION;GROUND_MISSING_FAT_HANDLING;PHASE_MISSING_TIME_OR_PARAMS,C_NONPUBLIC_BLOCKED
2122,Traditional Cumberland Sausage PGI — edukativni profil,https://drycured.com/?post_type=dry_recipe&p=2122,draft,GROUND_MEAT_OR_CASING,high,7,0,2,0,0,0,1,0,1,0,1,0,1,0,1,0,0,0,1,1,,,TYPE_PASS_MISSING_FIELDS,FAIL,GROUND_MISSING_GRANULATION;GROUND_MISSING_FAT_HANDLING,GROUND_MEAT_OR_CASING,KEEP,,FAIL,GROUND_MISSING_GRANULATION;GROUND_MISSING_FAT_HANDLING,C_NONPUBLIC_BLOCKED
2123,Kabanosy staropolskie TSG — edukativni profil,https://drycured.com/?post_type=dry_recipe&p=2123,draft,GROUND_MEAT_OR_CASING,high,5,2,0,0,0,0,1,0,0,0,0,1,1,0,1,0,0,0,1,0,,,TYPE_PASS_MISSING_FIELDS,FAIL,GROUND_MISSING_GRANULATION;GROUND_MISSING_FAT_HANDLING;PROBLEM_WITHOUT_SOLUTION_SIGNAL,GROUND_MEAT_OR_CASING,KEEP,,FAIL,GROUND_MISSING_GRANULATION;GROUND_MISSING_FAT_HANDLING;PROBLEM_WITHOUT_SOLUTION_SIGNAL,C_NONPUBLIC_BLOCKED
2124,Kraški pršut PGI — edukativni profil,https://drycured.com/?post_type=dry_recipe&p=2124,draft,WHOLE_CUT,medium,0,4,0,1,0,0,0,1,0,0,1,1,1,1,0,0,0,0,1,1,,,TYPE_PASS_MISSING_FIELDS,FAIL,PHASE_MISSING_TIME_OR_PARAMS,WHOLE_CUT,KEEP,WHOLE_CUT_TITLE:prsut,FAIL,PHASE_MISSING_TIME_OR_PARAMS,C_NONPUBLIC_BLOCKED
2186,Slavonski kulen / Slavonski kulin — ZOZP,https://drycured.com/?post_type=dry_recipe&p=2186,draft,GROUND_MEAT_OR_CASING,high,7,2,2,0,1,0,1,0,1,1,1,1,1,1,1,1,0,0,1,1,,,TYPE_PASS_MISSING_FIELDS,FAIL,GROUND_MISSING_FAT_HANDLING;NITRITE_WITHOUT_SAFETY_NOTE,GROUND_MEAT_OR_CASING,KEEP,,FAIL,GROUND_MISSING_FAT_HANDLING;NITRITE_WITHOUT_SAFETY_NOTE,C_NONPUBLIC_BLOCKED
2187,Slavonska kobasica — ZOZP,https://drycured.com/?post_type=dry_recipe&p=2187,draft,GROUND_MEAT_OR_CASING,high,6,3,1,0,1,1,1,0,1,1,1,1,1,1,1,0,0,0,1,1,,,TYPE_PASS_READY_FOR_SOURCE_DOSSIER,PASS,,GROUND_MEAT_OR_CASING,KEEP,,PASS,,D_NONPUBLIC_REVIEW_READY
2188,Slavonska cajna kobasica — tradicijska,https://drycured.com/?post_type=dry_recipe&p=2188,draft,GROUND_MEAT_OR_CASING,high,6,4,1,0,1,1,1,0,1,1,1,1,1,1,1,0,0,0,0,1,,,TYPE_PASS_READY_FOR_SOURCE_DOSSIER,PASS,,GROUND_MEAT_OR_CASING,KEEP,,PASS,,D_NONPUBLIC_REVIEW_READY
2189,Slavonska sušena slanina / Slavonski špek,https://drycured.com/?post_type=dry_recipe&p=2189,draft,WHOLE_CUT,high,2,6,1,1,0,0,0,1,1,1,1,1,1,0,1,1,0,0,1,1,,,TYPE_PASS_MISSING_FIELDS,FAIL,NITRITE_WITHOUT_SAFETY_NOTE,WHOLE_CUT,KEEP,WHOLE_CUT_TITLE:slanina,FAIL,NITRITE_WITHOUT_SAFETY_NOTE,C_NONPUBLIC_BLOCKED
2224,Domaći pršut,https://drycured.com/?post_type=dry_recipe&p=2224,draft,WHOLE_CUT,medium,0,3,0,1,0,0,0,1,0,1,1,1,1,1,1,0,0,0,1,1,,,TYPE_PASS_READY_FOR_SOURCE_DOSSIER,PASS,,WHOLE_CUT,KEEP,WHOLE_CUT_TITLE:prsut,PASS,,D_NONPUBLIC_REVIEW_READY
2225,Suha šunka,https://drycured.com/?post_type=dry_recipe&p=2225,draft,WHOLE_CUT,medium,1,3,0,0,0,0,0,1,0,0,0,1,1,0,1,0,0,0,0,0,,,TYPE_PASS_READY_FOR_SOURCE_DOSSIER,PASS,,WHOLE_CUT,KEEP,WHOLE_CUT_TITLE:sunka,PASS,,D_NONPUBLIC_REVIEW_READY
2226,Suha lopatica / plećka,https://drycured.com/?post_type=dry_recipe&p=2226,draft,WHOLE_CUT,low,0,2,0,0,0,0,0,0,0,0,0,1,1,0,1,0,0,0,0,0,,,TYPE_CONFLICT_NEEDS_REVIEW,FAIL,WHOLE_CUT_MISSING_CURE_OR_BRINE,WHOLE_CUT,KEEP,,FAIL,WHOLE_CUT_MISSING_CURE_OR_BRINE,C_NONPUBLIC_BLOCKED
2227,Svinjska rolanka,https://drycured.com/?post_type=dry_recipe&p=2227,draft,THERMAL_PROCESSED,medium,0,1,3,0,0,0,0,1,1,0,0,1,1,0,1,0,0,0,0,0,,,TYPE_PASS_MISSING_FIELDS,FAIL,THERMAL_MISSING_TEMP_OR_DURATION,THERMAL_PROCESSED,KEEP,,FAIL,THERMAL_MISSING_TEMP_OR_DURATION,C_NONPUBLIC_BLOCKED
2228,Domaća slanina / panceta,https://drycured.com/?post_type=dry_recipe&p=2228,draft,WHOLE_CUT,low,0,2,0,0,0,0,0,1,0,0,0,1,1,0,1,0,0,0,0,0,,,TYPE_CONFLICT_NEEDS_REVIEW,PASS,,WHOLE_CUT,KEEP,"WHOLE_CUT_TITLE:panceta,slanina",PASS,,D_NONPUBLIC_REVIEW_READY
2229,Suha vratina,https://drycured.com/?post_type=dry_recipe&p=2229,draft,WHOLE_CUT,medium,1,3,0,0,0,0,0,1,0,0,0,1,1,0,1,0,0,0,0,0,,,TYPE_PASS_READY_FOR_SOURCE_DOSSIER,PASS,,WHOLE_CUT,KEEP,WHOLE_CUT_TITLE:vratina,PASS,,D_NONPUBLIC_REVIEW_READY
2230,Suhi kare / pečenica,https://drycured.com/?post_type=dry_recipe&p=2230,draft,WHOLE_CUT,low,0,2,1,0,0,0,0,0,1,0,0,1,1,0,1,0,0,0,0,0,,,TYPE_CONFLICT_NEEDS_REVIEW,FAIL,WHOLE_CUT_MISSING_CURE_OR_BRINE,WHOLE_CUT,KEEP,WHOLE_CUT_TITLE:pecenica_as_whole_cut_context,FAIL,WHOLE_CUT_MISSING_CURE_OR_BRINE,C_NONPUBLIC_BLOCKED
2231,Suha rebra,https://drycured.com/?post_type=dry_recipe&p=2231,draft,WHOLE_CUT,low,0,2,0,0,0,0,0,0,0,0,0,1,1,0,1,0,0,0,0,0,,,TYPE_CONFLICT_NEEDS_REVIEW,FAIL,WHOLE_CUT_MISSING_CURE_OR_BRINE,WHOLE_CUT,KEEP,,FAIL,WHOLE_CUT_MISSING_CURE_OR_BRINE,C_NONPUBLIC_BLOCKED
2232,Suhe koljenice,https://drycured.com/?post_type=dry_recipe&p=2232,draft,NEEDS_CLASSIFICATION,none,0,1,0,0,0,0,0,1,0,0,0,1,1,0,1,0,0,0,0,0,,,NEEDS_CLASSIFICATION,FAIL,NEEDS_CLASSIFICATION,NEEDS_CLASSIFICATION,KEEP,,FAIL,NEEDS_CLASSIFICATION,C_NONPUBLIC_BLOCKED
2233,Suhe nogice i rep,https://drycured.com/?post_type=dry_recipe&p=2233,draft,NEEDS_CLASSIFICATION,none,0,1,0,0,0,0,0,0,0,0,0,1,1,0,1,0,0,0,0,0,,,NEEDS_CLASSIFICATION,FAIL,NEEDS_CLASSIFICATION,NEEDS_CLASSIFICATION,KEEP,,FAIL,NEEDS_CLASSIFICATION,C_NONPUBLIC_BLOCKED
2235,Domaće Svinjske Kobasice,https://drycured.com/?post_type=dry_recipe&p=2235,draft,GROUND_MEAT_OR_CASING,high,5,2,1,0,1,0,1,0,1,0,1,1,1,1,1,0,0,0,0,0,,,TYPE_PASS_MISSING_FIELDS,FAIL,GROUND_MISSING_FAT_HANDLING,GROUND_MEAT_OR_CASING,KEEP,,FAIL,GROUND_MISSING_FAT_HANDLING,C_NONPUBLIC_BLOCKED
2236,Domaće Slaninske Kobasice,https://drycured.com/?post_type=dry_recipe&p=2236,draft,GROUND_MEAT_OR_CASING,high,5,1,1,0,1,0,1,0,1,0,1,1,1,1,1,0,0,0,0,0,,,TYPE_PASS_MISSING_FIELDS,FAIL,GROUND_MISSING_FAT_HANDLING,GROUND_MEAT_OR_CASING,KEEP,,FAIL,GROUND_MISSING_FAT_HANDLING,C_NONPUBLIC_BLOCKED
2237,Slavonske Kobasice,https://drycured.com/?post_type=dry_recipe&p=2237,draft,GROUND_MEAT_OR_CASING,high,5,2,1,0,1,0,1,0,1,0,1,1,1,1,1,0,0,0,0,0,,,TYPE_PASS_MISSING_FIELDS,FAIL,GROUND_MISSING_FAT_HANDLING,GROUND_MEAT_OR_CASING,KEEP,,FAIL,GROUND_MISSING_FAT_HANDLING,C_NONPUBLIC_BLOCKED
2238,Velikogoričke Kobasice,https://drycured.com/?post_type=dry_recipe&p=2238,draft,GROUND_MEAT_OR_CASING,medium,4,1,1,0,1,0,0,0,1,0,1,1,1,1,1,0,0,0,0,0,,,TYPE_PASS_MISSING_FIELDS,FAIL,GROUND_MISSING_CASING;GROUND_MISSING_FAT_HANDLING,GROUND_MEAT_OR_CASING,KEEP,,FAIL,GROUND_MISSING_CASING;GROUND_MISSING_FAT_HANDLING,C_NONPUBLIC_BLOCKED
2239,Kranjske Kobasice,https://drycured.com/?post_type=dry_recipe&p=2239,draft,GROUND_MEAT_OR_CASING,medium,4,1,1,0,0,0,1,0,1,0,1,1,1,1,1,0,0,0,0,0,,,TYPE_PASS_MISSING_FIELDS,FAIL,GROUND_MISSING_GRANULATION;GROUND_MISSING_FAT_HANDLING,GROUND_MEAT_OR_CASING,KEEP,,FAIL,GROUND_MISSING_GRANULATION;GROUND_MISSING_FAT_HANDLING,C_NONPUBLIC_BLOCKED
2240,Ratarske Kobasice,https://drycured.com/?post_type=dry_recipe&p=2240,draft,GROUND_MEAT_OR_CASING,medium,3,2,1,0,0,0,0,0,1,0,1,1,1,1,1,0,0,0,0,0,,,TYPE_PASS_MISSING_FIELDS,FAIL,GROUND_MISSING_GRANULATION;GROUND_MISSING_CASING;GROUND_MISSING_FAT_HANDLING,GROUND_MEAT_OR_CASING,KEEP,,FAIL,GROUND_MISSING_GRANULATION;GROUND_MISSING_CASING;GROUND_MISSING_FAT_HANDLING,C_NONPUBLIC_BLOCKED
2241,Turopoljske Kobasice,https://drycured.com/?post_type=dry_recipe&p=2241,draft,GROUND_MEAT_OR_CASING,high,5,2,1,0,1,0,1,0,1,0,1,1,1,1,1,0,0,0,0,0,,,TYPE_PASS_MISSING_FIELDS,FAIL,GROUND_MISSING_FAT_HANDLING,GROUND_MEAT_OR_CASING,KEEP,,FAIL,GROUND_MISSING_FAT_HANDLING,C_NONPUBLIC_BLOCKED
2242,Prokupljanske Kobasice,https://drycured.com/?post_type=dry_recipe&p=2242,draft,GROUND_MEAT_OR_CASING,high,5,1,1,0,1,0,1,0,1,0,1,1,1,1,1,0,0,0,0,0,,,TYPE_PASS_MISSING_FIELDS,FAIL,GROUND_MISSING_FAT_HANDLING,GROUND_MEAT_OR_CASING,KEEP,,FAIL,GROUND_MISSING_FAT_HANDLING,C_NONPUBLIC_BLOCKED
2243,Vinogradarske Kobasice,https://drycured.com/?post_type=dry_recipe&p=2243,draft,GROUND_MEAT_OR_CASING,medium,4,1,1,0,1,0,0,0,1,0,1,1,1,1,1,0,0,0,0,0,,,TYPE_PASS_MISSING_FIELDS,FAIL,GROUND_MISSING_CASING;GROUND_MISSING_FAT_HANDLING,GROUND_MEAT_OR_CASING,KEEP,,FAIL,GROUND_MISSING_CASING;GROUND_MISSING_FAT_HANDLING,C_NONPUBLIC_BLOCKED
2244,Šestinske Kobasice,https://drycured.com/?post_type=dry_recipe&p=2244,draft,GROUND_MEAT_OR_CASING,medium,4,2,1,0,1,0,0,0,1,0,1,1,1,1,1,0,0,0,0,0,,,TYPE_PASS_MISSING_FIELDS,FAIL,GROUND_MISSING_CASING;GROUND_MISSING_FAT_HANDLING,GROUND_MEAT_OR_CASING,KEEP,,FAIL,GROUND_MISSING_CASING;GROUND_MISSING_FAT_HANDLING,C_NONPUBLIC_BLOCKED
2245,Gračanske Kobasice,https://drycured.com/?post_type=dry_recipe&p=2245,draft,GROUND_MEAT_OR_CASING,high,5,1,1,0,1,0,1,0,1,0,1,1,1,1,1,0,0,0,0,0,,,TYPE_PASS_MISSING_FIELDS,FAIL,GROUND_MISSING_FAT_HANDLING,GROUND_MEAT_OR_CASING,KEEP,,FAIL,GROUND_MISSING_FAT_HANDLING,C_NONPUBLIC_BLOCKED
2246,Horgoške Kobasice,https://drycured.com/?post_type=dry_recipe&p=2246,draft,GROUND_MEAT_OR_CASING,high,5,1,1,0,1,0,1,0,1,0,1,1,1,1,1,0,0,0,0,0,,,TYPE_PASS_MISSING_FIELDS,FAIL,GROUND_MISSING_FAT_HANDLING,GROUND_MEAT_OR_CASING,KEEP,,FAIL,GROUND_MISSING_FAT_HANDLING,C_NONPUBLIC_BLOCKED
2247,Uskrsne Kobasice,https://drycured.com/?post_type=dry_recipe&p=2247,draft,GROUND_MEAT_OR_CASING,medium,4,1,1,0,1,0,0,0,1,0,1,1,1,1,1,0,0,0,0,0,,,TYPE_PASS_MISSING_FIELDS,FAIL,GROUND_MISSING_CASING;GROUND_MISSING_FAT_HANDLING,GROUND_MEAT_OR_CASING,KEEP,,FAIL,GROUND_MISSING_CASING;GROUND_MISSING_FAT_HANDLING,C_NONPUBLIC_BLOCKED
2248,Kukuruzne Kobasice,https://drycured.com/?post_type=dry_recipe&p=2248,draft,GROUND_MEAT_OR_CASING,medium,4,1,1,0,0,0,1,0,1,0,1,1,1,1,1,0,0,0,0,0,,,TYPE_PASS_MISSING_FIELDS,FAIL,GROUND_MISSING_GRANULATION;GROUND_MISSING_FAT_HANDLING,GROUND_MEAT_OR_CASING,KEEP,,FAIL,GROUND_MISSING_GRANULATION;GROUND_MISSING_FAT_HANDLING,C_NONPUBLIC_BLOCKED
2249,Primorske Kobasice,https://drycured.com/?post_type=dry_recipe&p=2249,draft,GROUND_MEAT_OR_CASING,medium,4,1,1,0,1,0,0,0,1,0,1,1,1,1,1,0,0,0,0,0,,,TYPE_PASS_MISSING_FIELDS,FAIL,GROUND_MISSING_CASING;GROUND_MISSING_FAT_HANDLING,GROUND_MEAT_OR_CASING,KEEP,,FAIL,GROUND_MISSING_CASING;GROUND_MISSING_FAT_HANDLING,C_NONPUBLIC_BLOCKED
2250,Sinjske Kobasice,https://drycured.com/?post_type=dry_recipe&p=2250,draft,GROUND_MEAT_OR_CASING,medium,3,1,1,0,0,0,0,0,1,0,1,1,1,1,1,0,0,0,0,0,,,TYPE_PASS_MISSING_FIELDS,FAIL,GROUND_MISSING_GRANULATION;GROUND_MISSING_CASING;GROUND_MISSING_FAT_HANDLING,GROUND_MEAT_OR_CASING,KEEP,,FAIL,GROUND_MISSING_GRANULATION;GROUND_MISSING_CASING;GROUND_MISSING_FAT_HANDLING,C_NONPUBLIC_BLOCKED
2251,Podravske Kobasice,https://drycured.com/?post_type=dry_recipe&p=2251,draft,GROUND_MEAT_OR_CASING,high,5,1,1,0,1,0,1,0,1,0,1,1,1,1,1,0,0,0,0,0,,,TYPE_PASS_MISSING_FIELDS,FAIL,GROUND_MISSING_FAT_HANDLING,GROUND_MEAT_OR_CASING,KEEP,,FAIL,GROUND_MISSING_FAT_HANDLING,C_NONPUBLIC_BLOCKED
2252,Proljetne Kobasice,https://drycured.com/?post_type=dry_recipe&p=2252,draft,GROUND_MEAT_OR_CASING,high,5,1,1,0,1,0,1,0,1,0,1,1,1,1,1,0,0,0,0,0,,,TYPE_PASS_MISSING_FIELDS,FAIL,GROUND_MISSING_FAT_HANDLING,GROUND_MEAT_OR_CASING,KEEP,,FAIL,GROUND_MISSING_FAT_HANDLING,C_NONPUBLIC_BLOCKED
2253,Ljetne Kobasice,https://drycured.com/?post_type=dry_recipe&p=2253,draft,GROUND_MEAT_OR_CASING,high,5,1,1,0,1,0,1,0,1,0,1,1,1,1,1,0,0,0,0,0,,,TYPE_PASS_MISSING_FIELDS,FAIL,GROUND_MISSING_FAT_HANDLING,GROUND_MEAT_OR_CASING,KEEP,,FAIL,GROUND_MISSING_FAT_HANDLING,C_NONPUBLIC_BLOCKED
2254,Đakovačke Kobasice,https://drycured.com/?post_type=dry_recipe&p=2254,draft,GROUND_MEAT_OR_CASING,medium,4,1,1,0,1,0,0,0,1,0,1,1,1,1,1,0,0,0,0,0,,,TYPE_PASS_MISSING_FIELDS,FAIL,GROUND_MISSING_CASING;GROUND_MISSING_FAT_HANDLING,GROUND_MEAT_OR_CASING,KEEP,,FAIL,GROUND_MISSING_CASING;GROUND_MISSING_FAT_HANDLING,C_NONPUBLIC_BLOCKED
2255,Ličke Kobasice,https://drycured.com/?post_type=dry_recipe&p=2255,draft,GROUND_MEAT_OR_CASING,high,5,1,1,0,1,0,1,0,1,0,1,1,1,1,1,0,0,0,0,0,,,TYPE_PASS_MISSING_FIELDS,FAIL,GROUND_MISSING_FAT_HANDLING,GROUND_MEAT_OR_CASING,KEEP,,FAIL,GROUND_MISSING_FAT_HANDLING,C_NONPUBLIC_BLOCKED
2256,Istarske Kobasice,https://drycured.com/?post_type=dry_recipe&p=2256,draft,GROUND_MEAT_OR_CASING,high,5,1,1,0,1,0,1,0,1,0,1,1,1,1,1,0,0,0,0,0,,,TYPE_PASS_MISSING_FIELDS,FAIL,GROUND_MISSING_FAT_HANDLING,GROUND_MEAT_OR_CASING,KEEP,,FAIL,GROUND_MISSING_FAT_HANDLING,C_NONPUBLIC_BLOCKED
2257,Pokupske Kobasice,https://drycured.com/?post_type=dry_recipe&p=2257,draft,GROUND_MEAT_OR_CASING,medium,4,1,1,0,1,0,0,0,1,0,1,1,1,1,1,0,0,0,0,0,,,TYPE_PASS_MISSING_FIELDS,FAIL,GROUND_MISSING_CASING;GROUND_MISSING_FAT_HANDLING,GROUND_MEAT_OR_CASING,KEEP,,FAIL,GROUND_MISSING_CASING;GROUND_MISSING_FAT_HANDLING,C_NONPUBLIC_BLOCKED
2258,Ljute Kobasice,https://drycured.com/?post_type=dry_recipe&p=2258,draft,GROUND_MEAT_OR_CASING,high,5,1,1,0,1,0,1,0,1,0,1,1,1,1,1,0,0,0,0,0,,,TYPE_PASS_MISSING_FIELDS,FAIL,GROUND_MISSING_FAT_HANDLING,GROUND_MEAT_OR_CASING,KEEP,,FAIL,GROUND_MISSING_FAT_HANDLING,C_NONPUBLIC_BLOCKED
2259,Salaške Kobasice,https://drycured.com/?post_type=dry_recipe&p=2259,draft,GROUND_MEAT_OR_CASING,medium,4,2,1,0,1,0,0,0,1,0,1,1,1,1,1,0,0,0,0,0,,,TYPE_PASS_MISSING_FIELDS,FAIL,GROUND_MISSING_CASING;GROUND_MISSING_FAT_HANDLING,GROUND_MEAT_OR_CASING,KEEP,,FAIL,GROUND_MISSING_CASING;GROUND_MISSING_FAT_HANDLING,C_NONPUBLIC_BLOCKED
2260,Srijemske Kobasice,https://drycured.com/?post_type=dry_recipe&p=2260,draft,GROUND_MEAT_OR_CASING,medium,4,2,1,0,1,0,0,0,1,0,1,1,1,1,1,0,0,0,0,0,,,TYPE_PASS_MISSING_FIELDS,FAIL,GROUND_MISSING_CASING;GROUND_MISSING_FAT_HANDLING,GROUND_MEAT_OR_CASING,KEEP,,FAIL,GROUND_MISSING_CASING;GROUND_MISSING_FAT_HANDLING,C_NONPUBLIC_BLOCKED
2261,Slatinske Kobasice,https://drycured.com/?post_type=dry_recipe&p=2261,draft,GROUND_MEAT_OR_CASING,high,5,2,1,0,1,0,1,0,1,0,1,1,1,1,1,0,0,0,0,0,,,TYPE_PASS_MISSING_FIELDS,FAIL,GROUND_MISSING_FAT_HANDLING,GROUND_MEAT_OR_CASING,KEEP,,FAIL,GROUND_MISSING_FAT_HANDLING,C_NONPUBLIC_BLOCKED
2262,Kolinjske Kobasice,https://drycured.com/?post_type=dry_recipe&p=2262,draft,GROUND_MEAT_OR_CASING,medium,4,1,1,0,1,0,0,0,1,0,1,1,1,1,1,0,0,0,0,0,,,TYPE_PASS_MISSING_FIELDS,FAIL,GROUND_MISSING_CASING;GROUND_MISSING_FAT_HANDLING,GROUND_MEAT_OR_CASING,KEEP,,FAIL,GROUND_MISSING_CASING;GROUND_MISSING_FAT_HANDLING,C_NONPUBLIC_BLOCKED
2263,Velebitske Kobasice,https://drycured.com/?post_type=dry_recipe&p=2263,draft,GROUND_MEAT_OR_CASING,medium,4,1,1,0,1,0,0,0,1,0,1,1,1,1,0,0,0,0,0,0,,,TYPE_PASS_MISSING_FIELDS,FAIL,GROUND_MISSING_CASING;GROUND_MISSING_FAT_HANDLING;PHASE_MISSING_TIME_OR_PARAMS,GROUND_MEAT_OR_CASING,KEEP,,FAIL,GROUND_MISSING_CASING;GROUND_MISSING_FAT_HANDLING;PHASE_MISSING_TIME_OR_PARAMS,C_NONPUBLIC_BLOCKED
2264,Pučke Kobasice,https://drycured.com/?post_type=dry_recipe&p=2264,draft,GROUND_MEAT_OR_CASING,medium,4,1,1,0,1,0,0,0,1,0,1,1,1,1,1,0,0,0,0,0,,,TYPE_PASS_MISSING_FIELDS,FAIL,GROUND_MISSING_CASING;GROUND_MISSING_FAT_HANDLING,GROUND_MEAT_OR_CASING,KEEP,,FAIL,GROUND_MISSING_CASING;GROUND_MISSING_FAT_HANDLING,C_NONPUBLIC_BLOCKED
2265,Domaće Kratke Kobasice,https://drycured.com/?post_type=dry_recipe&p=2265,draft,GROUND_MEAT_OR_CASING,high,6,2,1,0,1,0,1,1,1,0,1,1,1,1,0,0,0,0,0,0,,,TYPE_PASS_MISSING_FIELDS,FAIL,GROUND_MISSING_FAT_HANDLING;PHASE_MISSING_TIME_OR_PARAMS,GROUND_MEAT_OR_CASING,KEEP,,FAIL,GROUND_MISSING_FAT_HANDLING;PHASE_MISSING_TIME_OR_PARAMS,C_NONPUBLIC_BLOCKED
2266,Zagorske Kobasice,https://drycured.com/?post_type=dry_recipe&p=2266,draft,GROUND_MEAT_OR_CASING,medium,4,1,1,0,1,0,0,0,1,0,1,1,1,1,1,0,0,0,0,0,,,TYPE_PASS_MISSING_FIELDS,FAIL,GROUND_MISSING_CASING;GROUND_MISSING_FAT_HANDLING,GROUND_MEAT_OR_CASING,KEEP,,FAIL,GROUND_MISSING_CASING;GROUND_MISSING_FAT_HANDLING,C_NONPUBLIC_BLOCKED
2267,Roštilj Kobasice,https://drycured.com/?post_type=dry_recipe&p=2267,draft,GROUND_MEAT_OR_CASING,medium,4,1,1,0,1,0,0,0,1,0,1,1,1,1,1,0,0,0,0,0,,,TYPE_PASS_MISSING_FIELDS,FAIL,GROUND_MISSING_CASING;GROUND_MISSING_FAT_HANDLING,GROUND_MEAT_OR_CASING,KEEP,,FAIL,GROUND_MISSING_CASING;GROUND_MISSING_FAT_HANDLING,C_NONPUBLIC_BLOCKED
2268,Seljačke Kobasice,https://drycured.com/?post_type=dry_recipe&p=2268,draft,GROUND_MEAT_OR_CASING,medium,4,1,1,0,1,0,0,0,1,0,1,1,1,1,1,0,0,0,0,0,,,TYPE_PASS_MISSING_FIELDS,FAIL,GROUND_MISSING_CASING;GROUND_MISSING_FAT_HANDLING,GROUND_MEAT_OR_CASING,KEEP,,FAIL,GROUND_MISSING_CASING;GROUND_MISSING_FAT_HANDLING,C_NONPUBLIC_BLOCKED
2269,Starogradske Kobasice,https://drycured.com/?post_type=dry_recipe&p=2269,draft,GROUND_MEAT_OR_CASING,high,5,1,1,0,1,0,1,0,1,0,1,1,1,1,1,0,0,0,0,0,,,TYPE_PASS_MISSING_FIELDS,FAIL,GROUND_MISSING_FAT_HANDLING,GROUND_MEAT_OR_CASING,KEEP,,FAIL,GROUND_MISSING_FAT_HANDLING,C_NONPUBLIC_BLOCKED
2270,Začinske Kobasice,https://drycured.com/?post_type=dry_recipe&p=2270,draft,GROUND_MEAT_OR_CASING,medium,4,1,1,0,1,0,0,0,1,0,1,1,1,1,1,0,0,0,0,0,,,TYPE_PASS_MISSING_FIELDS,FAIL,GROUND_MISSING_CASING;GROUND_MISSING_FAT_HANDLING,GROUND_MEAT_OR_CASING,KEEP,,FAIL,GROUND_MISSING_CASING;GROUND_MISSING_FAT_HANDLING,C_NONPUBLIC_BLOCKED
2271,Pivske Kobasice,https://drycured.com/?post_type=dry_recipe&p=2271,draft,GROUND_MEAT_OR_CASING,high,5,2,1,0,1,0,0,1,1,0,1,1,1,1,1,0,0,0,0,0,,,TYPE_PASS_MISSING_FIELDS,FAIL,GROUND_MISSING_CASING;GROUND_MISSING_FAT_HANDLING,GROUND_MEAT_OR_CASING,KEEP,,FAIL,GROUND_MISSING_CASING;GROUND_MISSING_FAT_HANDLING,C_NONPUBLIC_BLOCKED
2272,Gurmanske Kobasice,https://drycured.com/?post_type=dry_recipe&p=2272,draft,GROUND_MEAT_OR_CASING,high,5,1,1,0,1,0,1,0,1,0,1,1,1,1,1,0,0,0,0,0,,,TYPE_PASS_MISSING_FIELDS,FAIL,GROUND_MISSING_FAT_HANDLING,GROUND_MEAT_OR_CASING,KEEP,,FAIL,GROUND_MISSING_FAT_HANDLING,C_NONPUBLIC_BLOCKED
2273,Domaći Kulin,https://drycured.com/?post_type=dry_recipe&p=2273,draft,GROUND_MEAT_OR_CASING,high,5,2,1,0,1,0,0,0,1,0,1,1,1,1,1,0,0,0,0,0,,,TYPE_PASS_MISSING_FIELDS,FAIL,GROUND_MISSING_CASING;GROUND_MISSING_FAT_HANDLING,GROUND_MEAT_OR_CASING,KEEP,,FAIL,GROUND_MISSING_CASING;GROUND_MISSING_FAT_HANDLING,C_NONPUBLIC_BLOCKED
2274,Kulinova Seka,https://drycured.com/?post_type=dry_recipe&p=2274,draft,GROUND_MEAT_OR_CASING,high,5,2,1,0,1,0,0,0,1,0,1,1,1,1,1,0,0,0,0,0,,,TYPE_PASS_MISSING_FIELDS,FAIL,GROUND_MISSING_CASING;GROUND_MISSING_FAT_HANDLING,GROUND_MEAT_OR_CASING,KEEP,,FAIL,GROUND_MISSING_CASING;GROUND_MISSING_FAT_HANDLING,C_NONPUBLIC_BLOCKED
2275,Sinjski Sudžuk,https://drycured.com/?post_type=dry_recipe&p=2275,draft,GROUND_MEAT_OR_CASING,high,5,1,1,0,0,0,1,0,1,0,1,1,1,1,1,0,0,0,0,0,,,TYPE_PASS_MISSING_FIELDS,FAIL,GROUND_MISSING_GRANULATION;GROUND_MISSING_FAT_HANDLING,GROUND_MEAT_OR_CASING,KEEP,,FAIL,GROUND_MISSING_GRANULATION;GROUND_MISSING_FAT_HANDLING,C_NONPUBLIC_BLOCKED
2276,Domaća Salama,https://drycured.com/?post_type=dry_recipe&p=2276,draft,GROUND_MEAT_OR_CASING,high,6,2,1,0,1,0,1,0,1,0,1,1,1,1,1,0,0,0,0,0,,,TYPE_PASS_MISSING_FIELDS,FAIL,GROUND_MISSING_FAT_HANDLING,GROUND_MEAT_OR_CASING,KEEP,,FAIL,GROUND_MISSING_FAT_HANDLING,C_NONPUBLIC_BLOCKED
2277,Baranjska Salama,https://drycured.com/?post_type=dry_recipe&p=2277,draft,GROUND_MEAT_OR_CASING,high,6,2,1,0,1,0,1,0,1,0,1,1,1,1,1,0,0,0,0,0,,,TYPE_PASS_MISSING_FIELDS,FAIL,GROUND_MISSING_FAT_HANDLING,GROUND_MEAT_OR_CASING,KEEP,,FAIL,GROUND_MISSING_FAT_HANDLING,C_NONPUBLIC_BLOCKED
2278,Samoborske Češnjovke,https://drycured.com/?post_type=dry_recipe&p=2278,draft,GROUND_MEAT_OR_CASING,medium,4,1,1,0,0,0,1,0,1,0,1,1,1,1,1,0,0,0,0,0,,,TYPE_PASS_MISSING_FIELDS,FAIL,GROUND_MISSING_GRANULATION;GROUND_MISSING_FAT_HANDLING,GROUND_MEAT_OR_CASING,KEEP,,FAIL,GROUND_MISSING_GRANULATION;GROUND_MISSING_FAT_HANDLING,C_NONPUBLIC_BLOCKED
2279,Domaće Pečenice,https://drycured.com/?post_type=dry_recipe&p=2279,draft,GROUND_MEAT_OR_CASING,medium,3,1,2,0,0,0,0,0,1,0,1,1,1,1,0,0,0,0,0,0,,,TYPE_PASS_MISSING_FIELDS,FAIL,GROUND_MISSING_GRANULATION;GROUND_MISSING_CASING;GROUND_MISSING_FAT_HANDLING;PHASE_MISSING_TIME_OR_PARAMS,GROUND_MEAT_OR_CASING,KEEP,,FAIL,GROUND_MISSING_GRANULATION;GROUND_MISSING_CASING;GROUND_MISSING_FAT_HANDLING;PHASE_MISSING_TIME_OR_PARAMS,C_NONPUBLIC_BLOCKED
2280,Goriške Pečenice,https://drycured.com/?post_type=dry_recipe&p=2280,draft,GROUND_MEAT_OR_CASING,medium,4,1,2,0,0,0,1,0,1,0,1,1,1,1,0,0,0,0,0,0,,,TYPE_PASS_MISSING_FIELDS,FAIL,GROUND_MISSING_GRANULATION;GROUND_MISSING_FAT_HANDLING;PHASE_MISSING_TIME_OR_PARAMS,GROUND_MEAT_OR_CASING,KEEP,,FAIL,GROUND_MISSING_GRANULATION;GROUND_MISSING_FAT_HANDLING;PHASE_MISSING_TIME_OR_PARAMS,C_NONPUBLIC_BLOCKED
2281,Obiteljske Pečenice,https://drycured.com/?post_type=dry_recipe&p=2281,draft,GROUND_MEAT_OR_CASING,medium,4,2,2,0,0,0,1,0,1,0,1,1,1,1,0,0,0,0,0,0,,,TYPE_PASS_MISSING_FIELDS,FAIL,GROUND_MISSING_GRANULATION;GROUND_MISSING_FAT_HANDLING;PHASE_MISSING_TIME_OR_PARAMS,GROUND_MEAT_OR_CASING,KEEP,,FAIL,GROUND_MISSING_GRANULATION;GROUND_MISSING_FAT_HANDLING;PHASE_MISSING_TIME_OR_PARAMS,C_NONPUBLIC_BLOCKED
2282,Seoske Pečenice,https://drycured.com/?post_type=dry_recipe&p=2282,draft,GROUND_MEAT_OR_CASING,high,5,1,2,0,1,0,1,0,1,0,1,1,1,1,0,0,0,0,0,0,,,TYPE_PASS_MISSING_FIELDS,FAIL,GROUND_MISSING_FAT_HANDLING;PHASE_MISSING_TIME_OR_PARAMS,GROUND_MEAT_OR_CASING,KEEP,,FAIL,GROUND_MISSING_FAT_HANDLING;PHASE_MISSING_TIME_OR_PARAMS,C_NONPUBLIC_BLOCKED
2283,Krepke Pečenice,https://drycured.com/?post_type=dry_recipe&p=2283,draft,GROUND_MEAT_OR_CASING,medium,3,1,2,0,0,0,0,0,1,0,1,1,1,1,0,0,0,0,0,0,,,TYPE_PASS_MISSING_FIELDS,FAIL,GROUND_MISSING_GRANULATION;GROUND_MISSING_CASING;GROUND_MISSING_FAT_HANDLING;PHASE_MISSING_TIME_OR_PARAMS,GROUND_MEAT_OR_CASING,KEEP,,FAIL,GROUND_MISSING_GRANULATION;GROUND_MISSING_CASING;GROUND_MISSING_FAT_HANDLING;PHASE_MISSING_TIME_OR_PARAMS,C_NONPUBLIC_BLOCKED
2284,Dijetne Pečenice,https://drycured.com/?post_type=dry_recipe&p=2284,draft,GROUND_MEAT_OR_CASING,medium,4,1,2,0,1,0,0,0,1,0,1,1,1,1,0,0,0,0,0,0,,,TYPE_PASS_MISSING_FIELDS,FAIL,GROUND_MISSING_CASING;GROUND_MISSING_FAT_HANDLING;PHASE_MISSING_TIME_OR_PARAMS,GROUND_MEAT_OR_CASING,KEEP,,FAIL,GROUND_MISSING_CASING;GROUND_MISSING_FAT_HANDLING;PHASE_MISSING_TIME_OR_PARAMS,C_NONPUBLIC_BLOCKED
2285,Alpske Pečenice,https://drycured.com/?post_type=dry_recipe&p=2285,draft,GROUND_MEAT_OR_CASING,medium,4,1,2,0,1,0,0,0,1,0,1,1,1,1,0,0,0,0,0,0,,,TYPE_PASS_MISSING_FIELDS,FAIL,GROUND_MISSING_CASING;GROUND_MISSING_FAT_HANDLING;PHASE_MISSING_TIME_OR_PARAMS,GROUND_MEAT_OR_CASING,KEEP,,FAIL,GROUND_MISSING_CASING;GROUND_MISSING_FAT_HANDLING;PHASE_MISSING_TIME_OR_PARAMS,C_NONPUBLIC_BLOCKED
2286,Domaće Krvavice,https://drycured.com/?post_type=dry_recipe&p=2286,draft,THERMAL_PROCESSED,medium,4,1,3,0,1,0,0,0,1,0,1,1,1,1,1,0,0,0,0,0,,,TYPE_PASS_MISSING_FIELDS,FAIL,THERMAL_MISSING_TEMP_OR_DURATION,THERMAL_PROCESSED,KEEP,,FAIL,THERMAL_MISSING_TEMP_OR_DURATION,C_NONPUBLIC_BLOCKED
2287,Zagorske Krvavice,https://drycured.com/?post_type=dry_recipe&p=2287,draft,THERMAL_PROCESSED,medium,3,1,3,0,0,0,0,0,1,0,1,1,1,1,0,0,0,0,0,0,,,TYPE_PASS_MISSING_FIELDS,FAIL,THERMAL_MISSING_TEMP_OR_DURATION;PHASE_MISSING_TIME_OR_PARAMS,THERMAL_PROCESSED,KEEP,,FAIL,THERMAL_MISSING_TEMP_OR_DURATION;PHASE_MISSING_TIME_OR_PARAMS,C_NONPUBLIC_BLOCKED
2288,Zagrebačke Krvavice,https://drycured.com/?post_type=dry_recipe&p=2288,draft,GROUND_MEAT_OR_CASING,high,5,1,3,0,1,0,1,0,1,0,1,1,1,1,0,0,0,0,0,0,,,TYPE_PASS_MISSING_FIELDS,FAIL,GROUND_MISSING_FAT_HANDLING;PHASE_MISSING_TIME_OR_PARAMS,GROUND_MEAT_OR_CASING,KEEP,,FAIL,GROUND_MISSING_FAT_HANDLING;PHASE_MISSING_TIME_OR_PARAMS,C_NONPUBLIC_BLOCKED
2289,Domaće Bijele Krvavice,https://drycured.com/?post_type=dry_recipe&p=2289,draft,THERMAL_PROCESSED,medium,4,1,3,0,1,0,0,0,1,0,1,1,1,1,1,0,0,0,0,0,,,TYPE_PASS_MISSING_FIELDS,FAIL,THERMAL_MISSING_TEMP_OR_DURATION,THERMAL_PROCESSED,KEEP,,FAIL,THERMAL_MISSING_TEMP_OR_DURATION,C_NONPUBLIC_BLOCKED
2290,Pikantne Krvavice,https://drycured.com/?post_type=dry_recipe&p=2290,draft,THERMAL_PROCESSED,medium,4,1,3,0,1,0,0,0,1,0,1,1,1,1,1,0,0,0,0,0,,,TYPE_PASS_MISSING_FIELDS,FAIL,THERMAL_MISSING_TEMP_OR_DURATION,THERMAL_PROCESSED,KEEP,,FAIL,THERMAL_MISSING_TEMP_OR_DURATION,C_NONPUBLIC_BLOCKED
2291,Dijetne Krvavice,https://drycured.com/?post_type=dry_recipe&p=2291,draft,THERMAL_PROCESSED,medium,3,1,3,0,0,0,0,0,1,0,1,1,1,1,0,0,0,0,0,0,,,TYPE_PASS_MISSING_FIELDS,FAIL,THERMAL_MISSING_TEMP_OR_DURATION;PHASE_MISSING_TIME_OR_PARAMS,THERMAL_PROCESSED,KEEP,,FAIL,THERMAL_MISSING_TEMP_OR_DURATION;PHASE_MISSING_TIME_OR_PARAMS,C_NONPUBLIC_BLOCKED
2292,Međimurske Crne Čurke,https://drycured.com/?post_type=dry_recipe&p=2292,draft,GROUND_MEAT_OR_CASING,medium,4,1,2,0,1,0,0,0,1,0,1,1,1,1,0,0,0,0,0,0,,,TYPE_PASS_MISSING_FIELDS,FAIL,GROUND_MISSING_CASING;GROUND_MISSING_FAT_HANDLING;PHASE_MISSING_TIME_OR_PARAMS,GROUND_MEAT_OR_CASING,KEEP,,FAIL,GROUND_MISSING_CASING;GROUND_MISSING_FAT_HANDLING;PHASE_MISSING_TIME_OR_PARAMS,C_NONPUBLIC_BLOCKED
2293,Turopoljske Devenice,https://drycured.com/?post_type=dry_recipe&p=2293,draft,GROUND_MEAT_OR_CASING,medium,3,1,2,0,0,0,0,0,1,0,1,1,1,1,0,0,0,0,0,0,,,TYPE_PASS_MISSING_FIELDS,FAIL,GROUND_MISSING_GRANULATION;GROUND_MISSING_CASING;GROUND_MISSING_FAT_HANDLING;PHASE_MISSING_TIME_OR_PARAMS,GROUND_MEAT_OR_CASING,KEEP,,FAIL,GROUND_MISSING_GRANULATION;GROUND_MISSING_CASING;GROUND_MISSING_FAT_HANDLING;PHASE_MISSING_TIME_OR_PARAMS,C_NONPUBLIC_BLOCKED
2294,Domaće Tlačenice,https://drycured.com/?post_type=dry_recipe&p=2294,draft,THERMAL_PROCESSED,medium,3,1,3,0,0,0,0,0,1,0,1,1,1,1,1,0,0,0,0,0,,,TYPE_PASS_MISSING_FIELDS,FAIL,THERMAL_MISSING_TEMP_OR_DURATION,THERMAL_PROCESSED,KEEP,,FAIL,THERMAL_MISSING_TEMP_OR_DURATION,C_NONPUBLIC_BLOCKED
2295,Domaće Jetrenjače,https://drycured.com/?post_type=dry_recipe&p=2295,draft,GROUND_MEAT_OR_CASING,high,5,1,3,0,1,0,1,0,1,0,1,1,1,1,0,0,0,0,0,0,,,TYPE_PASS_MISSING_FIELDS,FAIL,GROUND_MISSING_FAT_HANDLING;PHASE_MISSING_TIME_OR_PARAMS,GROUND_MEAT_OR_CASING,KEEP,,FAIL,GROUND_MISSING_FAT_HANDLING;PHASE_MISSING_TIME_OR_PARAMS,C_NONPUBLIC_BLOCKED
2353,Pastërma (Albansko suho meso),https://drycured.com/recepti-baza/pasterma-albansko-suho-meso/,publish,NEEDS_CLASSIFICATION,low,5,5,1,1,0,1,1,1,1,1,1,1,1,1,1,0,0,1,1,1,200,,NEEDS_CLASSIFICATION,FAIL,NEEDS_CLASSIFICATION;PUBLIC_OR_META_INTERNAL_TEXT_HIT,WHOLE_CUT,RECLASSIFY,WHOLE_CUT_TITLE:suho meso,FAIL,NEEDS_CLASSIFICATION;PUBLIC_OR_META_INTERNAL_TEXT_HIT,A_PUBLIC_BLOCKED
2354,Suxhuk (Albanska suha kobasica),https://drycured.com/?post_type=dry_recipe&p=2354,draft,GROUND_MEAT_OR_CASING,medium,3,0,0,0,0,0,1,0,0,0,1,1,1,1,1,0,0,0,0,0,,,TYPE_PASS_MISSING_FIELDS,FAIL,GROUND_MISSING_GRANULATION;GROUND_MISSING_FAT_HANDLING,GROUND_MEAT_OR_CASING,KEEP,,FAIL,GROUND_MISSING_GRANULATION;GROUND_MISSING_FAT_HANDLING,C_NONPUBLIC_BLOCKED
2355,Proshuta Shqiptare – albanska pršuta,https://drycured.com/recepti-baza/proshuta-shqiptare-albanska-prsuta/,publish,WHOLE_CUT,high,5,8,0,1,0,1,1,1,0,1,1,1,1,1,1,0,0,1,1,1,200,,TYPE_PASS_PUBLIC_TEXT_BLOCKED,FAIL,PUBLIC_OR_META_INTERNAL_TEXT_HIT,WHOLE_CUT,KEEP,WHOLE_CUT_TITLE:prsut,FAIL,PUBLIC_OR_META_INTERNAL_TEXT_HIT,A_PUBLIC_BLOCKED
2356,Privatno: Kackavall i thatë (Albanski suhi sir),https://drycured.com/?post_type=dry_recipe&p=2356,private,NEEDS_CLASSIFICATION,low,5,5,0,2,0,1,1,1,0,1,1,1,1,1,1,0,0,0,1,1,,,NEEDS_CLASSIFICATION,FAIL,NEEDS_CLASSIFICATION,NEEDS_CLASSIFICATION,KEEP,,FAIL,NEEDS_CLASSIFICATION,C_NONPUBLIC_BLOCKED
2357,Mish i thatë (Albanska suha janjetina),https://drycured.com/?post_type=dry_recipe&p=2357,draft,NEEDS_CLASSIFICATION,none,1,0,0,0,0,0,0,0,0,0,0,1,1,1,0,0,0,0,0,0,,,NEEDS_CLASSIFICATION,FAIL,NEEDS_CLASSIFICATION;PHASE_MISSING_TIME_OR_PARAMS,NEEDS_CLASSIFICATION,KEEP,,FAIL,NEEDS_CLASSIFICATION;PHASE_MISSING_TIME_OR_PARAMS,C_NONPUBLIC_BLOCKED
2358,Steirischer Rohschinken (Štajerska sirova šunka),https://drycured.com/?post_type=dry_recipe&p=2358,draft,WHOLE_CUT,high,2,5,0,0,0,0,0,1,0,1,0,1,1,1,1,0,0,0,0,0,,,TYPE_PASS_READY_FOR_SOURCE_DOSSIER,PASS,,WHOLE_CUT,KEEP,"WHOLE_CUT_TITLE:schinken,rohschinken,sunka",PASS,,D_NONPUBLIC_REVIEW_READY
2359,Vorarlberger Mostbröckle – vorarlberška dimljena govedina,https://drycured.com/recepti-baza/vorarlberger-mostbrockle-vorarlberska-dimljena-govedina/,publish,NEEDS_CLASSIFICATION,low,5,5,0,0,0,1,1,1,0,1,1,1,1,1,1,1,0,1,1,1,200,,NEEDS_CLASSIFICATION,FAIL,NEEDS_CLASSIFICATION;NITRITE_WITHOUT_SAFETY_NOTE;PUBLIC_OR_META_INTERNAL_TEXT_HIT,NEEDS_CLASSIFICATION,KEEP,,FAIL,NEEDS_CLASSIFICATION;NITRITE_WITHOUT_SAFETY_NOTE;PUBLIC_OR_META_INTERNAL_TEXT_HIT,A_PUBLIC_BLOCKED
2360,Austrijska Käsekrainer (Kobasica sa sirom),https://drycured.com/?post_type=dry_recipe&p=2360,draft,GROUND_MEAT_OR_CASING,medium,3,1,1,0,0,1,1,0,1,0,0,1,1,1,0,0,0,0,0,0,,,TYPE_PASS_MISSING_FIELDS,FAIL,GROUND_MISSING_GRANULATION;PHASE_MISSING_TIME_OR_PARAMS,GROUND_MEAT_OR_CASING,KEEP,,FAIL,GROUND_MISSING_GRANULATION;PHASE_MISSING_TIME_OR_PARAMS,C_NONPUBLIC_BLOCKED
2361,Mađarska Gyulai Kolbász (Gyulai kobasica),https://drycured.com/?post_type=dry_recipe&p=2361,draft,GROUND_MEAT_OR_CASING,medium,3,1,0,0,0,1,1,0,0,0,0,1,1,1,0,0,0,0,0,0,,,TYPE_PASS_MISSING_FIELDS,FAIL,GROUND_MISSING_GRANULATION;PHASE_MISSING_TIME_OR_PARAMS,GROUND_MEAT_OR_CASING,KEEP,,FAIL,GROUND_MISSING_GRANULATION;PHASE_MISSING_TIME_OR_PARAMS,C_NONPUBLIC_BLOCKED
2362,Finska Meetvursti (Suha kobasica),https://drycured.com/?post_type=dry_recipe&p=2362,draft,GROUND_MEAT_OR_CASING,medium,3,1,0,0,1,0,1,0,0,0,0,1,1,1,0,0,0,0,0,0,,,TYPE_PASS_MISSING_FIELDS,FAIL,GROUND_MISSING_FAT_HANDLING;PHASE_MISSING_TIME_OR_PARAMS,GROUND_MEAT_OR_CASING,KEEP,,FAIL,GROUND_MISSING_FAT_HANDLING;PHASE_MISSING_TIME_OR_PARAMS,C_NONPUBLIC_BLOCKED
2363,Sastojci za 10 kg mesa:,https://drycured.com/?post_type=dry_recipe&p=2363,draft,GROUND_MEAT_OR_CASING,low,2,1,0,0,0,1,1,0,0,0,0,0,1,1,0,0,0,0,0,0,,,TYPE_CONFLICT_NEEDS_REVIEW,FAIL,GROUND_MISSING_GRANULATION;PHASE_MISSING_TIME_OR_PARAMS,GROUND_MEAT_OR_CASING,KEEP,,FAIL,GROUND_MISSING_GRANULATION;PHASE_MISSING_TIME_OR_PARAMS,C_NONPUBLIC_BLOCKED
2364,Napomena o pripremi masnoće,https://drycured.com/?post_type=dry_recipe&p=2364,pending,NEEDS_CLASSIFICATION,none,0,0,0,0,0,0,0,0,0,0,0,0,1,1,0,0,0,0,0,0,,,NEEDS_CLASSIFICATION,FAIL,NEEDS_CLASSIFICATION;PHASE_MISSING_TIME_OR_PARAMS,NEEDS_CLASSIFICATION,KEEP,,FAIL,NEEDS_CLASSIFICATION;PHASE_MISSING_TIME_OR_PARAMS,C_NONPUBLIC_BLOCKED
2365,Napomena o začinima – tradicionalna norveška mješavina,https://drycured.com/?post_type=dry_recipe&p=2365,pending,NEEDS_CLASSIFICATION,none,0,0,0,0,0,0,0,0,0,0,0,0,1,1,0,0,0,0,0,0,,,NEEDS_CLASSIFICATION,FAIL,NEEDS_CLASSIFICATION;PHASE_MISSING_TIME_OR_PARAMS,NEEDS_CLASSIFICATION,KEEP,,FAIL,NEEDS_CLASSIFICATION;PHASE_MISSING_TIME_OR_PARAMS,C_NONPUBLIC_BLOCKED
2366,? Tradicionalni prijedlozi posluživanja,https://drycured.com/?post_type=dry_recipe&p=2366,pending,NEEDS_CLASSIFICATION,none,0,0,0,0,0,0,0,0,0,0,0,0,1,1,0,0,0,0,0,0,,,NEEDS_CLASSIFICATION,FAIL,NEEDS_CLASSIFICATION;PHASE_MISSING_TIME_OR_PARAMS,NEEDS_CLASSIFICATION,KEEP,,FAIL,NEEDS_CLASSIFICATION;PHASE_MISSING_TIME_OR_PARAMS,C_NONPUBLIC_BLOCKED
2367,Napomena o autentičnoj litavskoj pripremi,https://drycured.com/?post_type=dry_recipe&p=2367,pending,NEEDS_CLASSIFICATION,none,0,0,0,0,0,0,0,0,0,0,0,0,1,1,0,0,0,0,0,0,,,NEEDS_CLASSIFICATION,FAIL,NEEDS_CLASSIFICATION;PHASE_MISSING_TIME_OR_PARAMS,NEEDS_CLASSIFICATION,KEEP,,FAIL,NEEDS_CLASSIFICATION;PHASE_MISSING_TIME_OR_PARAMS,C_NONPUBLIC_BLOCKED
2368,? Litavske tradicije posluživanja,https://drycured.com/?post_type=dry_recipe&p=2368,pending,NEEDS_CLASSIFICATION,none,0,0,0,0,0,0,0,0,0,0,0,0,1,1,0,0,0,0,1,0,,,NEEDS_CLASSIFICATION,FAIL,NEEDS_CLASSIFICATION;PHASE_MISSING_TIME_OR_PARAMS;PROBLEM_WITHOUT_SOLUTION_SIGNAL,NEEDS_CLASSIFICATION,KEEP,,FAIL,NEEDS_CLASSIFICATION;PHASE_MISSING_TIME_OR_PARAMS;PROBLEM_WITHOUT_SOLUTION_SIGNAL,C_NONPUBLIC_BLOCKED
2369,Napomena o češnjaku – ključnom sastojku,https://drycured.com/?post_type=dry_recipe&p=2369,pending,NEEDS_CLASSIFICATION,none,0,0,0,0,0,0,0,0,0,0,0,0,1,1,0,0,0,0,0,0,,,NEEDS_CLASSIFICATION,FAIL,NEEDS_CLASSIFICATION;PHASE_MISSING_TIME_OR_PARAMS,NEEDS_CLASSIFICATION,KEEP,,FAIL,NEEDS_CLASSIFICATION;PHASE_MISSING_TIME_OR_PARAMS,C_NONPUBLIC_BLOCKED
2370,Napomena o latvijskoj kombinaciji začinskog bilja,https://drycured.com/?post_type=dry_recipe&p=2370,pending,NEEDS_CLASSIFICATION,none,1,0,0,0,0,0,0,0,0,0,0,0,1,1,0,0,0,0,0,0,,,NEEDS_CLASSIFICATION,FAIL,NEEDS_CLASSIFICATION;PHASE_MISSING_TIME_OR_PARAMS,NEEDS_CLASSIFICATION,KEEP,,FAIL,NEEDS_CLASSIFICATION;PHASE_MISSING_TIME_OR_PARAMS,C_NONPUBLIC_BLOCKED
2371,? Tradicionalni latvijski prijedlozi posluživanja,https://drycured.com/?post_type=dry_recipe&p=2371,pending,NEEDS_CLASSIFICATION,none,0,0,0,0,0,0,0,0,0,0,0,0,1,1,0,0,0,0,0,0,,,NEEDS_CLASSIFICATION,FAIL,NEEDS_CLASSIFICATION;PHASE_MISSING_TIME_OR_PARAMS,NEEDS_CLASSIFICATION,KEEP,,FAIL,NEEDS_CLASSIFICATION;PHASE_MISSING_TIME_OR_PARAMS,C_NONPUBLIC_BLOCKED
2372,? Dobar tek! ?,https://drycured.com/?post_type=dry_recipe&p=2372,pending,NEEDS_CLASSIFICATION,none,0,0,0,0,0,0,0,0,0,0,0,0,1,1,0,0,0,0,0,0,,,NEEDS_CLASSIFICATION,FAIL,NEEDS_CLASSIFICATION;PHASE_MISSING_TIME_OR_PARAMS,NEEDS_CLASSIFICATION,KEEP,,FAIL,NEEDS_CLASSIFICATION;PHASE_MISSING_TIME_OR_PARAMS,C_NONPUBLIC_BLOCKED
2373,FILET D&#8217;ANVERS (ANTVERPSKI FILE),https://drycured.com/?post_type=dry_recipe&p=2373,draft,NEEDS_CLASSIFICATION,none,1,0,1,0,0,0,0,0,1,0,0,1,1,1,0,0,0,0,0,0,,,NEEDS_CLASSIFICATION,FAIL,NEEDS_CLASSIFICATION;PHASE_MISSING_TIME_OR_PARAMS,NEEDS_CLASSIFICATION,KEEP,,FAIL,NEEDS_CLASSIFICATION;PHASE_MISSING_TIME_OR_PARAMS,C_NONPUBLIC_BLOCKED
2374,SAUCISSE AU FROMAGE DE HERVE (KOBASICA SA SIROM HERVE),https://drycured.com/?post_type=dry_recipe&p=2374,draft,GROUND_MEAT_OR_CASING,medium,3,1,0,0,0,0,1,0,0,0,0,0,1,1,0,0,0,0,0,0,,,TYPE_PASS_MISSING_FIELDS,FAIL,GROUND_MISSING_GRANULATION;GROUND_MISSING_FAT_HANDLING;PHASE_MISSING_TIME_OR_PARAMS,GROUND_MEAT_OR_CASING,KEEP,,FAIL,GROUND_MISSING_GRANULATION;GROUND_MISSING_FAT_HANDLING;PHASE_MISSING_TIME_OR_PARAMS,C_NONPUBLIC_BLOCKED
2375,COLLIER FUMÉ DE WALLONIE (DIMLJENI SVINJSKI VRAT IZ VALONIJE),https://drycured.com/?post_type=dry_recipe&p=2375,draft,WHOLE_CUT,low,1,2,0,0,0,0,0,0,0,0,0,1,1,1,0,0,0,0,0,0,,,TYPE_CONFLICT_NEEDS_REVIEW,FAIL,WHOLE_CUT_MISSING_CURE_OR_BRINE;PHASE_MISSING_TIME_OR_PARAMS,WHOLE_CUT,KEEP,,FAIL,WHOLE_CUT_MISSING_CURE_OR_BRINE;PHASE_MISSING_TIME_OR_PARAMS,C_NONPUBLIC_BLOCKED
2376,JAMBON D&#8217;ARDENNE (ARDENSKI PRŠUT),https://drycured.com/?post_type=dry_recipe&p=2376,draft,WHOLE_CUT,low,1,2,0,0,0,0,0,0,0,0,0,1,1,1,0,0,0,0,0,0,,,TYPE_CONFLICT_NEEDS_REVIEW,FAIL,WHOLE_CUT_MISSING_CURE_OR_BRINE;PHASE_MISSING_TIME_OR_PARAMS,WHOLE_CUT,KEEP,"WHOLE_CUT_TITLE:prsut,jambon",FAIL,WHOLE_CUT_MISSING_CURE_OR_BRINE;PHASE_MISSING_TIME_OR_PARAMS,C_NONPUBLIC_BLOCKED
2377,PÂTÉ GAUMAIS (GAUME PAŠTETA),https://drycured.com/?post_type=dry_recipe&p=2377,draft,THERMAL_PROCESSED,medium,5,0,4,0,0,0,1,0,1,1,1,0,0,1,1,0,0,0,0,0,,,TYPE_PASS_READY_FOR_SOURCE_DOSSIER,PASS,,THERMAL_PROCESSED,KEEP,"THERMAL_TITLE:pate,pasteta",PASS,,D_NONPUBLIC_REVIEW_READY
2378,TÊTE PRESSÉE (PREZVURŠT),https://drycured.com/?post_type=dry_recipe&p=2378,draft,NEEDS_CLASSIFICATION,none,0,1,1,0,0,0,0,0,1,0,1,0,0,1,0,0,0,0,0,0,,,NEEDS_CLASSIFICATION,FAIL,NEEDS_CLASSIFICATION;PHASE_MISSING_TIME_OR_PARAMS,NEEDS_CLASSIFICATION,KEEP,,FAIL,NEEDS_CLASSIFICATION;PHASE_MISSING_TIME_OR_PARAMS,C_NONPUBLIC_BLOCKED
2379,BOULETTE DE LIÈGE (LIEŠKA MESNA KOBASICA),https://drycured.com/?post_type=dry_recipe&p=2379,draft,GROUND_MEAT_OR_CASING,medium,3,2,0,0,0,0,1,0,0,0,1,1,1,1,0,0,0,0,0,0,,,TYPE_PASS_MISSING_FIELDS,FAIL,GROUND_MISSING_GRANULATION;GROUND_MISSING_FAT_HANDLING;PHASE_MISSING_TIME_OR_PARAMS,GROUND_MEAT_OR_CASING,KEEP,,FAIL,GROUND_MISSING_GRANULATION;GROUND_MISSING_FAT_HANDLING;PHASE_MISSING_TIME_OR_PARAMS,C_NONPUBLIC_BLOCKED
2380,SAUCISSON D&#8217;ARDENNE (ARDENSKI KULEN),https://drycured.com/?post_type=dry_recipe&p=2380,draft,GROUND_MEAT_OR_CASING,medium,3,1,0,0,0,0,1,0,0,0,0,1,1,1,0,0,0,0,0,0,,,TYPE_PASS_MISSING_FIELDS,FAIL,GROUND_MISSING_GRANULATION;GROUND_MISSING_FAT_HANDLING;PHASE_MISSING_TIME_OR_PARAMS,GROUND_MEAT_OR_CASING,KEEP,,FAIL,GROUND_MISSING_GRANULATION;GROUND_MISSING_FAT_HANDLING;PHASE_MISSING_TIME_OR_PARAMS,C_NONPUBLIC_BLOCKED
2381,Nadenitsa (Наденица),https://drycured.com/?post_type=dry_recipe&p=2381,draft,GROUND_MEAT_OR_CASING,low,2,1,0,0,0,0,1,0,0,0,1,1,1,1,1,0,0,0,0,0,,,TYPE_CONFLICT_NEEDS_REVIEW,FAIL,GROUND_MISSING_GRANULATION;GROUND_MISSING_FAT_HANDLING,GROUND_MEAT_OR_CASING,KEEP,,FAIL,GROUND_MISSING_GRANULATION;GROUND_MISSING_FAT_HANDLING,C_NONPUBLIC_BLOCKED
2382,Rulopep (Рулопеп),https://drycured.com/?post_type=dry_recipe&p=2382,draft,GROUND_MEAT_OR_CASING,low,2,0,0,0,0,0,1,0,0,0,0,1,1,1,1,0,0,0,0,0,,,TYPE_CONFLICT_NEEDS_REVIEW,FAIL,GROUND_MISSING_GRANULATION;GROUND_MISSING_FAT_HANDLING,GROUND_MEAT_OR_CASING,KEEP,,FAIL,GROUND_MISSING_GRANULATION;GROUND_MISSING_FAT_HANDLING,C_NONPUBLIC_BLOCKED
2383,Banska Kapama (Банска капама),https://drycured.com/?post_type=dry_recipe&p=2383,draft,NEEDS_CLASSIFICATION,none,1,0,0,0,0,0,1,0,0,0,0,0,1,1,1,0,0,0,0,0,,,NEEDS_CLASSIFICATION,FAIL,NEEDS_CLASSIFICATION,NEEDS_CLASSIFICATION,KEEP,,FAIL,NEEDS_CLASSIFICATION,C_NONPUBLIC_BLOCKED
2384,Katino Meze (Катино мезе),https://drycured.com/?post_type=dry_recipe&p=2384,draft,NEEDS_CLASSIFICATION,none,1,1,0,0,0,0,0,0,0,0,0,1,1,1,1,0,0,0,0,0,,,NEEDS_CLASSIFICATION,FAIL,NEEDS_CLASSIFICATION,NEEDS_CLASSIFICATION,KEEP,,FAIL,NEEDS_CLASSIFICATION,C_NONPUBLIC_BLOCKED
2385,Drobsarma (Дробсарма),https://drycured.com/?post_type=dry_recipe&p=2385,draft,GROUND_MEAT_OR_CASING,low,2,0,1,0,0,0,1,0,1,0,1,1,1,1,1,0,0,0,0,0,,,TYPE_CONFLICT_NEEDS_REVIEW,FAIL,GROUND_MISSING_GRANULATION;GROUND_MISSING_FAT_HANDLING,GROUND_MEAT_OR_CASING,KEEP,,FAIL,GROUND_MISSING_GRANULATION;GROUND_MISSING_FAT_HANDLING,C_NONPUBLIC_BLOCKED
2386,Maleshevska Babichka (Малешевска бабичка),https://drycured.com/?post_type=dry_recipe&p=2386,draft,NEEDS_CLASSIFICATION,none,1,1,0,0,0,0,0,0,0,0,0,1,1,1,1,0,0,0,0,0,,,NEEDS_CLASSIFICATION,FAIL,NEEDS_CLASSIFICATION,NEEDS_CLASSIFICATION,KEEP,,FAIL,NEEDS_CLASSIFICATION,C_NONPUBLIC_BLOCKED
2387,Kraishte Pastarma (Краищенска пастърма),https://drycured.com/?post_type=dry_recipe&p=2387,draft,NEEDS_CLASSIFICATION,none,1,1,0,0,0,0,0,0,0,0,1,0,1,1,1,0,0,0,0,0,,,NEEDS_CLASSIFICATION,FAIL,NEEDS_CLASSIFICATION,NEEDS_CLASSIFICATION,KEEP,,FAIL,NEEDS_CLASSIFICATION,C_NONPUBLIC_BLOCKED
2388,Strandzhansko Dyado (Странджанско дядо),https://drycured.com/?post_type=dry_recipe&p=2388,draft,GROUND_MEAT_OR_CASING,low,2,1,0,0,0,0,1,0,0,1,1,1,1,1,1,0,0,0,0,0,,,TYPE_CONFLICT_NEEDS_REVIEW,FAIL,GROUND_MISSING_GRANULATION;GROUND_MISSING_FAT_HANDLING,GROUND_MEAT_OR_CASING,KEEP,,FAIL,GROUND_MISSING_GRANULATION;GROUND_MISSING_FAT_HANDLING,C_NONPUBLIC_BLOCKED
2389,Srednogorska Kaska (Средногорска каска),https://drycured.com/?post_type=dry_recipe&p=2389,draft,NEEDS_CLASSIFICATION,none,1,1,1,0,0,0,1,0,1,0,0,1,1,1,1,0,0,0,0,0,,,NEEDS_CLASSIFICATION,FAIL,NEEDS_CLASSIFICATION,NEEDS_CLASSIFICATION,KEEP,,FAIL,NEEDS_CLASSIFICATION,C_NONPUBLIC_BLOCKED
2390,Dobrudzhanski Babek (Добруджански бабек),https://drycured.com/?post_type=dry_recipe&p=2390,draft,GROUND_MEAT_OR_CASING,low,2,1,1,0,0,0,1,0,1,0,1,1,1,1,1,0,0,0,0,0,,,TYPE_CONFLICT_NEEDS_REVIEW,FAIL,GROUND_MISSING_GRANULATION;GROUND_MISSING_FAT_HANDLING,GROUND_MEAT_OR_CASING,KEEP,,FAIL,GROUND_MISSING_GRANULATION;GROUND_MISSING_FAT_HANDLING,C_NONPUBLIC_BLOCKED
2391,Lukanka (Луканка),https://drycured.com/?post_type=dry_recipe&p=2391,draft,GROUND_MEAT_OR_CASING,medium,3,0,0,0,0,0,1,0,0,0,0,0,1,1,1,0,0,0,0,0,,,TYPE_PASS_MISSING_FIELDS,FAIL,GROUND_MISSING_GRANULATION;GROUND_MISSING_FAT_HANDLING,GROUND_MEAT_OR_CASING,KEEP,,FAIL,GROUND_MISSING_GRANULATION;GROUND_MISSING_FAT_HANDLING,C_NONPUBLIC_BLOCKED
2392,Sudjuk (Суджук),https://drycured.com/?post_type=dry_recipe&p=2392,draft,GROUND_MEAT_OR_CASING,low,2,0,0,0,0,0,1,0,0,0,0,1,1,1,1,0,0,0,0,0,,,TYPE_CONFLICT_NEEDS_REVIEW,FAIL,GROUND_MISSING_GRANULATION;GROUND_MISSING_FAT_HANDLING,GROUND_MEAT_OR_CASING,KEEP,,FAIL,GROUND_MISSING_GRANULATION;GROUND_MISSING_FAT_HANDLING,C_NONPUBLIC_BLOCKED
2393,Elena filet (Еленски филе),https://drycured.com/?post_type=dry_recipe&p=2393,draft,NEEDS_CLASSIFICATION,none,1,0,0,0,0,0,0,0,0,0,0,1,1,1,1,0,0,0,0,0,,,NEEDS_CLASSIFICATION,FAIL,NEEDS_CLASSIFICATION,NEEDS_CLASSIFICATION,KEEP,,FAIL,NEEDS_CLASSIFICATION,C_NONPUBLIC_BLOCKED
2394,Pastarma (Пастърма),https://drycured.com/?post_type=dry_recipe&p=2394,draft,NEEDS_CLASSIFICATION,none,1,0,0,1,0,0,0,0,0,0,0,0,1,1,1,0,0,0,0,0,,,NEEDS_CLASSIFICATION,FAIL,NEEDS_CLASSIFICATION,NEEDS_CLASSIFICATION,KEEP,,FAIL,NEEDS_CLASSIFICATION,C_NONPUBLIC_BLOCKED
2395,Banski Starec (Бански старец),https://drycured.com/?post_type=dry_recipe&p=2395,draft,GROUND_MEAT_OR_CASING,low,2,0,0,0,0,0,1,0,0,1,0,0,1,1,1,0,0,0,0,0,,,TYPE_CONFLICT_NEEDS_REVIEW,FAIL,GROUND_MISSING_GRANULATION;GROUND_MISSING_FAT_HANDLING,GROUND_MEAT_OR_CASING,KEEP,,FAIL,GROUND_MISSING_GRANULATION;GROUND_MISSING_FAT_HANDLING,C_NONPUBLIC_BLOCKED
2396,Sastojci (za 5 kg kobasica),https://drycured.com/?post_type=dry_recipe&p=2396,draft,GROUND_MEAT_OR_CASING,medium,3,2,1,0,1,0,1,0,1,0,0,0,0,1,1,0,0,0,0,0,,,TYPE_PASS_MISSING_FIELDS,FAIL,GROUND_MISSING_FAT_HANDLING,GROUND_MEAT_OR_CASING,KEEP,,FAIL,GROUND_MISSING_FAT_HANDLING,C_NONPUBLIC_BLOCKED
2397,Savjeti za posluživanje,https://drycured.com/?post_type=dry_recipe&p=2397,pending,NEEDS_CLASSIFICATION,none,0,0,0,0,0,0,0,0,0,0,0,0,1,1,0,0,0,0,1,0,,,NEEDS_CLASSIFICATION,FAIL,NEEDS_CLASSIFICATION;PHASE_MISSING_TIME_OR_PARAMS;PROBLEM_WITHOUT_SOLUTION_SIGNAL,NEEDS_CLASSIFICATION,KEEP,,FAIL,NEEDS_CLASSIFICATION;PHASE_MISSING_TIME_OR_PARAMS;PROBLEM_WITHOUT_SOLUTION_SIGNAL,C_NONPUBLIC_BLOCKED
2398,Traditionele Droge Worst (Klasična suha kobasica),https://drycured.com/recepti-baza/traditionele-droge-worst-klasicna-suha-kobasica/,publish,GROUND_MEAT_OR_CASING,high,8,1,1,2,1,1,1,1,1,1,1,1,1,1,1,1,0,1,1,1,200,,TYPE_PASS_PUBLIC_TEXT_BLOCKED,FAIL,NITRITE_WITHOUT_SAFETY_NOTE;PUBLIC_OR_META_INTERNAL_TEXT_HIT,GROUND_MEAT_OR_CASING,KEEP,,FAIL,NITRITE_WITHOUT_SAFETY_NOTE;PUBLIC_OR_META_INTERNAL_TEXT_HIT,A_PUBLIC_BLOCKED
2399,Rookworst (Dimljena kobasica),https://drycured.com/recepti-baza/rookworst-dimljena-kobasica/,publish,GROUND_MEAT_OR_CASING,high,8,1,1,0,1,1,1,1,1,1,1,1,1,1,1,1,0,1,1,1,200,,TYPE_PASS_PUBLIC_TEXT_BLOCKED,FAIL,NITRITE_WITHOUT_SAFETY_NOTE;PUBLIC_OR_META_INTERNAL_TEXT_HIT,GROUND_MEAT_OR_CASING,KEEP,,FAIL,NITRITE_WITHOUT_SAFETY_NOTE;PUBLIC_OR_META_INTERNAL_TEXT_HIT,A_PUBLIC_BLOCKED
2400,?? GRČKI RECEPTI,https://drycured.com/?post_type=dry_recipe&p=2400,pending,NEEDS_CLASSIFICATION,none,0,0,0,0,0,0,0,0,0,0,0,1,0,1,0,0,0,0,0,0,,,NEEDS_CLASSIFICATION,FAIL,NEEDS_CLASSIFICATION;PHASE_MISSING_TIME_OR_PARAMS,NEEDS_CLASSIFICATION,KEEP,,FAIL,NEEDS_CLASSIFICATION;PHASE_MISSING_TIME_OR_PARAMS,C_NONPUBLIC_BLOCKED
2401,?? ALBANSKI RECEPTI,https://drycured.com/?post_type=dry_recipe&p=2401,pending,NEEDS_CLASSIFICATION,none,0,0,0,0,0,0,0,0,0,0,0,1,0,1,0,0,0,0,0,0,,,NEEDS_CLASSIFICATION,FAIL,NEEDS_CLASSIFICATION;PHASE_MISSING_TIME_OR_PARAMS,NEEDS_CLASSIFICATION,KEEP,,FAIL,NEEDS_CLASSIFICATION;PHASE_MISSING_TIME_OR_PARAMS,C_NONPUBLIC_BLOCKED
2402,Lountza (Λούντζα),https://drycured.com/?post_type=dry_recipe&p=2402,draft,WHOLE_CUT,low,1,2,0,0,0,0,0,1,0,0,1,0,0,1,1,0,0,0,0,0,,,TYPE_CONFLICT_NEEDS_REVIEW,PASS,,WHOLE_CUT,KEEP,WHOLE_CUT_TITLE:lountza,PASS,,D_NONPUBLIC_REVIEW_READY
2403,Hiromeri (Χοιρομέρι),https://drycured.com/?post_type=dry_recipe&p=2403,draft,NEEDS_CLASSIFICATION,none,1,1,0,0,0,0,0,1,0,0,0,0,1,1,1,0,0,0,0,0,,,NEEDS_CLASSIFICATION,FAIL,NEEDS_CLASSIFICATION,NEEDS_CLASSIFICATION,KEEP,,FAIL,NEEDS_CLASSIFICATION,C_NONPUBLIC_BLOCKED
2404,Tsamarella (Τσαμαρέλλα),https://drycured.com/?post_type=dry_recipe&p=2404,pending,GROUND_MEAT_OR_CASING,low,2,1,0,0,0,0,0,1,0,1,0,0,1,1,1,0,0,0,0,0,,,TYPE_CONFLICT_NEEDS_REVIEW,FAIL,GROUND_MISSING_GRANULATION;GROUND_MISSING_CASING;GROUND_MISSING_FAT_HANDLING,GROUND_MEAT_OR_CASING,KEEP,,FAIL,GROUND_MISSING_GRANULATION;GROUND_MISSING_CASING;GROUND_MISSING_FAT_HANDLING,C_NONPUBLIC_BLOCKED
2405,Posyrti (Ποσυρτή),https://drycured.com/?post_type=dry_recipe&p=2405,pending,WHOLE_CUT,medium,1,3,0,0,0,0,0,1,0,1,0,0,1,1,1,0,0,0,0,0,,,TYPE_PASS_READY_FOR_SOURCE_DOSSIER,PASS,,WHOLE_CUT,KEEP,WHOLE_CUT_TITLE:posyrti,PASS,,D_NONPUBLIC_REVIEW_READY
2406,Apohtin (Αποχτίν),https://drycured.com/?post_type=dry_recipe&p=2406,pending,WHOLE_CUT,low,1,2,0,0,0,0,0,1,0,0,0,0,1,1,1,0,0,0,0,0,,,TYPE_CONFLICT_NEEDS_REVIEW,PASS,,WHOLE_CUT,KEEP,WHOLE_CUT_TITLE:apohtin,PASS,,D_NONPUBLIC_REVIEW_READY
2407,Lounza (Λούντζα) &#8211; Dimljena svinjska potrbušina,https://drycured.com/?post_type=dry_recipe&p=2407,draft,NEEDS_CLASSIFICATION,none,1,1,0,0,0,0,0,0,0,0,1,1,1,1,1,0,0,0,0,0,,,NEEDS_CLASSIFICATION,FAIL,NEEDS_CLASSIFICATION,NEEDS_CLASSIFICATION,KEEP,,FAIL,NEEDS_CLASSIFICATION,C_NONPUBLIC_BLOCKED
2408,Tsamarella (Τσαμαρέλλα) &#8211; Sušena kozletina,https://drycured.com/?post_type=dry_recipe&p=2408,draft,NEEDS_CLASSIFICATION,none,1,0,0,0,0,0,0,0,0,0,0,0,1,1,1,0,0,0,0,0,,,NEEDS_CLASSIFICATION,FAIL,NEEDS_CLASSIFICATION,NEEDS_CLASSIFICATION,KEEP,,FAIL,NEEDS_CLASSIFICATION,C_NONPUBLIC_BLOCKED
2409,Hiromeri (Χοιρομέρι) &#8211; Ciparski pršut,https://drycured.com/?post_type=dry_recipe&p=2409,draft,WHOLE_CUT,low,0,2,1,0,0,0,0,0,1,0,1,0,1,1,1,0,0,0,0,0,,,TYPE_CONFLICT_NEEDS_REVIEW,FAIL,WHOLE_CUT_MISSING_CURE_OR_BRINE,WHOLE_CUT,KEEP,WHOLE_CUT_TITLE:prsut,FAIL,WHOLE_CUT_MISSING_CURE_OR_BRINE,C_NONPUBLIC_BLOCKED
2410,Apohti (Απόχτι) &#8211; Dimljeni svinjski file,https://drycured.com/?post_type=dry_recipe&p=2410,draft,NEEDS_CLASSIFICATION,none,1,1,1,0,0,0,0,0,1,0,0,1,1,1,1,0,0,0,0,0,,,NEEDS_CLASSIFICATION,FAIL,NEEDS_CLASSIFICATION,NEEDS_CLASSIFICATION,KEEP,,FAIL,NEEDS_CLASSIFICATION,C_NONPUBLIC_BLOCKED
2411,Pastourma (Παστουρμάς) &#8211; Ciparski začinjeni sušeni goveđi file,https://drycured.com/?post_type=dry_recipe&p=2411,draft,NEEDS_CLASSIFICATION,none,1,0,0,0,0,0,0,0,0,0,0,0,1,1,1,0,0,0,0,0,,,NEEDS_CLASSIFICATION,FAIL,NEEDS_CLASSIFICATION,NEEDS_CLASSIFICATION,KEEP,,FAIL,NEEDS_CLASSIFICATION,C_NONPUBLIC_BLOCKED
2412,?? GRČKA &#8211; Tradicionalni recepti za Loukaniko,https://drycured.com/?post_type=dry_recipe&p=2412,draft,NEEDS_CLASSIFICATION,none,1,0,0,0,0,0,1,0,0,0,1,0,1,1,1,0,0,0,0,0,,,NEEDS_CLASSIFICATION,FAIL,NEEDS_CLASSIFICATION,NEEDS_CLASSIFICATION,BLOCK,"NOISE_OR_COLLECTION:tradicionalni recepti,recepti za,grcka",FAIL,NEEDS_CLASSIFICATION,C_NONPUBLIC_BLOCKED
2413,?? ALBANIJA &#8211; Tradicionalni recepti za Salçe,https://drycured.com/?post_type=dry_recipe&p=2413,draft,NEEDS_CLASSIFICATION,none,1,0,0,0,0,0,1,0,0,0,0,0,1,1,1,0,0,0,0,0,,,NEEDS_CLASSIFICATION,FAIL,NEEDS_CLASSIFICATION,NEEDS_CLASSIFICATION,BLOCK,"NOISE_OR_COLLECTION:tradicionalni recepti,recepti za",FAIL,NEEDS_CLASSIFICATION,C_NONPUBLIC_BLOCKED
2414,?? FRANCUSKA &#8211; Tradicionalni recepti za saucisson,https://drycured.com/?post_type=dry_recipe&p=2414,draft,NEEDS_CLASSIFICATION,none,1,0,0,0,0,0,1,0,0,0,0,0,1,1,1,0,0,0,0,0,,,NEEDS_CLASSIFICATION,FAIL,NEEDS_CLASSIFICATION,NEEDS_CLASSIFICATION,BLOCK,"NOISE_OR_COLLECTION:tradicionalni recepti,recepti za,francuska",FAIL,NEEDS_CLASSIFICATION,C_NONPUBLIC_BLOCKED
2415,?? NJEMAČKA &#8211; Tradicionalni recepti za Wurst,https://drycured.com/?post_type=dry_recipe&p=2415,draft,GROUND_MEAT_OR_CASING,low,2,0,0,0,0,0,1,0,0,0,0,0,1,1,1,0,0,0,0,0,,,TYPE_CONFLICT_NEEDS_REVIEW,FAIL,GROUND_MISSING_GRANULATION;GROUND_MISSING_FAT_HANDLING,NEEDS_CLASSIFICATION,BLOCK,"NOISE_OR_COLLECTION:tradicionalni recepti,recepti za,njemacka",FAIL,GROUND_MISSING_GRANULATION;GROUND_MISSING_FAT_HANDLING;NEEDS_CLASSIFICATION,C_NONPUBLIC_BLOCKED
2416,?? ITALIJA &#8211; Tradicionalni recepti za salame,https://drycured.com/?post_type=dry_recipe&p=2416,draft,GROUND_MEAT_OR_CASING,low,2,0,0,0,0,0,1,0,0,0,0,0,1,1,1,0,0,0,0,0,,,TYPE_CONFLICT_NEEDS_REVIEW,FAIL,GROUND_MISSING_GRANULATION;GROUND_MISSING_FAT_HANDLING,NEEDS_CLASSIFICATION,BLOCK,"NOISE_OR_COLLECTION:tradicionalni recepti,recepti za,italija",FAIL,GROUND_MISSING_GRANULATION;GROUND_MISSING_FAT_HANDLING;NEEDS_CLASSIFICATION,C_NONPUBLIC_BLOCKED
2417,?? PORTUGAL &#8211; Tradicionalni recepti za Linguiça,https://drycured.com/?post_type=dry_recipe&p=2417,draft,NEEDS_CLASSIFICATION,none,1,0,0,0,0,0,1,0,0,0,0,0,1,1,1,0,0,0,0,0,,,NEEDS_CLASSIFICATION,FAIL,NEEDS_CLASSIFICATION,NEEDS_CLASSIFICATION,BLOCK,"NOISE_OR_COLLECTION:tradicionalni recepti,recepti za",FAIL,NEEDS_CLASSIFICATION,C_NONPUBLIC_BLOCKED
2418,?? FRANCUSKA &#8211; Tradicijski recepti za saucisson (30 recepata),https://drycured.com/?post_type=dry_recipe&p=2418,draft,NEEDS_CLASSIFICATION,none,1,0,0,0,0,0,1,0,0,0,0,0,1,1,1,0,0,0,0,0,,,NEEDS_CLASSIFICATION,FAIL,NEEDS_CLASSIFICATION,NEEDS_CLASSIFICATION,BLOCK,"NOISE_OR_COLLECTION:recepti za,francuska",FAIL,NEEDS_CLASSIFICATION,C_NONPUBLIC_BLOCKED
2419,?? ČEŠKA &#8211; Tradicionalni recepti,https://drycured.com/?post_type=dry_recipe&p=2419,draft,NEEDS_CLASSIFICATION,none,1,0,0,0,0,0,1,0,0,0,0,0,1,1,1,0,0,0,0,0,,,NEEDS_CLASSIFICATION,FAIL,NEEDS_CLASSIFICATION,NEEDS_CLASSIFICATION,BLOCK,"NOISE_OR_COLLECTION:tradicionalni recepti,ceska",FAIL,NEEDS_CLASSIFICATION,C_NONPUBLIC_BLOCKED
2420,?? SLOVAČKA &#8211; Tradicionalni recepti,https://drycured.com/?post_type=dry_recipe&p=2420,draft,NEEDS_CLASSIFICATION,none,1,0,0,0,0,0,1,0,0,0,0,0,1,1,1,0,0,0,0,0,,,NEEDS_CLASSIFICATION,FAIL,NEEDS_CLASSIFICATION,NEEDS_CLASSIFICATION,BLOCK,NOISE_OR_COLLECTION:tradicionalni recepti,FAIL,NEEDS_CLASSIFICATION,C_NONPUBLIC_BLOCKED
2421,?? POLJSKA &#8211; Tradicionalni recepti,https://drycured.com/?post_type=dry_recipe&p=2421,draft,NEEDS_CLASSIFICATION,none,1,0,0,0,0,0,1,0,0,0,0,1,0,1,1,0,0,0,0,0,,,NEEDS_CLASSIFICATION,FAIL,NEEDS_CLASSIFICATION,NEEDS_CLASSIFICATION,BLOCK,NOISE_OR_COLLECTION:tradicionalni recepti,FAIL,NEEDS_CLASSIFICATION,C_NONPUBLIC_BLOCKED
2422,?? UKRAJINA &#8211; Tradicionalni recepti,https://drycured.com/?post_type=dry_recipe&p=2422,draft,NEEDS_CLASSIFICATION,none,1,0,0,0,0,0,1,0,0,0,0,0,1,1,1,0,0,0,0,0,,,NEEDS_CLASSIFICATION,FAIL,NEEDS_CLASSIFICATION,NEEDS_CLASSIFICATION,BLOCK,NOISE_OR_COLLECTION:tradicionalni recepti,FAIL,NEEDS_CLASSIFICATION,C_NONPUBLIC_BLOCKED
2423,?? ŠVEDSKA &#8211; Tradicionalni recepti,https://drycured.com/?post_type=dry_recipe&p=2423,draft,NEEDS_CLASSIFICATION,none,1,0,0,0,0,0,1,0,0,0,0,0,1,1,1,0,0,0,0,0,,,NEEDS_CLASSIFICATION,FAIL,NEEDS_CLASSIFICATION,NEEDS_CLASSIFICATION,BLOCK,NOISE_OR_COLLECTION:tradicionalni recepti,FAIL,NEEDS_CLASSIFICATION,C_NONPUBLIC_BLOCKED
2424,?? LATVIJA &#8211; Tradicionalni recepti,https://drycured.com/?post_type=dry_recipe&p=2424,draft,NEEDS_CLASSIFICATION,none,1,0,0,0,0,0,1,0,0,0,0,1,0,1,1,0,0,0,0,0,,,NEEDS_CLASSIFICATION,FAIL,NEEDS_CLASSIFICATION,NEEDS_CLASSIFICATION,BLOCK,NOISE_OR_COLLECTION:tradicionalni recepti,FAIL,NEEDS_CLASSIFICATION,C_NONPUBLIC_BLOCKED
2425,?? NIZOZEMSKA &#8211; Tradicionalni recepti,https://drycured.com/?post_type=dry_recipe&p=2425,draft,NEEDS_CLASSIFICATION,none,1,0,0,0,0,0,1,0,0,0,0,1,1,1,1,0,0,0,0,0,,,NEEDS_CLASSIFICATION,FAIL,NEEDS_CLASSIFICATION,NEEDS_CLASSIFICATION,BLOCK,NOISE_OR_COLLECTION:tradicionalni recepti,FAIL,NEEDS_CLASSIFICATION,C_NONPUBLIC_BLOCKED
2426,?? BELGIJA &#8211; Tradicionalni recepti,https://drycured.com/?post_type=dry_recipe&p=2426,draft,NEEDS_CLASSIFICATION,none,1,0,0,0,0,0,1,0,0,0,0,0,1,1,1,0,0,0,0,0,,,NEEDS_CLASSIFICATION,FAIL,NEEDS_CLASSIFICATION,NEEDS_CLASSIFICATION,BLOCK,NOISE_OR_COLLECTION:tradicionalni recepti,FAIL,NEEDS_CLASSIFICATION,C_NONPUBLIC_BLOCKED
2427,?? LUKSEMBURG &#8211; Tradicionalni recepti,https://drycured.com/?post_type=dry_recipe&p=2427,draft,NEEDS_CLASSIFICATION,none,1,0,0,0,0,0,1,0,0,0,0,0,1,1,1,0,0,0,0,0,,,NEEDS_CLASSIFICATION,FAIL,NEEDS_CLASSIFICATION,NEEDS_CLASSIFICATION,BLOCK,NOISE_OR_COLLECTION:tradicionalni recepti,FAIL,NEEDS_CLASSIFICATION,C_NONPUBLIC_BLOCKED
2428,Durmitorska kastradina,https://drycured.com/recepti-baza/durmitorska-kastradina/,publish,WHOLE_CUT,high,5,10,0,1,0,1,1,1,0,1,1,1,1,1,1,0,0,1,1,1,200,,TYPE_PASS_PUBLIC_TEXT_BLOCKED,FAIL,PUBLIC_OR_META_INTERNAL_TEXT_HIT,WHOLE_CUT,KEEP,,FAIL,PUBLIC_OR_META_INTERNAL_TEXT_HIT,A_PUBLIC_BLOCKED
2429,Crmničke goveđe pastrve,https://drycured.com/?post_type=dry_recipe&p=2429,draft,NEEDS_CLASSIFICATION,none,1,1,0,1,0,0,0,1,0,1,0,1,1,1,1,0,0,0,0,0,,,NEEDS_CLASSIFICATION,FAIL,NEEDS_CLASSIFICATION,NEEDS_CLASSIFICATION,KEEP,,FAIL,NEEDS_CLASSIFICATION,C_NONPUBLIC_BLOCKED
2430,Vasojevićka preukuša,https://drycured.com/recepti-baza/vasojevicka-preukusa/,publish,GROUND_MEAT_OR_CASING,high,8,1,2,0,1,1,1,1,1,1,1,1,1,1,1,0,0,1,1,1,200,,TYPE_PASS_PUBLIC_TEXT_BLOCKED,FAIL,PUBLIC_OR_META_INTERNAL_TEXT_HIT,GROUND_MEAT_OR_CASING,KEEP,,FAIL,PUBLIC_OR_META_INTERNAL_TEXT_HIT,A_PUBLIC_BLOCKED
2431,Bjelopavlićka bumbar-pita,https://drycured.com/?post_type=dry_recipe&p=2431,pending,NEEDS_CLASSIFICATION,low,3,3,1,0,0,0,1,0,1,1,0,0,1,1,1,0,0,0,0,0,,,NEEDS_CLASSIFICATION,FAIL,NEEDS_CLASSIFICATION,NEEDS_CLASSIFICATION,KEEP,,FAIL,NEEDS_CLASSIFICATION,C_NONPUBLIC_BLOCKED
2432,Kučka pršura,https://drycured.com/recepti-baza/kucka-prsura/,publish,GROUND_MEAT_OR_CASING,high,6,3,0,2,1,1,1,1,0,1,1,1,1,1,1,0,0,1,1,1,200,,TYPE_PASS_PUBLIC_TEXT_BLOCKED,FAIL,PUBLIC_OR_META_INTERNAL_TEXT_HIT,GROUND_MEAT_OR_CASING,KEEP,,FAIL,PUBLIC_OR_META_INTERNAL_TEXT_HIT,A_PUBLIC_BLOCKED
2433,Privatno: Crnogorska pečenica,https://drycured.com/?post_type=dry_recipe&p=2433,private,THERMAL_PROCESSED,high,7,2,6,2,1,0,1,1,1,1,1,1,1,1,1,0,0,0,1,1,,,TYPE_PASS_READY_FOR_SOURCE_DOSSIER,PASS,,THERMAL_PROCESSED,KEEP,,PASS,,D_NONPUBLIC_REVIEW_READY
2434,Crnogorska kobasica,https://drycured.com/recepti-baza/crnogorska-kobasica/,publish,GROUND_MEAT_OR_CASING,high,9,1,1,0,1,1,1,1,1,1,1,1,1,1,1,0,0,1,1,1,200,,TYPE_PASS_PUBLIC_TEXT_BLOCKED,FAIL,PUBLIC_OR_META_INTERNAL_TEXT_HIT,GROUND_MEAT_OR_CASING,KEEP,,FAIL,PUBLIC_OR_META_INTERNAL_TEXT_HIT,A_PUBLIC_BLOCKED
2435,Crnogorska stelja,https://drycured.com/recepti-baza/crnogorska-stelja/,publish,GROUND_MEAT_OR_CASING,high,6,2,0,2,1,1,1,1,0,1,1,1,1,1,1,0,0,1,1,1,200,,TYPE_PASS_PUBLIC_TEXT_BLOCKED,FAIL,PUBLIC_OR_META_INTERNAL_TEXT_HIT,WHOLE_CUT,RECLASSIFY,WHOLE_CUT_TITLE:stelja,FAIL,PUBLIC_OR_META_INTERNAL_TEXT_HIT,A_PUBLIC_BLOCKED
2436,Crnogorski suđuk,https://drycured.com/?post_type=dry_recipe&p=2436,draft,GROUND_MEAT_OR_CASING,medium,3,0,0,0,0,0,1,0,0,1,1,0,1,1,1,0,0,0,0,0,,,TYPE_PASS_MISSING_FIELDS,FAIL,GROUND_MISSING_GRANULATION;GROUND_MISSING_FAT_HANDLING,GROUND_MEAT_OR_CASING,KEEP,,FAIL,GROUND_MISSING_GRANULATION;GROUND_MISSING_FAT_HANDLING,C_NONPUBLIC_BLOCKED
2437,Privatno: Drniški Začinjeni Vrat s Planine (Specifični mountainski naresak),https://drycured.com/?post_type=dry_recipe&p=2437,private,GROUND_MEAT_OR_CASING,high,7,2,5,0,1,0,1,1,1,0,1,1,1,1,1,0,0,0,1,1,,,TYPE_PASS_MISSING_FIELDS,FAIL,GROUND_MISSING_FAT_HANDLING,WHOLE_CUT,RECLASSIFY,WHOLE_CUT_TITLE:zacinjeni vrat,FAIL,GROUND_MISSING_FAT_HANDLING,C_NONPUBLIC_BLOCKED
2438,Privatno: Komiški Brudet Narezak,https://drycured.com/?post_type=dry_recipe&p=2438,private,GROUND_MEAT_OR_CASING,high,6,1,0,1,1,1,1,1,0,1,1,1,1,1,1,0,0,0,1,1,,,TYPE_PASS_READY_FOR_SOURCE_DOSSIER,PASS,,GROUND_MEAT_OR_CASING,KEEP,,PASS,,D_NONPUBLIC_REVIEW_READY
2439,Privatno: Šibenski Vjetrenjak,https://drycured.com/?post_type=dry_recipe&p=2439,private,GROUND_MEAT_OR_CASING,high,7,2,4,0,1,0,1,1,1,0,1,1,1,1,1,0,0,0,1,1,,,TYPE_PASS_MISSING_FIELDS,FAIL,GROUND_MISSING_FAT_HANDLING,GROUND_MEAT_OR_CASING,KEEP,,FAIL,GROUND_MISSING_FAT_HANDLING,C_NONPUBLIC_BLOCKED
2440,Splitski Maestral Narezak,https://drycured.com/recepti-baza/splitski-maestral-narezak/,publish,GROUND_MEAT_OR_CASING,high,7,2,0,2,1,1,1,1,0,1,1,1,1,1,1,0,0,1,1,1,200,,TYPE_PASS_PUBLIC_TEXT_BLOCKED,FAIL,PUBLIC_OR_META_INTERNAL_TEXT_HIT,GROUND_MEAT_OR_CASING,KEEP,,FAIL,PUBLIC_OR_META_INTERNAL_TEXT_HIT,A_PUBLIC_BLOCKED
2441,Trogirski Zephyr,https://drycured.com/recepti-baza/trogirski-zephyr/,publish,GROUND_MEAT_OR_CASING,high,7,2,0,0,1,1,1,1,0,1,1,1,1,1,1,0,0,1,1,1,200,,TYPE_PASS_PUBLIC_TEXT_BLOCKED,FAIL,PUBLIC_OR_META_INTERNAL_TEXT_HIT,GROUND_MEAT_OR_CASING,KEEP,,FAIL,PUBLIC_OR_META_INTERNAL_TEXT_HIT,A_PUBLIC_BLOCKED
2442,Makarski Jugo Narezak,https://drycured.com/recepti-baza/makarski-jugo-narezak/,publish,GROUND_MEAT_OR_CASING,high,7,2,0,2,1,1,1,1,0,1,1,1,1,1,1,0,0,1,1,1,200,,TYPE_PASS_PUBLIC_TEXT_BLOCKED,FAIL,PUBLIC_OR_META_INTERNAL_TEXT_HIT,GROUND_MEAT_OR_CASING,KEEP,,FAIL,PUBLIC_OR_META_INTERNAL_TEXT_HIT,A_PUBLIC_BLOCKED
2443,Pagaški sir (rijetka regionalna varijanta),https://drycured.com/?post_type=dry_recipe&p=2443,pending,NEEDS_CLASSIFICATION,none,0,0,0,0,0,0,0,0,0,0,0,0,1,1,0,0,0,0,0,0,,,NEEDS_CLASSIFICATION,FAIL,NEEDS_CLASSIFICATION;PHASE_MISSING_TIME_OR_PARAMS,NEEDS_CLASSIFICATION,KEEP,,FAIL,NEEDS_CLASSIFICATION;PHASE_MISSING_TIME_OR_PARAMS,C_NONPUBLIC_BLOCKED
2444,Drniški pršut iz zaleđa (rijetka varijanta),https://drycured.com/?post_type=dry_recipe&p=2444,draft,WHOLE_CUT,low,0,2,0,0,0,0,0,0,0,0,0,1,1,1,1,0,0,0,0,0,,,TYPE_CONFLICT_NEEDS_REVIEW,FAIL,WHOLE_CUT_MISSING_CURE_OR_BRINE,WHOLE_CUT,KEEP,WHOLE_CUT_TITLE:prsut,FAIL,WHOLE_CUT_MISSING_CURE_OR_BRINE,C_NONPUBLIC_BLOCKED
2445,Hvarski stolen (zaboravljena delicija),https://drycured.com/recepti-baza/hvarski-stolen-zaboravljena-delicija/,publish,GROUND_MEAT_OR_CASING,high,6,1,0,2,1,1,1,1,0,1,1,1,1,1,1,0,0,1,1,1,200,,TYPE_PASS_PUBLIC_TEXT_BLOCKED,FAIL,PUBLIC_OR_META_INTERNAL_TEXT_HIT,GROUND_MEAT_OR_CASING,KEEP,,FAIL,PUBLIC_OR_META_INTERNAL_TEXT_HIT,A_PUBLIC_BLOCKED
2446,Šoltanski sir iz duboke tradicije,https://drycured.com/?post_type=dry_recipe&p=2446,pending,NEEDS_CLASSIFICATION,none,0,0,0,0,0,0,0,0,0,0,0,0,1,1,0,0,0,0,0,0,,,NEEDS_CLASSIFICATION,FAIL,NEEDS_CLASSIFICATION;PHASE_MISSING_TIME_OR_PARAMS,NEEDS_CLASSIFICATION,KEEP,,FAIL,NEEDS_CLASSIFICATION;PHASE_MISSING_TIME_OR_PARAMS,C_NONPUBLIC_BLOCKED
2447,Privatno: Leverpostej (Danska pašteta od svinjske jetre),https://drycured.com/?post_type=dry_recipe&p=2447,private,THERMAL_PROCESSED,high,8,1,7,0,1,0,1,1,1,1,1,1,1,1,1,0,0,0,1,1,,,TYPE_PASS_READY_FOR_SOURCE_DOSSIER,PASS,,THERMAL_PROCESSED,KEEP,"THERMAL_TITLE:leverpostej,pasteta",PASS,,D_NONPUBLIC_REVIEW_READY
2448,Medisterpølse (Danska svježa začinjena kobasica),https://drycured.com/?post_type=dry_recipe&p=2448,draft,GROUND_MEAT_OR_CASING,high,5,0,1,0,1,0,1,0,1,1,1,0,1,1,1,0,0,0,1,0,,,TYPE_PASS_MISSING_FIELDS,FAIL,GROUND_MISSING_FAT_HANDLING;PROBLEM_WITHOUT_SOLUTION_SIGNAL,GROUND_MEAT_OR_CASING,KEEP,,FAIL,GROUND_MISSING_FAT_HANDLING;PROBLEM_WITHOUT_SOLUTION_SIGNAL,C_NONPUBLIC_BLOCKED
2449,Ribbenssteg (Danska dimljena svinjska rebra),https://drycured.com/recepti-baza/ribbenssteg-danska-dimljena-svinjska-rebra/,publish,GROUND_MEAT_OR_CASING,high,7,4,0,2,1,1,1,1,0,1,1,1,1,1,1,1,0,1,1,1,200,,TYPE_PASS_PUBLIC_TEXT_BLOCKED,FAIL,NITRITE_WITHOUT_SAFETY_NOTE;PUBLIC_OR_META_INTERNAL_TEXT_HIT,WHOLE_CUT,RECLASSIFY,WHOLE_CUT_TITLE:svinjska rebra,FAIL,NITRITE_WITHOUT_SAFETY_NOTE;PUBLIC_OR_META_INTERNAL_TEXT_HIT,A_PUBLIC_BLOCKED
2450,Bayonneskinke (Danska zasoljena i dimljena šunka),https://drycured.com/recepti-baza/bayonneskinke-danska-zasoljena-i-dimljena-sunka/,publish,WHOLE_CUT,high,5,8,0,2,0,1,1,1,0,1,1,1,1,1,1,1,0,1,1,1,200,,TYPE_PASS_PUBLIC_TEXT_BLOCKED,FAIL,NITRITE_WITHOUT_SAFETY_NOTE;PUBLIC_OR_META_INTERNAL_TEXT_HIT,WHOLE_CUT,KEEP,"WHOLE_CUT_TITLE:sunka,dimljena sunka",FAIL,NITRITE_WITHOUT_SAFETY_NOTE;PUBLIC_OR_META_INTERNAL_TEXT_HIT,A_PUBLIC_BLOCKED
2451,Blodpølse (Danska krvavica),https://drycured.com/?post_type=dry_recipe&p=2451,draft,GROUND_MEAT_OR_CASING,medium,4,0,2,0,0,0,1,0,1,1,1,0,1,1,1,0,0,0,0,1,,,TYPE_PASS_MISSING_FIELDS,FAIL,GROUND_MISSING_GRANULATION;GROUND_MISSING_FAT_HANDLING,THERMAL_PROCESSED,RECLASSIFY,"THERMAL_TITLE:krvavica,blodpolse",FAIL,GROUND_MISSING_GRANULATION;GROUND_MISSING_FAT_HANDLING,C_NONPUBLIC_BLOCKED
2452,Rullepølse (Danska rolana šunka),https://drycured.com/?post_type=dry_recipe&p=2452,draft,WHOLE_CUT,low,1,2,1,0,0,0,0,0,1,1,0,0,0,1,1,0,0,0,0,1,,,TYPE_CONFLICT_NEEDS_REVIEW,FAIL,WHOLE_CUT_MISSING_CURE_OR_BRINE,WHOLE_CUT,KEEP,WHOLE_CUT_TITLE:sunka,FAIL,WHOLE_CUT_MISSING_CURE_OR_BRINE,C_NONPUBLIC_BLOCKED
2453,Flæskesteg (Danska pečena svinjetina s hrskavom kožom),https://drycured.com/?post_type=dry_recipe&p=2453,draft,THERMAL_PROCESSED,medium,2,1,4,0,0,0,0,1,1,1,0,0,1,1,1,0,0,0,0,1,,,TYPE_PASS_READY_FOR_SOURCE_DOSSIER,PASS,,THERMAL_PROCESSED,KEEP,THERMAL_TITLE:pecena svinjetina,PASS,,D_NONPUBLIC_REVIEW_READY
2454,Spegepølse (Danska fermentirana kobasica),https://drycured.com/?post_type=dry_recipe&p=2454,draft,GROUND_MEAT_OR_CASING,high,5,0,0,0,1,0,1,0,0,1,0,0,1,1,1,0,0,0,0,1,,,TYPE_PASS_MISSING_FIELDS,FAIL,GROUND_MISSING_FAT_HANDLING,GROUND_MEAT_OR_CASING,KEEP,,FAIL,GROUND_MISSING_FAT_HANDLING,C_NONPUBLIC_BLOCKED
2455,Privatno: Sylte (Danska hladetina od svinjske glave),https://drycured.com/?post_type=dry_recipe&p=2455,private,THERMAL_PROCESSED,high,5,3,5,0,0,0,1,1,1,1,1,0,1,1,1,0,0,0,1,1,,,TYPE_PASS_READY_FOR_SOURCE_DOSSIER,PASS,,THERMAL_PROCESSED,KEEP,THERMAL_TITLE:hladetina,PASS,,D_NONPUBLIC_REVIEW_READY
2456,Spegeskinke (Danska sušena šunka),https://drycured.com/recepti-baza/spegeskinke-danska-susena-sunka/,publish,WHOLE_CUT,high,5,8,0,2,0,1,1,1,0,1,1,1,1,1,1,1,0,1,1,1,200,,TYPE_PASS_PUBLIC_TEXT_BLOCKED,FAIL,NITRITE_WITHOUT_SAFETY_NOTE;PUBLIC_OR_META_INTERNAL_TEXT_HIT,WHOLE_CUT,KEEP,WHOLE_CUT_TITLE:sunka,FAIL,NITRITE_WITHOUT_SAFETY_NOTE;PUBLIC_OR_META_INTERNAL_TEXT_HIT,A_PUBLIC_BLOCKED
2457,Irski spiced beef (Začinjeno sušeno goveđe meso),https://drycured.com/?post_type=dry_recipe&p=2457,draft,WHOLE_CUT,medium,2,3,1,0,0,0,0,1,1,1,1,0,1,1,1,0,0,0,0,1,,,TYPE_PASS_READY_FOR_SOURCE_DOSSIER,PASS,,WHOLE_CUT,KEEP,,PASS,,D_NONPUBLIC_REVIEW_READY
2458,Crubeens (Salamurena i dimljena svinjska stopala),https://drycured.com/recepti-baza/crubeens-salamurena-i-dimljena-svinjska-stopala/,publish,GROUND_MEAT_OR_CASING,high,8,3,2,2,1,1,1,1,1,1,1,1,1,1,1,1,0,1,1,1,200,,TYPE_PASS_PUBLIC_TEXT_BLOCKED,FAIL,NITRITE_WITHOUT_SAFETY_NOTE;PUBLIC_OR_META_INTERNAL_TEXT_HIT,GROUND_MEAT_OR_CASING,KEEP,,FAIL,NITRITE_WITHOUT_SAFETY_NOTE;PUBLIC_OR_META_INTERNAL_TEXT_HIT,A_PUBLIC_BLOCKED
2459,Privatno: Boiled Ham (Tradicionalna irska kuhana šunka),https://drycured.com/?post_type=dry_recipe&p=2459,private,WHOLE_CUT,high,5,9,1,2,0,1,1,1,1,1,1,1,1,1,1,1,0,0,1,1,,,TYPE_PASS_MISSING_FIELDS,FAIL,NITRITE_WITHOUT_SAFETY_NOTE,THERMAL_PROCESSED,RECLASSIFY,"THERMAL_TITLE:kuhana sunka,boiled ham,kuhana",FAIL,NITRITE_WITHOUT_SAFETY_NOTE,C_NONPUBLIC_BLOCKED
2460,Westfälischer Schinken s krumpirom u ljusci i hrenom,https://drycured.com/?post_type=dry_recipe&p=2460,pending,NEEDS_CLASSIFICATION,none,0,1,1,0,0,0,0,0,1,0,1,0,1,1,0,0,0,0,0,0,,,NEEDS_CLASSIFICATION,FAIL,NEEDS_CLASSIFICATION;PHASE_MISSING_TIME_OR_PARAMS,WHOLE_CUT,RECLASSIFY,WHOLE_CUT_TITLE:schinken,FAIL,NEEDS_CLASSIFICATION;PHASE_MISSING_TIME_OR_PARAMS;WHOLE_CUT_MISSING_CURE_OR_BRINE,C_NONPUBLIC_BLOCKED
2461,Kasseler pečenka s pireom od jabuka i krupir knedlama,https://drycured.com/?post_type=dry_recipe&p=2461,pending,THERMAL_PROCESSED,medium,0,0,3,0,0,0,0,0,1,0,0,1,0,1,0,0,0,0,0,0,,,TYPE_PASS_MISSING_FIELDS,FAIL,THERMAL_MISSING_TEMP_OR_DURATION;PHASE_MISSING_TIME_OR_PARAMS,THERMAL_PROCESSED,KEEP,,FAIL,THERMAL_MISSING_TEMP_OR_DURATION;PHASE_MISSING_TIME_OR_PARAMS,C_NONPUBLIC_BLOCKED
2462,Leberkäse s prženim jajima i bavarskim röstijem,https://drycured.com/?post_type=dry_recipe&p=2462,pending,NEEDS_CLASSIFICATION,none,0,0,0,0,0,0,0,0,0,0,0,0,1,1,1,0,0,0,0,0,,,NEEDS_CLASSIFICATION,FAIL,NEEDS_CLASSIFICATION,NEEDS_CLASSIFICATION,KEEP,,FAIL,NEEDS_CLASSIFICATION,C_NONPUBLIC_BLOCKED
2463,Rogatički Planinsko-Morski Raritet &#8220;Vjetar i More&#8221;,https://drycured.com/?post_type=dry_recipe&p=2463,pending,NEEDS_CLASSIFICATION,none,0,0,0,1,0,0,0,0,0,0,0,1,1,1,0,0,0,0,0,0,,,NEEDS_CLASSIFICATION,FAIL,NEEDS_CLASSIFICATION;PHASE_MISSING_TIME_OR_PARAMS,FISH_OR_SEAFOOD,RECLASSIFY,FISH_TITLE:morski,FAIL,NEEDS_CLASSIFICATION;PHASE_MISSING_TIME_OR_PARAMS;FISH_MISSING_COLD_CHAIN;FISH_MISSING_SALTING_OR_BRINE,C_NONPUBLIC_BLOCKED
2464,StarohrvatskiMore-Kopno Salamet (Salama Maritima),https://drycured.com/recepti-baza/starohrvatskimore-kopno-salamet-salama-maritima/,publish,GROUND_MEAT_OR_CASING,high,9,1,1,2,1,1,1,1,1,1,1,1,1,1,1,0,0,1,1,1,200,,TYPE_PASS_PUBLIC_TEXT_BLOCKED,FAIL,PUBLIC_OR_META_INTERNAL_TEXT_HIT,GROUND_MEAT_OR_CASING,KEEP,,FAIL,PUBLIC_OR_META_INTERNAL_TEXT_HIT,A_PUBLIC_BLOCKED
2465,Krčki Ovčji Dimljeni Raritet,https://drycured.com/recepti-baza/krcki-ovcji-dimljeni-raritet/,publish,GROUND_MEAT_OR_CASING,high,6,1,0,2,1,1,1,1,0,1,1,1,1,1,1,0,0,1,1,1,200,,TYPE_PASS_PUBLIC_TEXT_BLOCKED,FAIL,PUBLIC_OR_META_INTERNAL_TEXT_HIT,GROUND_MEAT_OR_CASING,KEEP,,FAIL,PUBLIC_OR_META_INTERNAL_TEXT_HIT,A_PUBLIC_BLOCKED
2466,Kvarnerski Divovski Salamet,https://drycured.com/recepti-baza/kvarnerski-divovski-salamet/,publish,GROUND_MEAT_OR_CASING,high,8,1,1,2,1,1,1,1,1,1,1,1,1,1,1,0,0,1,1,1,200,,TYPE_PASS_PUBLIC_TEXT_BLOCKED,FAIL,PUBLIC_OR_META_INTERNAL_TEXT_HIT,GROUND_MEAT_OR_CASING,KEEP,,FAIL,PUBLIC_OR_META_INTERNAL_TEXT_HIT,A_PUBLIC_BLOCKED
2467,Istarski Morski Pršut &#8220;Neptunov Dar&#8221;,https://drycured.com/?post_type=dry_recipe&p=2467,pending,FISH_OR_SEAFOOD,medium,0,2,0,2,0,0,0,0,0,0,0,1,1,1,0,0,0,0,0,0,,,TYPE_PASS_MISSING_FIELDS,FAIL,FISH_MISSING_COLD_CHAIN;FISH_MISSING_SALTING_OR_BRINE;PHASE_MISSING_TIME_OR_PARAMS,WHOLE_CUT,RECLASSIFY,FISH_TITLE:morski;CALIBRATION_ACCEPTED:TITLE_WHOLE_CUT_SIGNAL:prsut,FAIL,FISH_MISSING_COLD_CHAIN;FISH_MISSING_SALTING_OR_BRINE;PHASE_MISSING_TIME_OR_PARAMS;WHOLE_CUT_MISSING_CURE_OR_BRINE,C_NONPUBLIC_BLOCKED
2468,Lincolnshire kobasica,https://drycured.com/recepti-baza/lincolnshire-kobasica/,publish,GROUND_MEAT_OR_CASING,high,9,1,1,2,1,1,1,1,1,1,1,1,1,1,1,0,0,1,1,1,200,,TYPE_PASS_PUBLIC_TEXT_BLOCKED,FAIL,PUBLIC_OR_META_INTERNAL_TEXT_HIT,GROUND_MEAT_OR_CASING,KEEP,,FAIL,PUBLIC_OR_META_INTERNAL_TEXT_HIT,A_PUBLIC_BLOCKED
2469,Privatno: Haslet (tradicionalna engleska pašteta od svinjskih iznutrica),https://drycured.com/?post_type=dry_recipe&p=2469,private,GROUND_MEAT_OR_CASING,high,7,1,5,2,1,0,1,1,1,1,1,1,1,1,1,0,0,0,1,1,,,TYPE_PASS_MISSING_FIELDS,FAIL,GROUND_MISSING_FAT_HANDLING,THERMAL_PROCESSED,RECLASSIFY,"THERMAL_TITLE:pasteta,haslet",FAIL,GROUND_MISSING_FAT_HANDLING,C_NONPUBLIC_BLOCKED
2470,Bath Chaps (ukiseljene svinjske obrazine),https://drycured.com/recepti-baza/bath-chaps-ukiseljene-svinjske-obrazine/,publish,GROUND_MEAT_OR_CASING,high,7,3,1,1,1,1,1,1,1,1,1,1,1,1,1,0,0,1,1,1,200,,TYPE_PASS_PUBLIC_TEXT_BLOCKED,FAIL,PUBLIC_OR_META_INTERNAL_TEXT_HIT,GROUND_MEAT_OR_CASING,KEEP,,FAIL,PUBLIC_OR_META_INTERNAL_TEXT_HIT,A_PUBLIC_BLOCKED
2471,Potted Beef (konzervirano goveđe meso),https://drycured.com/?post_type=dry_recipe&p=2471,draft,NEEDS_CLASSIFICATION,low,1,2,2,0,0,0,0,0,1,1,1,0,0,1,1,0,0,0,0,0,,,NEEDS_CLASSIFICATION,FAIL,NEEDS_CLASSIFICATION,NEEDS_CLASSIFICATION,KEEP,,FAIL,NEEDS_CLASSIFICATION,C_NONPUBLIC_BLOCKED
2472,Privatno: Oxford Brawn (hladetina od svinjske glave),https://drycured.com/?post_type=dry_recipe&p=2472,private,THERMAL_PROCESSED,high,5,2,5,2,0,0,1,1,1,1,1,0,1,1,1,0,0,0,1,1,,,TYPE_PASS_READY_FOR_SOURCE_DOSSIER,PASS,,THERMAL_PROCESSED,KEEP,"THERMAL_TITLE:brawn,hladetina",PASS,,D_NONPUBLIC_REVIEW_READY
2473,Tradicionalni engleski Black Pudding (krvavica),https://drycured.com/?post_type=dry_recipe&p=2473,pending,THERMAL_PROCESSED,medium,4,0,4,0,0,0,1,0,1,1,1,0,1,1,1,0,0,0,0,0,,,TYPE_PASS_READY_FOR_SOURCE_DOSSIER,PASS,,THERMAL_PROCESSED,KEEP,"THERMAL_TITLE:krvavica,black pudding",PASS,,D_NONPUBLIC_REVIEW_READY
2474,Tradicionalna engleska šunka (Wiltshire Ham),https://drycured.com/recepti-baza/tradicionalna-engleska-sunka-wiltshire-ham/,publish,WHOLE_CUT,high,5,8,1,1,0,1,1,1,1,1,1,1,1,1,1,0,0,1,1,1,200,,TYPE_PASS_PUBLIC_TEXT_BLOCKED,FAIL,PUBLIC_OR_META_INTERNAL_TEXT_HIT,WHOLE_CUT,KEEP,WHOLE_CUT_TITLE:sunka,FAIL,PUBLIC_OR_META_INTERNAL_TEXT_HIT,A_PUBLIC_BLOCKED
2475,Engleski sušeni goveđi jezik (Potted Ox Tongue),https://drycured.com/?post_type=dry_recipe&p=2475,draft,NEEDS_CLASSIFICATION,low,2,2,2,0,0,0,0,1,1,1,1,0,1,1,1,0,0,0,0,1,,,NEEDS_CLASSIFICATION,FAIL,NEEDS_CLASSIFICATION,NEEDS_CLASSIFICATION,KEEP,,FAIL,NEEDS_CLASSIFICATION,C_NONPUBLIC_BLOCKED
2476,Engleski pork pie (svinjetina u tijestu),https://drycured.com/recepti-baza/engleski-pork-pie-svinjetina-u-tijestu/,publish,GROUND_MEAT_OR_CASING,high,7,2,2,2,1,1,1,1,1,1,1,1,1,1,1,0,0,1,1,1,200,,TYPE_PASS_PUBLIC_TEXT_BLOCKED,FAIL,PUBLIC_OR_META_INTERNAL_TEXT_HIT,GROUND_MEAT_OR_CASING,KEEP,,FAIL,PUBLIC_OR_META_INTERNAL_TEXT_HIT,A_PUBLIC_BLOCKED
2477,Privatno: Sült (Hladetina od svinjskog mesa),https://drycured.com/?post_type=dry_recipe&p=2477,private,THERMAL_PROCESSED,high,4,1,5,0,0,0,1,1,1,1,1,0,1,1,1,0,0,0,1,1,,,TYPE_PASS_READY_FOR_SOURCE_DOSSIER,PASS,,THERMAL_PROCESSED,KEEP,THERMAL_TITLE:hladetina,PASS,,D_NONPUBLIC_REVIEW_READY
2478,Suitsink (Dimljena svinjska šunka),https://drycured.com/recepti-baza/suitsink-dimljena-svinjska-sunka/,publish,WHOLE_CUT,high,6,9,0,2,0,1,1,1,0,1,1,1,1,1,1,0,0,1,1,1,200,,TYPE_PASS_PUBLIC_TEXT_BLOCKED,FAIL,PUBLIC_OR_META_INTERNAL_TEXT_HIT,WHOLE_CUT,KEEP,WHOLE_CUT_TITLE:sunka,FAIL,PUBLIC_OR_META_INTERNAL_TEXT_HIT,A_PUBLIC_BLOCKED
2479,Privatno: Verikäkk (Krvavica s ječmom),https://drycured.com/?post_type=dry_recipe&p=2479,private,GROUND_MEAT_OR_CASING,high,7,1,3,0,1,1,1,1,1,1,1,1,1,1,1,0,0,0,1,1,,,TYPE_PASS_READY_FOR_SOURCE_DOSSIER,PASS,,THERMAL_PROCESSED,RECLASSIFY,"THERMAL_TITLE:krvavica,verikakk",PASS,,D_NONPUBLIC_REVIEW_READY
2480,Talleliha (Polutrajno sušena govedina),https://drycured.com/recepti-baza/talleliha-polutrajno-susena-govedina/,publish,NEEDS_CLASSIFICATION,low,5,5,1,1,0,1,1,1,1,1,1,1,1,1,1,0,0,1,1,1,200,,NEEDS_CLASSIFICATION,FAIL,NEEDS_CLASSIFICATION;PUBLIC_OR_META_INTERNAL_TEXT_HIT,NEEDS_CLASSIFICATION,KEEP,,FAIL,NEEDS_CLASSIFICATION;PUBLIC_OR_META_INTERNAL_TEXT_HIT,A_PUBLIC_BLOCKED
2481,Sealiha õlis (Svinjsko meso u ulju),https://drycured.com/recepti-baza/sealiha-olis-svinjsko-meso-u-ulju/,publish,GROUND_MEAT_OR_CASING,high,7,5,0,2,1,1,1,1,0,1,1,1,1,1,1,0,0,1,1,1,200,,TYPE_PASS_PUBLIC_TEXT_BLOCKED,FAIL,PUBLIC_OR_META_INTERNAL_TEXT_HIT,GROUND_MEAT_OR_CASING,KEEP,,FAIL,PUBLIC_OR_META_INTERNAL_TEXT_HIT,A_PUBLIC_BLOCKED
2482,?? Grčki tradicionalni recept &#8211; Loukaniko,https://drycured.com/?post_type=dry_recipe&p=2482,draft,NEEDS_CLASSIFICATION,none,1,0,0,0,0,0,1,0,0,0,0,0,1,1,1,0,0,0,0,0,,,NEEDS_CLASSIFICATION,FAIL,NEEDS_CLASSIFICATION,NEEDS_CLASSIFICATION,KEEP,,FAIL,NEEDS_CLASSIFICATION,C_NONPUBLIC_BLOCKED
2483,?? Albanski recept &#8211; Salçe,https://drycured.com/?post_type=dry_recipe&p=2483,draft,NEEDS_CLASSIFICATION,none,0,0,0,0,0,0,0,0,0,0,0,0,1,1,1,0,0,0,0,0,,,NEEDS_CLASSIFICATION,FAIL,NEEDS_CLASSIFICATION,NEEDS_CLASSIFICATION,KEEP,,FAIL,NEEDS_CLASSIFICATION,C_NONPUBLIC_BLOCKED
2484,?? Nizozemski recept &#8211; Droge Worst,https://drycured.com/?post_type=dry_recipe&p=2484,draft,NEEDS_CLASSIFICATION,none,0,0,0,0,0,0,0,0,0,0,0,0,1,1,1,0,0,0,0,0,,,NEEDS_CLASSIFICATION,FAIL,NEEDS_CLASSIFICATION,NEEDS_CLASSIFICATION,KEEP,,FAIL,NEEDS_CLASSIFICATION,C_NONPUBLIC_BLOCKED
2485,?? Britanski recept &#8211; Cumberland Sausage,https://drycured.com/?post_type=dry_recipe&p=2485,draft,NEEDS_CLASSIFICATION,none,1,0,0,0,0,0,0,0,0,0,0,0,1,1,1,0,0,0,0,0,,,NEEDS_CLASSIFICATION,FAIL,NEEDS_CLASSIFICATION,NEEDS_CLASSIFICATION,KEEP,,FAIL,NEEDS_CLASSIFICATION,C_NONPUBLIC_BLOCKED
2486,?? Bugarski recept &#8211; Lukanka,https://drycured.com/?post_type=dry_recipe&p=2486,draft,NEEDS_CLASSIFICATION,none,0,0,0,0,0,0,0,0,0,0,0,0,1,1,1,0,0,0,0,0,,,NEEDS_CLASSIFICATION,FAIL,NEEDS_CLASSIFICATION,NEEDS_CLASSIFICATION,KEEP,,FAIL,NEEDS_CLASSIFICATION,C_NONPUBLIC_BLOCKED
2487,?? Rumunjski recept &#8211; Salam de Sibiu,https://drycured.com/?post_type=dry_recipe&p=2487,draft,NEEDS_CLASSIFICATION,none,1,0,0,0,0,0,0,0,0,0,0,0,1,1,1,0,0,0,0,0,,,NEEDS_CLASSIFICATION,FAIL,NEEDS_CLASSIFICATION,NEEDS_CLASSIFICATION,KEEP,,FAIL,NEEDS_CLASSIFICATION,C_NONPUBLIC_BLOCKED
2488,?? Češki recept &#8211; Lovecká Salám,https://drycured.com/?post_type=dry_recipe&p=2488,draft,NEEDS_CLASSIFICATION,none,1,0,0,0,0,0,0,0,0,0,0,0,1,1,1,0,0,0,0,0,,,NEEDS_CLASSIFICATION,FAIL,NEEDS_CLASSIFICATION,NEEDS_CLASSIFICATION,KEEP,,FAIL,NEEDS_CLASSIFICATION,C_NONPUBLIC_BLOCKED
2489,?? Slovački recept &#8211; Turistická Saláma,https://drycured.com/?post_type=dry_recipe&p=2489,draft,NEEDS_CLASSIFICATION,none,1,0,0,0,0,0,0,0,0,0,0,0,1,1,1,0,0,0,0,0,,,NEEDS_CLASSIFICATION,FAIL,NEEDS_CLASSIFICATION,GROUND_MEAT_OR_CASING,RECLASSIFY,GROUND_TITLE:salama,FAIL,NEEDS_CLASSIFICATION;GROUND_MISSING_GRANULATION;GROUND_MISSING_FAT_HANDLING;GROUND_MISSING_CASING,C_NONPUBLIC_BLOCKED
2490,?? Poljski recept &#8211; Kiełbasa,https://drycured.com/?post_type=dry_recipe&p=2490,draft,NEEDS_CLASSIFICATION,none,0,0,0,0,0,0,0,0,0,0,0,0,1,1,1,0,0,0,0,0,,,NEEDS_CLASSIFICATION,FAIL,NEEDS_CLASSIFICATION,NEEDS_CLASSIFICATION,KEEP,,FAIL,NEEDS_CLASSIFICATION,C_NONPUBLIC_BLOCKED
2491,?? Ukrajinski recept &#8211; Kobasa,https://drycured.com/?post_type=dry_recipe&p=2491,draft,NEEDS_CLASSIFICATION,none,0,0,0,0,0,0,0,0,0,0,0,0,1,1,1,0,0,0,0,0,,,NEEDS_CLASSIFICATION,FAIL,NEEDS_CLASSIFICATION,NEEDS_CLASSIFICATION,KEEP,,FAIL,NEEDS_CLASSIFICATION,C_NONPUBLIC_BLOCKED
2492,?? Švedski recept &#8211; Tunnbrödsrulle,https://drycured.com/?post_type=dry_recipe&p=2492,draft,NEEDS_CLASSIFICATION,none,0,0,0,0,0,0,0,0,0,0,0,0,1,1,1,0,0,0,0,0,,,NEEDS_CLASSIFICATION,FAIL,NEEDS_CLASSIFICATION,NEEDS_CLASSIFICATION,KEEP,,FAIL,NEEDS_CLASSIFICATION,C_NONPUBLIC_BLOCKED
2493,?? Latvijski recept &#8211; Mājas Desa,https://drycured.com/?post_type=dry_recipe&p=2493,draft,NEEDS_CLASSIFICATION,none,0,0,0,0,0,0,0,0,0,0,0,0,1,1,1,0,0,0,0,0,,,NEEDS_CLASSIFICATION,FAIL,NEEDS_CLASSIFICATION,NEEDS_CLASSIFICATION,KEEP,,FAIL,NEEDS_CLASSIFICATION,C_NONPUBLIC_BLOCKED
2494,Additional Recommendations:,https://drycured.com/?post_type=dry_recipe&p=2494,pending,NEEDS_CLASSIFICATION,none,0,0,0,0,0,0,0,0,0,0,0,0,1,1,0,0,0,0,0,0,,,NEEDS_CLASSIFICATION,FAIL,NEEDS_CLASSIFICATION;PHASE_MISSING_TIME_OR_PARAMS,NEEDS_CLASSIFICATION,KEEP,,FAIL,NEEDS_CLASSIFICATION;PHASE_MISSING_TIME_OR_PARAMS,C_NONPUBLIC_BLOCKED
2495,?? Talijansko-toskanski recept za salamu (Salame Toscano),https://drycured.com/?post_type=dry_recipe&p=2495,draft,GROUND_MEAT_OR_CASING,low,2,0,0,0,0,0,1,0,0,0,0,0,1,1,1,0,0,0,0,0,,,TYPE_CONFLICT_NEEDS_REVIEW,FAIL,GROUND_MISSING_GRANULATION;GROUND_MISSING_FAT_HANDLING,GROUND_MEAT_OR_CASING,KEEP,,FAIL,GROUND_MISSING_GRANULATION;GROUND_MISSING_FAT_HANDLING,C_NONPUBLIC_BLOCKED
2496,?? Tradicionalni recept za saucisson sec,https://drycured.com/?post_type=dry_recipe&p=2496,draft,NEEDS_CLASSIFICATION,none,1,0,0,0,0,0,1,0,0,0,0,0,1,1,1,0,0,0,0,0,,,NEEDS_CLASSIFICATION,FAIL,NEEDS_CLASSIFICATION,GROUND_MEAT_OR_CASING,RECLASSIFY,GROUND_TITLE:saucisson,FAIL,NEEDS_CLASSIFICATION;GROUND_MISSING_GRANULATION;GROUND_MISSING_FAT_HANDLING,C_NONPUBLIC_BLOCKED
2497,?? Portugalski recept za Linguiçu,https://drycured.com/?post_type=dry_recipe&p=2497,draft,NEEDS_CLASSIFICATION,none,0,0,0,0,0,0,0,0,0,0,0,0,1,1,1,0,0,0,0,0,,,NEEDS_CLASSIFICATION,FAIL,NEEDS_CLASSIFICATION,NEEDS_CLASSIFICATION,KEEP,,FAIL,NEEDS_CLASSIFICATION,C_NONPUBLIC_BLOCKED
2498,?? Austrijski recept za Kmetzelsuppe kobasicu,https://drycured.com/?post_type=dry_recipe&p=2498,draft,NEEDS_CLASSIFICATION,none,1,0,0,0,0,0,0,0,0,0,0,0,1,1,1,0,0,0,0,0,,,NEEDS_CLASSIFICATION,FAIL,NEEDS_CLASSIFICATION,NEEDS_CLASSIFICATION,KEEP,,FAIL,NEEDS_CLASSIFICATION,C_NONPUBLIC_BLOCKED
2499,Sigurnosne preporuke:,https://drycured.com/?post_type=dry_recipe&p=2499,pending,NEEDS_CLASSIFICATION,none,0,0,0,0,0,0,0,0,0,0,0,1,1,1,0,0,0,0,0,0,,,NEEDS_CLASSIFICATION,FAIL,NEEDS_CLASSIFICATION;PHASE_MISSING_TIME_OR_PARAMS,NEEDS_CLASSIFICATION,KEEP,,FAIL,NEEDS_CLASSIFICATION;PHASE_MISSING_TIME_OR_PARAMS,C_NONPUBLIC_BLOCKED
2500,Poljska Kiełbasa Lisiecka (Lisiecka Kobasica),https://drycured.com/?post_type=dry_recipe&p=2500,draft,GROUND_MEAT_OR_CASING,medium,3,1,0,0,1,1,1,0,0,0,0,1,1,1,1,0,0,0,0,0,,,TYPE_PASS_READY_FOR_SOURCE_DOSSIER,PASS,,GROUND_MEAT_OR_CASING,KEEP,,PASS,,D_NONPUBLIC_REVIEW_READY
2501,Slovačka Klobása (Slovenská Klobása),https://drycured.com/recepti-baza/slovacka-klobasa-slovenska-klobasa/,publish,GROUND_MEAT_OR_CASING,high,8,3,1,0,1,1,1,1,1,1,1,1,1,1,1,1,0,1,1,1,200,,TYPE_PASS_PUBLIC_TEXT_BLOCKED,FAIL,NITRITE_WITHOUT_SAFETY_NOTE;PUBLIC_OR_META_INTERNAL_TEXT_HIT,GROUND_MEAT_OR_CASING,KEEP,,FAIL,NITRITE_WITHOUT_SAFETY_NOTE;PUBLIC_OR_META_INTERNAL_TEXT_HIT,A_PUBLIC_BLOCKED
2502,JOULUKINKKU (BOŽIĆNA ŠUNKA),https://drycured.com/?post_type=dry_recipe&p=2502,draft,THERMAL_PROCESSED,medium,3,4,3,1,0,0,0,1,1,1,1,0,1,1,1,1,0,0,0,1,,,TYPE_PASS_MISSING_FIELDS,FAIL,NITRITE_WITHOUT_SAFETY_NOTE,WHOLE_CUT,RECLASSIFY,WHOLE_CUT_TITLE:sunka,FAIL,NITRITE_WITHOUT_SAFETY_NOTE,C_NONPUBLIC_BLOCKED
2503,RIIPUTETTU HIRVENLIHA (SUHO-ZRELA JELENOVINA),https://drycured.com/recepti-baza/riiputettu-hirvenliha-suho-zrela-jelenovina/,publish,GROUND_MEAT_OR_CASING,high,7,3,0,2,1,1,1,1,0,1,1,1,1,1,1,0,0,1,1,1,200,,TYPE_PASS_PUBLIC_TEXT_BLOCKED,FAIL,PUBLIC_OR_META_INTERNAL_TEXT_HIT,GROUND_MEAT_OR_CASING,KEEP,,FAIL,PUBLIC_OR_META_INTERNAL_TEXT_HIT,A_PUBLIC_BLOCKED
2504,SAVUSIIKA (DIMLJENI SIIKA &#8211; BIJELA RIBA),https://drycured.com/recepti-baza/savusiika-dimljeni-siika-bijela-riba/,publish,GROUND_MEAT_OR_CASING,high,7,3,1,5,1,1,1,1,1,1,1,1,1,1,1,0,0,1,1,1,200,,TYPE_PASS_PUBLIC_TEXT_BLOCKED,FAIL,PUBLIC_OR_META_INTERNAL_TEXT_HIT,FISH_OR_SEAFOOD,RECLASSIFY,"FISH_TITLE:riba,savusiika",FAIL,PUBLIC_OR_META_INTERNAL_TEXT_HIT,A_PUBLIC_BLOCKED
2505,METSOPAISTI (SUHO-SALAMURENI TETRIJEB),https://drycured.com/recepti-baza/metsopaisti-suho-salamureni-tetrijeb/,publish,GROUND_MEAT_OR_CASING,high,8,3,1,1,1,1,1,1,1,1,1,1,1,1,1,0,0,1,1,1,200,,TYPE_PASS_PUBLIC_TEXT_BLOCKED,FAIL,PUBLIC_OR_META_INTERNAL_TEXT_HIT,GROUND_MEAT_OR_CASING,KEEP,,FAIL,PUBLIC_OR_META_INTERNAL_TEXT_HIT,A_PUBLIC_BLOCKED
2506,LAMPAAN ILMAKUIVATTU KYLKI (ZRAČNO-SUŠENA JANJEĆJA PRSA),https://drycured.com/recepti-baza/lampaan-ilmakuivattu-kylki-zracno-susena-janjecja-prsa/,publish,GROUND_MEAT_OR_CASING,high,7,3,0,2,1,1,1,1,0,1,1,1,1,1,1,0,0,1,1,1,200,,TYPE_PASS_PUBLIC_TEXT_BLOCKED,FAIL,PUBLIC_OR_META_INTERNAL_TEXT_HIT,GROUND_MEAT_OR_CASING,KEEP,,FAIL,PUBLIC_OR_META_INTERNAL_TEXT_HIT,A_PUBLIC_BLOCKED
2507,PALVIKINKKU (DIMLJENA ŠUNKA),https://drycured.com/?post_type=dry_recipe&p=2507,draft,WHOLE_CUT,medium,3,4,2,0,0,0,0,1,1,1,1,1,1,1,1,1,0,0,0,1,,,TYPE_PASS_MISSING_FIELDS,FAIL,NITRITE_WITHOUT_SAFETY_NOTE,WHOLE_CUT,KEEP,"WHOLE_CUT_TITLE:sunka,dimljena sunka",FAIL,NITRITE_WITHOUT_SAFETY_NOTE,C_NONPUBLIC_BLOCKED
2508,SAVUPORONLIHA (DIMLJENO SOBOVO MESO),https://drycured.com/recepti-baza/savuporonliha-dimljeno-sobovo-meso/,publish,GROUND_MEAT_OR_CASING,high,7,3,2,2,1,1,1,1,1,1,1,1,1,1,1,0,0,1,1,1,200,,TYPE_PASS_PUBLIC_TEXT_BLOCKED,FAIL,PUBLIC_OR_META_INTERNAL_TEXT_HIT,GROUND_MEAT_OR_CASING,KEEP,,FAIL,PUBLIC_OR_META_INTERNAL_TEXT_HIT,A_PUBLIC_BLOCKED
2509,KYLMÄSAVULOHI (HLADNO DIMLJENI LOSOS),https://drycured.com/?post_type=dry_recipe&p=2509,pending,GROUND_MEAT_OR_CASING,medium,3,1,1,1,0,0,0,1,1,1,1,1,1,1,1,0,0,0,0,0,,,TYPE_PASS_MISSING_FIELDS,FAIL,GROUND_MISSING_GRANULATION;GROUND_MISSING_CASING;GROUND_MISSING_FAT_HANDLING,FISH_OR_SEAFOOD,RECLASSIFY,"FISH_TITLE:losos,kylmasavulohi",FAIL,GROUND_MISSING_GRANULATION;GROUND_MISSING_CASING;GROUND_MISSING_FAT_HANDLING,C_NONPUBLIC_BLOCKED
2510,ILMAKUIVATTU PORONPAISTI (ZRAČNO-SUŠENI SOBOV BUT),https://drycured.com/recepti-baza/ilmakuivattu-poronpaisti-zracno-suseni-sobov-but/,publish,GROUND_MEAT_OR_CASING,high,7,3,0,2,1,1,1,1,0,1,1,1,1,1,1,0,0,1,1,1,200,,TYPE_PASS_PUBLIC_TEXT_BLOCKED,FAIL,PUBLIC_OR_META_INTERNAL_TEXT_HIT,WHOLE_CUT,RECLASSIFY,WHOLE_CUT_TITLE:sobov but,FAIL,PUBLIC_OR_META_INTERNAL_TEXT_HIT,A_PUBLIC_BLOCKED
2511,GRAAVILOHI (GRAVLAX &#8211; FINSKI MARINIRANI LOSOS),https://drycured.com/recepti-baza/graavilohi-gravlax-finski-marinirani-losos/,publish,GROUND_MEAT_OR_CASING,high,7,2,0,4,1,1,1,1,0,1,1,1,1,1,1,0,0,1,1,1,200,,TYPE_PASS_PUBLIC_TEXT_BLOCKED,FAIL,PUBLIC_OR_META_INTERNAL_TEXT_HIT,FISH_OR_SEAFOOD,RECLASSIFY,"FISH_TITLE:losos,graavilohi,gravlax",FAIL,PUBLIC_OR_META_INTERNAL_TEXT_HIT,A_PUBLIC_BLOCKED
2512,ROSETTE DE LYON,https://drycured.com/?post_type=dry_recipe&p=2512,draft,GROUND_MEAT_OR_CASING,low,2,0,0,0,0,0,1,0,0,0,0,0,1,1,1,0,0,0,0,0,,,TYPE_CONFLICT_NEEDS_REVIEW,FAIL,GROUND_MISSING_GRANULATION;GROUND_MISSING_FAT_HANDLING,GROUND_MEAT_OR_CASING,KEEP,,FAIL,GROUND_MISSING_GRANULATION;GROUND_MISSING_FAT_HANDLING,C_NONPUBLIC_BLOCKED
2513,LONZO CORSE,https://drycured.com/recepti-baza/lonzo-corse/,publish,GROUND_MEAT_OR_CASING,high,6,1,0,2,1,1,1,1,0,1,1,1,1,1,1,1,0,1,1,1,200,,TYPE_PASS_PUBLIC_TEXT_BLOCKED,FAIL,NITRITE_WITHOUT_SAFETY_NOTE;PUBLIC_OR_META_INTERNAL_TEXT_HIT,GROUND_MEAT_OR_CASING,KEEP,,FAIL,NITRITE_WITHOUT_SAFETY_NOTE;PUBLIC_OR_META_INTERNAL_TEXT_HIT,A_PUBLIC_BLOCKED
2514,SAUCISSON SEC D&#8217;AUVERGNE,https://drycured.com/?post_type=dry_recipe&p=2514,draft,GROUND_MEAT_OR_CASING,low,2,1,0,0,0,0,1,0,0,0,0,0,1,1,1,0,0,0,0,0,,,TYPE_CONFLICT_NEEDS_REVIEW,FAIL,GROUND_MISSING_GRANULATION;GROUND_MISSING_FAT_HANDLING,GROUND_MEAT_OR_CASING,KEEP,,FAIL,GROUND_MISSING_GRANULATION;GROUND_MISSING_FAT_HANDLING,C_NONPUBLIC_BLOCKED
2515,Siglino Messinias (Σύγκλινο Μεσσηνίας),https://drycured.com/?post_type=dry_recipe&p=2515,draft,NEEDS_CLASSIFICATION,none,1,1,0,0,0,0,0,0,0,0,0,1,1,1,1,0,0,0,0,0,,,NEEDS_CLASSIFICATION,FAIL,NEEDS_CLASSIFICATION,NEEDS_CLASSIFICATION,KEEP,,FAIL,NEEDS_CLASSIFICATION,C_NONPUBLIC_BLOCKED
2516,Tsigarides (Τσιγαρίδες),https://drycured.com/?post_type=dry_recipe&p=2516,draft,NEEDS_CLASSIFICATION,none,1,0,1,0,0,0,0,0,1,0,0,0,1,1,1,0,0,0,0,0,,,NEEDS_CLASSIFICATION,FAIL,NEEDS_CLASSIFICATION,NEEDS_CLASSIFICATION,KEEP,,FAIL,NEEDS_CLASSIFICATION,C_NONPUBLIC_BLOCKED
2517,Armatia (Αρματιά),https://drycured.com/?post_type=dry_recipe&p=2517,draft,NEEDS_CLASSIFICATION,none,1,0,0,0,0,0,0,0,0,0,0,1,1,1,1,0,0,0,0,0,,,NEEDS_CLASSIFICATION,FAIL,NEEDS_CLASSIFICATION,NEEDS_CLASSIFICATION,KEEP,,FAIL,NEEDS_CLASSIFICATION,C_NONPUBLIC_BLOCKED
2518,Pihti (Πηχτή),https://drycured.com/?post_type=dry_recipe&p=2518,draft,NEEDS_CLASSIFICATION,none,1,0,1,0,0,0,0,0,1,0,0,0,1,1,1,0,0,0,0,0,,,NEEDS_CLASSIFICATION,FAIL,NEEDS_CLASSIFICATION,NEEDS_CLASSIFICATION,KEEP,,FAIL,NEEDS_CLASSIFICATION,C_NONPUBLIC_BLOCKED
2519,Kavourmas (Καβουρμάς),https://drycured.com/?post_type=dry_recipe&p=2519,draft,NEEDS_CLASSIFICATION,none,1,1,1,0,0,0,0,0,1,0,0,0,1,1,1,0,0,0,0,0,,,NEEDS_CLASSIFICATION,FAIL,NEEDS_CLASSIFICATION,NEEDS_CLASSIFICATION,KEEP,,FAIL,NEEDS_CLASSIFICATION,C_NONPUBLIC_BLOCKED
2520,Pastourmas (Παστουρμάς),https://drycured.com/?post_type=dry_recipe&p=2520,draft,NEEDS_CLASSIFICATION,none,1,0,0,0,0,0,0,0,0,0,0,0,1,1,1,0,0,0,0,0,,,NEEDS_CLASSIFICATION,FAIL,NEEDS_CLASSIFICATION,NEEDS_CLASSIFICATION,KEEP,,FAIL,NEEDS_CLASSIFICATION,C_NONPUBLIC_BLOCKED
2521,Apaki (Απάκι),https://drycured.com/?post_type=dry_recipe&p=2521,draft,NEEDS_CLASSIFICATION,none,1,0,0,0,0,0,0,0,0,0,0,1,1,1,1,0,0,0,0,0,,,NEEDS_CLASSIFICATION,FAIL,NEEDS_CLASSIFICATION,NEEDS_CLASSIFICATION,KEEP,,FAIL,NEEDS_CLASSIFICATION,C_NONPUBLIC_BLOCKED
2522,Noumboulo (Νούμπουλο),https://drycured.com/?post_type=dry_recipe&p=2522,draft,WHOLE_CUT,low,1,2,0,0,0,0,0,0,0,0,0,1,1,1,1,0,0,0,0,0,,,TYPE_CONFLICT_NEEDS_REVIEW,FAIL,WHOLE_CUT_MISSING_CURE_OR_BRINE,WHOLE_CUT,KEEP,,FAIL,WHOLE_CUT_MISSING_CURE_OR_BRINE,C_NONPUBLIC_BLOCKED
2523,Syglino (Σύγκλινο),https://drycured.com/?post_type=dry_recipe&p=2523,draft,NEEDS_CLASSIFICATION,none,1,0,1,0,0,0,0,0,1,0,1,1,1,1,1,0,0,0,0,0,,,NEEDS_CLASSIFICATION,FAIL,NEEDS_CLASSIFICATION,NEEDS_CLASSIFICATION,KEEP,,FAIL,NEEDS_CLASSIFICATION,C_NONPUBLIC_BLOCKED
2524,Skirts and Kidneys (Tradicionalna irska marinirana goveđa dijafragma),https://drycured.com/?post_type=dry_recipe&p=2524,draft,WHOLE_CUT,medium,2,3,0,0,0,0,0,1,0,1,1,1,1,1,1,1,0,0,0,0,,,TYPE_PASS_MISSING_FIELDS,FAIL,NITRITE_WITHOUT_SAFETY_NOTE,WHOLE_CUT,KEEP,,FAIL,NITRITE_WITHOUT_SAFETY_NOTE,C_NONPUBLIC_BLOCKED
2525,Dulse and Yellowman Bacon (Slanina s morskom travom),https://drycured.com/recepti-baza/dulse-and-yellowman-bacon-slanina-s-morskom-travom/,publish,WHOLE_CUT,high,5,8,0,2,0,1,1,1,0,1,1,1,1,1,1,1,0,1,1,1,200,,TYPE_PASS_PUBLIC_TEXT_BLOCKED,FAIL,NITRITE_WITHOUT_SAFETY_NOTE;PUBLIC_OR_META_INTERNAL_TEXT_HIT,WHOLE_CUT,KEEP,WHOLE_CUT_TITLE:slanina,FAIL,NITRITE_WITHOUT_SAFETY_NOTE;PUBLIC_OR_META_INTERNAL_TEXT_HIT,A_PUBLIC_BLOCKED
2526,Caillín Báin (Bieli spek &#8211; Irska verzija slanine sa začinima),https://drycured.com/recepti-baza/caillin-bain-bieli-spek-irska-verzija-slanine-sa-zacinima/,publish,GROUND_MEAT_OR_CASING,high,7,4,0,2,1,1,1,1,0,1,1,1,1,1,1,1,0,1,1,1,200,,TYPE_PASS_PUBLIC_TEXT_BLOCKED,FAIL,NITRITE_WITHOUT_SAFETY_NOTE;PUBLIC_OR_META_INTERNAL_TEXT_HIT,GROUND_MEAT_OR_CASING,KEEP,,FAIL,NITRITE_WITHOUT_SAFETY_NOTE;PUBLIC_OR_META_INTERNAL_TEXT_HIT,A_PUBLIC_BLOCKED
2527,Marrowbone Roll (Rolana kobasica s koštanom srži),https://drycured.com/recepti-baza/marrowbone-roll-rolana-kobasica-s-kostanom-srzi/,publish,GROUND_MEAT_OR_CASING,high,9,2,4,2,1,1,1,1,1,1,1,1,1,1,1,0,0,1,1,1,200,,TYPE_PASS_PUBLIC_TEXT_BLOCKED,FAIL,PUBLIC_OR_META_INTERNAL_TEXT_HIT,GROUND_MEAT_OR_CASING,KEEP,,FAIL,PUBLIC_OR_META_INTERNAL_TEXT_HIT,A_PUBLIC_BLOCKED
2528,Privatno: Fadge Pudding (Krumpirovo-krvna kobasica),https://drycured.com/?post_type=dry_recipe&p=2528,private,GROUND_MEAT_OR_CASING,high,8,1,3,2,1,1,1,1,1,1,1,1,1,1,1,0,0,0,1,1,,,TYPE_PASS_READY_FOR_SOURCE_DOSSIER,PASS,,GROUND_MEAT_OR_CASING,KEEP,,PASS,,D_NONPUBLIC_REVIEW_READY
2529,Irski soljena govedina (Corned Beef),https://drycured.com/recepti-baza/irski-soljena-govedina-corned-beef/,publish,NEEDS_CLASSIFICATION,low,5,5,1,1,0,1,1,1,1,1,1,1,1,1,1,0,0,1,1,1,200,,NEEDS_CLASSIFICATION,FAIL,NEEDS_CLASSIFICATION;PUBLIC_OR_META_INTERNAL_TEXT_HIT,NEEDS_CLASSIFICATION,KEEP,,FAIL,NEEDS_CLASSIFICATION;PUBLIC_OR_META_INTERNAL_TEXT_HIT,A_PUBLIC_BLOCKED
2530,Irska šunka u pivu (Beer-Cured Ham),https://drycured.com/recepti-baza/irska-sunka-u-pivu-beer-cured-ham/,publish,WHOLE_CUT,high,6,8,3,2,0,1,1,1,1,1,1,1,1,1,1,0,0,1,1,1,200,,TYPE_PASS_PUBLIC_TEXT_BLOCKED,FAIL,PUBLIC_OR_META_INTERNAL_TEXT_HIT,WHOLE_CUT,KEEP,WHOLE_CUT_TITLE:sunka,FAIL,PUBLIC_OR_META_INTERNAL_TEXT_HIT,A_PUBLIC_BLOCKED
2531,Privatno: Slátur (Islandska krvavica),https://drycured.com/?post_type=dry_recipe&p=2531,private,GROUND_MEAT_OR_CASING,high,7,1,3,2,1,1,1,1,1,1,1,1,1,1,1,0,0,0,1,1,,,TYPE_PASS_READY_FOR_SOURCE_DOSSIER,PASS,,THERMAL_PROCESSED,RECLASSIFY,"THERMAL_TITLE:krvavica,slatur",PASS,,D_NONPUBLIC_REVIEW_READY
2532,Svið (Dimljena janjeća glava),https://drycured.com/?post_type=dry_recipe&p=2532,draft,NEEDS_CLASSIFICATION,none,1,0,0,0,0,0,0,0,0,0,0,1,1,1,0,0,0,0,0,0,,,NEEDS_CLASSIFICATION,FAIL,NEEDS_CLASSIFICATION;PHASE_MISSING_TIME_OR_PARAMS,NEEDS_CLASSIFICATION,KEEP,,FAIL,NEEDS_CLASSIFICATION;PHASE_MISSING_TIME_OR_PARAMS,C_NONPUBLIC_BLOCKED
2533,Bjúgu (Islandska dimljena kobasica),https://drycured.com/recepti-baza/bjugu-islandska-dimljena-kobasica/,publish,GROUND_MEAT_OR_CASING,high,8,1,2,2,1,1,1,1,1,1,1,1,1,1,1,0,0,1,1,1,200,,TYPE_PASS_PUBLIC_TEXT_BLOCKED,FAIL,PUBLIC_OR_META_INTERNAL_TEXT_HIT,GROUND_MEAT_OR_CASING,KEEP,,FAIL,PUBLIC_OR_META_INTERNAL_TEXT_HIT,A_PUBLIC_BLOCKED
2534,Torfær​ður Lambahryggur (Zakopana janjeća leđa),https://drycured.com/?post_type=dry_recipe&p=2534,draft,NEEDS_CLASSIFICATION,none,1,0,1,0,0,0,0,0,1,0,0,0,1,1,0,0,0,0,0,0,,,NEEDS_CLASSIFICATION,FAIL,NEEDS_CLASSIFICATION;PHASE_MISSING_TIME_OR_PARAMS,NEEDS_CLASSIFICATION,KEEP,,FAIL,NEEDS_CLASSIFICATION;PHASE_MISSING_TIME_OR_PARAMS,C_NONPUBLIC_BLOCKED
2535,Selshreifar (Sušeni tuljanovi peraji),https://drycured.com/?post_type=dry_recipe&p=2535,pending,NEEDS_CLASSIFICATION,none,1,0,0,0,0,0,0,0,0,0,0,0,1,1,0,0,0,0,0,0,,,NEEDS_CLASSIFICATION,FAIL,NEEDS_CLASSIFICATION;PHASE_MISSING_TIME_OR_PARAMS,NEEDS_CLASSIFICATION,KEEP,,FAIL,NEEDS_CLASSIFICATION;PHASE_MISSING_TIME_OR_PARAMS,C_NONPUBLIC_BLOCKED
2536,Hákarlasullur (Fermentirani trbuh grenlandskog morskog psa),https://drycured.com/?post_type=dry_recipe&p=2536,pending,NEEDS_CLASSIFICATION,none,1,0,0,1,0,0,0,0,0,0,0,0,0,1,0,0,0,0,0,0,,,NEEDS_CLASSIFICATION,FAIL,NEEDS_CLASSIFICATION;PHASE_MISSING_TIME_OR_PARAMS,NEEDS_CLASSIFICATION,KEEP,,FAIL,NEEDS_CLASSIFICATION;PHASE_MISSING_TIME_OR_PARAMS,C_NONPUBLIC_BLOCKED
2537,Gellur (Sušeni riblji jezici),https://drycured.com/?post_type=dry_recipe&p=2537,pending,FISH_OR_SEAFOOD,medium,1,0,0,3,0,0,0,0,0,0,0,1,1,1,0,0,0,0,0,0,,,TYPE_PASS_MISSING_FIELDS,FAIL,FISH_MISSING_COLD_CHAIN;FISH_MISSING_SALTING_OR_BRINE;PHASE_MISSING_TIME_OR_PARAMS,FISH_OR_SEAFOOD,KEEP,FISH_TITLE:riblji,FAIL,FISH_MISSING_COLD_CHAIN;FISH_MISSING_SALTING_OR_BRINE;PHASE_MISSING_TIME_OR_PARAMS,C_NONPUBLIC_BLOCKED
2538,Súrsaðir Hrútspungar Með Lyngi (Fermentirani ovnovski testisi s vrijeskom),https://drycured.com/?post_type=dry_recipe&p=2538,pending,NEEDS_CLASSIFICATION,none,1,0,0,0,0,0,0,0,0,0,0,0,1,1,0,0,0,0,1,0,,,NEEDS_CLASSIFICATION,FAIL,NEEDS_CLASSIFICATION;PHASE_MISSING_TIME_OR_PARAMS;PROBLEM_WITHOUT_SOLUTION_SIGNAL,NEEDS_CLASSIFICATION,KEEP,,FAIL,NEEDS_CLASSIFICATION;PHASE_MISSING_TIME_OR_PARAMS;PROBLEM_WITHOUT_SOLUTION_SIGNAL,C_NONPUBLIC_BLOCKED
2539,Sviðasulta (Želatinizirano janjeće meso s glave),https://drycured.com/?post_type=dry_recipe&p=2539,draft,NEEDS_CLASSIFICATION,none,1,0,1,0,0,0,0,0,1,0,0,1,0,1,0,0,0,0,0,0,,,NEEDS_CLASSIFICATION,FAIL,NEEDS_CLASSIFICATION;PHASE_MISSING_TIME_OR_PARAMS,NEEDS_CLASSIFICATION,KEEP,,FAIL,NEEDS_CLASSIFICATION;PHASE_MISSING_TIME_OR_PARAMS,C_NONPUBLIC_BLOCKED
2540,Hrútspungar (Prešana janjeća muda),https://drycured.com/recepti-baza/hrutspungar-presana-janjeca-muda/,publish,GROUND_MEAT_OR_CASING,high,6,1,1,2,1,1,1,1,1,1,1,1,1,1,1,0,0,1,1,1,200,,TYPE_PASS_PUBLIC_TEXT_BLOCKED,FAIL,PUBLIC_OR_META_INTERNAL_TEXT_HIT,GROUND_MEAT_OR_CASING,KEEP,,FAIL,PUBLIC_OR_META_INTERNAL_TEXT_HIT,A_PUBLIC_BLOCKED
2541,Harðfiskur (Sušeni oslić),https://drycured.com/?post_type=dry_recipe&p=2541,pending,FISH_OR_SEAFOOD,medium,0,0,0,3,0,0,0,0,0,0,1,1,1,1,0,0,0,0,0,0,,,TYPE_PASS_MISSING_FIELDS,FAIL,FISH_MISSING_SALTING_OR_BRINE;PHASE_MISSING_TIME_OR_PARAMS,FISH_OR_SEAFOOD,KEEP,FISH_TITLE:oslic,FAIL,FISH_MISSING_SALTING_OR_BRINE;PHASE_MISSING_TIME_OR_PARAMS,C_NONPUBLIC_BLOCKED
2542,Kæstur Hákarl (Fermentirano meso grenlandskog morskog psa),https://drycured.com/?post_type=dry_recipe&p=2542,pending,NEEDS_CLASSIFICATION,none,0,0,0,1,0,0,0,0,0,0,0,0,1,1,0,0,0,0,0,0,,,NEEDS_CLASSIFICATION,FAIL,NEEDS_CLASSIFICATION;PHASE_MISSING_TIME_OR_PARAMS,NEEDS_CLASSIFICATION,KEEP,,FAIL,NEEDS_CLASSIFICATION;PHASE_MISSING_TIME_OR_PARAMS,C_NONPUBLIC_BLOCKED
2543,Lundabaggar (Dimljena prskalina od janjetine),https://drycured.com/recepti-baza/lundabaggar-dimljena-prskalina-od-janjetine/,publish,GROUND_MEAT_OR_CASING,high,6,1,0,2,1,1,1,1,0,1,1,1,1,1,1,0,0,1,1,1,200,,TYPE_PASS_PUBLIC_TEXT_BLOCKED,FAIL,PUBLIC_OR_META_INTERNAL_TEXT_HIT,GROUND_MEAT_OR_CASING,KEEP,,FAIL,PUBLIC_OR_META_INTERNAL_TEXT_HIT,A_PUBLIC_BLOCKED
2544,Moldavska Cârnaţi de Oaie (Kobasica od Ovčetine),https://drycured.com/recepti-baza/moldavska-carnati-de-oaie-kobasica-od-ovcetine/,publish,GROUND_MEAT_OR_CASING,high,8,3,1,0,1,1,1,1,1,1,1,1,1,1,1,1,0,1,1,1,200,,TYPE_PASS_PUBLIC_TEXT_BLOCKED,FAIL,NITRITE_WITHOUT_SAFETY_NOTE;PUBLIC_OR_META_INTERNAL_TEXT_HIT,GROUND_MEAT_OR_CASING,KEEP,,FAIL,NITRITE_WITHOUT_SAFETY_NOTE;PUBLIC_OR_META_INTERNAL_TEXT_HIT,A_PUBLIC_BLOCKED
2545,Estonska Suitsusink (Dimljena Šunka),https://drycured.com/recepti-baza/estonska-suitsusink-dimljena-sunka/,publish,WHOLE_CUT,high,5,8,0,2,0,1,1,1,0,1,1,1,1,1,1,0,0,1,1,1,200,,TYPE_PASS_PUBLIC_TEXT_BLOCKED,FAIL,PUBLIC_OR_META_INTERNAL_TEXT_HIT,WHOLE_CUT,KEEP,"WHOLE_CUT_TITLE:sunka,dimljena sunka",FAIL,PUBLIC_OR_META_INTERNAL_TEXT_HIT,A_PUBLIC_BLOCKED
2546,Sudžuk (Sudžuk Kosovar),https://drycured.com/recepti-baza/sudzuk-sudzuk-kosovar/,publish,GROUND_MEAT_OR_CASING,high,11,2,1,0,1,1,1,1,1,1,1,1,1,1,1,0,0,1,1,1,200,,TYPE_PASS_PUBLIC_TEXT_BLOCKED,FAIL,PUBLIC_OR_META_INTERNAL_TEXT_HIT,GROUND_MEAT_OR_CASING,KEEP,,FAIL,PUBLIC_OR_META_INTERNAL_TEXT_HIT,A_PUBLIC_BLOCKED
2547,Pršuta e Kosovës (Kosovska pršuta),https://drycured.com/?post_type=dry_recipe&p=2547,draft,WHOLE_CUT,low,1,2,0,0,0,0,0,0,0,0,0,0,1,1,0,0,0,0,0,0,,,TYPE_CONFLICT_NEEDS_REVIEW,FAIL,WHOLE_CUT_MISSING_CURE_OR_BRINE;PHASE_MISSING_TIME_OR_PARAMS,WHOLE_CUT,KEEP,WHOLE_CUT_TITLE:prsut,FAIL,WHOLE_CUT_MISSING_CURE_OR_BRINE;PHASE_MISSING_TIME_OR_PARAMS,C_NONPUBLIC_BLOCKED
2548,Llokum Kosove (Kosovski delikates),https://drycured.com/?post_type=dry_recipe&p=2548,draft,GROUND_MEAT_OR_CASING,medium,3,2,0,0,0,0,1,1,0,0,0,0,1,1,0,0,0,0,0,0,,,TYPE_PASS_MISSING_FIELDS,FAIL,GROUND_MISSING_GRANULATION;GROUND_MISSING_FAT_HANDLING;PHASE_MISSING_TIME_OR_PARAMS,GROUND_MEAT_OR_CASING,KEEP,,FAIL,GROUND_MISSING_GRANULATION;GROUND_MISSING_FAT_HANDLING;PHASE_MISSING_TIME_OR_PARAMS,C_NONPUBLIC_BLOCKED
2549,Suxhuk me Spec (Sudžuk s paprikom),https://drycured.com/recepti-baza/suxhuk-me-spec-sudzuk-s-paprikom/,publish,GROUND_MEAT_OR_CASING,high,11,2,1,0,1,1,1,1,1,1,1,1,1,1,1,0,0,1,1,1,200,,TYPE_PASS_PUBLIC_TEXT_BLOCKED,FAIL,PUBLIC_OR_META_INTERNAL_TEXT_HIT,GROUND_MEAT_OR_CASING,KEEP,,FAIL,PUBLIC_OR_META_INTERNAL_TEXT_HIT,A_PUBLIC_BLOCKED
2550,Privatno: Gospićki Vjetromet (Specifični mesni naresak),https://drycured.com/?post_type=dry_recipe&p=2550,private,GROUND_MEAT_OR_CASING,high,7,2,5,0,1,0,1,1,1,0,1,1,1,1,1,0,0,0,1,1,,,TYPE_PASS_MISSING_FIELDS,FAIL,GROUND_MISSING_FAT_HANDLING,GROUND_MEAT_OR_CASING,KEEP,,FAIL,GROUND_MISSING_FAT_HANDLING,C_NONPUBLIC_BLOCKED
2551,Privatno: Senj Začinski Vrat (Specifični nasoljavani vrat),https://drycured.com/?post_type=dry_recipe&p=2551,private,GROUND_MEAT_OR_CASING,high,7,2,5,2,1,0,1,1,1,0,1,1,1,1,1,0,0,0,1,1,,,TYPE_PASS_MISSING_FIELDS,FAIL,GROUND_MISSING_FAT_HANDLING,WHOLE_CUT,RECLASSIFY,CALIBRATION_ACCEPTED:TITLE_WHOLE_CUT_SIGNAL:vrat,FAIL,GROUND_MISSING_FAT_HANDLING,C_NONPUBLIC_BLOCKED
2552,Otočac Začinski Vrat s Planine (Mountainski naresak),https://drycured.com/recepti-baza/otocac-zacinski-vrat-s-planine-mountainski-naresak/,publish,GROUND_MEAT_OR_CASING,high,6,5,0,0,1,1,1,1,0,1,1,1,1,1,1,0,0,0,1,1,200,,TYPE_PASS_READY_FOR_SOURCE_DOSSIER,PASS,,WHOLE_CUT,RECLASSIFY,CALIBRATION_ACCEPTED:TITLE_WHOLE_CUT_SIGNAL:vrat,PASS,,B_PUBLIC_REVIEW_READY
2553,Skilandis (litavska dimljena kobasica),https://drycured.com/recepti-baza/skilandis-litavska-dimljena-kobasica/,publish,GROUND_MEAT_OR_CASING,high,9,1,1,0,1,1,1,1,1,1,1,1,1,1,1,1,0,1,1,1,200,,TYPE_PASS_PUBLIC_TEXT_BLOCKED,FAIL,NITRITE_WITHOUT_SAFETY_NOTE;PUBLIC_OR_META_INTERNAL_TEXT_HIT,GROUND_MEAT_OR_CASING,KEEP,,FAIL,NITRITE_WITHOUT_SAFETY_NOTE;PUBLIC_OR_META_INTERNAL_TEXT_HIT,A_PUBLIC_BLOCKED
2554,Kindziukas (litavska dimljena šunka),https://drycured.com/recepti-baza/kindziukas-litavska-dimljena-sunka/,publish,WHOLE_CUT,high,5,8,0,0,0,1,1,1,0,1,1,1,1,1,1,1,0,1,1,1,200,,TYPE_PASS_PUBLIC_TEXT_BLOCKED,FAIL,NITRITE_WITHOUT_SAFETY_NOTE;PUBLIC_OR_META_INTERNAL_TEXT_HIT,WHOLE_CUT,KEEP,"WHOLE_CUT_TITLE:sunka,dimljena sunka",FAIL,NITRITE_WITHOUT_SAFETY_NOTE;PUBLIC_OR_META_INTERNAL_TEXT_HIT,A_PUBLIC_BLOCKED
2555,Lašiniai (litavska slanina),https://drycured.com/recepti-baza/lasiniai-litavska-slanina/,publish,WHOLE_CUT,high,5,7,0,0,0,1,1,1,0,1,1,1,1,1,1,1,0,1,1,1,200,,TYPE_PASS_PUBLIC_TEXT_BLOCKED,FAIL,NITRITE_WITHOUT_SAFETY_NOTE;PUBLIC_OR_META_INTERNAL_TEXT_HIT,WHOLE_CUT,KEEP,WHOLE_CUT_TITLE:slanina,FAIL,NITRITE_WITHOUT_SAFETY_NOTE;PUBLIC_OR_META_INTERNAL_TEXT_HIT,A_PUBLIC_BLOCKED
2556,Vytinta dešra (litavska suha kobasica),https://drycured.com/recepti-baza/vytinta-desra-litavska-suha-kobasica/,publish,GROUND_MEAT_OR_CASING,high,10,1,1,0,1,1,1,1,1,1,1,1,1,1,1,1,0,1,1,1,200,,TYPE_PASS_PUBLIC_TEXT_BLOCKED,FAIL,NITRITE_WITHOUT_SAFETY_NOTE;PUBLIC_OR_META_INTERNAL_TEXT_HIT,GROUND_MEAT_OR_CASING,KEEP,,FAIL,NITRITE_WITHOUT_SAFETY_NOTE;PUBLIC_OR_META_INTERNAL_TEXT_HIT,A_PUBLIC_BLOCKED
2557,Rūkyti lašišos (dimljen losos na litavski način),https://drycured.com/recepti-baza/rukyti-lasisos-dimljen-losos-na-litavski-nacin/,publish,GROUND_MEAT_OR_CASING,high,7,2,1,4,1,1,1,1,1,1,1,1,1,1,1,0,0,1,1,1,200,,TYPE_PASS_PUBLIC_TEXT_BLOCKED,FAIL,PUBLIC_OR_META_INTERNAL_TEXT_HIT,FISH_OR_SEAFOOD,RECLASSIFY,"FISH_TITLE:losos,lasisos",FAIL,PUBLIC_OR_META_INTERNAL_TEXT_HIT,A_PUBLIC_BLOCKED
2558,Pounje Planinski Vrtlog,https://drycured.com/recepti-baza/pounje-planinski-vrtlog/,publish,GROUND_MEAT_OR_CASING,high,7,2,0,0,1,1,1,1,0,1,1,1,1,1,1,0,0,1,1,1,200,,TYPE_PASS_PUBLIC_TEXT_BLOCKED,FAIL,PUBLIC_OR_META_INTERNAL_TEXT_HIT,GROUND_MEAT_OR_CASING,KEEP,,FAIL,PUBLIC_OR_META_INTERNAL_TEXT_HIT,A_PUBLIC_BLOCKED
2559,Privatno: Gackanski Vjetrenjak,https://drycured.com/?post_type=dry_recipe&p=2559,private,GROUND_MEAT_OR_CASING,high,7,1,4,0,1,0,1,1,1,0,1,1,1,1,1,0,0,0,1,1,,,TYPE_PASS_MISSING_FIELDS,FAIL,GROUND_MISSING_FAT_HANDLING,GROUND_MEAT_OR_CASING,KEEP,,FAIL,GROUND_MISSING_FAT_HANDLING,C_NONPUBLIC_BLOCKED
2560,Drežnički Šušanj,https://drycured.com/recepti-baza/dreznicki-susanj/,publish,GROUND_MEAT_OR_CASING,high,7,2,0,0,1,1,1,1,0,1,1,1,1,1,1,0,0,1,1,1,200,,TYPE_PASS_PUBLIC_TEXT_BLOCKED,FAIL,PUBLIC_OR_META_INTERNAL_TEXT_HIT,GROUND_MEAT_OR_CASING,KEEP,,FAIL,PUBLIC_OR_META_INTERNAL_TEXT_HIT,A_PUBLIC_BLOCKED
2561,Gospićki Vjetar,https://drycured.com/recepti-baza/gospicki-vjetar/,publish,GROUND_MEAT_OR_CASING,high,7,2,0,2,1,1,1,1,0,1,1,1,1,1,1,0,0,1,1,1,200,,TYPE_PASS_PUBLIC_TEXT_BLOCKED,FAIL,PUBLIC_OR_META_INTERNAL_TEXT_HIT,GROUND_MEAT_OR_CASING,KEEP,,FAIL,PUBLIC_OR_META_INTERNAL_TEXT_HIT,A_PUBLIC_BLOCKED
2562,Lički Planinarski Navršak,https://drycured.com/?post_type=dry_recipe&p=2562,pending,NEEDS_CLASSIFICATION,none,1,0,0,0,0,0,0,0,0,0,0,1,1,1,0,0,0,0,0,0,,,NEEDS_CLASSIFICATION,FAIL,NEEDS_CLASSIFICATION;PHASE_MISSING_TIME_OR_PARAMS,NEEDS_CLASSIFICATION,KEEP,,FAIL,NEEDS_CLASSIFICATION;PHASE_MISSING_TIME_OR_PARAMS,C_NONPUBLIC_BLOCKED
2563,Maltežanska kobasica (Zalzett Malti),https://drycured.com/recepti-baza/maltezanska-kobasica-zalzett-malti/,publish,GROUND_MEAT_OR_CASING,high,8,2,1,2,1,1,1,1,1,1,1,1,1,1,1,0,0,1,1,1,200,,TYPE_PASS_PUBLIC_TEXT_BLOCKED,FAIL,PUBLIC_OR_META_INTERNAL_TEXT_HIT,GROUND_MEAT_OR_CASING,KEEP,,FAIL,PUBLIC_OR_META_INTERNAL_TEXT_HIT,A_PUBLIC_BLOCKED
2564,Maltežanski pršut (Prosciutto Malti),https://drycured.com/recepti-baza/maltezanski-prsut-prosciutto-malti/,publish,WHOLE_CUT,high,5,8,0,2,0,1,1,1,0,1,1,1,1,1,1,0,0,1,1,1,200,,TYPE_PASS_PUBLIC_TEXT_BLOCKED,FAIL,PUBLIC_OR_META_INTERNAL_TEXT_HIT,WHOLE_CUT,KEEP,"WHOLE_CUT_TITLE:prosciutto,prsut",FAIL,PUBLIC_OR_META_INTERNAL_TEXT_HIT,A_PUBLIC_BLOCKED
2565,Maltežanska suha govedina (Carne Secca Maltija),https://drycured.com/recepti-baza/maltezanska-suha-govedina-carne-secca-maltija/,publish,NEEDS_CLASSIFICATION,low,5,5,0,1,0,1,1,1,0,1,1,1,1,1,1,0,0,1,1,1,200,,NEEDS_CLASSIFICATION,FAIL,NEEDS_CLASSIFICATION;PUBLIC_OR_META_INTERNAL_TEXT_HIT,NEEDS_CLASSIFICATION,KEEP,,FAIL,NEEDS_CLASSIFICATION;PUBLIC_OR_META_INTERNAL_TEXT_HIT,A_PUBLIC_BLOCKED
2566,Maltežanski sušeni ovčji sir (Ġbejna Mnixxfa),https://drycured.com/?post_type=dry_recipe&p=2566,pending,NEEDS_CLASSIFICATION,none,0,0,0,0,0,0,0,0,0,0,1,0,1,1,0,0,0,0,0,0,,,NEEDS_CLASSIFICATION,FAIL,NEEDS_CLASSIFICATION;PHASE_MISSING_TIME_OR_PARAMS,NEEDS_CLASSIFICATION,KEEP,,FAIL,NEEDS_CLASSIFICATION;PHASE_MISSING_TIME_OR_PARAMS,C_NONPUBLIC_BLOCKED
2567,Mađarska Kobasica (Kolbász),https://drycured.com/?post_type=dry_recipe&p=2567,draft,GROUND_MEAT_OR_CASING,medium,3,1,0,0,1,0,1,0,0,1,1,1,1,1,1,0,0,0,0,0,,,TYPE_PASS_MISSING_FIELDS,FAIL,GROUND_MISSING_FAT_HANDLING,GROUND_MEAT_OR_CASING,KEEP,,FAIL,GROUND_MISSING_FAT_HANDLING,C_NONPUBLIC_BLOCKED
2568,Mađarska Dimljena Šunka (Füstölt Sonka),https://drycured.com/?post_type=dry_recipe&p=2568,draft,WHOLE_CUT,medium,1,4,0,0,0,0,0,1,0,1,1,1,1,1,1,1,0,0,0,0,,,TYPE_PASS_MISSING_FIELDS,FAIL,NITRITE_WITHOUT_SAFETY_NOTE,WHOLE_CUT,KEEP,"WHOLE_CUT_TITLE:sunka,dimljena sunka",FAIL,NITRITE_WITHOUT_SAFETY_NOTE,C_NONPUBLIC_BLOCKED
2569,Mađarski Dimljeni Jezik (Füstölt Nyelv),https://drycured.com/?post_type=dry_recipe&p=2569,draft,NEEDS_CLASSIFICATION,low,2,2,2,0,0,0,0,1,1,1,1,1,1,1,1,1,0,0,0,0,,,NEEDS_CLASSIFICATION,FAIL,NEEDS_CLASSIFICATION;NITRITE_WITHOUT_SAFETY_NOTE,NEEDS_CLASSIFICATION,KEEP,,FAIL,NEEDS_CLASSIFICATION;NITRITE_WITHOUT_SAFETY_NOTE,C_NONPUBLIC_BLOCKED
2570,Privatno: Štruki od Svetog Martina &#8211; Specifična Vrste Kobasice,https://drycured.com/?post_type=dry_recipe&p=2570,private,GROUND_MEAT_OR_CASING,high,7,2,5,0,1,0,1,1,1,1,1,1,1,1,1,0,0,0,1,1,,,TYPE_PASS_MISSING_FIELDS,FAIL,GROUND_MISSING_FAT_HANDLING,GROUND_MEAT_OR_CASING,KEEP,,FAIL,GROUND_MISSING_FAT_HANDLING,C_NONPUBLIC_BLOCKED
2571,Zaprešićki Vrganjevi Narezak,https://drycured.com/recepti-baza/zapresicki-vrganjevi-narezak/,publish,GROUND_MEAT_OR_CASING,high,6,1,0,2,1,1,1,1,0,1,1,1,1,1,1,0,0,1,1,1,200,,TYPE_PASS_PUBLIC_TEXT_BLOCKED,FAIL,PUBLIC_OR_META_INTERNAL_TEXT_HIT,GROUND_MEAT_OR_CASING,KEEP,,FAIL,PUBLIC_OR_META_INTERNAL_TEXT_HIT,A_PUBLIC_BLOCKED
2572,Medžimurski Divljač Narezak,https://drycured.com/recepti-baza/medzimurski-divljac-narezak/,publish,GROUND_MEAT_OR_CASING,high,6,1,0,0,1,1,1,1,0,1,1,1,1,1,1,0,0,1,1,1,200,,TYPE_PASS_PUBLIC_TEXT_BLOCKED,FAIL,PUBLIC_OR_META_INTERNAL_TEXT_HIT,GROUND_MEAT_OR_CASING,KEEP,,FAIL,PUBLIC_OR_META_INTERNAL_TEXT_HIT,A_PUBLIC_BLOCKED
2573,Gornjomurečki Začinski Narezak,https://drycured.com/recepti-baza/gornjomurecki-zacinski-narezak/,publish,GROUND_MEAT_OR_CASING,high,6,1,0,0,1,1,1,1,0,1,1,1,1,1,1,0,0,1,1,1,200,,TYPE_PASS_PUBLIC_TEXT_BLOCKED,FAIL,PUBLIC_OR_META_INTERNAL_TEXT_HIT,GROUND_MEAT_OR_CASING,KEEP,,FAIL,PUBLIC_OR_META_INTERNAL_TEXT_HIT,A_PUBLIC_BLOCKED
2574,ȘUNCĂ AFUMATĂ (DIMLJENA ŠUNKA),https://drycured.com/recepti-baza/sunca-afumata-dimljena-sunka/,publish,WHOLE_CUT,high,5,8,0,2,0,1,1,1,0,1,1,1,1,1,1,1,0,1,1,1,200,,TYPE_PASS_PUBLIC_TEXT_BLOCKED,FAIL,NITRITE_WITHOUT_SAFETY_NOTE;PUBLIC_OR_META_INTERNAL_TEXT_HIT,WHOLE_CUT,KEEP,"WHOLE_CUT_TITLE:sunka,dimljena sunka",FAIL,NITRITE_WITHOUT_SAFETY_NOTE;PUBLIC_OR_META_INTERNAL_TEXT_HIT,A_PUBLIC_BLOCKED
2575,PASTRAMĂ DE OAIE (OVČJA PASTRAMA),https://drycured.com/recepti-baza/pastrama-de-oaie-ovcja-pastrama/,publish,GROUND_MEAT_OR_CASING,high,7,3,0,2,1,1,1,1,0,1,1,1,1,1,1,0,0,1,1,1,200,,TYPE_PASS_PUBLIC_TEXT_BLOCKED,FAIL,PUBLIC_OR_META_INTERNAL_TEXT_HIT,GROUND_MEAT_OR_CASING,KEEP,,FAIL,PUBLIC_OR_META_INTERNAL_TEXT_HIT,A_PUBLIC_BLOCKED
2576,CÂRNAȚ AFUMAT (DIMLJENE KOBASICE),https://drycured.com/recepti-baza/carnat-afumat-dimljene-kobasice/,publish,GROUND_MEAT_OR_CASING,high,9,1,2,2,1,1,1,1,1,1,1,1,1,1,1,0,0,1,1,1,200,,TYPE_PASS_PUBLIC_TEXT_BLOCKED,FAIL,PUBLIC_OR_META_INTERNAL_TEXT_HIT,GROUND_MEAT_OR_CASING,KEEP,,FAIL,PUBLIC_OR_META_INTERNAL_TEXT_HIT,A_PUBLIC_BLOCKED
2577,Droge Worst (Suha kobasica),https://drycured.com/recepti-baza/droge-worst-suha-kobasica/,publish,GROUND_MEAT_OR_CASING,high,8,1,1,0,1,1,1,1,1,1,1,1,1,1,1,1,0,1,1,1,200,,TYPE_PASS_PUBLIC_TEXT_BLOCKED,FAIL,NITRITE_WITHOUT_SAFETY_NOTE;PUBLIC_OR_META_INTERNAL_TEXT_HIT,GROUND_MEAT_OR_CASING,KEEP,,FAIL,NITRITE_WITHOUT_SAFETY_NOTE;PUBLIC_OR_META_INTERNAL_TEXT_HIT,A_PUBLIC_BLOCKED
2578,Privatno: Leverworst (Jetrena pašteta),https://drycured.com/?post_type=dry_recipe&p=2578,private,GROUND_MEAT_OR_CASING,high,7,2,4,0,1,1,1,1,1,1,1,1,1,1,1,1,0,0,1,1,,,TYPE_PASS_MISSING_FIELDS,FAIL,NITRITE_WITHOUT_SAFETY_NOTE,THERMAL_PROCESSED,RECLASSIFY,"THERMAL_TITLE:leverworst,pasteta",FAIL,NITRITE_WITHOUT_SAFETY_NOTE,C_NONPUBLIC_BLOCKED
2579,Spekdikken (Slanina s medom),https://drycured.com/recepti-baza/spekdikken-slanina-s-medom/,publish,WHOLE_CUT,high,5,7,0,0,0,1,1,1,0,1,1,1,1,1,1,1,0,1,1,1,200,,TYPE_PASS_PUBLIC_TEXT_BLOCKED,FAIL,NITRITE_WITHOUT_SAFETY_NOTE;PUBLIC_OR_META_INTERNAL_TEXT_HIT,WHOLE_CUT,KEEP,WHOLE_CUT_TITLE:slanina,FAIL,NITRITE_WITHOUT_SAFETY_NOTE;PUBLIC_OR_META_INTERNAL_TEXT_HIT,A_PUBLIC_BLOCKED
2580,Ossenworst (Goveđa sirova kobasica),https://drycured.com/?post_type=dry_recipe&p=2580,draft,GROUND_MEAT_OR_CASING,medium,4,0,0,0,1,0,1,0,0,1,1,0,1,1,1,1,0,0,0,0,,,TYPE_PASS_MISSING_FIELDS,FAIL,GROUND_MISSING_FAT_HANDLING;NITRITE_WITHOUT_SAFETY_NOTE,GROUND_MEAT_OR_CASING,KEEP,,FAIL,GROUND_MISSING_FAT_HANDLING;NITRITE_WITHOUT_SAFETY_NOTE,C_NONPUBLIC_BLOCKED
2581,MOSTBRÖCKLI (ALPSKA SUŠENA GOVEDINA),https://drycured.com/?post_type=dry_recipe&p=2581,pending,NEEDS_CLASSIFICATION,none,0,0,0,0,0,0,0,0,0,0,0,1,1,1,0,0,0,0,0,0,,,NEEDS_CLASSIFICATION,FAIL,NEEDS_CLASSIFICATION;PHASE_MISSING_TIME_OR_PARAMS,NEEDS_CLASSIFICATION,KEEP,,FAIL,NEEDS_CLASSIFICATION;PHASE_MISSING_TIME_OR_PARAMS,C_NONPUBLIC_BLOCKED
2582,HOLSTEINER KATENSCHINKEN (HOLŠTAJNSKA DIMLJENA ŠUNKA),https://drycured.com/?post_type=dry_recipe&p=2582,pending,NEEDS_CLASSIFICATION,none,0,1,0,0,0,0,0,0,0,0,0,1,1,1,0,0,0,0,0,0,,,NEEDS_CLASSIFICATION,FAIL,NEEDS_CLASSIFICATION;PHASE_MISSING_TIME_OR_PARAMS,WHOLE_CUT,RECLASSIFY,"WHOLE_CUT_TITLE:schinken,sunka,dimljena sunka",FAIL,NEEDS_CLASSIFICATION;PHASE_MISSING_TIME_OR_PARAMS;WHOLE_CUT_MISSING_CURE_OR_BRINE,C_NONPUBLIC_BLOCKED
2583,WESTFÄLISCHER KNOCHENSCHINKEN (VESTFALSKA ŠUNKA S KOSTI),https://drycured.com/?post_type=dry_recipe&p=2583,pending,NEEDS_CLASSIFICATION,none,0,1,0,0,0,0,0,0,0,0,0,1,1,1,0,0,0,0,0,0,,,NEEDS_CLASSIFICATION,FAIL,NEEDS_CLASSIFICATION;PHASE_MISSING_TIME_OR_PARAMS,WHOLE_CUT,RECLASSIFY,"WHOLE_CUT_TITLE:schinken,sunka",FAIL,NEEDS_CLASSIFICATION;PHASE_MISSING_TIME_OR_PARAMS;WHOLE_CUT_MISSING_CURE_OR_BRINE,C_NONPUBLIC_BLOCKED
2584,Schwarzwaldska šunka s kiselim kupusom i krumpirom,https://drycured.com/?post_type=dry_recipe&p=2584,pending,WHOLE_CUT,low,1,2,1,0,0,0,0,0,1,0,1,0,0,1,0,0,0,0,1,0,,,TYPE_CONFLICT_NEEDS_REVIEW,FAIL,WHOLE_CUT_MISSING_CURE_OR_BRINE;PHASE_MISSING_TIME_OR_PARAMS;PROBLEM_WITHOUT_SOLUTION_SIGNAL,WHOLE_CUT,KEEP,WHOLE_CUT_TITLE:sunka,FAIL,WHOLE_CUT_MISSING_CURE_OR_BRINE;PHASE_MISSING_TIME_OR_PARAMS;PROBLEM_WITHOUT_SOLUTION_SIGNAL,C_NONPUBLIC_BLOCKED
2585,Leichter Karreeschinken s povrćem u eintopfu,https://drycured.com/?post_type=dry_recipe&p=2585,pending,NEEDS_CLASSIFICATION,none,0,1,1,0,0,0,0,0,1,0,0,0,1,1,0,0,0,0,0,0,,,NEEDS_CLASSIFICATION,FAIL,NEEDS_CLASSIFICATION;PHASE_MISSING_TIME_OR_PARAMS,WHOLE_CUT,RECLASSIFY,WHOLE_CUT_TITLE:schinken,FAIL,NEEDS_CLASSIFICATION;PHASE_MISSING_TIME_OR_PARAMS;WHOLE_CUT_MISSING_CURE_OR_BRINE,C_NONPUBLIC_BLOCKED
2586,Scharfe Edelrohwurst s povrćem na žaru,https://drycured.com/?post_type=dry_recipe&p=2586,pending,NEEDS_CLASSIFICATION,none,1,0,0,0,0,0,0,0,0,0,1,0,1,1,1,0,0,0,0,0,,,NEEDS_CLASSIFICATION,FAIL,NEEDS_CLASSIFICATION,NEEDS_CLASSIFICATION,KEEP,,FAIL,NEEDS_CLASSIFICATION,C_NONPUBLIC_BLOCKED
2587,VOSSAKORV (TRADICIONALNA DIMLJENA KOBASICA IZ VOSSA),https://drycured.com/recepti-baza/vossakorv-tradicionalna-dimljena-kobasica-iz-vossa/,publish,GROUND_MEAT_OR_CASING,high,8,1,1,2,1,1,1,1,1,1,1,1,1,1,1,0,0,1,1,1,200,,TYPE_PASS_PUBLIC_TEXT_BLOCKED,FAIL,PUBLIC_OR_META_INTERNAL_TEXT_HIT,GROUND_MEAT_OR_CASING,KEEP,,FAIL,PUBLIC_OR_META_INTERNAL_TEXT_HIT,A_PUBLIC_BLOCKED
2588,RAKFISK (FERMENTIRANI SLATKOVODNI LOSOS),https://drycured.com/?post_type=dry_recipe&p=2588,pending,FISH_OR_SEAFOOD,medium,1,1,0,3,0,0,0,0,0,0,0,0,1,1,1,0,0,0,0,0,,,TYPE_PASS_MISSING_FIELDS,FAIL,FISH_MISSING_COLD_CHAIN;FISH_MISSING_SALTING_OR_BRINE,FISH_OR_SEAFOOD,KEEP,FISH_TITLE:losos,FAIL,FISH_MISSING_COLD_CHAIN;FISH_MISSING_SALTING_OR_BRINE,C_NONPUBLIC_BLOCKED
2589,SPEKELÅR (SUŠENA I DIMLJENA JELEN/SRNETINA),https://drycured.com/recepti-baza/spekelar-susena-i-dimljena-jelen-srnetina/,publish,GROUND_MEAT_OR_CASING,high,7,2,0,2,1,1,1,1,0,1,1,1,1,1,1,0,0,1,1,1,200,,TYPE_PASS_PUBLIC_TEXT_BLOCKED,FAIL,PUBLIC_OR_META_INTERNAL_TEXT_HIT,GROUND_MEAT_OR_CASING,KEEP,,FAIL,PUBLIC_OR_META_INTERNAL_TEXT_HIT,A_PUBLIC_BLOCKED
2591,SMALAHOVE (SUŠENA OVČJA GLAVA),https://drycured.com/?post_type=dry_recipe&p=2591,pending,NEEDS_CLASSIFICATION,none,1,0,0,0,0,0,0,0,0,0,0,1,1,1,0,0,0,0,0,0,,,NEEDS_CLASSIFICATION,FAIL,NEEDS_CLASSIFICATION;PHASE_MISSING_TIME_OR_PARAMS,NEEDS_CLASSIFICATION,KEEP,,FAIL,NEEDS_CLASSIFICATION;PHASE_MISSING_TIME_OR_PARAMS,C_NONPUBLIC_BLOCKED
2592,FÅREPØLSE (TRADICIONALNA OVČJA KOBASICA),https://drycured.com/?post_type=dry_recipe&p=2592,draft,GROUND_MEAT_OR_CASING,medium,3,0,0,0,0,0,1,0,0,0,0,0,1,1,1,0,0,0,0,0,,,TYPE_PASS_MISSING_FIELDS,FAIL,GROUND_MISSING_GRANULATION;GROUND_MISSING_FAT_HANDLING,GROUND_MEAT_OR_CASING,KEEP,,FAIL,GROUND_MISSING_GRANULATION;GROUND_MISSING_FAT_HANDLING,C_NONPUBLIC_BLOCKED
2593,ELGKJØTT SPEKEMAT (SUHO MESO LOSA),https://drycured.com/?post_type=dry_recipe&p=2593,draft,NEEDS_CLASSIFICATION,none,1,1,0,0,0,0,0,0,0,0,0,1,1,1,1,0,0,0,0,0,,,NEEDS_CLASSIFICATION,FAIL,NEEDS_CLASSIFICATION,WHOLE_CUT,RECLASSIFY,WHOLE_CUT_TITLE:suho meso,FAIL,NEEDS_CLASSIFICATION;WHOLE_CUT_MISSING_CURE_OR_BRINE,C_NONPUBLIC_BLOCKED
2594,GRAVET LAKS (GRAVLAKS &#8211; MARINIRANI LOSOS),https://drycured.com/recepti-baza/gravet-laks-gravlaks-marinirani-losos/,publish,GROUND_MEAT_OR_CASING,high,6,1,0,4,1,1,1,1,0,1,1,1,1,1,1,0,0,1,1,1,200,,TYPE_PASS_PUBLIC_TEXT_BLOCKED,FAIL,PUBLIC_OR_META_INTERNAL_TEXT_HIT,FISH_OR_SEAFOOD,RECLASSIFY,"FISH_TITLE:losos,gravet laks",FAIL,PUBLIC_OR_META_INTERNAL_TEXT_HIT,A_PUBLIC_BLOCKED
2595,TJUKKMJØLKSPØLSE (FERMENTIRANA KOBASICA S MLIJEČNOM KULTUROM),https://drycured.com/?post_type=dry_recipe&p=2595,draft,GROUND_MEAT_OR_CASING,medium,3,0,0,0,0,0,1,0,0,0,0,0,1,1,1,0,0,0,0,0,,,TYPE_PASS_MISSING_FIELDS,FAIL,GROUND_MISSING_GRANULATION;GROUND_MISSING_FAT_HANDLING,GROUND_MEAT_OR_CASING,KEEP,,FAIL,GROUND_MISSING_GRANULATION;GROUND_MISSING_FAT_HANDLING,C_NONPUBLIC_BLOCKED
2596,REINSDYRHJERTE (SUŠENO SRCE SOBA),https://drycured.com/?post_type=dry_recipe&p=2596,pending,NEEDS_CLASSIFICATION,none,1,0,0,0,0,0,0,0,0,0,0,1,1,1,1,0,0,0,0,0,,,NEEDS_CLASSIFICATION,FAIL,NEEDS_CLASSIFICATION,NEEDS_CLASSIFICATION,KEEP,,FAIL,NEEDS_CLASSIFICATION,C_NONPUBLIC_BLOCKED
2597,FENALÅR (SUŠENI BUT JANJETA),https://drycured.com/recepti-baza/fenalar-suseni-but-janjeta/,publish,GROUND_MEAT_OR_CASING,high,7,3,0,2,1,1,1,1,0,1,1,1,1,1,1,0,0,1,1,1,200,,TYPE_PASS_PUBLIC_TEXT_BLOCKED,FAIL,PUBLIC_OR_META_INTERNAL_TEXT_HIT,WHOLE_CUT,RECLASSIFY,WHOLE_CUT_TITLE:suseni but,FAIL,PUBLIC_OR_META_INTERNAL_TEXT_HIT,A_PUBLIC_BLOCKED
2598,SPEKESKINKE (NORŠKA PRŠUTA),https://drycured.com/recepti-baza/spekeskinke-norska-prsuta/,publish,WHOLE_CUT,high,5,8,0,2,0,1,1,1,0,1,1,1,1,1,1,0,0,1,1,1,200,,TYPE_PASS_PUBLIC_TEXT_BLOCKED,FAIL,PUBLIC_OR_META_INTERNAL_TEXT_HIT,WHOLE_CUT,KEEP,WHOLE_CUT_TITLE:prsut,FAIL,PUBLIC_OR_META_INTERNAL_TEXT_HIT,A_PUBLIC_BLOCKED
2599,PINNEKJØTT (SUŠENA REBRA),https://drycured.com/?post_type=dry_recipe&p=2599,draft,NEEDS_CLASSIFICATION,none,1,1,0,0,0,0,0,0,0,0,0,1,1,1,0,0,0,0,0,0,,,NEEDS_CLASSIFICATION,FAIL,NEEDS_CLASSIFICATION;PHASE_MISSING_TIME_OR_PARAMS,WHOLE_CUT,RECLASSIFY,"WHOLE_CUT_TITLE:pinnekjott,susena rebra",FAIL,NEEDS_CLASSIFICATION;PHASE_MISSING_TIME_OR_PARAMS;WHOLE_CUT_MISSING_CURE_OR_BRINE,C_NONPUBLIC_BLOCKED
2600,MORR (NORVEŠKA KOBASICA),https://drycured.com/recepti-baza/morr-norveska-kobasica/,publish,GROUND_MEAT_OR_CASING,high,8,2,1,2,1,1,1,1,1,1,1,1,1,1,1,0,0,1,1,1,200,,TYPE_PASS_PUBLIC_TEXT_BLOCKED,FAIL,PUBLIC_OR_META_INTERNAL_TEXT_HIT,GROUND_MEAT_OR_CASING,KEEP,,FAIL,PUBLIC_OR_META_INTERNAL_TEXT_HIT,A_PUBLIC_BLOCKED
2601,RØKELAKS (DIMLJENI LOSOS),https://drycured.com/?post_type=dry_recipe&p=2601,draft,FISH_OR_SEAFOOD,medium,1,0,0,2,0,0,0,0,0,0,1,1,0,1,0,0,0,0,0,0,,,TYPE_PASS_MISSING_FIELDS,FAIL,FISH_MISSING_SALTING_OR_BRINE;PHASE_MISSING_TIME_OR_PARAMS,FISH_OR_SEAFOOD,KEEP,FISH_TITLE:losos,FAIL,FISH_MISSING_SALTING_OR_BRINE;PHASE_MISSING_TIME_OR_PARAMS,C_NONPUBLIC_BLOCKED
2602,Đakovački Specijalni Fermentirani Vrat,https://drycured.com/?post_type=dry_recipe&p=2602,draft,NEEDS_CLASSIFICATION,none,0,1,0,0,0,0,0,0,0,0,0,1,1,1,0,0,0,0,0,0,,,NEEDS_CLASSIFICATION,FAIL,NEEDS_CLASSIFICATION;PHASE_MISSING_TIME_OR_PARAMS,NEEDS_CLASSIFICATION,KEEP,,FAIL,NEEDS_CLASSIFICATION;PHASE_MISSING_TIME_OR_PARAMS,C_NONPUBLIC_BLOCKED
2603,Vinkovački Aromatični Začinski Špek,https://drycured.com/recepti-baza/vinkovacki-aromaticni-zacinski-spek/,publish,NEEDS_CLASSIFICATION,low,5,5,0,2,0,1,1,1,0,1,1,1,1,1,1,0,0,1,1,1,200,,NEEDS_CLASSIFICATION,FAIL,NEEDS_CLASSIFICATION;PUBLIC_OR_META_INTERNAL_TEXT_HIT,NEEDS_CLASSIFICATION,KEEP,,FAIL,NEEDS_CLASSIFICATION;PUBLIC_OR_META_INTERNAL_TEXT_HIT,A_PUBLIC_BLOCKED
2604,Osiječki Ljuti Začinski Vrat s Divljim Travkama,https://drycured.com/recepti-baza/osijecki-ljuti-zacinski-vrat-s-divljim-travkama/,publish,GROUND_MEAT_OR_CASING,high,6,5,0,0,1,1,1,1,0,1,1,1,1,1,1,0,0,0,1,1,200,,TYPE_PASS_READY_FOR_SOURCE_DOSSIER,PASS,,WHOLE_CUT,RECLASSIFY,CALIBRATION_ACCEPTED:TITLE_WHOLE_CUT_SIGNAL:vrat,PASS,,B_PUBLIC_REVIEW_READY
2605,Privatno: Podunavski Specijalni Fermentirani Špek,https://drycured.com/?post_type=dry_recipe&p=2605,private,GROUND_MEAT_OR_CASING,high,7,1,5,2,1,0,1,1,1,0,1,1,1,1,1,0,0,0,1,1,,,TYPE_PASS_MISSING_FIELDS,FAIL,GROUND_MISSING_FAT_HANDLING,GROUND_MEAT_OR_CASING,KEEP,,FAIL,GROUND_MISSING_FAT_HANDLING,C_NONPUBLIC_BLOCKED
2606,Požeški Aromatični Sušeni Vrat s Divljim Travkama,https://drycured.com/recepti-baza/pozeski-aromaticni-suseni-vrat-s-divljim-travkama/,publish,GROUND_MEAT_OR_CASING,high,6,5,0,0,1,1,1,1,0,1,1,1,1,1,1,0,0,0,1,1,200,,TYPE_PASS_READY_FOR_SOURCE_DOSSIER,PASS,,WHOLE_CUT,RECLASSIFY,WHOLE_CUT_TITLE:suseni vrat,PASS,,B_PUBLIC_REVIEW_READY
2607,Privatno: Çiğ Köfte (Fermentirana mesna smjesa za sirovo konzumiranje),https://drycured.com/?post_type=dry_recipe&p=2607,private,GROUND_MEAT_OR_CASING,high,7,5,0,0,0,1,1,1,0,1,1,1,1,1,1,0,0,0,1,1,,,TYPE_PASS_MISSING_FIELDS,FAIL,GROUND_MISSING_GRANULATION,GROUND_MEAT_OR_CASING,KEEP,,FAIL,GROUND_MISSING_GRANULATION,C_NONPUBLIC_BLOCKED
2608,Kuru Et (Suho meso sa smrekom),https://drycured.com/recepti-baza/kuru-et-suho-meso-sa-smrekom/,publish,GROUND_MEAT_OR_CASING,high,6,5,0,1,0,1,1,1,0,1,1,1,1,1,1,0,0,1,1,1,200,,TYPE_PASS_PUBLIC_TEXT_BLOCKED,FAIL,GROUND_MISSING_GRANULATION;PUBLIC_OR_META_INTERNAL_TEXT_HIT,WHOLE_CUT,RECLASSIFY,WHOLE_CUT_TITLE:suho meso,FAIL,GROUND_MISSING_GRANULATION;PUBLIC_OR_META_INTERNAL_TEXT_HIT,A_PUBLIC_BLOCKED
2609,Kuşbaşı Jerky (Turski goveđi jerky),https://drycured.com/?post_type=dry_recipe&p=2609,draft,GROUND_MEAT_OR_CASING,low,2,1,1,0,0,0,0,0,1,1,1,0,1,1,1,0,0,0,0,0,,,TYPE_CONFLICT_NEEDS_REVIEW,FAIL,GROUND_MISSING_GRANULATION;GROUND_MISSING_CASING;GROUND_MISSING_FAT_HANDLING,GROUND_MEAT_OR_CASING,KEEP,,FAIL,GROUND_MISSING_GRANULATION;GROUND_MISSING_CASING;GROUND_MISSING_FAT_HANDLING,C_NONPUBLIC_BLOCKED
2610,Tulum Peyniri Dolgulu Et (Meso punjeno sirom),https://drycured.com/recepti-baza/tulum-peyniri-dolgulu-et-meso-punjeno-sirom/,publish,NEEDS_CLASSIFICATION,low,5,5,0,1,0,1,1,1,0,1,1,1,1,1,1,0,0,1,1,1,200,,NEEDS_CLASSIFICATION,FAIL,NEEDS_CLASSIFICATION;PUBLIC_OR_META_INTERNAL_TEXT_HIT,NEEDS_CLASSIFICATION,KEEP,,FAIL,NEEDS_CLASSIFICATION;PUBLIC_OR_META_INTERNAL_TEXT_HIT,A_PUBLIC_BLOCKED
2611,Işkembe Dolması (Punjeni goveđi burag),https://drycured.com/?post_type=dry_recipe&p=2611,draft,GROUND_MEAT_OR_CASING,low,2,0,1,0,0,0,0,0,1,1,1,1,1,1,1,0,0,0,0,0,,,TYPE_CONFLICT_NEEDS_REVIEW,FAIL,GROUND_MISSING_GRANULATION;GROUND_MISSING_CASING;GROUND_MISSING_FAT_HANDLING,GROUND_MEAT_OR_CASING,KEEP,,FAIL,GROUND_MISSING_GRANULATION;GROUND_MISSING_CASING;GROUND_MISSING_FAT_HANDLING,C_NONPUBLIC_BLOCKED
2612,Varaždinski Š(p)ek,https://drycured.com/?post_type=dry_recipe&p=2612,draft,NEEDS_CLASSIFICATION,none,0,0,0,0,0,0,0,0,0,0,0,1,0,1,0,0,0,0,0,0,,,NEEDS_CLASSIFICATION,FAIL,NEEDS_CLASSIFICATION;PHASE_MISSING_TIME_OR_PARAMS,NEEDS_CLASSIFICATION,KEEP,,FAIL,NEEDS_CLASSIFICATION;PHASE_MISSING_TIME_OR_PARAMS,C_NONPUBLIC_BLOCKED
2613,Đurđevački Zelenjak,https://drycured.com/?post_type=dry_recipe&p=2613,draft,NEEDS_CLASSIFICATION,none,0,0,0,0,0,0,0,0,0,0,0,0,1,1,0,0,0,0,0,0,,,NEEDS_CLASSIFICATION,FAIL,NEEDS_CLASSIFICATION;PHASE_MISSING_TIME_OR_PARAMS,NEEDS_CLASSIFICATION,KEEP,,FAIL,NEEDS_CLASSIFICATION;PHASE_MISSING_TIME_OR_PARAMS,C_NONPUBLIC_BLOCKED
2614,Virovski Čvarci,https://drycured.com/recepti-baza/virovski-cvarci/,publish,GROUND_MEAT_OR_CASING,high,6,1,0,0,1,1,1,1,0,1,1,1,1,1,1,0,0,1,1,1,200,,TYPE_PASS_PUBLIC_TEXT_BLOCKED,FAIL,PUBLIC_OR_META_INTERNAL_TEXT_HIT,GROUND_MEAT_OR_CASING,KEEP,,FAIL,PUBLIC_OR_META_INTERNAL_TEXT_HIT,A_PUBLIC_BLOCKED
2615,Privatno: SALCESON OZORKOWY (POLJSKA TLAČENICA),https://drycured.com/?post_type=dry_recipe&p=2615,private,THERMAL_PROCESSED,high,5,1,7,0,0,0,1,1,1,1,1,0,1,1,1,0,0,0,1,1,,,TYPE_PASS_READY_FOR_SOURCE_DOSSIER,PASS,,THERMAL_PROCESSED,KEEP,THERMAL_TITLE:tlacenica,PASS,,D_NONPUBLIC_REVIEW_READY
2616,BALERON (POLJSKA DIMLJENA VRATINA),https://drycured.com/recepti-baza/baleron-poljska-dimljena-vratina/,publish,GROUND_MEAT_OR_CASING,high,7,6,0,0,1,1,1,1,0,1,1,1,1,1,1,1,0,1,1,1,200,,TYPE_PASS_PUBLIC_TEXT_BLOCKED,FAIL,NITRITE_WITHOUT_SAFETY_NOTE;PUBLIC_OR_META_INTERNAL_TEXT_HIT,WHOLE_CUT,RECLASSIFY,"WHOLE_CUT_TITLE:vratina,baleron",FAIL,NITRITE_WITHOUT_SAFETY_NOTE;PUBLIC_OR_META_INTERNAL_TEXT_HIT,A_PUBLIC_BLOCKED
2617,Privatno: PASZTETOWA (POLJSKA JETRENA PAŠTETA U CRIJEVU),https://drycured.com/?post_type=dry_recipe&p=2617,private,THERMAL_PROCESSED,high,7,2,6,0,1,0,1,1,1,1,1,1,1,1,1,0,0,0,1,1,,,TYPE_PASS_READY_FOR_SOURCE_DOSSIER,PASS,,THERMAL_PROCESSED,KEEP,THERMAL_TITLE:pasteta,PASS,,D_NONPUBLIC_REVIEW_READY
2618,KIEŁBASA WĘDZONA (DIMLJENA POLJSKA KOBASICA),https://drycured.com/?post_type=dry_recipe&p=2618,draft,GROUND_MEAT_OR_CASING,medium,4,0,1,0,0,0,1,0,0,1,1,1,0,1,1,0,0,0,0,1,,,TYPE_PASS_MISSING_FIELDS,FAIL,GROUND_MISSING_GRANULATION;GROUND_MISSING_FAT_HANDLING,GROUND_MEAT_OR_CASING,KEEP,,FAIL,GROUND_MISSING_GRANULATION;GROUND_MISSING_FAT_HANDLING,C_NONPUBLIC_BLOCKED
2619,Privatno: POLĘDWICA SOPOCKA (SUŠENA SVINJSKA PEČENICA),https://drycured.com/?post_type=dry_recipe&p=2619,private,GROUND_MEAT_OR_CASING,high,8,4,6,0,1,0,1,1,1,1,1,1,1,1,1,1,0,0,1,1,,,TYPE_PASS_MISSING_FIELDS,FAIL,GROUND_MISSING_FAT_HANDLING;NITRITE_WITHOUT_SAFETY_NOTE,WHOLE_CUT,RECLASSIFY,WHOLE_CUT_TITLE:pecenica_as_whole_cut_context,FAIL,GROUND_MISSING_FAT_HANDLING;NITRITE_WITHOUT_SAFETY_NOTE,C_NONPUBLIC_BLOCKED
2620,SZYNKA WĘDZONA (DIMLJENA ŠUNKA),https://drycured.com/recepti-baza/szynka-wedzona-dimljena-sunka/,publish,WHOLE_CUT,high,5,9,0,0,0,1,1,1,0,1,1,1,1,1,1,1,0,1,1,1,200,,TYPE_PASS_PUBLIC_TEXT_BLOCKED,FAIL,NITRITE_WITHOUT_SAFETY_NOTE;PUBLIC_OR_META_INTERNAL_TEXT_HIT,WHOLE_CUT,KEEP,"WHOLE_CUT_TITLE:sunka,dimljena sunka",FAIL,NITRITE_WITHOUT_SAFETY_NOTE;PUBLIC_OR_META_INTERNAL_TEXT_HIT,A_PUBLIC_BLOCKED
2621,BOCZEK WĘDZONY (DIMLJENA SLANINA),https://drycured.com/recepti-baza/boczek-wedzony-dimljena-slanina/,publish,WHOLE_CUT,high,5,9,0,0,0,1,1,1,0,1,1,1,1,1,1,1,0,1,1,1,200,,TYPE_PASS_PUBLIC_TEXT_BLOCKED,FAIL,NITRITE_WITHOUT_SAFETY_NOTE;PUBLIC_OR_META_INTERNAL_TEXT_HIT,WHOLE_CUT,KEEP,WHOLE_CUT_TITLE:slanina,FAIL,NITRITE_WITHOUT_SAFETY_NOTE;PUBLIC_OR_META_INTERNAL_TEXT_HIT,A_PUBLIC_BLOCKED
2622,Chouriço Tradicional Português (Tradicionalna portugalska kobasica),https://drycured.com/recepti-baza/chourico-tradicional-portugues-tradicionalna-portugalska-kobasica/,publish,GROUND_MEAT_OR_CASING,high,8,3,2,2,1,1,1,1,1,1,1,1,1,1,1,0,0,1,1,1,200,,TYPE_PASS_PUBLIC_TEXT_BLOCKED,FAIL,PUBLIC_OR_META_INTERNAL_TEXT_HIT,GROUND_MEAT_OR_CASING,KEEP,,FAIL,PUBLIC_OR_META_INTERNAL_TEXT_HIT,A_PUBLIC_BLOCKED
2623,Presunto Português (Portugalska pršuta),https://drycured.com/recepti-baza/presunto-portugues-portugalska-prsuta/,publish,WHOLE_CUT,high,5,8,0,2,0,1,1,1,0,1,1,1,1,1,1,0,0,1,1,1,200,,TYPE_PASS_PUBLIC_TEXT_BLOCKED,FAIL,PUBLIC_OR_META_INTERNAL_TEXT_HIT,WHOLE_CUT,KEEP,WHOLE_CUT_TITLE:prsut,FAIL,PUBLIC_OR_META_INTERNAL_TEXT_HIT,A_PUBLIC_BLOCKED
2624,Paio Alentejano (Alentejanska kobasica),https://drycured.com/recepti-baza/paio-alentejano-alentejanska-kobasica/,publish,GROUND_MEAT_OR_CASING,high,9,1,1,2,1,1,1,1,1,1,1,1,1,1,1,0,0,1,1,1,200,,TYPE_PASS_PUBLIC_TEXT_BLOCKED,FAIL,PUBLIC_OR_META_INTERNAL_TEXT_HIT,GROUND_MEAT_OR_CASING,KEEP,,FAIL,PUBLIC_OR_META_INTERNAL_TEXT_HIT,A_PUBLIC_BLOCKED
2625,Farinheira Alentejana (Kobasica s brašnom iz Alenteja),https://drycured.com/recepti-baza/farinheira-alentejana-kobasica-s-brasnom-iz-alenteja/,publish,GROUND_MEAT_OR_CASING,high,8,1,1,2,1,1,1,1,1,1,1,1,1,1,1,0,0,1,1,1,200,,TYPE_PASS_PUBLIC_TEXT_BLOCKED,FAIL,PUBLIC_OR_META_INTERNAL_TEXT_HIT,GROUND_MEAT_OR_CASING,KEEP,,FAIL,PUBLIC_OR_META_INTERNAL_TEXT_HIT,A_PUBLIC_BLOCKED
2626,Presunto de Porco Preto (Pršut od Crne Iberijske Svinje),https://drycured.com/?post_type=dry_recipe&p=2626,pending,WHOLE_CUT,low,1,2,0,0,0,0,0,1,0,1,0,0,1,1,1,0,0,0,0,0,,,TYPE_CONFLICT_NEEDS_REVIEW,PASS,,WHOLE_CUT,KEEP,WHOLE_CUT_TITLE:prsut,PASS,,D_NONPUBLIC_REVIEW_READY
2627,Chouriço de Vinho (Kobasica s Vinom),https://drycured.com/recepti-baza/chourico-de-vinho-kobasica-s-vinom/,publish,GROUND_MEAT_OR_CASING,high,9,1,1,2,1,1,1,1,1,1,1,1,1,1,1,0,0,1,1,1,200,,TYPE_PASS_PUBLIC_TEXT_BLOCKED,FAIL,PUBLIC_OR_META_INTERNAL_TEXT_HIT,GROUND_MEAT_OR_CASING,KEEP,,FAIL,PUBLIC_OR_META_INTERNAL_TEXT_HIT,A_PUBLIC_BLOCKED
2628,Paio do Alentejo (Alentejo Dimljena Kobasica),https://drycured.com/recepti-baza/paio-do-alentejo-alentejo-dimljena-kobasica/,publish,GROUND_MEAT_OR_CASING,high,8,2,1,2,1,1,1,1,1,1,1,1,1,1,1,0,0,1,1,1,200,,TYPE_PASS_PUBLIC_TEXT_BLOCKED,FAIL,PUBLIC_OR_META_INTERNAL_TEXT_HIT,GROUND_MEAT_OR_CASING,KEEP,,FAIL,PUBLIC_OR_META_INTERNAL_TEXT_HIT,A_PUBLIC_BLOCKED
2629,Alheira de Mirandela (Kobasica iz Mirandele),https://drycured.com/recepti-baza/alheira-de-mirandela-kobasica-iz-mirandele/,publish,GROUND_MEAT_OR_CASING,high,8,1,2,2,1,1,1,1,1,1,1,1,1,1,1,0,0,1,1,1,200,,TYPE_PASS_PUBLIC_TEXT_BLOCKED,FAIL,PUBLIC_OR_META_INTERNAL_TEXT_HIT,GROUND_MEAT_OR_CASING,KEEP,,FAIL,PUBLIC_OR_META_INTERNAL_TEXT_HIT,A_PUBLIC_BLOCKED
2630,Dalmatinski Pršut (Pršut s Kaštelanskog polja),https://drycured.com/?post_type=dry_recipe&p=2630,pending,WHOLE_CUT,low,0,2,0,0,0,0,0,0,0,0,0,1,1,1,0,0,0,0,0,0,,,TYPE_CONFLICT_NEEDS_REVIEW,FAIL,WHOLE_CUT_MISSING_CURE_OR_BRINE;PHASE_MISSING_TIME_OR_PARAMS,WHOLE_CUT,KEEP,WHOLE_CUT_TITLE:prsut,FAIL,WHOLE_CUT_MISSING_CURE_OR_BRINE;PHASE_MISSING_TIME_OR_PARAMS,C_NONPUBLIC_BLOCKED
2631,Rovinjska Kobasica,https://drycured.com/recepti-baza/rovinjska-kobasica/,publish,GROUND_MEAT_OR_CASING,high,8,1,1,2,1,1,1,1,1,1,1,1,1,1,1,0,0,1,1,1,200,,TYPE_PASS_PUBLIC_TEXT_BLOCKED,FAIL,PUBLIC_OR_META_INTERNAL_TEXT_HIT,GROUND_MEAT_OR_CASING,KEEP,,FAIL,PUBLIC_OR_META_INTERNAL_TEXT_HIT,A_PUBLIC_BLOCKED
2632,Krčki Sir-Kobasica,https://drycured.com/recepti-baza/krcki-sir-kobasica/,publish,GROUND_MEAT_OR_CASING,high,8,1,1,2,1,1,1,1,1,1,1,1,1,1,1,0,0,1,1,1,200,,TYPE_PASS_PUBLIC_TEXT_BLOCKED,FAIL,PUBLIC_OR_META_INTERNAL_TEXT_HIT,GROUND_MEAT_OR_CASING,KEEP,,FAIL,PUBLIC_OR_META_INTERNAL_TEXT_HIT,A_PUBLIC_BLOCKED
2633,Senjska Šunka,https://drycured.com/recepti-baza/senjska-sunka/,publish,WHOLE_CUT,high,5,8,0,2,0,1,1,1,0,1,1,1,1,1,1,0,0,1,1,1,200,,TYPE_PASS_PUBLIC_TEXT_BLOCKED,FAIL,PUBLIC_OR_META_INTERNAL_TEXT_HIT,WHOLE_CUT,KEEP,WHOLE_CUT_TITLE:sunka,FAIL,PUBLIC_OR_META_INTERNAL_TEXT_HIT,A_PUBLIC_BLOCKED
2634,Povijesni kontekst suhomesnatih proizvoda u Podravini,https://drycured.com/?post_type=dry_recipe&p=2634,pending,NEEDS_CLASSIFICATION,none,0,0,0,0,0,0,0,0,0,0,0,0,1,1,0,0,0,0,0,0,,,NEEDS_CLASSIFICATION,FAIL,NEEDS_CLASSIFICATION;PHASE_MISSING_TIME_OR_PARAMS,NEEDS_CLASSIFICATION,KEEP,,FAIL,NEEDS_CLASSIFICATION;PHASE_MISSING_TIME_OR_PARAMS,C_NONPUBLIC_BLOCKED
2635,Dubinska analiza odabranih recepata,https://drycured.com/?post_type=dry_recipe&p=2635,pending,NEEDS_CLASSIFICATION,none,0,0,0,0,0,0,0,0,0,0,0,0,1,1,0,0,0,0,0,0,,,NEEDS_CLASSIFICATION,FAIL,NEEDS_CLASSIFICATION;PHASE_MISSING_TIME_OR_PARAMS,NEEDS_CLASSIFICATION,KEEP,,FAIL,NEEDS_CLASSIFICATION;PHASE_MISSING_TIME_OR_PARAMS,C_NONPUBLIC_BLOCKED
2636,Izazovi očuvanja tradicije,https://drycured.com/?post_type=dry_recipe&p=2636,pending,NEEDS_CLASSIFICATION,none,0,0,0,0,0,0,0,0,0,0,0,0,1,1,0,0,0,0,0,0,,,NEEDS_CLASSIFICATION,FAIL,NEEDS_CLASSIFICATION;PHASE_MISSING_TIME_OR_PARAMS,NEEDS_CLASSIFICATION,KEEP,,FAIL,NEEDS_CLASSIFICATION;PHASE_MISSING_TIME_OR_PARAMS,C_NONPUBLIC_BLOCKED
2637,Tradicionalni Thüringer Schinken (Tirinška šunka),https://drycured.com/recepti-baza/tradicionalni-thuringer-schinken-tirinska-sunka/,publish,WHOLE_CUT,high,5,8,0,0,0,1,1,1,0,1,1,1,1,1,1,0,0,1,1,1,200,,TYPE_PASS_PUBLIC_TEXT_BLOCKED,FAIL,PUBLIC_OR_META_INTERNAL_TEXT_HIT,WHOLE_CUT,KEEP,"WHOLE_CUT_TITLE:schinken,sunka",FAIL,PUBLIC_OR_META_INTERNAL_TEXT_HIT,A_PUBLIC_BLOCKED
2638,Bavarski Bierschinken (Šunka od piva),https://drycured.com/recepti-baza/bavarski-bierschinken-sunka-od-piva/,publish,WHOLE_CUT,high,5,8,1,0,0,1,1,1,1,1,1,1,1,1,1,1,0,1,1,1,200,,TYPE_PASS_PUBLIC_TEXT_BLOCKED,FAIL,NITRITE_WITHOUT_SAFETY_NOTE;PUBLIC_OR_META_INTERNAL_TEXT_HIT,WHOLE_CUT,KEEP,"WHOLE_CUT_TITLE:schinken,sunka",FAIL,NITRITE_WITHOUT_SAFETY_NOTE;PUBLIC_OR_META_INTERNAL_TEXT_HIT,A_PUBLIC_BLOCKED
2639,Zalatina (Ζαλατίνα) &#8211; Ciparski hladetinasti svinjski narezak,https://drycured.com/?post_type=dry_recipe&p=2639,draft,NEEDS_CLASSIFICATION,none,0,0,1,0,0,0,0,0,1,0,0,0,1,1,1,0,0,0,0,0,,,NEEDS_CLASSIFICATION,FAIL,NEEDS_CLASSIFICATION,THERMAL_PROCESSED,RECLASSIFY,THERMAL_TITLE:hladetina,FAIL,NEEDS_CLASSIFICATION;THERMAL_MISSING_TEMP_OR_DURATION,C_NONPUBLIC_BLOCKED
2640,Lountza Kafteri (Λούντζα Καυτερή) &#8211; Ljuta dimljena svinjska vratina,https://drycured.com/?post_type=dry_recipe&p=2640,pending,WHOLE_CUT,low,0,2,0,0,0,0,0,0,0,0,1,1,1,1,0,0,0,0,0,0,,,TYPE_CONFLICT_NEEDS_REVIEW,FAIL,WHOLE_CUT_MISSING_CURE_OR_BRINE;PHASE_MISSING_TIME_OR_PARAMS,WHOLE_CUT,KEEP,"WHOLE_CUT_TITLE:vratina,lountza",FAIL,WHOLE_CUT_MISSING_CURE_OR_BRINE;PHASE_MISSING_TIME_OR_PARAMS,C_NONPUBLIC_BLOCKED
2641,Posyrti (Ποσυρτή) &#8211; Ciparska suha kobasica s divljim biljem,https://drycured.com/?post_type=dry_recipe&p=2641,pending,GROUND_MEAT_OR_CASING,medium,3,0,0,0,0,0,1,0,0,0,0,0,1,1,0,0,0,0,0,0,,,TYPE_PASS_MISSING_FIELDS,FAIL,GROUND_MISSING_GRANULATION;GROUND_MISSING_FAT_HANDLING;PHASE_MISSING_TIME_OR_PARAMS,WHOLE_CUT,RECLASSIFY,WHOLE_CUT_TITLE:posyrti,FAIL,GROUND_MISSING_GRANULATION;GROUND_MISSING_FAT_HANDLING;PHASE_MISSING_TIME_OR_PARAMS;WHOLE_CUT_MISSING_CURE_OR_BRINE,C_NONPUBLIC_BLOCKED
2642,Afelia Pastarma (Αφέλια Παστάρμα) &#8211; Ciparska marinirana goveđa pisanica,https://drycured.com/?post_type=dry_recipe&p=2642,draft,NEEDS_CLASSIFICATION,none,1,0,0,0,0,0,0,0,0,0,0,0,1,1,1,0,0,0,0,0,,,NEEDS_CLASSIFICATION,FAIL,NEEDS_CLASSIFICATION,NEEDS_CLASSIFICATION,KEEP,,FAIL,NEEDS_CLASSIFICATION,C_NONPUBLIC_BLOCKED
2643,Ofto Lountza (Οφτή Λούντζα) &#8211; Ciparska zračno sušena janjetina,https://drycured.com/?post_type=dry_recipe&p=2643,pending,NEEDS_CLASSIFICATION,none,0,1,0,0,0,0,0,0,0,0,1,1,1,1,0,0,0,0,0,0,,,NEEDS_CLASSIFICATION,FAIL,NEEDS_CLASSIFICATION;PHASE_MISSING_TIME_OR_PARAMS,WHOLE_CUT,RECLASSIFY,WHOLE_CUT_TITLE:lountza,FAIL,NEEDS_CLASSIFICATION;PHASE_MISSING_TIME_OR_PARAMS;WHOLE_CUT_MISSING_CURE_OR_BRINE,C_NONPUBLIC_BLOCKED
2644,Privatno: Fažanski morski salamur (Specijalitet s morskom travom),https://drycured.com/?post_type=dry_recipe&p=2644,private,GROUND_MEAT_OR_CASING,high,8,2,5,2,1,0,1,1,1,0,1,1,1,1,1,0,0,0,1,1,,,TYPE_PASS_MISSING_FIELDS,FAIL,GROUND_MISSING_FAT_HANDLING,FISH_OR_SEAFOOD,RECLASSIFY,FISH_TITLE:morski,FAIL,GROUND_MISSING_FAT_HANDLING,C_NONPUBLIC_BLOCKED
2645,Viganjska kobasica od divlje svinje s tavom,https://drycured.com/recepti-baza/viganjska-kobasica-od-divlje-svinje-s-tavom/,publish,GROUND_MEAT_OR_CASING,high,8,1,1,2,1,1,1,1,1,1,1,1,1,1,1,0,0,1,1,1,200,,TYPE_PASS_PUBLIC_TEXT_BLOCKED,FAIL,PUBLIC_OR_META_INTERNAL_TEXT_HIT,GROUND_MEAT_OR_CASING,KEEP,,FAIL,PUBLIC_OR_META_INTERNAL_TEXT_HIT,A_PUBLIC_BLOCKED
2646,Privatno: Bujski janjetinski specijalitet s lavandom,https://drycured.com/?post_type=dry_recipe&p=2646,private,GROUND_MEAT_OR_CASING,high,7,1,5,2,1,0,1,1,1,0,1,1,1,1,1,0,0,0,1,1,,,TYPE_PASS_MISSING_FIELDS,FAIL,GROUND_MISSING_FAT_HANDLING,GROUND_MEAT_OR_CASING,KEEP,,FAIL,GROUND_MISSING_FAT_HANDLING,C_NONPUBLIC_BLOCKED
2647,Privatno: Pazinski specijalitet od kozjeg mesa s kestenom,https://drycured.com/?post_type=dry_recipe&p=2647,private,GROUND_MEAT_OR_CASING,high,7,1,5,1,1,0,1,1,1,0,1,1,1,1,1,0,0,0,1,1,,,TYPE_PASS_MISSING_FIELDS,FAIL,GROUND_MISSING_FAT_HANDLING,GROUND_MEAT_OR_CASING,KEEP,,FAIL,GROUND_MISSING_FAT_HANDLING,C_NONPUBLIC_BLOCKED
2648,Privatno: Rovinjski specijalitet od sardele s ružom,https://drycured.com/?post_type=dry_recipe&p=2648,private,GROUND_MEAT_OR_CASING,high,7,1,5,1,1,0,1,1,1,0,1,1,1,1,1,0,0,0,1,1,,,TYPE_PASS_MISSING_FIELDS,FAIL,GROUND_MISSING_FAT_HANDLING,GROUND_MEAT_OR_CASING,KEEP,,FAIL,GROUND_MISSING_FAT_HANDLING,C_NONPUBLIC_BLOCKED
2649,Stara Koprivnička Salama &#8220;Šokačka Priča&#8221;,https://drycured.com/?post_type=dry_recipe&p=2649,pending,GROUND_MEAT_OR_CASING,medium,3,1,0,0,0,0,1,0,0,0,1,0,0,1,0,0,0,0,0,0,,,TYPE_PASS_MISSING_FIELDS,FAIL,GROUND_MISSING_GRANULATION;GROUND_MISSING_FAT_HANDLING;PHASE_MISSING_TIME_OR_PARAMS,GROUND_MEAT_OR_CASING,KEEP,,FAIL,GROUND_MISSING_GRANULATION;GROUND_MISSING_FAT_HANDLING;PHASE_MISSING_TIME_OR_PARAMS,C_NONPUBLIC_BLOCKED
2650,Virovski &#8220;Živi Čvarci&#8221;,https://drycured.com/?post_type=dry_recipe&p=2650,pending,NEEDS_CLASSIFICATION,none,0,0,0,0,0,0,0,0,0,0,1,0,1,1,0,0,0,0,0,0,,,NEEDS_CLASSIFICATION,FAIL,NEEDS_CLASSIFICATION;PHASE_MISSING_TIME_OR_PARAMS,NEEDS_CLASSIFICATION,KEEP,,FAIL,NEEDS_CLASSIFICATION;PHASE_MISSING_TIME_OR_PARAMS,C_NONPUBLIC_BLOCKED
2651,Ludbreška &#8220;Tajna Kobasica&#8221;,https://drycured.com/?post_type=dry_recipe&p=2651,pending,GROUND_MEAT_OR_CASING,low,2,1,0,0,0,0,1,0,0,0,0,1,0,1,0,0,0,0,0,0,,,TYPE_CONFLICT_NEEDS_REVIEW,FAIL,GROUND_MISSING_GRANULATION;GROUND_MISSING_FAT_HANDLING;PHASE_MISSING_TIME_OR_PARAMS,GROUND_MEAT_OR_CASING,KEEP,,FAIL,GROUND_MISSING_GRANULATION;GROUND_MISSING_FAT_HANDLING;PHASE_MISSING_TIME_OR_PARAMS,C_NONPUBLIC_BLOCKED
2652,Đurđevački &#8220;Zaboravljeni Š(p)ek&#8221;,https://drycured.com/?post_type=dry_recipe&p=2652,pending,NEEDS_CLASSIFICATION,none,0,0,0,0,0,0,0,0,0,0,1,1,1,1,0,0,0,0,0,0,,,NEEDS_CLASSIFICATION,FAIL,NEEDS_CLASSIFICATION;PHASE_MISSING_TIME_OR_PARAMS,NEEDS_CLASSIFICATION,KEEP,,FAIL,NEEDS_CLASSIFICATION;PHASE_MISSING_TIME_OR_PARAMS,C_NONPUBLIC_BLOCKED
2653,Pitomački &#8220;Divlji Kulen&#8221;,https://drycured.com/?post_type=dry_recipe&p=2653,pending,NEEDS_CLASSIFICATION,none,1,0,0,0,0,0,0,0,0,0,0,0,0,1,0,0,0,0,0,0,,,NEEDS_CLASSIFICATION,FAIL,NEEDS_CLASSIFICATION;PHASE_MISSING_TIME_OR_PARAMS,GROUND_MEAT_OR_CASING,RECLASSIFY,GROUND_TITLE:kulen,FAIL,NEEDS_CLASSIFICATION;PHASE_MISSING_TIME_OR_PARAMS;GROUND_MISSING_GRANULATION;GROUND_MISSING_FAT_HANDLING;GROUND_MISSING_CASING,C_NONPUBLIC_BLOCKED
2654,Pregradski &#8220;Šumski Šaptat&#8221;,https://drycured.com/?post_type=dry_recipe&p=2654,pending,NEEDS_CLASSIFICATION,none,1,0,0,0,0,0,1,0,0,0,1,1,0,1,0,0,0,0,0,0,,,NEEDS_CLASSIFICATION,FAIL,NEEDS_CLASSIFICATION;PHASE_MISSING_TIME_OR_PARAMS,NEEDS_CLASSIFICATION,KEEP,,FAIL,NEEDS_CLASSIFICATION;PHASE_MISSING_TIME_OR_PARAMS,C_NONPUBLIC_BLOCKED
2655,Križevački &#8220;Začinski Vjetar&#8221;,https://drycured.com/?post_type=dry_recipe&p=2655,pending,NEEDS_CLASSIFICATION,none,1,0,0,0,0,0,1,0,0,0,1,1,1,1,0,0,0,0,0,0,,,NEEDS_CLASSIFICATION,FAIL,NEEDS_CLASSIFICATION;PHASE_MISSING_TIME_OR_PARAMS,NEEDS_CLASSIFICATION,KEEP,,FAIL,NEEDS_CLASSIFICATION;PHASE_MISSING_TIME_OR_PARAMS,C_NONPUBLIC_BLOCKED
2656,Našički &#8220;Ratarski Sjećaj&#8221;,https://drycured.com/?post_type=dry_recipe&p=2656,pending,NEEDS_CLASSIFICATION,none,0,0,0,0,0,0,0,0,0,0,0,1,0,1,0,0,0,0,0,0,,,NEEDS_CLASSIFICATION,FAIL,NEEDS_CLASSIFICATION;PHASE_MISSING_TIME_OR_PARAMS,NEEDS_CLASSIFICATION,KEEP,,FAIL,NEEDS_CLASSIFICATION;PHASE_MISSING_TIME_OR_PARAMS,C_NONPUBLIC_BLOCKED
2657,Draževački &#8220;Veteranski Sjećaj&#8221;,https://drycured.com/?post_type=dry_recipe&p=2657,pending,NEEDS_CLASSIFICATION,none,1,0,0,0,0,0,1,0,0,0,0,0,1,1,1,0,0,0,0,0,,,NEEDS_CLASSIFICATION,FAIL,NEEDS_CLASSIFICATION,NEEDS_CLASSIFICATION,KEEP,,FAIL,NEEDS_CLASSIFICATION,C_NONPUBLIC_BLOCKED
2658,Kalničkog &#8220;Gorski Trag&#8221;,https://drycured.com/?post_type=dry_recipe&p=2658,pending,NEEDS_CLASSIFICATION,none,0,0,0,0,0,0,0,0,0,0,1,0,0,1,0,0,0,0,0,0,,,NEEDS_CLASSIFICATION,FAIL,NEEDS_CLASSIFICATION;PHASE_MISSING_TIME_OR_PARAMS,NEEDS_CLASSIFICATION,KEEP,,FAIL,NEEDS_CLASSIFICATION;PHASE_MISSING_TIME_OR_PARAMS,C_NONPUBLIC_BLOCKED
2659,Podravski &#8220;Zaboravljeni Vrbovec&#8221;,https://drycured.com/?post_type=dry_recipe&p=2659,pending,NEEDS_CLASSIFICATION,none,1,0,0,0,0,0,1,0,0,0,0,0,0,1,0,0,0,0,0,0,,,NEEDS_CLASSIFICATION,FAIL,NEEDS_CLASSIFICATION;PHASE_MISSING_TIME_OR_PARAMS,NEEDS_CLASSIFICATION,KEEP,,FAIL,NEEDS_CLASSIFICATION;PHASE_MISSING_TIME_OR_PARAMS,C_NONPUBLIC_BLOCKED
2660,Koprivnički &#8220;Seoski Izvor&#8221;,https://drycured.com/?post_type=dry_recipe&p=2660,pending,NEEDS_CLASSIFICATION,none,0,1,0,0,0,0,0,0,0,0,1,1,1,1,0,0,0,0,0,0,,,NEEDS_CLASSIFICATION,FAIL,NEEDS_CLASSIFICATION;PHASE_MISSING_TIME_OR_PARAMS,NEEDS_CLASSIFICATION,KEEP,,FAIL,NEEDS_CLASSIFICATION;PHASE_MISSING_TIME_OR_PARAMS,C_NONPUBLIC_BLOCKED
2661,Đurđevački &#8220;Ribarski Sjaj&#8221;,https://drycured.com/?post_type=dry_recipe&p=2661,pending,NEEDS_CLASSIFICATION,none,1,0,0,1,0,0,1,0,0,0,1,1,0,1,0,0,0,0,0,0,,,NEEDS_CLASSIFICATION,FAIL,NEEDS_CLASSIFICATION;PHASE_MISSING_TIME_OR_PARAMS,FISH_OR_SEAFOOD,RECLASSIFY,FISH_TITLE:riba,FAIL,NEEDS_CLASSIFICATION;PHASE_MISSING_TIME_OR_PARAMS;FISH_MISSING_SALTING_OR_BRINE,C_NONPUBLIC_BLOCKED
2662,Ludbreški &#8220;Planinski Trag&#8221;,https://drycured.com/?post_type=dry_recipe&p=2662,pending,NEEDS_CLASSIFICATION,none,0,0,0,0,0,0,0,0,0,0,0,0,0,1,1,0,0,0,0,0,,,NEEDS_CLASSIFICATION,FAIL,NEEDS_CLASSIFICATION,NEEDS_CLASSIFICATION,KEEP,,FAIL,NEEDS_CLASSIFICATION,C_NONPUBLIC_BLOCKED
2663,Virovski &#8220;Šumski Biseri&#8221;,https://drycured.com/?post_type=dry_recipe&p=2663,pending,NEEDS_CLASSIFICATION,none,0,0,0,0,0,0,0,0,0,0,1,0,0,1,0,0,0,0,0,0,,,NEEDS_CLASSIFICATION,FAIL,NEEDS_CLASSIFICATION;PHASE_MISSING_TIME_OR_PARAMS,NEEDS_CLASSIFICATION,KEEP,,FAIL,NEEDS_CLASSIFICATION;PHASE_MISSING_TIME_OR_PARAMS,C_NONPUBLIC_BLOCKED
2664,BABIC (Tradicionalna babić kobasica),https://drycured.com/recepti-baza/babic-tradicionalna-babic-kobasica/,publish,GROUND_MEAT_OR_CASING,high,9,1,1,2,1,1,1,1,1,1,1,1,1,1,1,0,0,1,1,1,200,,TYPE_PASS_PUBLIC_TEXT_BLOCKED,FAIL,PUBLIC_OR_META_INTERNAL_TEXT_HIT,GROUND_MEAT_OR_CASING,KEEP,,FAIL,PUBLIC_OR_META_INTERNAL_TEXT_HIT,A_PUBLIC_BLOCKED
2665,MUȘCHI ȚIGĂNESC (Ciganski vrat),https://drycured.com/recepti-baza/muschi-tiganesc-ciganski-vrat/,publish,GROUND_MEAT_OR_CASING,high,6,3,0,2,1,1,1,1,0,1,1,1,1,1,1,0,0,1,1,1,200,,TYPE_PASS_PUBLIC_TEXT_BLOCKED,FAIL,PUBLIC_OR_META_INTERNAL_TEXT_HIT,WHOLE_CUT,RECLASSIFY,CALIBRATION_ACCEPTED:TITLE_WHOLE_CUT_SIGNAL:vrat,FAIL,PUBLIC_OR_META_INTERNAL_TEXT_HIT,A_PUBLIC_BLOCKED
2666,CÂRNAȚI DE BURDUF (Sirnate kobasice),https://drycured.com/recepti-baza/carnati-de-burduf-sirnate-kobasice/,publish,GROUND_MEAT_OR_CASING,high,8,1,1,2,1,1,1,1,1,1,1,1,1,1,1,0,0,1,1,1,200,,TYPE_PASS_PUBLIC_TEXT_BLOCKED,FAIL,PUBLIC_OR_META_INTERNAL_TEXT_HIT,GROUND_MEAT_OR_CASING,KEEP,,FAIL,PUBLIC_OR_META_INTERNAL_TEXT_HIT,A_PUBLIC_BLOCKED
2667,ȘUNCĂ DE MANGALIȚA AFUMATĂ (Dimljena mangulica šunka),https://drycured.com/recepti-baza/sunca-de-mangalita-afumata-dimljena-mangulica-sunka/,publish,WHOLE_CUT,high,5,8,0,2,0,1,1,1,0,1,1,1,1,1,1,1,0,1,1,1,200,,TYPE_PASS_PUBLIC_TEXT_BLOCKED,FAIL,NITRITE_WITHOUT_SAFETY_NOTE;PUBLIC_OR_META_INTERNAL_TEXT_HIT,WHOLE_CUT,KEEP,WHOLE_CUT_TITLE:sunka,FAIL,NITRITE_WITHOUT_SAFETY_NOTE;PUBLIC_OR_META_INTERNAL_TEXT_HIT,A_PUBLIC_BLOCKED
2668,CÂRNAŢI DE PLEŞCOI (Pleščojske kobasice),https://drycured.com/recepti-baza/carnati-de-plescoi-plescojske-kobasice/,publish,GROUND_MEAT_OR_CASING,high,8,2,1,0,1,1,1,1,1,1,1,1,1,1,1,0,0,1,1,1,200,,TYPE_PASS_PUBLIC_TEXT_BLOCKED,FAIL,PUBLIC_OR_META_INTERNAL_TEXT_HIT,GROUND_MEAT_OR_CASING,KEEP,,FAIL,PUBLIC_OR_META_INTERNAL_TEXT_HIT,A_PUBLIC_BLOCKED
2669,Privatno: TOBĂ (Tradidicionalna rumunjska tlačenica),https://drycured.com/?post_type=dry_recipe&p=2669,private,THERMAL_PROCESSED,high,5,1,6,0,0,0,1,1,1,1,1,0,1,1,1,0,0,0,1,1,,,TYPE_PASS_READY_FOR_SOURCE_DOSSIER,PASS,,THERMAL_PROCESSED,KEEP,THERMAL_TITLE:tlacenica,PASS,,D_NONPUBLIC_REVIEW_READY
2670,GHIUDEM (Suha kobasica od ovčetine),https://drycured.com/recepti-baza/ghiudem-suha-kobasica-od-ovcetine/,publish,GROUND_MEAT_OR_CASING,high,8,1,1,0,1,1,1,1,1,1,1,1,1,1,1,0,0,1,1,1,200,,TYPE_PASS_PUBLIC_TEXT_BLOCKED,FAIL,PUBLIC_OR_META_INTERNAL_TEXT_HIT,GROUND_MEAT_OR_CASING,KEEP,,FAIL,PUBLIC_OR_META_INTERNAL_TEXT_HIT,A_PUBLIC_BLOCKED
2671,Basturma (Бастурма &#8211; Začinjeno sušeno goveđe meso),https://drycured.com/?post_type=dry_recipe&p=2671,draft,WHOLE_CUT,medium,2,3,1,0,0,1,0,1,1,1,0,0,1,1,1,0,0,0,0,0,,,TYPE_PASS_READY_FOR_SOURCE_DOSSIER,PASS,,WHOLE_CUT,KEEP,,PASS,,D_NONPUBLIC_REVIEW_READY
2672,Koryushka (Корюшка &#8211; Dimljena mala riba),https://drycured.com/?post_type=dry_recipe&p=2672,draft,GROUND_MEAT_OR_CASING,medium,3,2,0,1,0,0,0,1,0,1,1,1,1,1,1,0,0,0,0,1,,,TYPE_PASS_MISSING_FIELDS,FAIL,GROUND_MISSING_GRANULATION;GROUND_MISSING_CASING;GROUND_MISSING_FAT_HANDLING,FISH_OR_SEAFOOD,RECLASSIFY,FISH_TITLE:riba,FAIL,GROUND_MISSING_GRANULATION;GROUND_MISSING_CASING;GROUND_MISSING_FAT_HANDLING,C_NONPUBLIC_BLOCKED
2673,Svinaya Vyrezka (Свиная вырезка &#8211; Sušeni svinjski file),https://drycured.com/?post_type=dry_recipe&p=2673,draft,NEEDS_CLASSIFICATION,low,2,2,0,0,0,0,0,1,0,1,0,0,1,1,1,0,0,0,1,0,,,NEEDS_CLASSIFICATION,FAIL,NEEDS_CLASSIFICATION;PROBLEM_WITHOUT_SOLUTION_SIGNAL,NEEDS_CLASSIFICATION,KEEP,,FAIL,NEEDS_CLASSIFICATION;PROBLEM_WITHOUT_SOLUTION_SIGNAL,C_NONPUBLIC_BLOCKED
2674,Vetchina (Ветчина &#8211; Domaća kuhana šunka),https://drycured.com/?post_type=dry_recipe&p=2674,draft,THERMAL_PROCESSED,medium,2,5,4,0,0,0,0,1,1,1,1,1,1,1,1,0,0,0,0,0,,,TYPE_PASS_READY_FOR_SOURCE_DOSSIER,PASS,,WHOLE_CUT,RECLASSIFY,"THERMAL_TITLE:kuhana sunka,kuhana;CALIBRATION_ACCEPTED:TITLE_WHOLE_CUT_SIGNAL:sunka",PASS,,D_NONPUBLIC_REVIEW_READY
2675,Sadržaj,https://drycured.com/?post_type=dry_recipe&p=2675,pending,NEEDS_CLASSIFICATION,none,0,0,0,0,0,0,0,0,0,0,0,0,1,1,0,0,0,0,0,0,,,NEEDS_CLASSIFICATION,FAIL,NEEDS_CLASSIFICATION;PHASE_MISSING_TIME_OR_PARAMS,NEEDS_CLASSIFICATION,KEEP,,FAIL,NEEDS_CLASSIFICATION;PHASE_MISSING_TIME_OR_PARAMS,C_NONPUBLIC_BLOCKED
2676,Napomena o danskoj Medister kobasici,https://drycured.com/?post_type=dry_recipe&p=2676,pending,NEEDS_CLASSIFICATION,none,1,0,1,0,0,0,0,0,1,0,0,0,0,1,0,0,0,0,0,0,,,NEEDS_CLASSIFICATION,FAIL,NEEDS_CLASSIFICATION;PHASE_MISSING_TIME_OR_PARAMS,NEEDS_CLASSIFICATION,KEEP,,FAIL,NEEDS_CLASSIFICATION;PHASE_MISSING_TIME_OR_PARAMS,C_NONPUBLIC_BLOCKED
2677,? Savjeti za serviranje:,https://drycured.com/?post_type=dry_recipe&p=2677,pending,NEEDS_CLASSIFICATION,none,0,0,0,0,0,0,0,0,0,0,0,0,1,1,0,0,0,0,0,0,,,NEEDS_CLASSIFICATION,FAIL,NEEDS_CLASSIFICATION;PHASE_MISSING_TIME_OR_PARAMS,NEEDS_CLASSIFICATION,KEEP,,FAIL,NEEDS_CLASSIFICATION;PHASE_MISSING_TIME_OR_PARAMS,C_NONPUBLIC_BLOCKED
2678,Sastojci za 4 kg smjese:,https://drycured.com/?post_type=dry_recipe&p=2678,draft,GROUND_MEAT_OR_CASING,low,2,0,0,0,0,0,1,0,0,0,1,0,1,1,1,0,0,0,0,0,,,TYPE_CONFLICT_NEEDS_REVIEW,FAIL,GROUND_MISSING_GRANULATION;GROUND_MISSING_FAT_HANDLING,GROUND_MEAT_OR_CASING,KEEP,,FAIL,GROUND_MISSING_GRANULATION;GROUND_MISSING_FAT_HANDLING,C_NONPUBLIC_BLOCKED
2679,Napomena o belgijskom Boudin Blanc,https://drycured.com/?post_type=dry_recipe&p=2679,pending,NEEDS_CLASSIFICATION,none,0,0,1,0,0,0,0,0,0,0,0,0,1,1,0,0,0,0,0,0,,,NEEDS_CLASSIFICATION,FAIL,NEEDS_CLASSIFICATION;PHASE_MISSING_TIME_OR_PARAMS,NEEDS_CLASSIFICATION,KEEP,,FAIL,NEEDS_CLASSIFICATION;PHASE_MISSING_TIME_OR_PARAMS,C_NONPUBLIC_BLOCKED
2680,ŠKOTSKI STOVIES MEAT (KONZERVIRANO USOLJENO MESO),https://drycured.com/?post_type=dry_recipe&p=2680,draft,NEEDS_CLASSIFICATION,none,1,0,1,0,0,0,0,0,1,0,0,0,1,1,0,0,0,0,0,0,,,NEEDS_CLASSIFICATION,FAIL,NEEDS_CLASSIFICATION;PHASE_MISSING_TIME_OR_PARAMS,NEEDS_CLASSIFICATION,KEEP,,FAIL,NEEDS_CLASSIFICATION;PHASE_MISSING_TIME_OR_PARAMS,C_NONPUBLIC_BLOCKED
2681,Privatno: FORFAR BRIDIE (ŠKOTSKA MESNA PAŠTETA),https://drycured.com/?post_type=dry_recipe&p=2681,private,GROUND_MEAT_OR_CASING,high,7,1,4,0,1,0,1,1,1,0,1,1,1,1,1,0,0,0,1,1,,,TYPE_PASS_MISSING_FIELDS,FAIL,GROUND_MISSING_FAT_HANDLING,THERMAL_PROCESSED,RECLASSIFY,THERMAL_TITLE:pasteta,FAIL,GROUND_MISSING_FAT_HANDLING;THERMAL_MISSING_TEMP_OR_DURATION,C_NONPUBLIC_BLOCKED
2682,HIGHLAND VENISON HAM (DIMLJENA ŠUNKA OD JELENA),https://drycured.com/recepti-baza/highland-venison-ham-dimljena-sunka-od-jelena/,publish,WHOLE_CUT,high,5,8,0,2,0,1,1,1,0,1,1,1,1,1,1,1,0,1,1,1,200,,TYPE_PASS_PUBLIC_TEXT_BLOCKED,FAIL,NITRITE_WITHOUT_SAFETY_NOTE;PUBLIC_OR_META_INTERNAL_TEXT_HIT,WHOLE_CUT,KEEP,"WHOLE_CUT_TITLE:sunka,dimljena sunka",FAIL,NITRITE_WITHOUT_SAFETY_NOTE;PUBLIC_OR_META_INTERNAL_TEXT_HIT,A_PUBLIC_BLOCKED
2683,EDINBURGH POTTED HOG (KONZERVIRANO SVINJSKO MESO),https://drycured.com/recepti-baza/edinburgh-potted-hog-konzervirano-svinjsko-meso/,publish,GROUND_MEAT_OR_CASING,high,7,3,1,2,1,1,1,1,1,1,1,1,1,1,1,1,0,1,1,1,200,,TYPE_PASS_PUBLIC_TEXT_BLOCKED,FAIL,NITRITE_WITHOUT_SAFETY_NOTE;PUBLIC_OR_META_INTERNAL_TEXT_HIT,GROUND_MEAT_OR_CASING,KEEP,,FAIL,NITRITE_WITHOUT_SAFETY_NOTE;PUBLIC_OR_META_INTERNAL_TEXT_HIT,A_PUBLIC_BLOCKED
2684,ŠKOTSKI HAGGIS,https://drycured.com/recepti-baza/skotski-haggis/,publish,GROUND_MEAT_OR_CASING,high,6,1,1,0,1,1,1,1,1,1,1,1,1,1,1,0,0,1,1,1,200,,TYPE_PASS_PUBLIC_TEXT_BLOCKED,FAIL,PUBLIC_OR_META_INTERNAL_TEXT_HIT,GROUND_MEAT_OR_CASING,KEEP,,FAIL,PUBLIC_OR_META_INTERNAL_TEXT_HIT,A_PUBLIC_BLOCKED
2685,Privatno: ŠKOTSKI BLACK PUDDING (KRVAVICA),https://drycured.com/?post_type=dry_recipe&p=2685,private,GROUND_MEAT_OR_CASING,high,6,1,2,0,1,1,1,1,1,1,1,1,1,1,1,0,0,0,1,1,,,TYPE_PASS_READY_FOR_SOURCE_DOSSIER,PASS,,THERMAL_PROCESSED,RECLASSIFY,"THERMAL_TITLE:krvavica,black pudding",PASS,,D_NONPUBLIC_REVIEW_READY
2687,AYRSHIRE PRESAVICA (AYRSHIRE MIDDLE CUT),https://drycured.com/recepti-baza/ayrshire-presavica-ayrshire-middle-cut/,publish,GROUND_MEAT_OR_CASING,high,7,2,0,2,1,1,1,1,0,1,1,1,1,1,1,1,0,1,1,1,200,,TYPE_PASS_PUBLIC_TEXT_BLOCKED,FAIL,NITRITE_WITHOUT_SAFETY_NOTE;PUBLIC_OR_META_INTERNAL_TEXT_HIT,GROUND_MEAT_OR_CASING,KEEP,,FAIL,NITRITE_WITHOUT_SAFETY_NOTE;PUBLIC_OR_META_INTERNAL_TEXT_HIT,A_PUBLIC_BLOCKED
2688,HIGHLANDS JERKY (SUŠENA DIVLJAČ),https://drycured.com/recepti-baza/highlands-jerky-susena-divljac/,publish,GROUND_MEAT_OR_CASING,high,6,1,0,2,1,1,1,1,0,1,1,1,1,1,1,0,0,1,1,1,200,,TYPE_PASS_PUBLIC_TEXT_BLOCKED,FAIL,PUBLIC_OR_META_INTERNAL_TEXT_HIT,GROUND_MEAT_OR_CASING,KEEP,,FAIL,PUBLIC_OR_META_INTERNAL_TEXT_HIT,A_PUBLIC_BLOCKED
2689,KopačkiRib Začinska Štruca,https://drycured.com/recepti-baza/kopackirib-zacinska-struca/,publish,GROUND_MEAT_OR_CASING,high,6,1,0,0,1,1,1,1,0,1,1,1,1,1,1,0,0,1,1,1,200,,TYPE_PASS_PUBLIC_TEXT_BLOCKED,FAIL,PUBLIC_OR_META_INTERNAL_TEXT_HIT,GROUND_MEAT_OR_CASING,KEEP,,FAIL,PUBLIC_OR_META_INTERNAL_TEXT_HIT,A_PUBLIC_BLOCKED
2690,Đakovačka Pihtijana Kobasica,https://drycured.com/?post_type=dry_recipe&p=2690,pending,NEEDS_CLASSIFICATION,none,1,0,1,0,0,0,0,0,1,0,0,0,0,1,0,0,0,0,0,0,,,NEEDS_CLASSIFICATION,FAIL,NEEDS_CLASSIFICATION;PHASE_MISSING_TIME_OR_PARAMS,GROUND_MEAT_OR_CASING,RECLASSIFY,GROUND_TITLE:kobasica,FAIL,NEEDS_CLASSIFICATION;PHASE_MISSING_TIME_OR_PARAMS;GROUND_MISSING_GRANULATION;GROUND_MISSING_FAT_HANDLING;GROUND_MISSING_CASING,C_NONPUBLIC_BLOCKED
2691,Valpovačka Zimska Devenica,https://drycured.com/recepti-baza/valpovacka-zimska-devenica/,publish,GROUND_MEAT_OR_CASING,high,6,1,0,0,1,1,1,1,0,1,1,1,1,1,1,0,0,1,1,1,200,,TYPE_PASS_PUBLIC_TEXT_BLOCKED,FAIL,PUBLIC_OR_META_INTERNAL_TEXT_HIT,GROUND_MEAT_OR_CASING,KEEP,,FAIL,PUBLIC_OR_META_INTERNAL_TEXT_HIT,A_PUBLIC_BLOCKED
2692,Požeška Začinska Štruca,https://drycured.com/recepti-baza/pozeska-zacinska-struca/,publish,GROUND_MEAT_OR_CASING,high,6,1,0,0,1,1,1,1,0,1,1,1,1,1,1,0,0,1,1,1,200,,TYPE_PASS_PUBLIC_TEXT_BLOCKED,FAIL,PUBLIC_OR_META_INTERNAL_TEXT_HIT,GROUND_MEAT_OR_CASING,KEEP,,FAIL,PUBLIC_OR_META_INTERNAL_TEXT_HIT,A_PUBLIC_BLOCKED
2693,Osječki Začinski Špek,https://drycured.com/recepti-baza/osjecki-zacinski-spek/,publish,NEEDS_CLASSIFICATION,low,5,5,0,2,0,1,1,1,0,1,1,1,1,1,1,0,0,1,1,1,200,,NEEDS_CLASSIFICATION,FAIL,NEEDS_CLASSIFICATION;PUBLIC_OR_META_INTERNAL_TEXT_HIT,NEEDS_CLASSIFICATION,KEEP,,FAIL,NEEDS_CLASSIFICATION;PUBLIC_OR_META_INTERNAL_TEXT_HIT,A_PUBLIC_BLOCKED
2694,Požeški Pikantni Vrat,https://drycured.com/recepti-baza/pozeski-pikantni-vrat/,publish,GROUND_MEAT_OR_CASING,high,6,5,0,0,1,1,1,1,0,1,1,1,1,1,1,0,0,0,1,1,200,,TYPE_PASS_READY_FOR_SOURCE_DOSSIER,PASS,,WHOLE_CUT,RECLASSIFY,CALIBRATION_ACCEPTED:TITLE_WHOLE_CUT_SIGNAL:vrat,PASS,,B_PUBLIC_REVIEW_READY
2695,Slavonsko-Brodski Ljuti Čvarci,https://drycured.com/recepti-baza/slavonsko-brodski-ljuti-cvarci/,publish,GROUND_MEAT_OR_CASING,high,6,1,0,0,1,1,1,1,0,1,1,1,1,1,1,0,0,1,1,1,200,,TYPE_PASS_PUBLIC_TEXT_BLOCKED,FAIL,PUBLIC_OR_META_INTERNAL_TEXT_HIT,GROUND_MEAT_OR_CASING,KEEP,,FAIL,PUBLIC_OR_META_INTERNAL_TEXT_HIT,A_PUBLIC_BLOCKED
2696,Nasički Fermentirani Vrat,https://drycured.com/recepti-baza/nasicki-fermentirani-vrat/,publish,GROUND_MEAT_OR_CASING,high,6,5,0,0,1,1,1,1,0,1,1,1,1,1,1,0,0,0,1,1,200,,TYPE_PASS_READY_FOR_SOURCE_DOSSIER,PASS,,WHOLE_CUT,RECLASSIFY,CALIBRATION_ACCEPTED:TITLE_WHOLE_CUT_SIGNAL:vrat,PASS,,B_PUBLIC_REVIEW_READY
2697,Baranjska Ljuta Slavonska Kobasica,https://drycured.com/recepti-baza/baranjska-ljuta-slavonska-kobasica/,publish,GROUND_MEAT_OR_CASING,high,8,1,1,2,1,1,1,1,1,1,1,1,1,1,1,0,0,1,1,1,200,,TYPE_PASS_PUBLIC_TEXT_BLOCKED,FAIL,PUBLIC_OR_META_INTERNAL_TEXT_HIT,GROUND_MEAT_OR_CASING,KEEP,,FAIL,PUBLIC_OR_META_INTERNAL_TEXT_HIT,A_PUBLIC_BLOCKED
2698,Slavonska Domaća Suhomesnata Salama,https://drycured.com/recepti-baza/slavonska-domaca-suhomesnata-salama/,publish,GROUND_MEAT_OR_CASING,high,9,1,1,2,1,1,1,1,1,1,1,1,1,1,1,0,0,1,1,1,200,,TYPE_PASS_PUBLIC_TEXT_BLOCKED,FAIL,PUBLIC_OR_META_INTERNAL_TEXT_HIT,GROUND_MEAT_OR_CASING,KEEP,,FAIL,PUBLIC_OR_META_INTERNAL_TEXT_HIT,A_PUBLIC_BLOCKED
2699,Baranjska Fermenetirana Kobasica,https://drycured.com/recepti-baza/baranjska-fermenetirana-kobasica/,publish,GROUND_MEAT_OR_CASING,high,8,1,1,0,1,1,1,1,1,1,1,1,1,1,1,0,0,1,1,1,200,,TYPE_PASS_PUBLIC_TEXT_BLOCKED,FAIL,PUBLIC_OR_META_INTERNAL_TEXT_HIT,GROUND_MEAT_OR_CASING,KEEP,,FAIL,PUBLIC_OR_META_INTERNAL_TEXT_HIT,A_PUBLIC_BLOCKED
2700,Privatno: Osječka Specijalna Suhomesnata Salama,https://drycured.com/?post_type=dry_recipe&p=2700,private,GROUND_MEAT_OR_CASING,high,9,1,5,0,1,0,1,1,1,1,1,1,1,1,1,0,0,0,1,1,,,TYPE_PASS_MISSING_FIELDS,FAIL,GROUND_MISSING_FAT_HANDLING,GROUND_MEAT_OR_CASING,KEEP,,FAIL,GROUND_MISSING_FAT_HANDLING,C_NONPUBLIC_BLOCKED
2701,Vukovarska Tradicionalna Kobasica,https://drycured.com/recepti-baza/vukovarska-tradicionalna-kobasica/,publish,GROUND_MEAT_OR_CASING,high,8,1,1,0,1,1,1,1,1,1,1,1,1,1,1,0,0,1,1,1,200,,TYPE_PASS_PUBLIC_TEXT_BLOCKED,FAIL,PUBLIC_OR_META_INTERNAL_TEXT_HIT,GROUND_MEAT_OR_CASING,KEEP,,FAIL,PUBLIC_OR_META_INTERNAL_TEXT_HIT,A_PUBLIC_BLOCKED
2702,Baranjski Začinski Špek s Pustara Začinima,https://drycured.com/recepti-baza/baranjski-zacinski-spek-s-pustara-zacinima/,publish,NEEDS_CLASSIFICATION,low,5,5,0,2,0,1,1,1,0,1,1,1,1,1,1,0,0,1,1,1,200,,NEEDS_CLASSIFICATION,FAIL,NEEDS_CLASSIFICATION;PUBLIC_OR_META_INTERNAL_TEXT_HIT,NEEDS_CLASSIFICATION,KEEP,,FAIL,NEEDS_CLASSIFICATION;PUBLIC_OR_META_INTERNAL_TEXT_HIT,A_PUBLIC_BLOCKED
2703,Erdutski Fermentirani Vrat s Podunavskim Začinima,https://drycured.com/recepti-baza/erdutski-fermentirani-vrat-s-podunavskim-zacinima/,publish,GROUND_MEAT_OR_CASING,medium,6,5,0,2,1,1,1,1,0,1,1,1,1,1,1,0,0,0,1,1,200,,TYPE_PASS_READY_FOR_SOURCE_DOSSIER,PASS,,WHOLE_CUT,RECLASSIFY,CALIBRATION_ACCEPTED:TITLE_WHOLE_CUT_SIGNAL:vrat,PASS,,B_PUBLIC_REVIEW_READY
2704,Osječko-Baranjski Ljuti Špek s Divljim Travama,https://drycured.com/recepti-baza/osjecko-baranjski-ljuti-spek-s-divljim-travama/,publish,NEEDS_CLASSIFICATION,low,5,5,0,0,0,1,1,1,0,1,1,1,1,1,1,0,0,1,1,1,200,,NEEDS_CLASSIFICATION,FAIL,NEEDS_CLASSIFICATION;PUBLIC_OR_META_INTERNAL_TEXT_HIT,NEEDS_CLASSIFICATION,KEEP,,FAIL,NEEDS_CLASSIFICATION;PUBLIC_OR_META_INTERNAL_TEXT_HIT,A_PUBLIC_BLOCKED
2705,Vukovarski Fermentirani Vrat s Podunavskim Začinima,https://drycured.com/recepti-baza/vukovarski-fermentirani-vrat-s-podunavskim-zacinima/,publish,GROUND_MEAT_OR_CASING,high,6,5,0,0,1,1,1,1,0,1,1,1,1,1,1,0,0,0,1,1,200,,TYPE_PASS_READY_FOR_SOURCE_DOSSIER,PASS,,WHOLE_CUT,RECLASSIFY,CALIBRATION_ACCEPTED:TITLE_WHOLE_CUT_SIGNAL:vrat,PASS,,B_PUBLIC_REVIEW_READY
2706,Privatno: Tradicijski Baranjski Specijalni Fermentirani Špek,https://drycured.com/?post_type=dry_recipe&p=2706,private,GROUND_MEAT_OR_CASING,high,7,1,5,2,1,0,1,1,1,0,1,1,1,1,1,0,0,0,1,1,,,TYPE_PASS_MISSING_FIELDS,FAIL,GROUND_MISSING_FAT_HANDLING,GROUND_MEAT_OR_CASING,KEEP,,FAIL,GROUND_MISSING_FAT_HANDLING,C_NONPUBLIC_BLOCKED
2707,Klobása (slovačka kobasica),https://drycured.com/recepti-baza/klobasa-slovacka-kobasica/,publish,GROUND_MEAT_OR_CASING,high,10,1,1,0,1,1,1,1,1,1,1,1,1,1,1,1,0,1,1,1,200,,TYPE_PASS_PUBLIC_TEXT_BLOCKED,FAIL,NITRITE_WITHOUT_SAFETY_NOTE;PUBLIC_OR_META_INTERNAL_TEXT_HIT,GROUND_MEAT_OR_CASING,KEEP,,FAIL,NITRITE_WITHOUT_SAFETY_NOTE;PUBLIC_OR_META_INTERNAL_TEXT_HIT,A_PUBLIC_BLOCKED
2708,Údené mäso (dimljeno meso),https://drycured.com/recepti-baza/udene-maso-dimljeno-meso/,publish,GROUND_MEAT_OR_CASING,high,7,2,1,0,1,1,1,1,1,1,1,1,1,1,1,1,0,1,1,1,200,,TYPE_PASS_PUBLIC_TEXT_BLOCKED,FAIL,NITRITE_WITHOUT_SAFETY_NOTE;PUBLIC_OR_META_INTERNAL_TEXT_HIT,GROUND_MEAT_OR_CASING,KEEP,,FAIL,NITRITE_WITHOUT_SAFETY_NOTE;PUBLIC_OR_META_INTERNAL_TEXT_HIT,A_PUBLIC_BLOCKED
2709,Privatno: Huspenina (slovačka hladetina),https://drycured.com/?post_type=dry_recipe&p=2709,private,THERMAL_PROCESSED,high,5,3,5,0,0,0,1,1,1,1,1,0,1,1,1,0,0,0,1,1,,,TYPE_PASS_READY_FOR_SOURCE_DOSSIER,PASS,,THERMAL_PROCESSED,KEEP,THERMAL_TITLE:hladetina,PASS,,D_NONPUBLIC_REVIEW_READY
2710,Privatno: Jaternice (slovačke krvavice),https://drycured.com/?post_type=dry_recipe&p=2710,private,GROUND_MEAT_OR_CASING,high,7,1,2,0,1,1,1,1,1,1,1,1,1,1,1,0,0,0,1,1,,,TYPE_PASS_READY_FOR_SOURCE_DOSSIER,PASS,,GROUND_MEAT_OR_CASING,KEEP,,PASS,,D_NONPUBLIC_REVIEW_READY
2711,Privatno: Posoška bunka,https://drycured.com/?post_type=dry_recipe&p=2711,private,GROUND_MEAT_OR_CASING,high,7,3,0,2,1,1,1,1,0,1,1,1,1,1,1,0,0,0,1,1,,,TYPE_PASS_READY_FOR_SOURCE_DOSSIER,PASS,,GROUND_MEAT_OR_CASING,KEEP,,PASS,,D_NONPUBLIC_REVIEW_READY
2712,Koroška tunka,https://drycured.com/recepti-baza/koroska-tunka/,publish,GROUND_MEAT_OR_CASING,high,8,4,1,0,1,1,1,1,1,1,1,1,1,1,1,0,0,1,1,1,200,,TYPE_PASS_PUBLIC_TEXT_BLOCKED,FAIL,PUBLIC_OR_META_INTERNAL_TEXT_HIT,GROUND_MEAT_OR_CASING,KEEP,,FAIL,PUBLIC_OR_META_INTERNAL_TEXT_HIT,A_PUBLIC_BLOCKED
2713,Zasavska klobasa (Zasavska kobasica),https://drycured.com/recepti-baza/zasavska-klobasa-zasavska-kobasica/,publish,GROUND_MEAT_OR_CASING,high,8,2,1,0,1,1,1,1,1,1,1,1,1,1,1,0,0,1,1,1,200,,TYPE_PASS_PUBLIC_TEXT_BLOCKED,FAIL,PUBLIC_OR_META_INTERNAL_TEXT_HIT,GROUND_MEAT_OR_CASING,KEEP,,FAIL,PUBLIC_OR_META_INTERNAL_TEXT_HIT,A_PUBLIC_BLOCKED
2714,Prleška tünka,https://drycured.com/recepti-baza/prleska-tunka/,publish,GROUND_MEAT_OR_CASING,high,7,3,1,0,1,1,1,1,1,1,1,1,1,1,1,0,0,1,1,1,200,,TYPE_PASS_PUBLIC_TEXT_BLOCKED,FAIL,PUBLIC_OR_META_INTERNAL_TEXT_HIT,GROUND_MEAT_OR_CASING,KEEP,,FAIL,PUBLIC_OR_META_INTERNAL_TEXT_HIT,A_PUBLIC_BLOCKED
2715,Idrijsko kosilo,https://drycured.com/recepti-baza/idrijsko-kosilo/,publish,GROUND_MEAT_OR_CASING,high,7,4,0,0,1,1,1,1,0,1,1,1,1,1,1,1,0,1,1,1,200,,TYPE_PASS_PUBLIC_TEXT_BLOCKED,FAIL,NITRITE_WITHOUT_SAFETY_NOTE;PUBLIC_OR_META_INTERNAL_TEXT_HIT,GROUND_MEAT_OR_CASING,KEEP,,FAIL,NITRITE_WITHOUT_SAFETY_NOTE;PUBLIC_OR_META_INTERNAL_TEXT_HIT,A_PUBLIC_BLOCKED
2716,Privatno: Dolenjska tlačenka (prezvuršt),https://drycured.com/?post_type=dry_recipe&p=2716,private,THERMAL_PROCESSED,high,5,2,8,0,0,0,1,1,1,1,1,1,1,1,1,0,0,0,1,1,,,TYPE_PASS_READY_FOR_SOURCE_DOSSIER,PASS,,THERMAL_PROCESSED,KEEP,,PASS,,D_NONPUBLIC_REVIEW_READY
2717,Savinjski želodec (Savinjski želudac),https://drycured.com/recepti-baza/savinjski-zelodec-savinjski-zeludac/,publish,WHOLE_CUT,high,5,7,1,0,0,1,1,1,1,1,1,1,1,1,1,0,0,1,1,1,200,,TYPE_PASS_PUBLIC_TEXT_BLOCKED,FAIL,PUBLIC_OR_META_INTERNAL_TEXT_HIT,WHOLE_CUT,KEEP,,FAIL,PUBLIC_OR_META_INTERNAL_TEXT_HIT,A_PUBLIC_BLOCKED
2718,Prekmurska šunka,https://drycured.com/recepti-baza/prekmurska-sunka/,publish,WHOLE_CUT,high,5,8,0,0,0,1,1,1,0,1,1,1,1,1,1,0,0,1,1,1,200,,TYPE_PASS_PUBLIC_TEXT_BLOCKED,FAIL,PUBLIC_OR_META_INTERNAL_TEXT_HIT,WHOLE_CUT,KEEP,WHOLE_CUT_TITLE:sunka,FAIL,PUBLIC_OR_META_INTERNAL_TEXT_HIT,A_PUBLIC_BLOCKED
2719,Zgornjesavinjski želodec,https://drycured.com/?post_type=dry_recipe&p=2719,pending,GROUND_MEAT_OR_CASING,low,2,1,0,0,0,1,1,1,0,1,1,1,1,1,1,0,0,0,0,0,,,TYPE_CONFLICT_NEEDS_REVIEW,FAIL,GROUND_MISSING_GRANULATION,GROUND_MEAT_OR_CASING,KEEP,,FAIL,GROUND_MISSING_GRANULATION,C_NONPUBLIC_BLOCKED
2720,Lomo Embuchado &#8211; Začinjena Suha Svinjska Leđa,https://drycured.com/?post_type=dry_recipe&p=2720,draft,WHOLE_CUT,medium,2,3,0,0,0,0,1,1,0,1,1,0,1,1,1,0,0,0,0,0,,,TYPE_PASS_READY_FOR_SOURCE_DOSSIER,PASS,,WHOLE_CUT,KEEP,WHOLE_CUT_TITLE:lomo,PASS,,D_NONPUBLIC_REVIEW_READY
2721,Cecina de León &#8211; Sušena Goveđa Cecina,https://drycured.com/?post_type=dry_recipe&p=2721,pending,NEEDS_CLASSIFICATION,none,1,1,0,0,0,0,0,1,0,1,0,1,1,1,1,0,0,0,0,0,,,NEEDS_CLASSIFICATION,FAIL,NEEDS_CLASSIFICATION,NEEDS_CLASSIFICATION,KEEP,,FAIL,NEEDS_CLASSIFICATION,C_NONPUBLIC_BLOCKED
2722,Crnogorska Pršuta (Njeguška pršuta),https://drycured.com/recepti-baza/crnogorska-prsuta-njeguska-prsuta/,publish,WHOLE_CUT,high,5,8,0,2,0,1,1,1,0,1,1,1,1,1,1,1,0,1,1,1,200,,TYPE_PASS_PUBLIC_TEXT_BLOCKED,FAIL,NITRITE_WITHOUT_SAFETY_NOTE;PUBLIC_OR_META_INTERNAL_TEXT_HIT,WHOLE_CUT,KEEP,WHOLE_CUT_TITLE:prsut,FAIL,NITRITE_WITHOUT_SAFETY_NOTE;PUBLIC_OR_META_INTERNAL_TEXT_HIT,A_PUBLIC_BLOCKED
2723,Crnogorska Kastradina,https://drycured.com/recepti-baza/crnogorska-kastradina/,publish,GROUND_MEAT_OR_CASING,high,6,2,0,2,1,1,1,1,0,1,1,1,1,1,1,0,0,1,1,1,200,,TYPE_PASS_PUBLIC_TEXT_BLOCKED,FAIL,PUBLIC_OR_META_INTERNAL_TEXT_HIT,GROUND_MEAT_OR_CASING,KEEP,,FAIL,PUBLIC_OR_META_INTERNAL_TEXT_HIT,A_PUBLIC_BLOCKED
2724,PRINSKORV (ŠVEDSKE TANKE DIMLJENE KOBASICE),https://drycured.com/recepti-baza/prinskorv-svedske-tanke-dimljene-kobasice/,publish,GROUND_MEAT_OR_CASING,high,8,1,2,0,1,1,1,1,1,1,1,1,1,1,1,1,0,1,1,1,200,,TYPE_PASS_PUBLIC_TEXT_BLOCKED,FAIL,NITRITE_WITHOUT_SAFETY_NOTE;PUBLIC_OR_META_INTERNAL_TEXT_HIT,GROUND_MEAT_OR_CASING,KEEP,,FAIL,NITRITE_WITHOUT_SAFETY_NOTE;PUBLIC_OR_META_INTERNAL_TEXT_HIT,A_PUBLIC_BLOCKED
2725,FLÄSKLÄGG (DIMLJENA SVINJSKA KOLJENICA),https://drycured.com/recepti-baza/flasklagg-dimljena-svinjska-koljenica/,publish,GROUND_MEAT_OR_CASING,high,7,2,1,2,1,1,1,1,1,1,1,1,1,1,1,1,0,1,1,1,200,,TYPE_PASS_PUBLIC_TEXT_BLOCKED,FAIL,NITRITE_WITHOUT_SAFETY_NOTE;PUBLIC_OR_META_INTERNAL_TEXT_HIT,GROUND_MEAT_OR_CASING,KEEP,,FAIL,NITRITE_WITHOUT_SAFETY_NOTE;PUBLIC_OR_META_INTERNAL_TEXT_HIT,A_PUBLIC_BLOCKED
2726,ÖLÄNDSK GETKORV (ÖLANDSKA KOZJA KOBASICA),https://drycured.com/recepti-baza/olandsk-getkorv-olandska-kozja-kobasica/,publish,GROUND_MEAT_OR_CASING,high,8,2,1,0,1,1,1,1,1,1,1,1,1,1,1,1,0,1,1,1,200,,TYPE_PASS_PUBLIC_TEXT_BLOCKED,FAIL,NITRITE_WITHOUT_SAFETY_NOTE;PUBLIC_OR_META_INTERNAL_TEXT_HIT,GROUND_MEAT_OR_CASING,KEEP,,FAIL,NITRITE_WITHOUT_SAFETY_NOTE;PUBLIC_OR_META_INTERNAL_TEXT_HIT,A_PUBLIC_BLOCKED
2727,KRONOBERGSKORV (KRONOBERGŠKA KOBASICA),https://drycured.com/recepti-baza/kronobergskorv-kronobergska-kobasica/,publish,GROUND_MEAT_OR_CASING,high,8,1,2,0,1,1,1,1,1,1,1,1,1,1,1,1,0,1,1,1,200,,TYPE_PASS_PUBLIC_TEXT_BLOCKED,FAIL,NITRITE_WITHOUT_SAFETY_NOTE;PUBLIC_OR_META_INTERNAL_TEXT_HIT,GROUND_MEAT_OR_CASING,KEEP,,FAIL,NITRITE_WITHOUT_SAFETY_NOTE;PUBLIC_OR_META_INTERNAL_TEXT_HIT,A_PUBLIC_BLOCKED
2728,VÄRMLANDSKORV (VÄRMLANDSKA DIMLJENA KOBASICA),https://drycured.com/recepti-baza/varmlandskorv-varmlandska-dimljena-kobasica/,publish,GROUND_MEAT_OR_CASING,high,8,1,1,0,1,1,1,1,1,1,1,1,1,1,1,1,0,1,1,1,200,,TYPE_PASS_PUBLIC_TEXT_BLOCKED,FAIL,NITRITE_WITHOUT_SAFETY_NOTE;PUBLIC_OR_META_INTERNAL_TEXT_HIT,GROUND_MEAT_OR_CASING,KEEP,,FAIL,NITRITE_WITHOUT_SAFETY_NOTE;PUBLIC_OR_META_INTERNAL_TEXT_HIT,A_PUBLIC_BLOCKED
2729,FALUKORV (TRADICIONALNA ŠVEDSKA KOBASICA),https://drycured.com/recepti-baza/falukorv-tradicionalna-svedska-kobasica/,publish,GROUND_MEAT_OR_CASING,high,8,2,1,0,1,1,1,1,1,1,1,1,1,1,1,1,0,1,1,1,200,,TYPE_PASS_PUBLIC_TEXT_BLOCKED,FAIL,NITRITE_WITHOUT_SAFETY_NOTE;PUBLIC_OR_META_INTERNAL_TEXT_HIT,GROUND_MEAT_OR_CASING,KEEP,,FAIL,NITRITE_WITHOUT_SAFETY_NOTE;PUBLIC_OR_META_INTERNAL_TEXT_HIT,A_PUBLIC_BLOCKED
2730,GRAVAD LAX (ŠVEDSKI GRAVLJENI LOSOS),https://drycured.com/recepti-baza/gravad-lax-svedski-gravljeni-losos/,publish,GROUND_MEAT_OR_CASING,high,6,1,0,4,1,1,1,1,0,1,1,1,1,1,1,0,0,1,1,1,200,,TYPE_PASS_PUBLIC_TEXT_BLOCKED,FAIL,PUBLIC_OR_META_INTERNAL_TEXT_HIT,FISH_OR_SEAFOOD,RECLASSIFY,FISH_TITLE:losos,FAIL,PUBLIC_OR_META_INTERNAL_TEXT_HIT,A_PUBLIC_BLOCKED
2731,JULSKINKA (ŠVEDSKA BOŽIĆNA ŠUNKA),https://drycured.com/?post_type=dry_recipe&p=2731,draft,WHOLE_CUT,medium,2,3,1,0,0,0,0,1,1,0,0,0,0,1,0,0,0,0,0,0,,,TYPE_PASS_MISSING_FIELDS,FAIL,PHASE_MISSING_TIME_OR_PARAMS,WHOLE_CUT,KEEP,WHOLE_CUT_TITLE:sunka,FAIL,PHASE_MISSING_TIME_OR_PARAMS,C_NONPUBLIC_BLOCKED
2732,ISTERBAND (ŠVEDSKA FERMENTIRANA KOBASICA),https://drycured.com/recepti-baza/isterband-svedska-fermentirana-kobasica/,publish,GROUND_MEAT_OR_CASING,high,8,2,2,0,1,1,1,1,1,1,1,1,1,1,1,1,0,1,1,1,200,,TYPE_PASS_PUBLIC_TEXT_BLOCKED,FAIL,NITRITE_WITHOUT_SAFETY_NOTE;PUBLIC_OR_META_INTERNAL_TEXT_HIT,GROUND_MEAT_OR_CASING,KEEP,,FAIL,NITRITE_WITHOUT_SAFETY_NOTE;PUBLIC_OR_META_INTERNAL_TEXT_HIT,A_PUBLIC_BLOCKED
2733,SPICKESKINKA (ŠVEDSKA SUHA ŠUNKA),https://drycured.com/recepti-baza/spickeskinka-svedska-suha-sunka/,publish,WHOLE_CUT,high,5,8,0,2,0,1,1,1,0,1,1,1,1,1,1,1,0,1,1,1,200,,TYPE_PASS_PUBLIC_TEXT_BLOCKED,FAIL,NITRITE_WITHOUT_SAFETY_NOTE;PUBLIC_OR_META_INTERNAL_TEXT_HIT,WHOLE_CUT,KEEP,WHOLE_CUT_TITLE:sunka,FAIL,NITRITE_WITHOUT_SAFETY_NOTE;PUBLIC_OR_META_INTERNAL_TEXT_HIT,A_PUBLIC_BLOCKED
2734,ENGADINER HATECLETT (SUŠENI KOZJI BUT),https://drycured.com/?post_type=dry_recipe&p=2734,draft,NEEDS_CLASSIFICATION,none,1,0,0,0,0,0,0,0,0,0,0,0,1,1,0,0,0,0,0,0,,,NEEDS_CLASSIFICATION,FAIL,NEEDS_CLASSIFICATION;PHASE_MISSING_TIME_OR_PARAMS,NEEDS_CLASSIFICATION,KEEP,,FAIL,NEEDS_CLASSIFICATION;PHASE_MISSING_TIME_OR_PARAMS,C_NONPUBLIC_BLOCKED
2735,Privatno: BASLER LÄBERLI (SUHA JETRENA KOBASICA IZ BASELA),https://drycured.com/?post_type=dry_recipe&p=2735,private,GROUND_MEAT_OR_CASING,high,9,2,4,2,1,0,1,1,1,1,1,1,1,1,1,1,0,0,1,1,,,TYPE_PASS_MISSING_FIELDS,FAIL,GROUND_MISSING_FAT_HANDLING;NITRITE_WITHOUT_SAFETY_NOTE,GROUND_MEAT_OR_CASING,KEEP,,FAIL,GROUND_MISSING_FAT_HANDLING;NITRITE_WITHOUT_SAFETY_NOTE,C_NONPUBLIC_BLOCKED
2736,GLARNER KALBERWURST (TELEĆA KOBASICA IZ GLARUSA),https://drycured.com/recepti-baza/glarner-kalberwurst-teleca-kobasica-iz-glarusa/,publish,GROUND_MEAT_OR_CASING,high,9,3,1,2,1,1,1,1,1,1,1,1,1,1,1,1,0,1,1,1,200,,TYPE_PASS_PUBLIC_TEXT_BLOCKED,FAIL,NITRITE_WITHOUT_SAFETY_NOTE;PUBLIC_OR_META_INTERNAL_TEXT_HIT,GROUND_MEAT_OR_CASING,KEEP,,FAIL,NITRITE_WITHOUT_SAFETY_NOTE;PUBLIC_OR_META_INTERNAL_TEXT_HIT,A_PUBLIC_BLOCKED
2737,CHURER SALSIZ (DIVLJAČKA KOBASICA IZ CHURA),https://drycured.com/recepti-baza/churer-salsiz-divljacka-kobasica-iz-chura/,publish,GROUND_MEAT_OR_CASING,high,8,2,1,2,1,1,1,1,1,1,1,1,1,1,1,1,0,1,1,1,200,,TYPE_PASS_PUBLIC_TEXT_BLOCKED,FAIL,NITRITE_WITHOUT_SAFETY_NOTE;PUBLIC_OR_META_INTERNAL_TEXT_HIT,GROUND_MEAT_OR_CASING,KEEP,,FAIL,NITRITE_WITHOUT_SAFETY_NOTE;PUBLIC_OR_META_INTERNAL_TEXT_HIT,A_PUBLIC_BLOCKED
2738,Privatno: TESSINER LUGANIGHETTA (SVJEŽA KOBASICA IZ TICINA),https://drycured.com/?post_type=dry_recipe&p=2738,private,GROUND_MEAT_OR_CASING,high,8,3,1,2,1,1,1,1,1,1,1,1,1,1,1,1,0,0,1,1,,,TYPE_PASS_MISSING_FIELDS,FAIL,NITRITE_WITHOUT_SAFETY_NOTE,GROUND_MEAT_OR_CASING,KEEP,,FAIL,NITRITE_WITHOUT_SAFETY_NOTE,C_NONPUBLIC_BLOCKED
2739,ZUGER HIRSCHTROCKENWURST (KOBASICA OD JELENA IZ ZUGA),https://drycured.com/?post_type=dry_recipe&p=2739,draft,GROUND_MEAT_OR_CASING,medium,3,2,0,0,1,0,1,0,0,0,0,0,1,1,0,0,0,0,0,0,,,TYPE_PASS_MISSING_FIELDS,FAIL,GROUND_MISSING_FAT_HANDLING;PHASE_MISSING_TIME_OR_PARAMS,GROUND_MEAT_OR_CASING,KEEP,,FAIL,GROUND_MISSING_FAT_HANDLING;PHASE_MISSING_TIME_OR_PARAMS,C_NONPUBLIC_BLOCKED
2740,SCHAFFHAUSER SCHÜBLIG (DIMLJENA GOVEĐA KOBASICA),https://drycured.com/?post_type=dry_recipe&p=2740,draft,GROUND_MEAT_OR_CASING,medium,3,1,1,0,1,0,1,0,1,0,1,1,1,1,0,0,0,0,0,0,,,TYPE_PASS_MISSING_FIELDS,FAIL,GROUND_MISSING_FAT_HANDLING;PHASE_MISSING_TIME_OR_PARAMS,GROUND_MEAT_OR_CASING,KEEP,,FAIL,GROUND_MISSING_FAT_HANDLING;PHASE_MISSING_TIME_OR_PARAMS,C_NONPUBLIC_BLOCKED
2741,AARGAUER RÜEBLIWURST (MESNATA KOBASICA S MRKVOM),https://drycured.com/recepti-baza/aargauer-ruebliwurst-mesnata-kobasica-s-mrkvom/,publish,GROUND_MEAT_OR_CASING,high,8,3,2,2,1,1,1,1,1,1,1,1,1,1,1,1,0,1,1,1,200,,TYPE_PASS_PUBLIC_TEXT_BLOCKED,FAIL,NITRITE_WITHOUT_SAFETY_NOTE;PUBLIC_OR_META_INTERNAL_TEXT_HIT,GROUND_MEAT_OR_CASING,KEEP,,FAIL,NITRITE_WITHOUT_SAFETY_NOTE;PUBLIC_OR_META_INTERNAL_TEXT_HIT,A_PUBLIC_BLOCKED
2742,BÜNDNERFLEISCH (GRAUBÜNDENSKI SUŠENI GOVEĐI BUT),https://drycured.com/?post_type=dry_recipe&p=2742,draft,NEEDS_CLASSIFICATION,none,1,1,0,0,0,0,0,0,0,0,0,1,1,1,0,0,0,0,0,0,,,NEEDS_CLASSIFICATION,FAIL,NEEDS_CLASSIFICATION;PHASE_MISSING_TIME_OR_PARAMS,NEEDS_CLASSIFICATION,KEEP,,FAIL,NEEDS_CLASSIFICATION;PHASE_MISSING_TIME_OR_PARAMS,C_NONPUBLIC_BLOCKED
2743,APPENZELLER MOSTBRÖCKLI (DIMLJENA GOVEDINA),https://drycured.com/?post_type=dry_recipe&p=2743,pending,NEEDS_CLASSIFICATION,none,1,0,0,0,0,0,0,0,0,0,0,1,1,1,0,0,0,0,1,0,,,NEEDS_CLASSIFICATION,FAIL,NEEDS_CLASSIFICATION;PHASE_MISSING_TIME_OR_PARAMS;PROBLEM_WITHOUT_SOLUTION_SIGNAL,NEEDS_CLASSIFICATION,KEEP,,FAIL,NEEDS_CLASSIFICATION;PHASE_MISSING_TIME_OR_PARAMS;PROBLEM_WITHOUT_SOLUTION_SIGNAL,C_NONPUBLIC_BLOCKED
2744,WALLISER TROCKENFLEISCH (SUŠENA GOVEDINA IZ VALAISA),https://drycured.com/recepti-baza/walliser-trockenfleisch-susena-govedina-iz-valaisa/,publish,NEEDS_CLASSIFICATION,low,5,5,0,1,0,1,1,1,0,1,1,1,1,1,1,1,0,1,1,1,200,,NEEDS_CLASSIFICATION,FAIL,NEEDS_CLASSIFICATION;NITRITE_WITHOUT_SAFETY_NOTE;PUBLIC_OR_META_INTERNAL_TEXT_HIT,NEEDS_CLASSIFICATION,KEEP,,FAIL,NEEDS_CLASSIFICATION;NITRITE_WITHOUT_SAFETY_NOTE;PUBLIC_OR_META_INTERNAL_TEXT_HIT,A_PUBLIC_BLOCKED
2745,SALSIZ (ALPSKA SUHA KOBASICA),https://drycured.com/recepti-baza/salsiz-alpska-suha-kobasica/,publish,GROUND_MEAT_OR_CASING,high,8,2,1,2,1,1,1,1,1,1,1,1,1,1,1,1,0,1,1,1,200,,TYPE_PASS_PUBLIC_TEXT_BLOCKED,FAIL,NITRITE_WITHOUT_SAFETY_NOTE;PUBLIC_OR_META_INTERNAL_TEXT_HIT,GROUND_MEAT_OR_CASING,KEEP,,FAIL,NITRITE_WITHOUT_SAFETY_NOTE;PUBLIC_OR_META_INTERNAL_TEXT_HIT,A_PUBLIC_BLOCKED
2746,CULATELLO DI ZIBELLO,https://drycured.com/recepti-baza/culatello-di-zibello/,publish,GROUND_MEAT_OR_CASING,high,6,1,0,2,1,1,1,1,0,1,1,1,1,1,1,1,0,1,1,1,200,,TYPE_PASS_PUBLIC_TEXT_BLOCKED,FAIL,NITRITE_WITHOUT_SAFETY_NOTE;PUBLIC_OR_META_INTERNAL_TEXT_HIT,GROUND_MEAT_OR_CASING,KEEP,,FAIL,NITRITE_WITHOUT_SAFETY_NOTE;PUBLIC_OR_META_INTERNAL_TEXT_HIT,A_PUBLIC_BLOCKED
2747,LONZINO (LOMBO),https://drycured.com/recepti-baza/lonzino-lombo/,publish,GROUND_MEAT_OR_CASING,high,7,3,0,2,1,1,1,1,0,1,1,1,1,1,1,1,0,1,1,1,200,,TYPE_PASS_PUBLIC_TEXT_BLOCKED,FAIL,NITRITE_WITHOUT_SAFETY_NOTE;PUBLIC_OR_META_INTERNAL_TEXT_HIT,GROUND_MEAT_OR_CASING,KEEP,,FAIL,NITRITE_WITHOUT_SAFETY_NOTE;PUBLIC_OR_META_INTERNAL_TEXT_HIT,A_PUBLIC_BLOCKED
2748,Napomena o posebnosti Lorne kobasice,https://drycured.com/?post_type=dry_recipe&p=2748,pending,NEEDS_CLASSIFICATION,none,1,0,0,0,0,0,0,0,0,0,0,0,1,1,0,0,0,0,0,0,,,NEEDS_CLASSIFICATION,FAIL,NEEDS_CLASSIFICATION;PHASE_MISSING_TIME_OR_PARAMS,GROUND_MEAT_OR_CASING,RECLASSIFY,GROUND_TITLE:kobasice,FAIL,NEEDS_CLASSIFICATION;PHASE_MISSING_TIME_OR_PARAMS;GROUND_MISSING_GRANULATION;GROUND_MISSING_FAT_HANDLING;GROUND_MISSING_CASING,C_NONPUBLIC_BLOCKED
2749,? Savjeti za konzumaciju:,https://drycured.com/?post_type=dry_recipe&p=2749,pending,NEEDS_CLASSIFICATION,none,0,0,0,0,0,0,0,0,0,0,0,0,0,1,0,0,0,0,0,0,,,NEEDS_CLASSIFICATION,FAIL,NEEDS_CLASSIFICATION;PHASE_MISSING_TIME_OR_PARAMS,NEEDS_CLASSIFICATION,KEEP,,FAIL,NEEDS_CLASSIFICATION;PHASE_MISSING_TIME_OR_PARAMS,C_NONPUBLIC_BLOCKED
2750,Herzegovina Livanjska Devenica,https://drycured.com/?post_type=dry_recipe&p=2750,pending,GROUND_MEAT_OR_CASING,low,2,0,0,0,0,0,1,0,0,0,0,1,1,1,1,0,0,0,0,0,,,TYPE_CONFLICT_NEEDS_REVIEW,FAIL,GROUND_MISSING_GRANULATION;GROUND_MISSING_FAT_HANDLING,GROUND_MEAT_OR_CASING,KEEP,,FAIL,GROUND_MISSING_GRANULATION;GROUND_MISSING_FAT_HANDLING,C_NONPUBLIC_BLOCKED
2751,Tuzlanski Švargli,https://drycured.com/?post_type=dry_recipe&p=2751,pending,THERMAL_PROCESSED,medium,1,1,3,0,0,0,1,0,1,0,0,1,1,1,1,0,0,0,0,0,,,TYPE_PASS_MISSING_FIELDS,FAIL,THERMAL_MISSING_TEMP_OR_DURATION,THERMAL_PROCESSED,KEEP,,FAIL,THERMAL_MISSING_TEMP_OR_DURATION,C_NONPUBLIC_BLOCKED
2752,Zeleni Burek Kobasica (Specifičnost Cazinske doline),https://drycured.com/?post_type=dry_recipe&p=2752,pending,NEEDS_CLASSIFICATION,none,1,0,0,0,0,0,0,0,0,0,0,0,1,1,1,0,0,0,0,0,,,NEEDS_CLASSIFICATION,FAIL,NEEDS_CLASSIFICATION,GROUND_MEAT_OR_CASING,RECLASSIFY,GROUND_TITLE:kobasica,FAIL,NEEDS_CLASSIFICATION;GROUND_MISSING_GRANULATION;GROUND_MISSING_FAT_HANDLING;GROUND_MISSING_CASING,C_NONPUBLIC_BLOCKED
2753,Mostarsko Zrno &#8211; Unikatna Mesna Kombinacija,https://drycured.com/?post_type=dry_recipe&p=2753,pending,NEEDS_CLASSIFICATION,none,0,0,0,0,0,0,0,0,0,0,0,0,1,1,1,0,0,0,0,0,,,NEEDS_CLASSIFICATION,FAIL,NEEDS_CLASSIFICATION,NEEDS_CLASSIFICATION,KEEP,,FAIL,NEEDS_CLASSIFICATION,C_NONPUBLIC_BLOCKED
2754,Regije i Status Istraživanja,https://drycured.com/?post_type=dry_recipe&p=2754,pending,NEEDS_CLASSIFICATION,none,0,0,0,0,0,0,0,0,0,0,0,0,1,1,0,0,0,0,0,0,,,NEEDS_CLASSIFICATION,FAIL,NEEDS_CLASSIFICATION;PHASE_MISSING_TIME_OR_PARAMS,NEEDS_CLASSIFICATION,KEEP,,FAIL,NEEDS_CLASSIFICATION;PHASE_MISSING_TIME_OR_PARAMS,C_NONPUBLIC_BLOCKED
2755,Metodologija Istraživanja,https://drycured.com/?post_type=dry_recipe&p=2755,pending,NEEDS_CLASSIFICATION,none,0,0,0,0,0,0,0,0,0,0,0,0,1,1,0,0,0,0,0,0,,,NEEDS_CLASSIFICATION,FAIL,NEEDS_CLASSIFICATION;PHASE_MISSING_TIME_OR_PARAMS,NEEDS_CLASSIFICATION,KEEP,,FAIL,NEEDS_CLASSIFICATION;PHASE_MISSING_TIME_OR_PARAMS,C_NONPUBLIC_BLOCKED
2756,Ciljevi Projekta,https://drycured.com/?post_type=dry_recipe&p=2756,pending,NEEDS_CLASSIFICATION,none,0,0,0,0,0,0,0,0,0,0,0,0,1,1,0,0,0,0,0,0,,,NEEDS_CLASSIFICATION,FAIL,NEEDS_CLASSIFICATION;PHASE_MISSING_TIME_OR_PARAMS,NEEDS_CLASSIFICATION,KEEP,,FAIL,NEEDS_CLASSIFICATION;PHASE_MISSING_TIME_OR_PARAMS,C_NONPUBLIC_BLOCKED
2757,Kontakt i Suradnja,https://drycured.com/?post_type=dry_recipe&p=2757,pending,NEEDS_CLASSIFICATION,none,0,0,0,0,0,0,0,0,0,0,0,0,1,1,0,0,0,0,0,0,,,NEEDS_CLASSIFICATION,FAIL,NEEDS_CLASSIFICATION;PHASE_MISSING_TIME_OR_PARAMS,NEEDS_CLASSIFICATION,KEEP,,FAIL,NEEDS_CLASSIFICATION;PHASE_MISSING_TIME_OR_PARAMS,C_NONPUBLIC_BLOCKED
2758,Polendvytsia (Полендвиця) &#8211; Sušeni svinjski file,https://drycured.com/?post_type=dry_recipe&p=2758,draft,NEEDS_CLASSIFICATION,none,1,1,0,0,0,0,0,0,0,0,1,1,1,1,1,0,0,0,0,0,,,NEEDS_CLASSIFICATION,FAIL,NEEDS_CLASSIFICATION,NEEDS_CLASSIFICATION,KEEP,,FAIL,NEEDS_CLASSIFICATION,C_NONPUBLIC_BLOCKED
2759,Pashtetna (Паштетна) &#8211; Pečena mesna pašteta,https://drycured.com/?post_type=dry_recipe&p=2759,draft,THERMAL_PROCESSED,low,1,0,2,0,0,0,0,0,1,0,0,0,1,1,1,0,0,0,0,0,,,TYPE_CONFLICT_NEEDS_REVIEW,FAIL,THERMAL_MISSING_TEMP_OR_DURATION,THERMAL_PROCESSED,KEEP,THERMAL_TITLE:pasteta,FAIL,THERMAL_MISSING_TEMP_OR_DURATION,C_NONPUBLIC_BLOCKED
2760,Miasnyi Khlib (М&#8217;ясний хліб) &#8211; Mesni kruh,https://drycured.com/?post_type=dry_recipe&p=2760,draft,NEEDS_CLASSIFICATION,none,1,1,0,0,0,0,0,0,0,0,0,1,1,1,1,0,0,0,0,0,,,NEEDS_CLASSIFICATION,FAIL,NEEDS_CLASSIFICATION,NEEDS_CLASSIFICATION,KEEP,,FAIL,NEEDS_CLASSIFICATION,C_NONPUBLIC_BLOCKED
2761,Dimlenyi Yazyk (Димлений язик) &#8211; Dimljeni goveđi jezik,https://drycured.com/?post_type=dry_recipe&p=2761,draft,NEEDS_CLASSIFICATION,none,0,1,1,0,0,0,0,0,1,0,0,1,1,1,0,0,0,0,0,0,,,NEEDS_CLASSIFICATION,FAIL,NEEDS_CLASSIFICATION;PHASE_MISSING_TIME_OR_PARAMS,NEEDS_CLASSIFICATION,KEEP,,FAIL,NEEDS_CLASSIFICATION;PHASE_MISSING_TIME_OR_PARAMS,C_NONPUBLIC_BLOCKED
2762,Salo (Сало) &#8211; Ukrajinska slanina,https://drycured.com/?post_type=dry_recipe&p=2762,draft,NEEDS_CLASSIFICATION,none,1,1,0,0,0,0,0,0,0,0,0,1,1,1,1,0,0,0,0,0,,,NEEDS_CLASSIFICATION,FAIL,NEEDS_CLASSIFICATION,WHOLE_CUT,RECLASSIFY,WHOLE_CUT_TITLE:slanina,FAIL,NEEDS_CLASSIFICATION;WHOLE_CUT_MISSING_CURE_OR_BRINE,C_NONPUBLIC_BLOCKED
2763,Domašnja Kovbasa (Домашня ковбаса) &#8211; Domaća kobasica,https://drycured.com/?post_type=dry_recipe&p=2763,draft,GROUND_MEAT_OR_CASING,medium,3,0,0,0,0,0,1,0,0,0,1,1,1,1,1,0,0,0,0,0,,,TYPE_PASS_MISSING_FIELDS,FAIL,GROUND_MISSING_GRANULATION;GROUND_MISSING_FAT_HANDLING,GROUND_MEAT_OR_CASING,KEEP,,FAIL,GROUND_MISSING_GRANULATION;GROUND_MISSING_FAT_HANDLING,C_NONPUBLIC_BLOCKED
2764,Buženina (Буженина) &#8211; Pečena i sušena svinjetina,https://drycured.com/?post_type=dry_recipe&p=2764,draft,THERMAL_PROCESSED,low,1,0,2,0,0,0,0,0,1,0,1,0,1,1,1,0,0,0,0,0,,,TYPE_CONFLICT_NEEDS_REVIEW,FAIL,THERMAL_MISSING_TEMP_OR_DURATION,THERMAL_PROCESSED,KEEP,,FAIL,THERMAL_MISSING_TEMP_OR_DURATION,C_NONPUBLIC_BLOCKED
2765,Kholodets (Холодець) &#8211; Hladetina od mesa,https://drycured.com/?post_type=dry_recipe&p=2765,draft,NEEDS_CLASSIFICATION,none,0,0,1,0,0,0,0,0,1,0,0,0,0,1,1,0,0,0,0,0,,,NEEDS_CLASSIFICATION,FAIL,NEEDS_CLASSIFICATION,THERMAL_PROCESSED,RECLASSIFY,THERMAL_TITLE:hladetina,FAIL,NEEDS_CLASSIFICATION;THERMAL_MISSING_TEMP_OR_DURATION,C_NONPUBLIC_BLOCKED
2766,Solonina (Солонина) &#8211; Salamurena govedina,https://drycured.com/?post_type=dry_recipe&p=2766,draft,NEEDS_CLASSIFICATION,none,1,1,0,0,0,0,0,1,0,0,0,1,1,1,1,0,0,0,0,0,,,NEEDS_CLASSIFICATION,FAIL,NEEDS_CLASSIFICATION,NEEDS_CLASSIFICATION,KEEP,,FAIL,NEEDS_CLASSIFICATION,C_NONPUBLIC_BLOCKED
2767,Geografski i klimatski kontekst,https://drycured.com/?post_type=dry_recipe&p=2767,pending,NEEDS_CLASSIFICATION,none,0,0,0,0,0,0,0,0,0,0,0,0,1,1,0,0,0,0,0,0,,,NEEDS_CLASSIFICATION,FAIL,NEEDS_CLASSIFICATION;PHASE_MISSING_TIME_OR_PARAMS,NEEDS_CLASSIFICATION,KEEP,,FAIL,NEEDS_CLASSIFICATION;PHASE_MISSING_TIME_OR_PARAMS,C_NONPUBLIC_BLOCKED
2768,Najznačajniji suhomesnati proizvodi,https://drycured.com/?post_type=dry_recipe&p=2768,pending,NEEDS_CLASSIFICATION,none,0,0,0,0,0,0,0,0,0,0,0,1,1,1,0,0,0,0,0,0,,,NEEDS_CLASSIFICATION,FAIL,NEEDS_CLASSIFICATION;PHASE_MISSING_TIME_OR_PARAMS,NEEDS_CLASSIFICATION,KEEP,,FAIL,NEEDS_CLASSIFICATION;PHASE_MISSING_TIME_OR_PARAMS,C_NONPUBLIC_BLOCKED
2769,Kulturni značaj,https://drycured.com/?post_type=dry_recipe&p=2769,pending,NEEDS_CLASSIFICATION,none,0,0,0,0,0,0,0,0,0,0,0,0,1,1,0,0,0,0,0,0,,,NEEDS_CLASSIFICATION,FAIL,NEEDS_CLASSIFICATION;PHASE_MISSING_TIME_OR_PARAMS,NEEDS_CLASSIFICATION,KEEP,,FAIL,NEEDS_CLASSIFICATION;PHASE_MISSING_TIME_OR_PARAMS,C_NONPUBLIC_BLOCKED
2770,Izazovi i budućnost,https://drycured.com/?post_type=dry_recipe&p=2770,pending,NEEDS_CLASSIFICATION,none,0,0,0,0,0,0,0,0,0,0,0,0,1,1,0,0,0,0,0,0,,,NEEDS_CLASSIFICATION,FAIL,NEEDS_CLASSIFICATION;PHASE_MISSING_TIME_OR_PARAMS,NEEDS_CLASSIFICATION,KEEP,,FAIL,NEEDS_CLASSIFICATION;PHASE_MISSING_TIME_OR_PARAMS,C_NONPUBLIC_BLOCKED
2771,Zaključak,https://drycured.com/?post_type=dry_recipe&p=2771,pending,NEEDS_CLASSIFICATION,none,0,0,0,0,0,0,0,0,0,0,0,0,1,1,0,0,0,0,0,0,,,NEEDS_CLASSIFICATION,FAIL,NEEDS_CLASSIFICATION;PHASE_MISSING_TIME_OR_PARAMS,NEEDS_CLASSIFICATION,KEEP,,FAIL,NEEDS_CLASSIFICATION;PHASE_MISSING_TIME_OR_PARAMS,C_NONPUBLIC_BLOCKED
2772,Privatno: Pâté de Campagne (Seljački pašteta),https://drycured.com/?post_type=dry_recipe&p=2772,private,GROUND_MEAT_OR_CASING,high,8,2,6,2,1,1,1,1,1,1,1,1,1,1,1,0,0,0,1,1,,,TYPE_PASS_READY_FOR_SOURCE_DOSSIER,PASS,,THERMAL_PROCESSED,RECLASSIFY,"THERMAL_TITLE:pate,pasteta",PASS,,D_NONPUBLIC_REVIEW_READY
2773,Privatno: Boudin Noir (Krvavica),https://drycured.com/?post_type=dry_recipe&p=2773,private,GROUND_MEAT_OR_CASING,high,8,2,4,0,1,1,1,1,1,1,1,1,1,1,1,0,0,0,1,1,,,TYPE_PASS_READY_FOR_SOURCE_DOSSIER,PASS,,THERMAL_PROCESSED,RECLASSIFY,THERMAL_TITLE:krvavica,PASS,,D_NONPUBLIC_REVIEW_READY
2774,Jambon Persillé (Šunka u želeu s peršinom),https://drycured.com/recepti-baza/jambon-persille-sunka-u-zeleu-s-persinom/,publish,WHOLE_CUT,high,5,10,1,0,0,1,1,1,1,1,1,1,1,1,1,0,0,1,1,1,200,,TYPE_PASS_PUBLIC_TEXT_BLOCKED,FAIL,PUBLIC_OR_META_INTERNAL_TEXT_HIT,WHOLE_CUT,KEEP,"WHOLE_CUT_TITLE:sunka,jambon",FAIL,PUBLIC_OR_META_INTERNAL_TEXT_HIT,A_PUBLIC_BLOCKED
2775,Cervelas de Lyon (Lionska kobasica),https://drycured.com/?post_type=dry_recipe&p=2775,pending,GROUND_MEAT_OR_CASING,medium,4,0,1,0,1,1,1,0,1,1,1,1,1,1,1,1,0,0,0,0,,,TYPE_PASS_MISSING_FIELDS,FAIL,NITRITE_WITHOUT_SAFETY_NOTE,GROUND_MEAT_OR_CASING,KEEP,,FAIL,NITRITE_WITHOUT_SAFETY_NOTE,C_NONPUBLIC_BLOCKED
2776,Privatno: Kepeninė dešra (Litavska jetrena kobasica),https://drycured.com/?post_type=dry_recipe&p=2776,private,GROUND_MEAT_OR_CASING,high,7,1,4,0,1,1,1,1,1,1,1,1,1,1,1,0,0,0,1,1,,,TYPE_PASS_READY_FOR_SOURCE_DOSSIER,PASS,,GROUND_MEAT_OR_CASING,KEEP,,PASS,,D_NONPUBLIC_REVIEW_READY
2777,Privatno: Kulen iz Požeške doline &#8211; Specijalna varijanta s divljim začinima,https://drycured.com/?post_type=dry_recipe&p=2777,private,GROUND_MEAT_OR_CASING,high,9,1,5,0,1,0,1,1,1,1,1,1,1,1,1,0,0,0,1,1,,,TYPE_PASS_MISSING_FIELDS,FAIL,GROUND_MISSING_FAT_HANDLING,GROUND_MEAT_OR_CASING,KEEP,,FAIL,GROUND_MISSING_FAT_HANDLING,C_NONPUBLIC_BLOCKED
2778,Čvarci s Papuka &#8211; Planinski recept,https://drycured.com/recepti-baza/cvarci-s-papuka-planinski-recept/,publish,GROUND_MEAT_OR_CASING,high,6,1,0,2,1,1,1,1,0,1,1,1,1,1,1,0,0,1,1,1,200,,TYPE_PASS_PUBLIC_TEXT_BLOCKED,FAIL,PUBLIC_OR_META_INTERNAL_TEXT_HIT,GROUND_MEAT_OR_CASING,KEEP,,FAIL,PUBLIC_OR_META_INTERNAL_TEXT_HIT,A_PUBLIC_BLOCKED
2779,Slavonski cviček (suhomesnati narez),https://drycured.com/recepti-baza/slavonski-cvicek-suhomesnati-narez/,publish,GROUND_MEAT_OR_CASING,high,6,1,0,0,1,1,1,1,0,1,1,1,1,1,1,0,0,1,1,1,200,,TYPE_PASS_PUBLIC_TEXT_BLOCKED,FAIL,PUBLIC_OR_META_INTERNAL_TEXT_HIT,GROUND_MEAT_OR_CASING,KEEP,,FAIL,PUBLIC_OR_META_INTERNAL_TEXT_HIT,A_PUBLIC_BLOCKED
2780,Slavonski pikantni vrat,https://drycured.com/recepti-baza/slavonski-pikantni-vrat/,publish,GROUND_MEAT_OR_CASING,high,6,5,0,0,1,1,1,1,0,1,1,1,1,1,1,0,0,0,1,1,200,,TYPE_PASS_READY_FOR_SOURCE_DOSSIER,PASS,,WHOLE_CUT,RECLASSIFY,CALIBRATION_ACCEPTED:TITLE_WHOLE_CUT_SIGNAL:vrat,PASS,,B_PUBLIC_REVIEW_READY
2781,Esencijalni slavonski sušeni vrat s divljim začinima,https://drycured.com/recepti-baza/esencijalni-slavonski-suseni-vrat-s-divljim-zacinima/,publish,GROUND_MEAT_OR_CASING,high,6,5,0,0,1,1,1,1,0,1,1,1,1,1,1,0,0,0,1,1,200,,TYPE_PASS_READY_FOR_SOURCE_DOSSIER,PASS,,WHOLE_CUT,RECLASSIFY,WHOLE_CUT_TITLE:suseni vrat,PASS,,B_PUBLIC_REVIEW_READY
2782,Coppa Piacentina &#8211; Piacentinska Coppa,https://drycured.com/?post_type=dry_recipe&p=2782,pending,WHOLE_CUT,medium,1,3,0,0,0,0,0,1,0,1,1,0,1,1,1,0,0,0,1,0,,,TYPE_PASS_MISSING_FIELDS,FAIL,PROBLEM_WITHOUT_SOLUTION_SIGNAL,WHOLE_CUT,KEEP,WHOLE_CUT_TITLE:coppa,FAIL,PROBLEM_WITHOUT_SOLUTION_SIGNAL,C_NONPUBLIC_BLOCKED
2783,Nduja Calabrese &#8211; Kalabrijska Nduja,https://drycured.com/?post_type=dry_recipe&p=2783,draft,GROUND_MEAT_OR_CASING,low,2,1,0,0,0,1,1,0,0,1,1,0,1,1,1,0,0,0,0,0,,,TYPE_CONFLICT_NEEDS_REVIEW,FAIL,GROUND_MISSING_GRANULATION,GROUND_MEAT_OR_CASING,KEEP,,FAIL,GROUND_MISSING_GRANULATION,C_NONPUBLIC_BLOCKED
2784,Guanciale Romano &#8211; Rimski Guanciale,https://drycured.com/?post_type=dry_recipe&p=2784,draft,WHOLE_CUT,low,1,2,0,0,0,0,0,1,0,1,1,0,1,1,1,0,0,0,1,0,,,TYPE_CONFLICT_NEEDS_REVIEW,FAIL,PROBLEM_WITHOUT_SOLUTION_SIGNAL,WHOLE_CUT,KEEP,WHOLE_CUT_TITLE:guanciale,FAIL,PROBLEM_WITHOUT_SOLUTION_SIGNAL,C_NONPUBLIC_BLOCKED
2785,SALAME MILANO &#8211; MILANSKA SALAMA,https://drycured.com/?post_type=dry_recipe&p=2785,draft,GROUND_MEAT_OR_CASING,medium,3,1,0,0,0,1,1,0,0,0,1,0,1,1,0,0,0,0,0,0,,,TYPE_PASS_MISSING_FIELDS,FAIL,GROUND_MISSING_GRANULATION;PHASE_MISSING_TIME_OR_PARAMS,GROUND_MEAT_OR_CASING,KEEP,,FAIL,GROUND_MISSING_GRANULATION;PHASE_MISSING_TIME_OR_PARAMS,C_NONPUBLIC_BLOCKED
2786,COPPA (CAPOCOLLO) &#8211; TALIJANSKA VRATINA,https://drycured.com/?post_type=dry_recipe&p=2786,draft,NEEDS_CLASSIFICATION,low,3,3,0,0,0,0,1,1,0,0,0,0,1,1,1,0,0,0,0,0,,,NEEDS_CLASSIFICATION,FAIL,NEEDS_CLASSIFICATION,WHOLE_CUT,RECLASSIFY,"WHOLE_CUT_TITLE:coppa,capocollo,vratina",FAIL,NEEDS_CLASSIFICATION,C_NONPUBLIC_BLOCKED
2859,IstARSKA KOBASICA,https://drycured.com/?post_type=dry_recipe&p=2859,draft,GROUND_MEAT_OR_CASING,medium,3,2,0,1,0,1,1,0,0,0,0,1,1,1,1,0,0,0,0,1,,,TYPE_PASS_MISSING_FIELDS,FAIL,GROUND_MISSING_GRANULATION,GROUND_MEAT_OR_CASING,KEEP,,FAIL,GROUND_MISSING_GRANULATION,C_NONPUBLIC_BLOCKED
2860,Šokačka kobasica by Davor,https://drycured.com/?post_type=dry_recipe&p=2860,draft,GROUND_MEAT_OR_CASING,medium,3,2,0,1,0,1,1,0,0,0,0,1,1,1,1,0,0,0,0,1,,,TYPE_PASS_MISSING_FIELDS,FAIL,GROUND_MISSING_GRANULATION,GROUND_MEAT_OR_CASING,KEEP,,FAIL,GROUND_MISSING_GRANULATION,C_NONPUBLIC_BLOCKED
2972,Slavonski kulen (PDO EU),https://drycured.com/recepti-baza/hr-sl-001-slavonski-kulen-pdo-eu/,publish,GROUND_MEAT_OR_CASING,high,13,5,1,1,1,1,1,1,1,1,1,1,1,1,1,1,0,1,1,1,200,,TYPE_PASS_PUBLIC_TEXT_BLOCKED,FAIL,NITRITE_WITHOUT_SAFETY_NOTE;PUBLIC_OR_META_INTERNAL_TEXT_HIT,GROUND_MEAT_OR_CASING,KEEP,,FAIL,NITRITE_WITHOUT_SAFETY_NOTE;PUBLIC_OR_META_INTERNAL_TEXT_HIT,A_PUBLIC_BLOCKED
2973,Kulenova seka,https://drycured.com/recepti-baza/hr-sl-002-kulenova-seka/,publish,GROUND_MEAT_OR_CASING,high,9,4,0,0,1,1,1,1,0,1,1,1,1,1,1,0,0,1,1,1,200,,TYPE_PASS_PUBLIC_TEXT_BLOCKED,FAIL,PUBLIC_OR_META_INTERNAL_TEXT_HIT,GROUND_MEAT_OR_CASING,KEEP,,FAIL,PUBLIC_OR_META_INTERNAL_TEXT_HIT,A_PUBLIC_BLOCKED
2974,Baranjski kulen (ZOZP EU),https://drycured.com/recepti-baza/hr-sl-003-baranjski-kulen-zozp-eu/,publish,GROUND_MEAT_OR_CASING,high,10,5,0,1,1,1,1,1,0,1,1,1,1,1,1,1,0,1,1,1,200,,TYPE_PASS_PUBLIC_TEXT_BLOCKED,FAIL,NITRITE_WITHOUT_SAFETY_NOTE;PUBLIC_OR_META_INTERNAL_TEXT_HIT,GROUND_MEAT_OR_CASING,KEEP,,FAIL,NITRITE_WITHOUT_SAFETY_NOTE;PUBLIC_OR_META_INTERNAL_TEXT_HIT,A_PUBLIC_BLOCKED
2975,Đakovački kulen,https://drycured.com/recepti-baza/hr-sl-004-dakovacki-kulen/,publish,GROUND_MEAT_OR_CASING,high,10,4,0,1,1,1,1,1,0,1,1,1,1,1,1,1,0,1,1,1,200,,TYPE_PASS_PUBLIC_TEXT_BLOCKED,FAIL,NITRITE_WITHOUT_SAFETY_NOTE;PUBLIC_OR_META_INTERNAL_TEXT_HIT,GROUND_MEAT_OR_CASING,KEEP,,FAIL,NITRITE_WITHOUT_SAFETY_NOTE;PUBLIC_OR_META_INTERNAL_TEXT_HIT,A_PUBLIC_BLOCKED
2976,Slavonska domaća kobasica,https://drycured.com/recepti-baza/hr-sl-005-slavonska-domaca-kobasica/,publish,GROUND_MEAT_OR_CASING,high,12,4,0,1,1,1,1,1,0,1,1,1,1,1,1,1,1,1,1,1,200,,TYPE_PASS_PUBLIC_TEXT_BLOCKED,FAIL,PUBLIC_OR_META_INTERNAL_TEXT_HIT,GROUND_MEAT_OR_CASING,KEEP,,FAIL,PUBLIC_OR_META_INTERNAL_TEXT_HIT,A_PUBLIC_BLOCKED
2977,Srijemska kobasica (OGP),https://drycured.com/recepti-baza/hr-sl-006-srijemska-kobasica-ogp/,publish,GROUND_MEAT_OR_CASING,high,10,4,0,1,1,1,1,1,0,1,1,1,1,1,1,1,0,1,1,1,200,,TYPE_PASS_PUBLIC_TEXT_BLOCKED,FAIL,NITRITE_WITHOUT_SAFETY_NOTE;PUBLIC_OR_META_INTERNAL_TEXT_HIT,GROUND_MEAT_OR_CASING,KEEP,,FAIL,NITRITE_WITHOUT_SAFETY_NOTE;PUBLIC_OR_META_INTERNAL_TEXT_HIT,A_PUBLIC_BLOCKED
2978,Privatno: Ratarske kobasice,https://drycured.com/?post_type=dry_recipe&p=2978,private,GROUND_MEAT_OR_CASING,high,8,5,2,0,1,0,1,1,1,1,1,1,1,1,1,0,0,0,1,1,,,TYPE_PASS_MISSING_FIELDS,FAIL,GROUND_MISSING_FAT_HANDLING,GROUND_MEAT_OR_CASING,KEEP,,FAIL,GROUND_MISSING_FAT_HANDLING,C_NONPUBLIC_BLOCKED
2979,Baranjska kobasica,https://drycured.com/recepti-baza/hr-sl-008-baranjska-kobasica/,publish,GROUND_MEAT_OR_CASING,high,10,4,0,1,1,1,1,1,0,1,1,1,1,1,1,1,0,1,1,1,200,,TYPE_PASS_PUBLIC_TEXT_BLOCKED,FAIL,NITRITE_WITHOUT_SAFETY_NOTE;PUBLIC_OR_META_INTERNAL_TEXT_HIT,GROUND_MEAT_OR_CASING,KEEP,,FAIL,NITRITE_WITHOUT_SAFETY_NOTE;PUBLIC_OR_META_INTERNAL_TEXT_HIT,A_PUBLIC_BLOCKED
2980,Privatno: Baranjska salama,https://drycured.com/?post_type=dry_recipe&p=2980,private,GROUND_MEAT_OR_CASING,high,9,2,0,0,1,1,1,1,0,1,1,1,1,1,1,0,0,1,1,1,,,TYPE_PASS_PUBLIC_TEXT_BLOCKED,FAIL,PUBLIC_OR_META_INTERNAL_TEXT_HIT,GROUND_MEAT_OR_CASING,KEEP,,FAIL,PUBLIC_OR_META_INTERNAL_TEXT_HIT,C_NONPUBLIC_BLOCKED
2981,Slavonska kobasica (ZOI EU 2023),https://drycured.com/recepti-baza/hr-sl-010-slavonska-kobasica-zoi-eu-2023/,publish,GROUND_MEAT_OR_CASING,high,10,4,0,1,1,1,1,1,0,1,1,1,1,1,1,1,0,1,1,1,200,,TYPE_PASS_PUBLIC_TEXT_BLOCKED,FAIL,NITRITE_WITHOUT_SAFETY_NOTE;PUBLIC_OR_META_INTERNAL_TEXT_HIT,GROUND_MEAT_OR_CASING,KEEP,,FAIL,NITRITE_WITHOUT_SAFETY_NOTE;PUBLIC_OR_META_INTERNAL_TEXT_HIT,A_PUBLIC_BLOCKED
2982,Privatno: Slavonska dimljena slanina,https://drycured.com/?post_type=dry_recipe&p=2982,private,GROUND_MEAT_OR_CASING,high,6,3,0,0,0,1,1,1,0,1,1,1,1,1,1,0,0,1,1,1,,,TYPE_PASS_PUBLIC_TEXT_BLOCKED,FAIL,GROUND_MISSING_GRANULATION;PUBLIC_OR_META_INTERNAL_TEXT_HIT,WHOLE_CUT,RECLASSIFY,WHOLE_CUT_TITLE:slanina,FAIL,GROUND_MISSING_GRANULATION;PUBLIC_OR_META_INTERNAL_TEXT_HIT,C_NONPUBLIC_BLOCKED
2983,Privatno: Slavonska dimljena šunka,https://drycured.com/?post_type=dry_recipe&p=2983,private,GROUND_MEAT_OR_CASING,high,8,7,0,0,0,0,1,1,0,1,1,1,1,1,1,0,0,1,1,1,,,TYPE_PASS_PUBLIC_TEXT_BLOCKED,FAIL,GROUND_MISSING_GRANULATION;GROUND_MISSING_FAT_HANDLING;PUBLIC_OR_META_INTERNAL_TEXT_HIT,WHOLE_CUT,RECLASSIFY,"WHOLE_CUT_TITLE:sunka,dimljena sunka",FAIL,GROUND_MISSING_GRANULATION;GROUND_MISSING_FAT_HANDLING;PUBLIC_OR_META_INTERNAL_TEXT_HIT,C_NONPUBLIC_BLOCKED
2984,Privatno: Suha plećka slavonska,https://drycured.com/?post_type=dry_recipe&p=2984,private,GROUND_MEAT_OR_CASING,high,6,3,0,0,0,0,1,1,0,1,1,1,1,1,1,0,0,0,1,1,,,TYPE_PASS_MISSING_FIELDS,FAIL,GROUND_MISSING_GRANULATION;GROUND_MISSING_FAT_HANDLING,WHOLE_CUT,RECLASSIFY,CALIBRATION_ACCEPTED:TITLE_WHOLE_CUT_SIGNAL:plecka,FAIL,GROUND_MISSING_GRANULATION;GROUND_MISSING_FAT_HANDLING,C_NONPUBLIC_BLOCKED
2985,Privatno: Suha rebra slavonska,https://drycured.com/?post_type=dry_recipe&p=2985,private,GROUND_MEAT_OR_CASING,high,6,3,0,0,0,0,1,1,0,1,1,1,1,1,1,0,0,0,1,1,,,TYPE_PASS_MISSING_FIELDS,FAIL,GROUND_MISSING_GRANULATION;GROUND_MISSING_FAT_HANDLING,WHOLE_CUT,RECLASSIFY,CALIBRATION_ACCEPTED:TITLE_WHOLE_CUT_SIGNAL:rebra,FAIL,GROUND_MISSING_GRANULATION;GROUND_MISSING_FAT_HANDLING,C_NONPUBLIC_BLOCKED
2986,Privatno: Slavonska jetrena kobasica,https://drycured.com/?post_type=dry_recipe&p=2986,private,GROUND_MEAT_OR_CASING,high,9,2,2,0,1,0,1,1,1,1,1,1,1,1,1,0,0,1,1,1,,,TYPE_PASS_PUBLIC_TEXT_BLOCKED,FAIL,GROUND_MISSING_FAT_HANDLING;PUBLIC_OR_META_INTERNAL_TEXT_HIT,GROUND_MEAT_OR_CASING,KEEP,,FAIL,GROUND_MISSING_FAT_HANDLING;PUBLIC_OR_META_INTERNAL_TEXT_HIT,C_NONPUBLIC_BLOCKED
2987,Privatno: Krvavica slavonska,https://drycured.com/?post_type=dry_recipe&p=2987,private,GROUND_MEAT_OR_CASING,high,7,2,4,0,0,1,1,1,1,1,1,1,1,1,1,0,0,1,1,1,,,TYPE_PASS_PUBLIC_TEXT_BLOCKED,FAIL,GROUND_MISSING_GRANULATION;PUBLIC_OR_META_INTERNAL_TEXT_HIT,THERMAL_PROCESSED,RECLASSIFY,THERMAL_TITLE:krvavica,FAIL,GROUND_MISSING_GRANULATION;PUBLIC_OR_META_INTERNAL_TEXT_HIT,C_NONPUBLIC_BLOCKED
2988,Privatno: Tlačenica slavonska (švargl),https://drycured.com/?post_type=dry_recipe&p=2988,private,THERMAL_PROCESSED,high,8,2,7,0,0,1,1,1,1,1,1,1,1,1,1,0,0,1,1,1,,,TYPE_PASS_PUBLIC_TEXT_BLOCKED,FAIL,PUBLIC_OR_META_INTERNAL_TEXT_HIT,THERMAL_PROCESSED,KEEP,THERMAL_TITLE:tlacenica,FAIL,PUBLIC_OR_META_INTERNAL_TEXT_HIT,C_NONPUBLIC_BLOCKED
2989,Privatno: Vinkovačka šunka — suho soljena varijanta,https://drycured.com/?post_type=dry_recipe&p=2989,private,GROUND_MEAT_OR_CASING,high,8,5,0,0,0,0,1,1,0,1,1,1,1,1,1,0,0,0,1,1,,,TYPE_PASS_MISSING_FIELDS,FAIL,GROUND_MISSING_GRANULATION;GROUND_MISSING_FAT_HANDLING,WHOLE_CUT,RECLASSIFY,WHOLE_CUT_TITLE:sunka,FAIL,GROUND_MISSING_GRANULATION;GROUND_MISSING_FAT_HANDLING,C_NONPUBLIC_BLOCKED
2990,Privatno: Slavonski lovački kulen (divljač + svinjetina),https://drycured.com/?post_type=dry_recipe&p=2990,private,GROUND_MEAT_OR_CASING,high,8,3,0,0,1,1,1,1,0,1,1,1,1,1,1,0,0,1,1,1,,,TYPE_PASS_PUBLIC_TEXT_BLOCKED,FAIL,PUBLIC_OR_META_INTERNAL_TEXT_HIT,GROUND_MEAT_OR_CASING,KEEP,,FAIL,PUBLIC_OR_META_INTERNAL_TEXT_HIT,C_NONPUBLIC_BLOCKED
2991,"Privatno: Konjska salama Ploštine (talijanska manjina, Pakrac)",https://drycured.com/?post_type=dry_recipe&p=2991,private,GROUND_MEAT_OR_CASING,high,8,3,0,0,0,1,1,1,0,1,1,1,1,1,1,0,0,0,1,1,,,TYPE_PASS_MISSING_FIELDS,FAIL,GROUND_MISSING_GRANULATION,GROUND_MEAT_OR_CASING,KEEP,,FAIL,GROUND_MISSING_GRANULATION,C_NONPUBLIC_BLOCKED
2992,Privatno: Slavonski dimljeni svinjski vrat,https://drycured.com/?post_type=dry_recipe&p=2992,private,GROUND_MEAT_OR_CASING,high,8,4,3,0,0,1,1,1,1,1,1,1,1,1,1,0,0,1,1,1,,,TYPE_PASS_PUBLIC_TEXT_BLOCKED,FAIL,GROUND_MISSING_GRANULATION;PUBLIC_OR_META_INTERNAL_TEXT_HIT,WHOLE_CUT,RECLASSIFY,CALIBRATION_ACCEPTED:TITLE_WHOLE_CUT_SIGNAL:vrat,FAIL,GROUND_MISSING_GRANULATION;PUBLIC_OR_META_INTERNAL_TEXT_HIT,C_NONPUBLIC_BLOCKED
2993,Privatno: Slavonski suhi vrat (ovratina),https://drycured.com/?post_type=dry_recipe&p=2993,private,GROUND_MEAT_OR_CASING,high,6,2,0,0,0,0,1,1,0,1,1,1,1,1,1,0,0,0,1,1,,,TYPE_PASS_MISSING_FIELDS,FAIL,GROUND_MISSING_GRANULATION;GROUND_MISSING_FAT_HANDLING,WHOLE_CUT,RECLASSIFY,WHOLE_CUT_TITLE:vratina,FAIL,GROUND_MISSING_GRANULATION;GROUND_MISSING_FAT_HANDLING,C_NONPUBLIC_BLOCKED
2994,Privatno: Baranjska šunka,https://drycured.com/?post_type=dry_recipe&p=2994,private,GROUND_MEAT_OR_CASING,high,8,5,0,0,0,0,1,1,0,1,1,1,1,1,1,0,0,0,1,1,,,TYPE_PASS_MISSING_FIELDS,FAIL,GROUND_MISSING_GRANULATION;GROUND_MISSING_FAT_HANDLING,WHOLE_CUT,RECLASSIFY,WHOLE_CUT_TITLE:sunka,FAIL,GROUND_MISSING_GRANULATION;GROUND_MISSING_FAT_HANDLING,C_NONPUBLIC_BLOCKED
2995,Privatno: Đakovačka šunka,https://drycured.com/?post_type=dry_recipe&p=2995,private,GROUND_MEAT_OR_CASING,high,8,5,0,0,0,0,1,1,0,1,1,1,1,1,1,0,0,0,1,1,,,TYPE_PASS_MISSING_FIELDS,FAIL,GROUND_MISSING_GRANULATION;GROUND_MISSING_FAT_HANDLING,WHOLE_CUT,RECLASSIFY,WHOLE_CUT_TITLE:sunka,FAIL,GROUND_MISSING_GRANULATION;GROUND_MISSING_FAT_HANDLING,C_NONPUBLIC_BLOCKED
2996,Brodska kobasica (Slavonski Brod),https://drycured.com/recepti-baza/hr-sl-030-brodska-kobasica-slavonski-brod/,publish,GROUND_MEAT_OR_CASING,high,10,4,0,1,1,1,1,1,0,1,1,1,1,1,1,1,0,0,1,1,200,,TYPE_PASS_MISSING_FIELDS,FAIL,NITRITE_WITHOUT_SAFETY_NOTE,GROUND_MEAT_OR_CASING,KEEP,,FAIL,NITRITE_WITHOUT_SAFETY_NOTE,A_PUBLIC_BLOCKED
2997,Osječka kobasica,https://drycured.com/recepti-baza/hr-sl-031-osjecka-kobasica/,publish,GROUND_MEAT_OR_CASING,high,10,4,0,1,1,1,1,1,0,1,1,1,1,1,1,1,0,0,1,1,200,,TYPE_PASS_MISSING_FIELDS,FAIL,NITRITE_WITHOUT_SAFETY_NOTE,GROUND_MEAT_OR_CASING,KEEP,,FAIL,NITRITE_WITHOUT_SAFETY_NOTE,A_PUBLIC_BLOCKED
2998,Privatno: Slavonska krvavica od prosa (bijela),https://drycured.com/?post_type=dry_recipe&p=2998,private,GROUND_MEAT_OR_CASING,high,7,1,4,0,0,0,1,1,1,1,1,1,1,1,1,0,0,0,1,1,,,TYPE_PASS_MISSING_FIELDS,FAIL,GROUND_MISSING_GRANULATION;GROUND_MISSING_FAT_HANDLING,THERMAL_PROCESSED,RECLASSIFY,THERMAL_TITLE:krvavica,FAIL,GROUND_MISSING_GRANULATION;GROUND_MISSING_FAT_HANDLING,C_NONPUBLIC_BLOCKED
2999,Privatno: Slavonska šunka od crne slavonske svinje,https://drycured.com/?post_type=dry_recipe&p=2999,private,GROUND_MEAT_OR_CASING,high,8,5,0,0,0,0,1,1,0,1,1,1,1,1,1,0,0,0,1,1,,,TYPE_PASS_MISSING_FIELDS,FAIL,GROUND_MISSING_GRANULATION;GROUND_MISSING_FAT_HANDLING,WHOLE_CUT,RECLASSIFY,WHOLE_CUT_TITLE:sunka,FAIL,GROUND_MISSING_GRANULATION;GROUND_MISSING_FAT_HANDLING,C_NONPUBLIC_BLOCKED
3000,Slavonska domaća salama,https://drycured.com/recepti-baza/hr-sl-034-slavonska-domaca-salama/,publish,GROUND_MEAT_OR_CASING,high,11,4,0,1,1,1,1,1,0,1,1,1,1,1,1,1,0,0,1,1,200,,TYPE_PASS_MISSING_FIELDS,FAIL,NITRITE_WITHOUT_SAFETY_NOTE,GROUND_MEAT_OR_CASING,KEEP,,FAIL,NITRITE_WITHOUT_SAFETY_NOTE,A_PUBLIC_BLOCKED
3001,Slavonska čvarkovača (kobasica od čvaraka),https://drycured.com/recepti-baza/hr-sl-036-slavonska-cvarkovaca-kobasica-od-cvaraka/,publish,GROUND_MEAT_OR_CASING,high,10,4,1,1,1,0,1,1,1,1,1,1,1,1,1,1,0,0,1,1,200,,TYPE_PASS_MISSING_FIELDS,FAIL,GROUND_MISSING_FAT_HANDLING;NITRITE_WITHOUT_SAFETY_NOTE,GROUND_MEAT_OR_CASING,KEEP,,FAIL,GROUND_MISSING_FAT_HANDLING;NITRITE_WITHOUT_SAFETY_NOTE,A_PUBLIC_BLOCKED
3002,Vinkovačka kobasica,https://drycured.com/recepti-baza/hr-sl-037-vinkovacka-kobasica/,publish,GROUND_MEAT_OR_CASING,high,10,4,0,1,1,1,1,1,0,1,1,1,1,1,1,1,0,0,1,1,200,,TYPE_PASS_MISSING_FIELDS,FAIL,NITRITE_WITHOUT_SAFETY_NOTE,GROUND_MEAT_OR_CASING,KEEP,,FAIL,NITRITE_WITHOUT_SAFETY_NOTE,A_PUBLIC_BLOCKED
3003,Slavonska lovačka kobasica (divljač + svinjetina),https://drycured.com/recepti-baza/hr-sl-038-slavonska-lovacka-kobasica-divljac-svinjetina/,publish,GROUND_MEAT_OR_CASING,high,10,4,1,1,1,1,1,1,0,1,1,1,1,1,1,1,0,0,1,1,200,,TYPE_PASS_MISSING_FIELDS,FAIL,NITRITE_WITHOUT_SAFETY_NOTE,GROUND_MEAT_OR_CASING,KEEP,,FAIL,NITRITE_WITHOUT_SAFETY_NOTE,A_PUBLIC_BLOCKED
3005,Privatno: Cvelferija kulen — varijanta bez slanine,https://drycured.com/?post_type=dry_recipe&p=3005,private,GROUND_MEAT_OR_CASING,medium,3,2,0,0,0,0,1,0,0,1,0,1,1,1,1,0,0,1,0,0,,,TYPE_PASS_PUBLIC_TEXT_BLOCKED,FAIL,GROUND_MISSING_GRANULATION;GROUND_MISSING_FAT_HANDLING;PUBLIC_OR_META_INTERNAL_TEXT_HIT,GROUND_MEAT_OR_CASING,KEEP,,FAIL,GROUND_MISSING_GRANULATION;GROUND_MISSING_FAT_HANDLING;PUBLIC_OR_META_INTERNAL_TEXT_HIT,C_NONPUBLIC_BLOCKED
3006,Privatno: Vinkovačka šunka,https://drycured.com/?post_type=dry_recipe&p=3006,private,NEEDS_CLASSIFICATION,none,0,1,0,0,0,0,0,0,0,1,0,1,1,1,1,0,0,1,0,0,,,NEEDS_CLASSIFICATION,FAIL,NEEDS_CLASSIFICATION;PUBLIC_OR_META_INTERNAL_TEXT_HIT,WHOLE_CUT,RECLASSIFY,WHOLE_CUT_TITLE:sunka,FAIL,NEEDS_CLASSIFICATION;PUBLIC_OR_META_INTERNAL_TEXT_HIT;WHOLE_CUT_MISSING_CURE_OR_BRINE,C_NONPUBLIC_BLOCKED
3007,Privatno: Samoborska salama (županijska robna marka),https://drycured.com/?post_type=dry_recipe&p=3007,private,GROUND_MEAT_OR_CASING,medium,4,1,0,0,1,1,1,0,0,1,0,1,1,1,1,0,0,1,1,0,,,TYPE_PASS_PUBLIC_TEXT_BLOCKED,FAIL,PUBLIC_OR_META_INTERNAL_TEXT_HIT;PROBLEM_WITHOUT_SOLUTION_SIGNAL,GROUND_MEAT_OR_CASING,KEEP,,FAIL,PUBLIC_OR_META_INTERNAL_TEXT_HIT;PROBLEM_WITHOUT_SOLUTION_SIGNAL,C_NONPUBLIC_BLOCKED
3008,Privatno: Dalmatinska suha šunka,https://drycured.com/?post_type=dry_recipe&p=3008,private,WHOLE_CUT,medium,0,3,0,1,0,0,0,0,0,1,0,1,1,1,1,0,0,1,0,0,,,TYPE_PASS_PUBLIC_TEXT_BLOCKED,FAIL,WHOLE_CUT_MISSING_CURE_OR_BRINE;PUBLIC_OR_META_INTERNAL_TEXT_HIT,WHOLE_CUT,KEEP,WHOLE_CUT_TITLE:sunka,FAIL,WHOLE_CUT_MISSING_CURE_OR_BRINE;PUBLIC_OR_META_INTERNAL_TEXT_HIT,C_NONPUBLIC_BLOCKED
3009,Privatno: Dalmatinska suha kobasica,https://drycured.com/?post_type=dry_recipe&p=3009,private,GROUND_MEAT_OR_CASING,medium,4,2,0,1,1,1,1,0,0,1,0,1,1,1,1,1,0,1,0,0,,,TYPE_PASS_PUBLIC_TEXT_BLOCKED,FAIL,NITRITE_WITHOUT_SAFETY_NOTE;PUBLIC_OR_META_INTERNAL_TEXT_HIT,GROUND_MEAT_OR_CASING,KEEP,,FAIL,NITRITE_WITHOUT_SAFETY_NOTE;PUBLIC_OR_META_INTERNAL_TEXT_HIT,C_NONPUBLIC_BLOCKED
3010,Privatno: Hvarska prstena kobasica,https://drycured.com/?post_type=dry_recipe&p=3010,private,GROUND_MEAT_OR_CASING,medium,4,2,0,1,0,1,1,0,0,1,0,1,1,1,1,0,0,1,1,0,,,TYPE_PASS_PUBLIC_TEXT_BLOCKED,FAIL,GROUND_MISSING_GRANULATION;PUBLIC_OR_META_INTERNAL_TEXT_HIT;PROBLEM_WITHOUT_SOLUTION_SIGNAL,GROUND_MEAT_OR_CASING,KEEP,,FAIL,GROUND_MISSING_GRANULATION;PUBLIC_OR_META_INTERNAL_TEXT_HIT;PROBLEM_WITHOUT_SOLUTION_SIGNAL,C_NONPUBLIC_BLOCKED
3011,Privatno: Sinjaška kobasica (Cetinska krajina),https://drycured.com/?post_type=dry_recipe&p=3011,private,NEEDS_CLASSIFICATION,low,2,2,0,1,0,1,1,0,0,0,0,1,1,1,1,0,0,1,0,0,,,NEEDS_CLASSIFICATION,FAIL,NEEDS_CLASSIFICATION;PUBLIC_OR_META_INTERNAL_TEXT_HIT,GROUND_MEAT_OR_CASING,RECLASSIFY,GROUND_TITLE:kobasica,FAIL,NEEDS_CLASSIFICATION;PUBLIC_OR_META_INTERNAL_TEXT_HIT;GROUND_MISSING_GRANULATION,C_NONPUBLIC_BLOCKED
3012,Privatno: Dalmatinska dimljena slanina,https://drycured.com/?post_type=dry_recipe&p=3012,private,NEEDS_CLASSIFICATION,none,0,1,0,1,0,1,0,1,0,0,0,1,1,1,1,0,0,1,0,0,,,NEEDS_CLASSIFICATION,FAIL,NEEDS_CLASSIFICATION;PUBLIC_OR_META_INTERNAL_TEXT_HIT,WHOLE_CUT,RECLASSIFY,WHOLE_CUT_TITLE:slanina,FAIL,NEEDS_CLASSIFICATION;PUBLIC_OR_META_INTERNAL_TEXT_HIT,C_NONPUBLIC_BLOCKED
3013,Privatno: Istarska špaleta (suha plećka),https://drycured.com/?post_type=dry_recipe&p=3013,private,WHOLE_CUT,low,0,2,0,1,0,0,0,1,0,0,0,1,1,1,1,0,0,1,0,0,,,TYPE_CONFLICT_NEEDS_REVIEW,FAIL,PUBLIC_OR_META_INTERNAL_TEXT_HIT,WHOLE_CUT,KEEP,,FAIL,PUBLIC_OR_META_INTERNAL_TEXT_HIT,C_NONPUBLIC_BLOCKED
3014,Privatno: Zagorska dimljena šunka,https://drycured.com/?post_type=dry_recipe&p=3014,private,WHOLE_CUT,low,0,2,0,0,0,0,0,0,0,1,0,1,1,1,1,0,0,1,0,0,,,TYPE_CONFLICT_NEEDS_REVIEW,FAIL,WHOLE_CUT_MISSING_CURE_OR_BRINE;PUBLIC_OR_META_INTERNAL_TEXT_HIT,WHOLE_CUT,KEEP,"WHOLE_CUT_TITLE:sunka,dimljena sunka",FAIL,WHOLE_CUT_MISSING_CURE_OR_BRINE;PUBLIC_OR_META_INTERNAL_TEXT_HIT,C_NONPUBLIC_BLOCKED
3015,Privatno: Međimurska šunka,https://drycured.com/?post_type=dry_recipe&p=3015,private,NEEDS_CLASSIFICATION,none,0,1,0,0,0,0,0,1,0,1,0,1,1,1,1,0,0,1,0,0,,,NEEDS_CLASSIFICATION,FAIL,NEEDS_CLASSIFICATION;PUBLIC_OR_META_INTERNAL_TEXT_HIT,WHOLE_CUT,RECLASSIFY,WHOLE_CUT_TITLE:sunka,FAIL,NEEDS_CLASSIFICATION;PUBLIC_OR_META_INTERNAL_TEXT_HIT,C_NONPUBLIC_BLOCKED
3016,Privatno: Zagorska tlačenica,https://drycured.com/?post_type=dry_recipe&p=3016,private,THERMAL_PROCESSED,medium,3,0,4,0,0,0,1,0,1,1,1,1,0,0,1,0,0,1,1,0,,,TYPE_PASS_PUBLIC_TEXT_BLOCKED,FAIL,PUBLIC_OR_META_INTERNAL_TEXT_HIT;PROBLEM_WITHOUT_SOLUTION_SIGNAL,THERMAL_PROCESSED,KEEP,THERMAL_TITLE:tlacenica,FAIL,PUBLIC_OR_META_INTERNAL_TEXT_HIT;PROBLEM_WITHOUT_SOLUTION_SIGNAL,C_NONPUBLIC_BLOCKED
3017,Privatno: Gospićka suha plećka,https://drycured.com/?post_type=dry_recipe&p=3017,private,WHOLE_CUT,medium,0,3,1,0,0,0,0,1,1,1,1,1,1,1,1,0,0,1,0,0,,,TYPE_PASS_PUBLIC_TEXT_BLOCKED,FAIL,PUBLIC_OR_META_INTERNAL_TEXT_HIT,WHOLE_CUT,KEEP,,FAIL,PUBLIC_OR_META_INTERNAL_TEXT_HIT,C_NONPUBLIC_BLOCKED
3018,Privatno: Banovinska tlačenica,https://drycured.com/?post_type=dry_recipe&p=3018,private,THERMAL_PROCESSED,medium,5,0,4,0,0,0,1,0,1,1,1,1,0,1,1,0,0,1,0,0,,,TYPE_PASS_PUBLIC_TEXT_BLOCKED,FAIL,PUBLIC_OR_META_INTERNAL_TEXT_HIT,THERMAL_PROCESSED,KEEP,THERMAL_TITLE:tlacenica,FAIL,PUBLIC_OR_META_INTERNAL_TEXT_HIT,C_NONPUBLIC_BLOCKED
3020,Privatno: Albanska proshutë / sušena šunka – kategorijski radni zapis,https://drycured.com/?post_type=dry_recipe&p=3020,private,WHOLE_CUT,high,4,6,0,1,0,0,1,1,0,1,1,1,1,1,1,1,0,0,1,1,,,TYPE_PASS_MISSING_FIELDS,FAIL,NITRITE_WITHOUT_SAFETY_NOTE,WHOLE_CUT,KEEP,WHOLE_CUT_TITLE:sunka,FAIL,NITRITE_WITHOUT_SAFETY_NOTE,C_NONPUBLIC_BLOCKED
3021,Privatno: Vorarlberger Mostbröckle – sušena i dimljena govedina,https://drycured.com/?post_type=dry_recipe&p=3021,private,GROUND_MEAT_OR_CASING,high,5,3,0,0,0,0,1,1,0,1,1,1,1,1,1,1,0,1,1,1,,,TYPE_PASS_PUBLIC_TEXT_BLOCKED,FAIL,GROUND_MISSING_GRANULATION;GROUND_MISSING_FAT_HANDLING;NITRITE_WITHOUT_SAFETY_NOTE;PUBLIC_OR_META_INTERNAL_TEXT_HIT,GROUND_MEAT_OR_CASING,KEEP,,FAIL,GROUND_MISSING_GRANULATION;GROUND_MISSING_FAT_HANDLING;NITRITE_WITHOUT_SAFETY_NOTE;PUBLIC_OR_META_INTERNAL_TEXT_HIT,C_NONPUBLIC_BLOCKED
3022,Privatno: Westfälischer Schinken s krumpirom u ljusci i hrenom,https://drycured.com/?post_type=dry_recipe&p=3022,private,WHOLE_CUT,high,7,8,1,1,0,1,1,1,1,1,1,1,1,1,1,1,0,0,1,1,,,TYPE_PASS_MISSING_FIELDS,FAIL,NITRITE_WITHOUT_SAFETY_NOTE,WHOLE_CUT,KEEP,WHOLE_CUT_TITLE:schinken,FAIL,NITRITE_WITHOUT_SAFETY_NOTE,C_NONPUBLIC_BLOCKED
3023,Privatno: Bonus: Pfefferbeis s prženim krumpirom i umkom od kiselog vrhnja,https://drycured.com/?post_type=dry_recipe&p=3023,private,GROUND_MEAT_OR_CASING,high,9,3,1,0,1,1,1,1,1,1,1,1,1,1,1,1,0,0,1,1,,,TYPE_PASS_MISSING_FIELDS,FAIL,NITRITE_WITHOUT_SAFETY_NOTE,GROUND_MEAT_OR_CASING,KEEP,,FAIL,NITRITE_WITHOUT_SAFETY_NOTE,C_NONPUBLIC_BLOCKED
3024,Irska dimljena kobasica (Smoked Sausage),https://drycured.com/recepti-baza/irska-dimljena-kobasica-smoked-sausage/,publish,GROUND_MEAT_OR_CASING,high,9,3,1,2,1,1,1,1,1,1,1,1,1,1,1,1,0,1,1,1,200,,TYPE_PASS_PUBLIC_TEXT_BLOCKED,FAIL,NITRITE_WITHOUT_SAFETY_NOTE;PUBLIC_OR_META_INTERNAL_TEXT_HIT,GROUND_MEAT_OR_CASING,KEEP,,FAIL,NITRITE_WITHOUT_SAFETY_NOTE;PUBLIC_OR_META_INTERNAL_TEXT_HIT,A_PUBLIC_BLOCKED
3025,Pršuta e Kosovës (Kosovska pršuta),https://drycured.com/recepti-baza/prsuta-e-kosoves-kosovska-prsuta-2/,publish,WHOLE_CUT,high,7,8,0,0,0,1,1,1,0,1,1,1,1,1,1,1,0,1,1,1,200,,TYPE_PASS_PUBLIC_TEXT_BLOCKED,FAIL,NITRITE_WITHOUT_SAFETY_NOTE;PUBLIC_OR_META_INTERNAL_TEXT_HIT,WHOLE_CUT,KEEP,WHOLE_CUT_TITLE:prsut,FAIL,NITRITE_WITHOUT_SAFETY_NOTE;PUBLIC_OR_META_INTERNAL_TEXT_HIT,A_PUBLIC_BLOCKED
3026,Scharfe Edelrohwurst s povrćem na žaru,https://drycured.com/recepti-baza/scharfe-edelrohwurst-s-povrcem-na-zaru/,publish,GROUND_MEAT_OR_CASING,high,9,1,2,0,1,1,1,1,1,1,1,1,1,1,1,1,0,1,1,1,200,,TYPE_PASS_PUBLIC_TEXT_BLOCKED,FAIL,NITRITE_WITHOUT_SAFETY_NOTE;PUBLIC_OR_META_INTERNAL_TEXT_HIT,GROUND_MEAT_OR_CASING,KEEP,,FAIL,NITRITE_WITHOUT_SAFETY_NOTE;PUBLIC_OR_META_INTERNAL_TEXT_HIT,A_PUBLIC_BLOCKED
3027,ENGADINER HATECLETT (SUŠENI KOZJI BUT),https://drycured.com/recepti-baza/engadiner-hateclett-suseni-kozji-but-2/,publish,GROUND_MEAT_OR_CASING,high,9,5,0,1,1,1,1,1,0,1,1,1,1,1,1,1,0,0,1,1,200,,TYPE_PASS_MISSING_FIELDS,FAIL,NITRITE_WITHOUT_SAFETY_NOTE,WHOLE_CUT,RECLASSIFY,CALIBRATION_ACCEPTED:TITLE_WHOLE_CUT_SIGNAL:but,FAIL,NITRITE_WITHOUT_SAFETY_NOTE,A_PUBLIC_BLOCKED
3028,ZUGER HIRSCHTROCKENWURST (KOBASICA OD JELENA IZ ZUGA),https://drycured.com/recepti-baza/zuger-hirschtrockenwurst-kobasica-od-jelena-iz-zuga-2/,publish,GROUND_MEAT_OR_CASING,high,10,5,1,2,1,1,1,1,1,1,1,1,1,1,1,1,0,1,1,1,200,,TYPE_PASS_PUBLIC_TEXT_BLOCKED,FAIL,NITRITE_WITHOUT_SAFETY_NOTE;PUBLIC_OR_META_INTERNAL_TEXT_HIT,GROUND_MEAT_OR_CASING,KEEP,,FAIL,NITRITE_WITHOUT_SAFETY_NOTE;PUBLIC_OR_META_INTERNAL_TEXT_HIT,A_PUBLIC_BLOCKED
3029,Tiroler Speck – tirolski sušeni dimljeni svinjski but,https://drycured.com/recepti-baza/tiroler-speck-tirolska-slanina-2/,publish,WHOLE_CUT,high,5,6,0,0,0,1,1,1,0,1,1,1,1,1,1,1,0,1,1,1,200,,TYPE_PASS_PUBLIC_TEXT_BLOCKED,FAIL,NITRITE_WITHOUT_SAFETY_NOTE;PUBLIC_OR_META_INTERNAL_TEXT_HIT,WHOLE_CUT,KEEP,WHOLE_CUT_TITLE:speck,FAIL,NITRITE_WITHOUT_SAFETY_NOTE;PUBLIC_OR_META_INTERNAL_TEXT_HIT,A_PUBLIC_BLOCKED
3030,Waldviertler Hirschsalami – salama od jelena iz Waldviertela,https://drycured.com/recepti-baza/waldviertler-hirschsalami-salama-od-jelena-iz-waldviertela-2/,publish,GROUND_MEAT_OR_CASING,high,9,3,1,0,1,1,1,1,1,1,1,1,1,1,1,1,0,1,1,1,200,,TYPE_PASS_PUBLIC_TEXT_BLOCKED,FAIL,NITRITE_WITHOUT_SAFETY_NOTE;PUBLIC_OR_META_INTERNAL_TEXT_HIT,GROUND_MEAT_OR_CASING,KEEP,,FAIL,NITRITE_WITHOUT_SAFETY_NOTE;PUBLIC_OR_META_INTERNAL_TEXT_HIT,A_PUBLIC_BLOCKED
3031,Privatno: Austrijska Käsekrainer – kobasica sa sirom,https://drycured.com/?post_type=dry_recipe&p=3031,private,GROUND_MEAT_OR_CASING,high,7,2,4,0,1,1,1,1,1,1,1,1,1,1,1,1,0,0,1,1,,,TYPE_PASS_MISSING_FIELDS,FAIL,NITRITE_WITHOUT_SAFETY_NOTE,GROUND_MEAT_OR_CASING,KEEP,,FAIL,NITRITE_WITHOUT_SAFETY_NOTE,C_NONPUBLIC_BLOCKED
3032,Mađarska Gyulai Kolbász – Gyulai kobasica,https://drycured.com/recepti-baza/maarska-gyulai-kolbasz-gyulai-kobasica/,publish,GROUND_MEAT_OR_CASING,high,8,3,1,0,1,1,1,1,1,1,1,1,1,1,1,1,0,1,1,1,200,,TYPE_PASS_PUBLIC_TEXT_BLOCKED,FAIL,NITRITE_WITHOUT_SAFETY_NOTE;PUBLIC_OR_META_INTERNAL_TEXT_HIT,GROUND_MEAT_OR_CASING,KEEP,,FAIL,NITRITE_WITHOUT_SAFETY_NOTE;PUBLIC_OR_META_INTERNAL_TEXT_HIT,A_PUBLIC_BLOCKED
3033,Lukanka iz Panagyurishte – bugarska prešana suha kobasica,https://drycured.com/recepti-baza/lukanka-iz-panagyurishte/,publish,GROUND_MEAT_OR_CASING,high,9,1,1,1,1,1,1,1,1,1,1,1,1,1,1,0,0,1,1,1,200,,TYPE_PASS_PUBLIC_TEXT_BLOCKED,FAIL,PUBLIC_OR_META_INTERNAL_TEXT_HIT,GROUND_MEAT_OR_CASING,KEEP,,FAIL,PUBLIC_OR_META_INTERNAL_TEXT_HIT,A_PUBLIC_BLOCKED
3034,Privatno: Banska Kapama – bugarski mesni specijalitet,https://drycured.com/?post_type=dry_recipe&p=3034,private,GROUND_MEAT_OR_CASING,high,8,1,5,0,1,1,1,1,1,1,1,1,1,1,1,0,0,0,1,1,,,TYPE_PASS_READY_FOR_SOURCE_DOSSIER,PASS,,GROUND_MEAT_OR_CASING,KEEP,,PASS,,D_NONPUBLIC_REVIEW_READY
3035,Strandzhansko Dyado – bugarski sušeni punjeni proizvod,https://drycured.com/recepti-baza/strandzhansko-dyado/,publish,GROUND_MEAT_OR_CASING,high,10,2,1,0,1,1,1,1,1,1,1,1,1,1,1,0,0,1,1,1,200,,TYPE_PASS_PUBLIC_TEXT_BLOCKED,FAIL,PUBLIC_OR_META_INTERNAL_TEXT_HIT,GROUND_MEAT_OR_CASING,KEEP,,FAIL,PUBLIC_OR_META_INTERNAL_TEXT_HIT,A_PUBLIC_BLOCKED
3036,Privatno: Srednogorska Kaska – bugarski punjeni mesni proizvod,https://drycured.com/?post_type=dry_recipe&p=3036,private,GROUND_MEAT_OR_CASING,high,7,1,1,0,1,1,1,1,1,1,1,1,1,1,1,0,0,0,1,1,,,TYPE_PASS_READY_FOR_SOURCE_DOSSIER,PASS,,GROUND_MEAT_OR_CASING,KEEP,,PASS,,D_NONPUBLIC_REVIEW_READY
3037,Dobrudzhanski Babek – bugarski sušeni babek,https://drycured.com/recepti-baza/dobrudzhanski-babek/,publish,GROUND_MEAT_OR_CASING,high,9,2,2,0,1,1,1,1,1,1,1,1,1,1,1,0,0,1,1,1,200,,TYPE_PASS_PUBLIC_TEXT_BLOCKED,FAIL,PUBLIC_OR_META_INTERNAL_TEXT_HIT,GROUND_MEAT_OR_CASING,KEEP,,FAIL,PUBLIC_OR_META_INTERNAL_TEXT_HIT,A_PUBLIC_BLOCKED
3038,Grčki Loukaniko – tradicionalna grčka kobasica,https://drycured.com/recepti-baza/grcka-tradicionalni-recepti-za-loukaniko-2/,publish,GROUND_MEAT_OR_CASING,high,8,1,1,1,1,1,1,1,1,1,1,1,1,1,1,1,0,1,1,1,200,,TYPE_PASS_PUBLIC_TEXT_BLOCKED,FAIL,NITRITE_WITHOUT_SAFETY_NOTE;PUBLIC_OR_META_INTERNAL_TEXT_HIT,NEEDS_CLASSIFICATION,BLOCK,NOISE_OR_COLLECTION:grcka,FAIL,NITRITE_WITHOUT_SAFETY_NOTE;PUBLIC_OR_META_INTERNAL_TEXT_HIT;NEEDS_CLASSIFICATION,A_PUBLIC_BLOCKED
3039,Joulukinkku – finska božićna šunka,https://drycured.com/recepti-baza/joulukinkku-bozicna-sunka-2/,publish,WHOLE_CUT,high,6,9,3,1,0,1,1,1,1,1,1,1,1,1,1,1,0,1,1,1,200,,TYPE_PASS_PUBLIC_TEXT_BLOCKED,FAIL,NITRITE_WITHOUT_SAFETY_NOTE;PUBLIC_OR_META_INTERNAL_TEXT_HIT,WHOLE_CUT,KEEP,WHOLE_CUT_TITLE:sunka,FAIL,NITRITE_WITHOUT_SAFETY_NOTE;PUBLIC_OR_META_INTERNAL_TEXT_HIT,A_PUBLIC_BLOCKED
3040,Privatno: Palvikinkku – finska dimljena šunka,https://drycured.com/?post_type=dry_recipe&p=3040,private,WHOLE_CUT,high,6,10,2,1,0,1,1,1,1,1,1,1,1,1,1,1,0,0,1,1,,,TYPE_PASS_MISSING_FIELDS,FAIL,NITRITE_WITHOUT_SAFETY_NOTE,WHOLE_CUT,KEEP,"WHOLE_CUT_TITLE:sunka,dimljena sunka",FAIL,NITRITE_WITHOUT_SAFETY_NOTE,C_NONPUBLIC_BLOCKED
3041,Saucisson Sec – francuska suha kobasica,https://drycured.com/recepti-baza/saucisson-sec-suha-kobasica-2/,publish,GROUND_MEAT_OR_CASING,high,9,2,1,1,1,1,1,1,1,1,1,1,1,1,1,1,0,1,1,1,200,,TYPE_PASS_PUBLIC_TEXT_BLOCKED,FAIL,NITRITE_WITHOUT_SAFETY_NOTE;PUBLIC_OR_META_INTERNAL_TEXT_HIT,NEEDS_CLASSIFICATION,BLOCK,NOISE_OR_COLLECTION:francuska,FAIL,NITRITE_WITHOUT_SAFETY_NOTE;PUBLIC_OR_META_INTERNAL_TEXT_HIT;NEEDS_CLASSIFICATION,A_PUBLIC_BLOCKED
3042,Jésus de Lyon – debela suha kobasica,https://drycured.com/recepti-baza/jesus-de-lyon-debela-suha-kobasica/,publish,GROUND_MEAT_OR_CASING,high,7,3,1,1,1,1,1,1,1,1,1,1,1,1,1,0,0,0,1,1,200,,TYPE_PASS_READY_FOR_SOURCE_DOSSIER,PASS,,GROUND_MEAT_OR_CASING,KEEP,,PASS,,B_PUBLIC_REVIEW_READY
3043,Privatno: Cervelas de Lyon – lionska kobasica,https://drycured.com/?post_type=dry_recipe&p=3043,private,GROUND_MEAT_OR_CASING,high,10,2,2,0,1,1,1,1,1,1,1,1,1,1,1,1,0,0,1,1,,,TYPE_PASS_MISSING_FIELDS,FAIL,NITRITE_WITHOUT_SAFETY_NOTE,GROUND_MEAT_OR_CASING,KEEP,,FAIL,NITRITE_WITHOUT_SAFETY_NOTE,C_NONPUBLIC_BLOCKED
3044,Jésus de Lyon – velika lionska suha kobasica,https://drycured.com/recepti-baza/jesus-de-lyon-2/,publish,GROUND_MEAT_OR_CASING,high,9,3,1,1,1,1,1,1,1,1,1,1,1,1,1,1,0,1,1,1,200,,TYPE_PASS_PUBLIC_TEXT_BLOCKED,FAIL,NITRITE_WITHOUT_SAFETY_NOTE;PUBLIC_OR_META_INTERNAL_TEXT_HIT,GROUND_MEAT_OR_CASING,KEEP,,FAIL,NITRITE_WITHOUT_SAFETY_NOTE;PUBLIC_OR_META_INTERNAL_TEXT_HIT,A_PUBLIC_BLOCKED
3045,Rosette de Lyon – lionska suha kobasica,https://drycured.com/recepti-baza/rosette-de-lyon-2/,publish,GROUND_MEAT_OR_CASING,high,10,1,1,1,1,1,1,1,1,1,1,1,1,1,1,1,0,1,1,1,200,,TYPE_PASS_PUBLIC_TEXT_BLOCKED,FAIL,NITRITE_WITHOUT_SAFETY_NOTE;PUBLIC_OR_META_INTERNAL_TEXT_HIT,GROUND_MEAT_OR_CASING,KEEP,,FAIL,NITRITE_WITHOUT_SAFETY_NOTE;PUBLIC_OR_META_INTERNAL_TEXT_HIT,A_PUBLIC_BLOCKED
3046,Privatno: Rillettes du Mans – kuhani mesni namaz,https://drycured.com/?post_type=dry_recipe&p=3046,private,THERMAL_PROCESSED,medium,5,3,4,1,0,0,1,1,1,1,1,0,1,0,1,0,0,0,1,1,,,TYPE_PASS_READY_FOR_SOURCE_DOSSIER,PASS,,THERMAL_PROCESSED,KEEP,,PASS,,D_NONPUBLIC_REVIEW_READY
3047,Siglino Messinias – grčka dimljena svinjetina,https://drycured.com/recepti-baza/siglino-messinias/,publish,WHOLE_CUT,high,5,7,0,1,0,1,1,1,0,1,1,1,1,1,1,0,0,1,1,1,200,,TYPE_PASS_PUBLIC_TEXT_BLOCKED,FAIL,PUBLIC_OR_META_INTERNAL_TEXT_HIT,NEEDS_CLASSIFICATION,BLOCK,NOISE_OR_COLLECTION:grcka,FAIL,PUBLIC_OR_META_INTERNAL_TEXT_HIT;NEEDS_CLASSIFICATION,A_PUBLIC_BLOCKED
3048,Privatno: Tsigarides – grčki čvarci / mesni pripravak,https://drycured.com/?post_type=dry_recipe&p=3048,private,GROUND_MEAT_OR_CASING,high,6,1,2,1,1,1,1,1,1,1,1,1,1,1,1,0,0,0,1,1,,,TYPE_PASS_READY_FOR_SOURCE_DOSSIER,PASS,,GROUND_MEAT_OR_CASING,KEEP,,PASS,,D_NONPUBLIC_REVIEW_READY
3049,Privatno: Llokum Kosove – kosovski mesni delikates,https://drycured.com/?post_type=dry_recipe&p=3049,private,GROUND_MEAT_OR_CASING,high,8,3,1,0,1,1,1,1,1,1,1,1,1,1,1,0,0,0,1,1,,,TYPE_PASS_READY_FOR_SOURCE_DOSSIER,PASS,,GROUND_MEAT_OR_CASING,KEEP,,PASS,,D_NONPUBLIC_REVIEW_READY
3050,Pancetta Maltija – malteška panceta,https://drycured.com/recepti-baza/maltezanska-panceta-pancetta-maltija-2/,publish,WHOLE_CUT,high,5,7,0,1,0,1,1,1,0,1,1,1,1,1,1,0,0,1,1,1,200,,TYPE_PASS_PUBLIC_TEXT_BLOCKED,FAIL,PUBLIC_OR_META_INTERNAL_TEXT_HIT,WHOLE_CUT,KEEP,"WHOLE_CUT_TITLE:pancetta,panceta",FAIL,PUBLIC_OR_META_INTERNAL_TEXT_HIT,A_PUBLIC_BLOCKED
3051,Pick Szalámi – mađarski Pick salami,https://drycured.com/recepti-baza/maarski-pick-salami-pick-szalami/,publish,GROUND_MEAT_OR_CASING,high,9,3,1,0,1,1,1,1,1,1,1,1,1,1,1,1,0,1,1,1,200,,TYPE_PASS_PUBLIC_TEXT_BLOCKED,FAIL,NITRITE_WITHOUT_SAFETY_NOTE;PUBLIC_OR_META_INTERNAL_TEXT_HIT,GROUND_MEAT_OR_CASING,KEEP,,FAIL,NITRITE_WITHOUT_SAFETY_NOTE;PUBLIC_OR_META_INTERNAL_TEXT_HIT,A_PUBLIC_BLOCKED
3052,Mađarska Kolbász – mađarska kobasica,https://drycured.com/recepti-baza/maarska-kobasica-kolbasz/,publish,GROUND_MEAT_OR_CASING,high,8,1,1,0,1,1,1,1,1,1,1,1,1,1,1,0,0,1,1,1,200,,TYPE_PASS_PUBLIC_TEXT_BLOCKED,FAIL,PUBLIC_OR_META_INTERNAL_TEXT_HIT,GROUND_MEAT_OR_CASING,KEEP,,FAIL,PUBLIC_OR_META_INTERNAL_TEXT_HIT,A_PUBLIC_BLOCKED
3053,Westfälischer Knochenschinken – vestfalska šunka s kosti,https://drycured.com/recepti-baza/westfalischer-knochenschinken-vestfalska-sunka-s-kosti/,publish,WHOLE_CUT,high,5,8,0,0,0,1,1,1,0,1,1,1,1,1,1,1,0,1,1,1,200,,TYPE_PASS_PUBLIC_TEXT_BLOCKED,FAIL,NITRITE_WITHOUT_SAFETY_NOTE;PUBLIC_OR_META_INTERNAL_TEXT_HIT,WHOLE_CUT,KEEP,"WHOLE_CUT_TITLE:schinken,sunka",FAIL,NITRITE_WITHOUT_SAFETY_NOTE;PUBLIC_OR_META_INTERNAL_TEXT_HIT,A_PUBLIC_BLOCKED
3054,Privatno: Rovinjska kobasica,https://drycured.com/?post_type=dry_recipe&p=3054,private,GROUND_MEAT_OR_CASING,high,8,1,0,0,1,0,1,0,0,1,1,0,1,1,1,0,0,1,1,1,,,TYPE_PASS_PUBLIC_TEXT_BLOCKED,FAIL,GROUND_MISSING_FAT_HANDLING;PUBLIC_OR_META_INTERNAL_TEXT_HIT,GROUND_MEAT_OR_CASING,KEEP,,FAIL,GROUND_MISSING_FAT_HANDLING;PUBLIC_OR_META_INTERNAL_TEXT_HIT,C_NONPUBLIC_BLOCKED
3055,Salo – ukrajinska slana svinjska slanina,https://drycured.com/recepti-baza/salo-slana-svinjeca-slanina/,publish,WHOLE_CUT,high,5,7,0,1,0,1,1,1,0,1,1,1,1,1,1,0,0,1,1,1,200,,TYPE_PASS_PUBLIC_TEXT_BLOCKED,FAIL,PUBLIC_OR_META_INTERNAL_TEXT_HIT,WHOLE_CUT,KEEP,WHOLE_CUT_TITLE:slanina,FAIL,PUBLIC_OR_META_INTERNAL_TEXT_HIT,A_PUBLIC_BLOCKED
3056,Privatno: Škotski stovies meat – usoljeno kuhano meso,https://drycured.com/?post_type=dry_recipe&p=3056,private,GROUND_MEAT_OR_CASING,high,6,4,4,1,0,0,1,1,1,1,1,0,1,0,1,1,0,0,1,1,,,TYPE_PASS_MISSING_FIELDS,FAIL,GROUND_MISSING_GRANULATION;GROUND_MISSING_FAT_HANDLING;NITRITE_WITHOUT_SAFETY_NOTE,GROUND_MEAT_OR_CASING,KEEP,,FAIL,GROUND_MISSING_GRANULATION;GROUND_MISSING_FAT_HANDLING;NITRITE_WITHOUT_SAFETY_NOTE,C_NONPUBLIC_BLOCKED
3057,Belokranjska jagenjčara,https://drycured.com/recepti-baza/belokranjska-jagenjcara-2/,publish,GROUND_MEAT_OR_CASING,high,9,2,1,0,1,1,1,1,1,1,1,1,1,1,1,0,0,1,1,1,200,,TYPE_PASS_PUBLIC_TEXT_BLOCKED,FAIL,PUBLIC_OR_META_INTERNAL_TEXT_HIT,GROUND_MEAT_OR_CASING,KEEP,,FAIL,PUBLIC_OR_META_INTERNAL_TEXT_HIT,A_PUBLIC_BLOCKED
3058,Sobrasada Mallorquina – majorška sobrasada,https://drycured.com/recepti-baza/sobrasada-mallorquina-majorska-sobrasada-2/,publish,GROUND_MEAT_OR_CASING,high,8,3,1,1,1,1,1,1,1,1,1,1,1,1,1,0,0,1,1,1,200,,TYPE_PASS_PUBLIC_TEXT_BLOCKED,FAIL,PUBLIC_OR_META_INTERNAL_TEXT_HIT,GROUND_MEAT_OR_CASING,KEEP,,FAIL,PUBLIC_OR_META_INTERNAL_TEXT_HIT,A_PUBLIC_BLOCKED
3059,Privatno: Julskinka – švedska božićna šunka,https://drycured.com/?post_type=dry_recipe&p=3059,private,THERMAL_PROCESSED,medium,5,9,4,0,0,1,1,1,1,1,1,1,1,1,1,1,0,0,1,1,,,TYPE_PASS_MISSING_FIELDS,FAIL,NITRITE_WITHOUT_SAFETY_NOTE,WHOLE_CUT,RECLASSIFY,WHOLE_CUT_TITLE:sunka,FAIL,NITRITE_WITHOUT_SAFETY_NOTE,C_NONPUBLIC_BLOCKED
3060,Appenzeller Mostbröckli – švicarska sušena dimljena govedina,https://drycured.com/recepti-baza/appenzeller-mostbrockli-dimljena-govedina/,publish,NEEDS_CLASSIFICATION,low,5,5,0,1,0,1,1,1,0,1,1,1,1,1,1,1,0,1,1,1,200,,NEEDS_CLASSIFICATION,FAIL,NEEDS_CLASSIFICATION;NITRITE_WITHOUT_SAFETY_NOTE;PUBLIC_OR_META_INTERNAL_TEXT_HIT,NEEDS_CLASSIFICATION,KEEP,,FAIL,NEEDS_CLASSIFICATION;NITRITE_WITHOUT_SAFETY_NOTE;PUBLIC_OR_META_INTERNAL_TEXT_HIT,A_PUBLIC_BLOCKED
3061,Speck Alto Adige – južnotirolski sušeni dimljeni but,https://drycured.com/recepti-baza/speck-alto-adige-2/,publish,WHOLE_CUT,high,5,6,0,1,0,1,1,1,0,1,1,1,1,1,1,1,0,1,1,1,200,,TYPE_PASS_PUBLIC_TEXT_BLOCKED,FAIL,NITRITE_WITHOUT_SAFETY_NOTE;PUBLIC_OR_META_INTERNAL_TEXT_HIT,WHOLE_CUT,KEEP,WHOLE_CUT_TITLE:speck,FAIL,NITRITE_WITHOUT_SAFETY_NOTE;PUBLIC_OR_META_INTERNAL_TEXT_HIT,A_PUBLIC_BLOCKED
3062,Privatno: Pashtetna – pečena mesna pašteta,https://drycured.com/?post_type=dry_recipe&p=3062,private,THERMAL_PROCESSED,high,8,1,7,1,1,0,1,1,1,1,1,1,1,1,1,0,0,0,1,1,,,TYPE_PASS_READY_FOR_SOURCE_DOSSIER,PASS,,THERMAL_PROCESSED,KEEP,THERMAL_TITLE:pasteta,PASS,,D_NONPUBLIC_REVIEW_READY
3063,Suxhuk – albanska suha kobasica,https://drycured.com/recepti-baza/suxhuk-albanska-suha-kobasica-2/,publish,GROUND_MEAT_OR_CASING,high,8,1,1,1,1,1,1,1,1,1,1,1,1,1,1,0,0,1,1,1,200,,TYPE_PASS_PUBLIC_TEXT_BLOCKED,FAIL,PUBLIC_OR_META_INTERNAL_TEXT_HIT,GROUND_MEAT_OR_CASING,KEEP,,FAIL,PUBLIC_OR_META_INTERNAL_TEXT_HIT,A_PUBLIC_BLOCKED
3064,Proshuta Shqiptare – albanska pršuta,https://drycured.com/recepti-baza/0003-proshuta-shqiptare-albanska-prsuta/,publish,WHOLE_CUT,high,4,6,1,1,0,0,1,1,1,1,1,1,1,1,1,0,0,1,1,1,200,,TYPE_PASS_PUBLIC_TEXT_BLOCKED,FAIL,PUBLIC_OR_META_INTERNAL_TEXT_HIT,WHOLE_CUT,KEEP,WHOLE_CUT_TITLE:prsut,FAIL,PUBLIC_OR_META_INTERNAL_TEXT_HIT,A_PUBLIC_BLOCKED
3065,Mish i thatë – albanska suha janjetina,https://drycured.com/recepti-baza/mish-i-thate-albanska-suha-janjetina-2/,publish,NEEDS_CLASSIFICATION,low,5,5,0,1,0,1,1,1,0,1,1,1,1,1,1,0,0,1,1,1,200,,NEEDS_CLASSIFICATION,FAIL,NEEDS_CLASSIFICATION;PUBLIC_OR_META_INTERNAL_TEXT_HIT,NEEDS_CLASSIFICATION,KEEP,,FAIL,NEEDS_CLASSIFICATION;PUBLIC_OR_META_INTERNAL_TEXT_HIT,A_PUBLIC_BLOCKED
3066,Kärntner Wurzelspeck – koruški sušeni dimljeni vrat,https://drycured.com/recepti-baza/karntner-wurzelspeck-koruska-korijenska-slanina-2/,publish,WHOLE_CUT,high,5,7,1,0,0,1,1,1,1,1,1,1,1,1,1,1,0,1,1,1,200,,TYPE_PASS_PUBLIC_TEXT_BLOCKED,FAIL,NITRITE_WITHOUT_SAFETY_NOTE;PUBLIC_OR_META_INTERNAL_TEXT_HIT,WHOLE_CUT,KEEP,WHOLE_CUT_TITLE:speck,FAIL,NITRITE_WITHOUT_SAFETY_NOTE;PUBLIC_OR_META_INTERNAL_TEXT_HIT,A_PUBLIC_BLOCKED
3067,Steirischer Rohschinken – štajerska sirova šunka,https://drycured.com/recepti-baza/steirischer-rohschinken-stajerska-sirova-sunka-2/,publish,WHOLE_CUT,high,5,7,0,0,0,1,1,1,0,1,1,1,1,1,1,1,0,1,1,1,200,,TYPE_PASS_PUBLIC_TEXT_BLOCKED,FAIL,NITRITE_WITHOUT_SAFETY_NOTE;PUBLIC_OR_META_INTERNAL_TEXT_HIT,WHOLE_CUT,KEEP,"WHOLE_CUT_TITLE:schinken,rohschinken,sunka",FAIL,NITRITE_WITHOUT_SAFETY_NOTE;PUBLIC_OR_META_INTERNAL_TEXT_HIT,A_PUBLIC_BLOCKED
3068,Vorarlberger Mostbröckle – vorarlberška dimljena govedina,https://drycured.com/recepti-baza/0010-vorarlberger-mostbrockle-vorarlberska-dimljena-govedina/,publish,NEEDS_CLASSIFICATION,low,4,4,1,0,0,0,1,1,1,1,1,1,1,1,1,1,0,1,1,1,200,,NEEDS_CLASSIFICATION,FAIL,NEEDS_CLASSIFICATION;NITRITE_WITHOUT_SAFETY_NOTE;PUBLIC_OR_META_INTERNAL_TEXT_HIT,NEEDS_CLASSIFICATION,KEEP,,FAIL,NEEDS_CLASSIFICATION;NITRITE_WITHOUT_SAFETY_NOTE;PUBLIC_OR_META_INTERNAL_TEXT_HIT,A_PUBLIC_BLOCKED
3069,Finska Meetvursti – suha kobasica,https://drycured.com/recepti-baza/finska-meetvursti-suha-kobasica-2/,publish,GROUND_MEAT_OR_CASING,high,9,3,1,0,1,1,1,1,1,1,1,1,1,1,1,1,0,1,1,1,200,,TYPE_PASS_PUBLIC_TEXT_BLOCKED,FAIL,NITRITE_WITHOUT_SAFETY_NOTE;PUBLIC_OR_META_INTERNAL_TEXT_HIT,GROUND_MEAT_OR_CASING,KEEP,,FAIL,NITRITE_WITHOUT_SAFETY_NOTE;PUBLIC_OR_META_INTERNAL_TEXT_HIT,A_PUBLIC_BLOCKED
3070,Filet d’Anvers – antverpski file,https://drycured.com/recepti-baza/filet-d-anvers-antverpski-file/,publish,NEEDS_CLASSIFICATION,low,5,5,1,1,0,1,1,1,1,1,1,1,1,1,1,0,0,1,1,1,200,,NEEDS_CLASSIFICATION,FAIL,NEEDS_CLASSIFICATION;PUBLIC_OR_META_INTERNAL_TEXT_HIT,NEEDS_CLASSIFICATION,KEEP,,FAIL,NEEDS_CLASSIFICATION;PUBLIC_OR_META_INTERNAL_TEXT_HIT,A_PUBLIC_BLOCKED
3071,Lard fumé de Flandre – flamanska dimljena slanina,https://drycured.com/recepti-baza/lard-fume-de-flandre-flamansko-dimljeno-salo-2/,publish,WHOLE_CUT,high,5,7,0,1,0,1,1,1,0,1,1,1,1,1,1,0,0,1,1,1,200,,TYPE_PASS_PUBLIC_TEXT_BLOCKED,FAIL,PUBLIC_OR_META_INTERNAL_TEXT_HIT,WHOLE_CUT,KEEP,WHOLE_CUT_TITLE:slanina,FAIL,PUBLIC_OR_META_INTERNAL_TEXT_HIT,A_PUBLIC_BLOCKED
3072,Privatno: Saucisse au fromage de Herve – kobasica sa sirom Herve,https://drycured.com/?post_type=dry_recipe&p=3072,private,GROUND_MEAT_OR_CASING,high,9,2,1,1,1,1,1,1,1,1,1,1,1,1,1,0,0,0,1,1,,,TYPE_PASS_READY_FOR_SOURCE_DOSSIER,PASS,,GROUND_MEAT_OR_CASING,KEEP,,PASS,,D_NONPUBLIC_REVIEW_READY
3073,Collier fumé de Wallonie – dimljeni svinjski vrat iz Valonije,https://drycured.com/recepti-baza/collier-fume-de-wallonie-dimljeni-svinjski-vrat-iz-valonije-2/,publish,WHOLE_CUT,high,5,6,1,1,0,1,1,1,1,1,1,1,1,1,1,0,0,1,1,1,200,,TYPE_PASS_PUBLIC_TEXT_BLOCKED,FAIL,PUBLIC_OR_META_INTERNAL_TEXT_HIT,WHOLE_CUT,KEEP,,FAIL,PUBLIC_OR_META_INTERNAL_TEXT_HIT,A_PUBLIC_BLOCKED
3074,Privatno: Boudin blanc de Bruxelles – bijela kuhana kobasica iz Bruxellesa,https://drycured.com/?post_type=dry_recipe&p=3074,private,GROUND_MEAT_OR_CASING,high,9,1,5,1,1,1,1,1,1,1,1,1,1,1,1,0,0,0,1,1,,,TYPE_PASS_READY_FOR_SOURCE_DOSSIER,PASS,,THERMAL_PROCESSED,RECLASSIFY,THERMAL_TITLE:kuhana,PASS,,D_NONPUBLIC_REVIEW_READY
3075,Jambon d’Ardenne – ardenska šunka,https://drycured.com/recepti-baza/jambon-d-ardenne-ardenski-prsut/,publish,WHOLE_CUT,high,5,8,1,1,0,1,1,1,1,1,1,1,1,1,1,0,0,1,1,1,200,,TYPE_PASS_PUBLIC_TEXT_BLOCKED,FAIL,PUBLIC_OR_META_INTERNAL_TEXT_HIT,WHOLE_CUT,KEEP,"WHOLE_CUT_TITLE:sunka,jambon",FAIL,PUBLIC_OR_META_INTERNAL_TEXT_HIT,A_PUBLIC_BLOCKED
3076,Privatno: Pâté gaumais – gaume pašteta,https://drycured.com/?post_type=dry_recipe&p=3076,private,GROUND_MEAT_OR_CASING,high,8,1,6,0,1,0,1,1,1,1,1,1,1,1,1,0,0,0,1,1,,,TYPE_PASS_MISSING_FIELDS,FAIL,GROUND_MISSING_FAT_HANDLING,THERMAL_PROCESSED,RECLASSIFY,"THERMAL_TITLE:pate,pasteta",FAIL,GROUND_MISSING_FAT_HANDLING,C_NONPUBLIC_BLOCKED
3077,Privatno: Tête pressée – prešana svinjska glava / prezvuršt,https://drycured.com/?post_type=dry_recipe&p=3077,private,THERMAL_PROCESSED,high,4,2,5,0,0,0,1,1,1,1,1,0,1,0,1,0,0,0,1,1,,,TYPE_PASS_READY_FOR_SOURCE_DOSSIER,PASS,,THERMAL_PROCESSED,KEEP,,PASS,,D_NONPUBLIC_REVIEW_READY
3078,Privatno: Boulette de Liège – lieške mesne okruglice,https://drycured.com/?post_type=dry_recipe&p=3078,private,GROUND_MEAT_OR_CASING,high,9,3,1,0,1,1,1,1,1,1,1,1,1,1,1,0,0,0,1,1,,,TYPE_PASS_READY_FOR_SOURCE_DOSSIER,PASS,,GROUND_MEAT_OR_CASING,KEEP,,PASS,,D_NONPUBLIC_REVIEW_READY
3081,SAUCISSON D&#8217;ARDENNE (ARDENSKI KULEN),https://drycured.com/recepti-baza/saucisson-d-ardenne-ardenski-kulen/,publish,GROUND_MEAT_OR_CASING,high,9,3,1,2,1,1,1,1,1,1,1,1,1,1,1,1,0,1,1,1,200,,TYPE_PASS_PUBLIC_TEXT_BLOCKED,FAIL,NITRITE_WITHOUT_SAFETY_NOTE;PUBLIC_OR_META_INTERNAL_TEXT_HIT,GROUND_MEAT_OR_CASING,KEEP,,FAIL,NITRITE_WITHOUT_SAFETY_NOTE;PUBLIC_OR_META_INTERNAL_TEXT_HIT,A_PUBLIC_BLOCKED
3082,НАНИЖЕН СУДЖУК (Nanižen Sudžuk),https://drycured.com/recepti-baza/nanizen-sudzuk/,publish,GROUND_MEAT_OR_CASING,high,11,2,1,1,1,1,1,1,1,1,1,1,1,1,1,0,0,1,1,1,200,,TYPE_PASS_PUBLIC_TEXT_BLOCKED,FAIL,PUBLIC_OR_META_INTERNAL_TEXT_HIT,GROUND_MEAT_OR_CASING,KEEP,,FAIL,PUBLIC_OR_META_INTERNAL_TEXT_HIT,A_PUBLIC_BLOCKED
3083,ЕЛЕНСКИ БУТ (Elenski but),https://drycured.com/recepti-baza/elenski-but/,publish,GROUND_MEAT_OR_CASING,high,6,4,0,2,1,1,1,1,0,1,1,1,1,1,1,0,0,0,1,1,200,,TYPE_PASS_READY_FOR_SOURCE_DOSSIER,PASS,,WHOLE_CUT,RECLASSIFY,CALIBRATION_ACCEPTED:TITLE_WHOLE_CUT_SIGNAL:but,PASS,,B_PUBLIC_REVIEW_READY
3084,СМЯДОВСКА ЛУКАНКА (Smyadovska lukanka),https://drycured.com/recepti-baza/smyadovska-lukanka/,publish,GROUND_MEAT_OR_CASING,high,9,1,1,2,1,1,1,1,1,1,1,1,1,1,1,0,0,1,1,1,200,,TYPE_PASS_PUBLIC_TEXT_BLOCKED,FAIL,PUBLIC_OR_META_INTERNAL_TEXT_HIT,GROUND_MEAT_OR_CASING,KEEP,,FAIL,PUBLIC_OR_META_INTERNAL_TEXT_HIT,A_PUBLIC_BLOCKED
3085,СТАРОПЛАНИНСКИ ПАСТЪРМА (Staroplaninska pastrma),https://drycured.com/recepti-baza/staroplaninska-pastrma/,publish,WHOLE_CUT,medium,5,6,0,2,0,1,1,1,0,1,1,1,1,1,1,0,0,1,1,1,200,,TYPE_PASS_PUBLIC_TEXT_BLOCKED,FAIL,PUBLIC_OR_META_INTERNAL_TEXT_HIT,WHOLE_CUT,KEEP,WHOLE_CUT_TITLE:pastrma,FAIL,PUBLIC_OR_META_INTERNAL_TEXT_HIT,A_PUBLIC_BLOCKED
3086,Nadenitsa (Наденица),https://drycured.com/recepti-baza/nadenitsa/,publish,GROUND_MEAT_OR_CASING,high,6,2,0,0,1,1,1,1,0,1,1,1,1,1,1,0,0,1,1,1,200,,TYPE_PASS_PUBLIC_TEXT_BLOCKED,FAIL,PUBLIC_OR_META_INTERNAL_TEXT_HIT,GROUND_MEAT_OR_CASING,KEEP,,FAIL,PUBLIC_OR_META_INTERNAL_TEXT_HIT,A_PUBLIC_BLOCKED
3087,Rulopep (Рулопеп),https://drycured.com/recepti-baza/rulopep/,publish,GROUND_MEAT_OR_CASING,high,6,2,0,0,1,1,1,1,0,1,1,1,1,1,1,0,0,1,1,1,200,,TYPE_PASS_PUBLIC_TEXT_BLOCKED,FAIL,PUBLIC_OR_META_INTERNAL_TEXT_HIT,GROUND_MEAT_OR_CASING,KEEP,,FAIL,PUBLIC_OR_META_INTERNAL_TEXT_HIT,A_PUBLIC_BLOCKED
3088,Katino Meze (Катино мезе),https://drycured.com/recepti-baza/katino-meze/,publish,GROUND_MEAT_OR_CASING,high,6,3,0,0,1,1,1,1,0,1,1,1,1,1,1,0,0,1,1,1,200,,TYPE_PASS_PUBLIC_TEXT_BLOCKED,FAIL,PUBLIC_OR_META_INTERNAL_TEXT_HIT,GROUND_MEAT_OR_CASING,KEEP,,FAIL,PUBLIC_OR_META_INTERNAL_TEXT_HIT,A_PUBLIC_BLOCKED
3089,Drobsarma (Дробсарма),https://drycured.com/recepti-baza/drobsarma/,publish,GROUND_MEAT_OR_CASING,high,8,1,1,0,1,1,1,1,1,1,1,1,1,1,1,0,0,1,1,1,200,,TYPE_PASS_PUBLIC_TEXT_BLOCKED,FAIL,PUBLIC_OR_META_INTERNAL_TEXT_HIT,GROUND_MEAT_OR_CASING,KEEP,,FAIL,PUBLIC_OR_META_INTERNAL_TEXT_HIT,A_PUBLIC_BLOCKED
3090,Maleshevska Babichka (Малешевска бабичка),https://drycured.com/recepti-baza/maleshevska-babichka/,publish,GROUND_MEAT_OR_CASING,high,6,2,0,0,1,1,1,1,0,1,1,1,1,1,1,0,0,1,1,1,200,,TYPE_PASS_PUBLIC_TEXT_BLOCKED,FAIL,PUBLIC_OR_META_INTERNAL_TEXT_HIT,GROUND_MEAT_OR_CASING,KEEP,,FAIL,PUBLIC_OR_META_INTERNAL_TEXT_HIT,A_PUBLIC_BLOCKED
3091,Kraishte Pastarma (Краищенска пастърма),https://drycured.com/recepti-baza/kraishte-pastarma/,publish,GROUND_MEAT_OR_CASING,high,6,2,0,2,1,1,1,1,0,1,1,1,1,1,1,0,0,1,1,1,200,,TYPE_PASS_PUBLIC_TEXT_BLOCKED,FAIL,PUBLIC_OR_META_INTERNAL_TEXT_HIT,GROUND_MEAT_OR_CASING,KEEP,,FAIL,PUBLIC_OR_META_INTERNAL_TEXT_HIT,A_PUBLIC_BLOCKED
3092,Lukanka (Луканка),https://drycured.com/recepti-baza/lukanka/,publish,GROUND_MEAT_OR_CASING,high,9,2,1,0,1,1,1,1,1,1,1,1,1,1,1,0,0,1,1,1,200,,TYPE_PASS_PUBLIC_TEXT_BLOCKED,FAIL,PUBLIC_OR_META_INTERNAL_TEXT_HIT,GROUND_MEAT_OR_CASING,KEEP,,FAIL,PUBLIC_OR_META_INTERNAL_TEXT_HIT,A_PUBLIC_BLOCKED
3093,Sudjuk (Суджук),https://drycured.com/recepti-baza/sudjuk/,publish,GROUND_MEAT_OR_CASING,high,9,1,1,0,1,1,1,1,1,1,1,1,1,1,1,0,0,1,1,1,200,,TYPE_PASS_PUBLIC_TEXT_BLOCKED,FAIL,PUBLIC_OR_META_INTERNAL_TEXT_HIT,GROUND_MEAT_OR_CASING,KEEP,,FAIL,PUBLIC_OR_META_INTERNAL_TEXT_HIT,A_PUBLIC_BLOCKED
3094,Elena filet (Еленски филе),https://drycured.com/recepti-baza/elena-filet/,publish,GROUND_MEAT_OR_CASING,high,6,4,0,0,1,1,1,1,0,1,1,1,1,1,1,0,0,0,1,1,200,,TYPE_PASS_READY_FOR_SOURCE_DOSSIER,PASS,,GROUND_MEAT_OR_CASING,KEEP,,PASS,,B_PUBLIC_REVIEW_READY
3095,Pastarma (Пастърма),https://drycured.com/recepti-baza/pastarma/,publish,GROUND_MEAT_OR_CASING,high,6,2,0,1,1,1,1,1,0,1,1,1,1,1,1,0,0,1,1,1,200,,TYPE_PASS_PUBLIC_TEXT_BLOCKED,FAIL,PUBLIC_OR_META_INTERNAL_TEXT_HIT,GROUND_MEAT_OR_CASING,KEEP,,FAIL,PUBLIC_OR_META_INTERNAL_TEXT_HIT,A_PUBLIC_BLOCKED
3096,Banski Starec (Бански старец),https://drycured.com/recepti-baza/banski-starec/,publish,GROUND_MEAT_OR_CASING,high,8,1,1,0,1,1,1,1,1,1,1,1,1,1,1,0,0,1,1,1,200,,TYPE_PASS_PUBLIC_TEXT_BLOCKED,FAIL,PUBLIC_OR_META_INTERNAL_TEXT_HIT,GROUND_MEAT_OR_CASING,KEEP,,FAIL,PUBLIC_OR_META_INTERNAL_TEXT_HIT,A_PUBLIC_BLOCKED
3097,Lountza (Λούντζα),https://drycured.com/recepti-baza/lountza/,publish,GROUND_MEAT_OR_CASING,high,6,2,0,2,1,1,1,1,0,1,1,1,1,1,1,0,0,1,1,1,200,,TYPE_PASS_PUBLIC_TEXT_BLOCKED,FAIL,PUBLIC_OR_META_INTERNAL_TEXT_HIT,WHOLE_CUT,RECLASSIFY,WHOLE_CUT_TITLE:lountza,FAIL,PUBLIC_OR_META_INTERNAL_TEXT_HIT,A_PUBLIC_BLOCKED
3098,Hiromeri (Χοιρομέρι),https://drycured.com/recepti-baza/hiromeri/,publish,WHOLE_CUT,high,5,7,0,2,0,1,1,1,0,1,1,1,1,1,1,0,0,1,1,1,200,,TYPE_PASS_PUBLIC_TEXT_BLOCKED,FAIL,PUBLIC_OR_META_INTERNAL_TEXT_HIT,WHOLE_CUT,KEEP,,FAIL,PUBLIC_OR_META_INTERNAL_TEXT_HIT,A_PUBLIC_BLOCKED
3099,Tsamarella (Τσαμαρέλλα),https://drycured.com/recepti-baza/tsamarella/,publish,GROUND_MEAT_OR_CASING,high,6,2,0,1,1,1,1,1,0,1,1,1,1,1,1,0,0,1,1,1,200,,TYPE_PASS_PUBLIC_TEXT_BLOCKED,FAIL,PUBLIC_OR_META_INTERNAL_TEXT_HIT,GROUND_MEAT_OR_CASING,KEEP,,FAIL,PUBLIC_OR_META_INTERNAL_TEXT_HIT,A_PUBLIC_BLOCKED
3100,Posyrti (Ποσυρτή),https://drycured.com/recepti-baza/posyrti/,publish,GROUND_MEAT_OR_CASING,high,6,2,0,2,1,1,1,1,0,1,1,1,1,1,1,0,0,1,1,1,200,,TYPE_PASS_PUBLIC_TEXT_BLOCKED,FAIL,PUBLIC_OR_META_INTERNAL_TEXT_HIT,WHOLE_CUT,RECLASSIFY,WHOLE_CUT_TITLE:posyrti,FAIL,PUBLIC_OR_META_INTERNAL_TEXT_HIT,A_PUBLIC_BLOCKED
3101,Apohtin (Αποχτίν),https://drycured.com/recepti-baza/apohtin/,publish,GROUND_MEAT_OR_CASING,high,6,1,0,2,1,1,1,1,0,1,1,1,1,1,1,0,0,1,1,1,200,,TYPE_PASS_PUBLIC_TEXT_BLOCKED,FAIL,PUBLIC_OR_META_INTERNAL_TEXT_HIT,WHOLE_CUT,RECLASSIFY,WHOLE_CUT_TITLE:apohtin,FAIL,PUBLIC_OR_META_INTERNAL_TEXT_HIT,A_PUBLIC_BLOCKED
3102,Lounza (Λούντζα) &#8211; Dimljena svinjska potrbušina,https://drycured.com/recepti-baza/lounza-dimljena-svinjska-potrbusina/,publish,GROUND_MEAT_OR_CASING,high,7,2,0,2,1,1,1,1,0,1,1,1,1,1,1,0,0,1,1,1,200,,TYPE_PASS_PUBLIC_TEXT_BLOCKED,FAIL,PUBLIC_OR_META_INTERNAL_TEXT_HIT,GROUND_MEAT_OR_CASING,KEEP,,FAIL,PUBLIC_OR_META_INTERNAL_TEXT_HIT,A_PUBLIC_BLOCKED
3103,Tsamarella (Τσαμαρέλλα) &#8211; Sušena kozletina,https://drycured.com/recepti-baza/tsamarella-susena-kozletina/,publish,GROUND_MEAT_OR_CASING,high,7,3,0,1,1,1,1,1,0,1,1,1,1,1,1,0,0,1,1,1,200,,TYPE_PASS_PUBLIC_TEXT_BLOCKED,FAIL,PUBLIC_OR_META_INTERNAL_TEXT_HIT,GROUND_MEAT_OR_CASING,KEEP,,FAIL,PUBLIC_OR_META_INTERNAL_TEXT_HIT,A_PUBLIC_BLOCKED
3104,Hiromeri (Χοιρομέρι) &#8211; Ciparski pršut,https://drycured.com/recepti-baza/hiromeri-ciparski-prsut/,publish,WHOLE_CUT,high,5,8,0,2,0,1,1,1,0,1,1,1,1,1,1,0,0,1,1,1,200,,TYPE_PASS_PUBLIC_TEXT_BLOCKED,FAIL,PUBLIC_OR_META_INTERNAL_TEXT_HIT,WHOLE_CUT,KEEP,WHOLE_CUT_TITLE:prsut,FAIL,PUBLIC_OR_META_INTERNAL_TEXT_HIT,A_PUBLIC_BLOCKED
3105,Apohti (Απόχτι) &#8211; Dimljeni svinjski file,https://drycured.com/recepti-baza/apohti-dimljeni-svinjski-file/,publish,GROUND_MEAT_OR_CASING,high,6,4,0,2,1,1,1,1,0,1,1,1,1,1,1,0,0,0,1,1,200,,TYPE_PASS_READY_FOR_SOURCE_DOSSIER,PASS,,GROUND_MEAT_OR_CASING,KEEP,,PASS,,B_PUBLIC_REVIEW_READY
3106,Pastourma (Παστουρμάς) &#8211; Ciparski začinjeni sušeni goveđi file,https://drycured.com/recepti-baza/pastourma-ciparski-zacinjeni-suseni-govei-file/,publish,GROUND_MEAT_OR_CASING,high,6,4,0,2,1,1,1,1,0,1,1,1,1,1,1,0,0,0,1,1,200,,TYPE_PASS_READY_FOR_SOURCE_DOSSIER,PASS,,GROUND_MEAT_OR_CASING,KEEP,,PASS,,B_PUBLIC_REVIEW_READY
3107,?? NIZOZEMSKA &#8211; Tradicionalni recepti,https://drycured.com/recepti-baza/nizozemska-tradicionalni-recepti/,publish,GROUND_MEAT_OR_CASING,high,8,1,1,2,1,1,1,1,1,1,1,1,1,1,1,1,0,1,1,1,200,,TYPE_PASS_PUBLIC_TEXT_BLOCKED,FAIL,NITRITE_WITHOUT_SAFETY_NOTE;PUBLIC_OR_META_INTERNAL_TEXT_HIT,NEEDS_CLASSIFICATION,BLOCK,NOISE_OR_COLLECTION:tradicionalni recepti,FAIL,NITRITE_WITHOUT_SAFETY_NOTE;PUBLIC_OR_META_INTERNAL_TEXT_HIT;NEEDS_CLASSIFICATION,A_PUBLIC_BLOCKED
3108,Crmničke goveđe pastrve,https://drycured.com/recepti-baza/crmnicke-govee-pastrve/,publish,GROUND_MEAT_OR_CASING,high,6,1,0,4,1,1,1,1,0,1,1,1,1,1,1,0,0,1,1,1,200,,TYPE_PASS_PUBLIC_TEXT_BLOCKED,FAIL,PUBLIC_OR_META_INTERNAL_TEXT_HIT,GROUND_MEAT_OR_CASING,KEEP,,FAIL,PUBLIC_OR_META_INTERNAL_TEXT_HIT,A_PUBLIC_BLOCKED
3109,Privatno: Bjelopavlićka bumbar-pita,https://drycured.com/?post_type=dry_recipe&p=3109,private,GROUND_MEAT_OR_CASING,high,7,3,2,0,1,1,1,1,1,1,1,1,1,1,1,0,0,0,1,1,,,TYPE_PASS_READY_FOR_SOURCE_DOSSIER,PASS,,GROUND_MEAT_OR_CASING,KEEP,,PASS,,D_NONPUBLIC_REVIEW_READY
3110,Crnogorski suđuk,https://drycured.com/recepti-baza/crnogorski-suuk/,publish,GROUND_MEAT_OR_CASING,high,6,1,0,0,1,1,1,1,0,1,1,1,1,1,1,0,0,1,1,1,200,,TYPE_PASS_PUBLIC_TEXT_BLOCKED,FAIL,PUBLIC_OR_META_INTERNAL_TEXT_HIT,GROUND_MEAT_OR_CASING,KEEP,,FAIL,PUBLIC_OR_META_INTERNAL_TEXT_HIT,A_PUBLIC_BLOCKED
3111,Privatno: Pagaški sir (rijetka regionalna varijanta),https://drycured.com/?post_type=dry_recipe&p=3111,private,NEEDS_CLASSIFICATION,low,5,5,0,1,0,1,1,1,0,1,1,1,1,1,1,0,0,0,1,1,,,NEEDS_CLASSIFICATION,FAIL,NEEDS_CLASSIFICATION,NEEDS_CLASSIFICATION,KEEP,,FAIL,NEEDS_CLASSIFICATION,C_NONPUBLIC_BLOCKED
3112,Medisterpølse (Danska svježa začinjena kobasica),https://drycured.com/recepti-baza/medisterplse-danska-svjeza-zacinjena-kobasica/,publish,GROUND_MEAT_OR_CASING,high,8,1,1,0,1,1,1,1,1,1,1,1,1,1,1,0,0,1,1,1,200,,TYPE_PASS_PUBLIC_TEXT_BLOCKED,FAIL,PUBLIC_OR_META_INTERNAL_TEXT_HIT,GROUND_MEAT_OR_CASING,KEEP,,FAIL,PUBLIC_OR_META_INTERNAL_TEXT_HIT,A_PUBLIC_BLOCKED
3113,Privatno: Blodpølse (Danska krvavica),https://drycured.com/?post_type=dry_recipe&p=3113,private,GROUND_MEAT_OR_CASING,high,6,1,1,0,1,1,1,1,0,1,1,1,1,1,1,0,0,0,1,1,,,TYPE_PASS_READY_FOR_SOURCE_DOSSIER,PASS,,THERMAL_PROCESSED,RECLASSIFY,"THERMAL_TITLE:krvavica,blodpolse",FAIL,THERMAL_MISSING_PROCESS,C_NONPUBLIC_BLOCKED
3114,Rullepølse (Danska rolana šunka),https://drycured.com/recepti-baza/rulleplse-danska-rolana-sunka/,publish,WHOLE_CUT,high,5,8,0,0,0,1,1,1,0,1,1,1,1,1,1,0,0,1,1,1,200,,TYPE_PASS_PUBLIC_TEXT_BLOCKED,FAIL,PUBLIC_OR_META_INTERNAL_TEXT_HIT,WHOLE_CUT,KEEP,WHOLE_CUT_TITLE:sunka,FAIL,PUBLIC_OR_META_INTERNAL_TEXT_HIT,A_PUBLIC_BLOCKED
3115,Flæskesteg (Danska pečena svinjetina s hrskavom kožom),https://drycured.com/recepti-baza/flskesteg-danska-pecena-svinjetina-s-hrskavom-kozom/,publish,GROUND_MEAT_OR_CASING,high,6,1,2,2,1,1,1,1,1,1,1,1,1,1,1,0,0,1,1,1,200,,TYPE_PASS_PUBLIC_TEXT_BLOCKED,FAIL,PUBLIC_OR_META_INTERNAL_TEXT_HIT,THERMAL_PROCESSED,RECLASSIFY,THERMAL_TITLE:pecena svinjetina,FAIL,PUBLIC_OR_META_INTERNAL_TEXT_HIT,A_PUBLIC_BLOCKED
3116,Spegepølse (Danska fermentirana kobasica),https://drycured.com/recepti-baza/spegeplse-danska-fermentirana-kobasica/,publish,GROUND_MEAT_OR_CASING,high,8,2,1,0,1,1,1,1,1,1,1,1,1,1,1,0,0,1,1,1,200,,TYPE_PASS_PUBLIC_TEXT_BLOCKED,FAIL,PUBLIC_OR_META_INTERNAL_TEXT_HIT,GROUND_MEAT_OR_CASING,KEEP,,FAIL,PUBLIC_OR_META_INTERNAL_TEXT_HIT,A_PUBLIC_BLOCKED
3117,Irski spiced beef (Začinjeno sušeno goveđe meso),https://drycured.com/recepti-baza/irski-spiced-beef-zacinjeno-suseno-govee-meso/,publish,WHOLE_CUT,high,5,6,0,1,0,1,1,1,0,1,1,1,1,1,1,0,0,1,1,1,200,,TYPE_PASS_PUBLIC_TEXT_BLOCKED,FAIL,PUBLIC_OR_META_INTERNAL_TEXT_HIT,WHOLE_CUT,KEEP,,FAIL,PUBLIC_OR_META_INTERNAL_TEXT_HIT,A_PUBLIC_BLOCKED
3118,Kasseler pečenka s pireom od jabuka i krupir knedlama,https://drycured.com/recepti-baza/kasseler-pecenka-s-pireom-od-jabuka-i-krupir-knedlama/,publish,GROUND_MEAT_OR_CASING,high,6,1,2,0,1,1,1,1,1,1,1,1,1,1,1,0,0,1,1,1,200,,TYPE_PASS_PUBLIC_TEXT_BLOCKED,FAIL,PUBLIC_OR_META_INTERNAL_TEXT_HIT,GROUND_MEAT_OR_CASING,KEEP,,FAIL,PUBLIC_OR_META_INTERNAL_TEXT_HIT,A_PUBLIC_BLOCKED
3119,Privatno: Leberkäse s prženim jajima i bavarskim röstijem,https://drycured.com/?post_type=dry_recipe&p=3119,private,GROUND_MEAT_OR_CASING,high,6,1,0,1,1,1,1,1,0,1,1,1,1,1,1,0,0,0,1,1,,,TYPE_PASS_READY_FOR_SOURCE_DOSSIER,PASS,,GROUND_MEAT_OR_CASING,KEEP,,PASS,,D_NONPUBLIC_REVIEW_READY
3120,Rogatički Planinsko-Morski Raritet &#8220;Vjetar i More&#8221;,https://drycured.com/recepti-baza/rogaticki-planinsko-morski-raritet-vjetar-i-more/,publish,GROUND_MEAT_OR_CASING,high,6,1,0,1,1,1,1,1,0,1,1,1,1,1,1,0,0,1,1,1,200,,TYPE_PASS_PUBLIC_TEXT_BLOCKED,FAIL,PUBLIC_OR_META_INTERNAL_TEXT_HIT,FISH_OR_SEAFOOD,RECLASSIFY,FISH_TITLE:morski,FAIL,PUBLIC_OR_META_INTERNAL_TEXT_HIT,A_PUBLIC_BLOCKED
3121,Istarski Morski Pršut &#8220;Neptunov Dar&#8221;,https://drycured.com/recepti-baza/istarski-morski-prsut-neptunov-dar/,publish,WHOLE_CUT,high,5,8,0,3,0,1,1,1,0,1,1,1,1,1,1,0,0,1,1,1,200,,TYPE_PASS_PUBLIC_TEXT_BLOCKED,FAIL,PUBLIC_OR_META_INTERNAL_TEXT_HIT,FISH_OR_SEAFOOD,RECLASSIFY,FISH_TITLE:morski,FAIL,PUBLIC_OR_META_INTERNAL_TEXT_HIT,A_PUBLIC_BLOCKED
3122,Potted Beef (konzervirano goveđe meso),https://drycured.com/recepti-baza/potted-beef-konzervirano-govee-meso/,publish,WHOLE_CUT,medium,5,6,0,2,0,1,1,1,0,1,1,1,1,1,1,0,0,1,1,1,200,,TYPE_PASS_PUBLIC_TEXT_BLOCKED,FAIL,PUBLIC_OR_META_INTERNAL_TEXT_HIT,WHOLE_CUT,KEEP,,FAIL,PUBLIC_OR_META_INTERNAL_TEXT_HIT,A_PUBLIC_BLOCKED
3123,Privatno: Tradicionalni engleski Black Pudding (krvavica),https://drycured.com/?post_type=dry_recipe&p=3123,private,GROUND_MEAT_OR_CASING,high,6,1,1,2,1,1,1,1,0,1,1,1,1,1,1,0,0,0,1,1,,,TYPE_PASS_READY_FOR_SOURCE_DOSSIER,PASS,,THERMAL_PROCESSED,RECLASSIFY,"THERMAL_TITLE:krvavica,black pudding",FAIL,THERMAL_MISSING_PROCESS,C_NONPUBLIC_BLOCKED
3124,Engleski sušeni goveđi jezik (Potted Ox Tongue),https://drycured.com/recepti-baza/engleski-suseni-govei-jezik-potted-ox-tongue/,publish,GROUND_MEAT_OR_CASING,high,7,2,0,1,1,1,1,1,0,1,1,1,1,1,1,0,0,1,1,1,200,,TYPE_PASS_PUBLIC_TEXT_BLOCKED,FAIL,PUBLIC_OR_META_INTERNAL_TEXT_HIT,GROUND_MEAT_OR_CASING,KEEP,,FAIL,PUBLIC_OR_META_INTERNAL_TEXT_HIT,A_PUBLIC_BLOCKED
3125,?? Talijansko-toskanski recept za salamu (Salame Toscano),https://drycured.com/recepti-baza/talijansko-toskanski-recept-za-salamu-salame-toscano/,publish,GROUND_MEAT_OR_CASING,high,8,1,1,0,1,1,1,1,1,1,1,1,1,1,1,0,0,1,1,1,200,,TYPE_PASS_PUBLIC_TEXT_BLOCKED,FAIL,PUBLIC_OR_META_INTERNAL_TEXT_HIT,GROUND_MEAT_OR_CASING,KEEP,,FAIL,PUBLIC_OR_META_INTERNAL_TEXT_HIT,A_PUBLIC_BLOCKED
3126,?? Austrijski recept za Kmetzelsuppe kobasicu,https://drycured.com/recepti-baza/austrijski-recept-za-kmetzelsuppe-kobasicu/,publish,GROUND_MEAT_OR_CASING,high,8,1,1,0,1,1,1,1,1,1,1,1,1,1,1,0,0,1,1,1,200,,TYPE_PASS_PUBLIC_TEXT_BLOCKED,FAIL,PUBLIC_OR_META_INTERNAL_TEXT_HIT,GROUND_MEAT_OR_CASING,KEEP,,FAIL,PUBLIC_OR_META_INTERNAL_TEXT_HIT,A_PUBLIC_BLOCKED
3127,Poljska Kiełbasa Lisiecka (Lisiecka Kobasica),https://drycured.com/recepti-baza/poljska-kiebasa-lisiecka-lisiecka-kobasica/,publish,GROUND_MEAT_OR_CASING,high,8,2,1,0,1,1,1,1,1,1,1,1,1,1,1,1,0,1,1,1,200,,TYPE_PASS_PUBLIC_TEXT_BLOCKED,FAIL,NITRITE_WITHOUT_SAFETY_NOTE;PUBLIC_OR_META_INTERNAL_TEXT_HIT,GROUND_MEAT_OR_CASING,KEEP,,FAIL,NITRITE_WITHOUT_SAFETY_NOTE;PUBLIC_OR_META_INTERNAL_TEXT_HIT,A_PUBLIC_BLOCKED
3128,KYLMÄSAVULOHI (HLADNO DIMLJENI LOSOS),https://drycured.com/recepti-baza/kylmasavulohi-hladno-dimljeni-losos/,publish,GROUND_MEAT_OR_CASING,high,6,1,0,4,1,1,1,1,0,1,1,1,1,1,1,0,0,1,1,1,200,,TYPE_PASS_PUBLIC_TEXT_BLOCKED,FAIL,PUBLIC_OR_META_INTERNAL_TEXT_HIT,FISH_OR_SEAFOOD,RECLASSIFY,"FISH_TITLE:losos,kylmasavulohi",FAIL,PUBLIC_OR_META_INTERNAL_TEXT_HIT,A_PUBLIC_BLOCKED
3129,Jambon de Bayonne (Bajonska šunka),https://drycured.com/recepti-baza/jambon-de-bayonne-bajonska-sunka/,publish,WHOLE_CUT,high,5,8,0,2,0,1,1,1,0,1,1,1,1,1,1,0,0,1,1,1,200,,TYPE_PASS_PUBLIC_TEXT_BLOCKED,FAIL,PUBLIC_OR_META_INTERNAL_TEXT_HIT,WHOLE_CUT,KEEP,"WHOLE_CUT_TITLE:sunka,jambon",FAIL,PUBLIC_OR_META_INTERNAL_TEXT_HIT,A_PUBLIC_BLOCKED
3130,Privatno: Rillettes du Mans (Pašteta od konfitiranog mesa),https://drycured.com/?post_type=dry_recipe&p=3130,private,GROUND_MEAT_OR_CASING,high,7,1,4,2,1,0,1,1,1,0,1,1,1,1,1,0,0,0,1,1,,,TYPE_PASS_MISSING_FIELDS,FAIL,GROUND_MISSING_FAT_HANDLING,THERMAL_PROCESSED,RECLASSIFY,THERMAL_TITLE:pasteta,FAIL,GROUND_MISSING_FAT_HANDLING;THERMAL_MISSING_TEMP_OR_DURATION,C_NONPUBLIC_BLOCKED
3131,SAUCISSON SEC D&#8217;AUVERGNE,https://drycured.com/recepti-baza/saucisson-sec-d-auvergne/,publish,GROUND_MEAT_OR_CASING,high,8,2,1,2,1,1,1,1,1,1,1,1,1,1,1,1,0,1,1,1,200,,TYPE_PASS_PUBLIC_TEXT_BLOCKED,FAIL,NITRITE_WITHOUT_SAFETY_NOTE;PUBLIC_OR_META_INTERNAL_TEXT_HIT,GROUND_MEAT_OR_CASING,KEEP,,FAIL,NITRITE_WITHOUT_SAFETY_NOTE;PUBLIC_OR_META_INTERNAL_TEXT_HIT,A_PUBLIC_BLOCKED
3132,Armatia (Αρματιά),https://drycured.com/recepti-baza/armatia/,publish,GROUND_MEAT_OR_CASING,high,6,1,0,2,1,1,1,1,0,1,1,1,1,1,1,0,0,1,1,1,200,,TYPE_PASS_PUBLIC_TEXT_BLOCKED,FAIL,PUBLIC_OR_META_INTERNAL_TEXT_HIT,GROUND_MEAT_OR_CASING,KEEP,,FAIL,PUBLIC_OR_META_INTERNAL_TEXT_HIT,A_PUBLIC_BLOCKED
3133,Pihti (Πηχτή),https://drycured.com/recepti-baza/pihti/,publish,GROUND_MEAT_OR_CASING,high,6,2,0,2,1,1,1,1,0,1,1,1,1,1,1,0,0,1,1,1,200,,TYPE_PASS_PUBLIC_TEXT_BLOCKED,FAIL,PUBLIC_OR_META_INTERNAL_TEXT_HIT,GROUND_MEAT_OR_CASING,KEEP,,FAIL,PUBLIC_OR_META_INTERNAL_TEXT_HIT,A_PUBLIC_BLOCKED
3134,Kavourmas (Καβουρμάς),https://drycured.com/recepti-baza/kavourmas/,publish,GROUND_MEAT_OR_CASING,high,6,2,0,2,1,1,1,1,0,1,1,1,1,1,1,0,0,1,1,1,200,,TYPE_PASS_PUBLIC_TEXT_BLOCKED,FAIL,PUBLIC_OR_META_INTERNAL_TEXT_HIT,GROUND_MEAT_OR_CASING,KEEP,,FAIL,PUBLIC_OR_META_INTERNAL_TEXT_HIT,A_PUBLIC_BLOCKED
3135,Pastourmas (Παστουρμάς),https://drycured.com/recepti-baza/pastourmas/,publish,GROUND_MEAT_OR_CASING,high,6,4,0,1,1,1,1,1,0,1,1,1,1,1,1,1,1,0,1,1,200,,TYPE_PASS_READY_FOR_SOURCE_DOSSIER,PASS,,GROUND_MEAT_OR_CASING,KEEP,,PASS,,B_PUBLIC_REVIEW_READY
3136,Loukaniko (Λουκάνικο),https://drycured.com/recepti-baza/loukaniko/,publish,GROUND_MEAT_OR_CASING,high,8,1,0,2,1,1,1,1,0,1,1,1,1,1,1,0,0,1,1,1,200,,TYPE_PASS_PUBLIC_TEXT_BLOCKED,FAIL,PUBLIC_OR_META_INTERNAL_TEXT_HIT,GROUND_MEAT_OR_CASING,KEEP,,FAIL,PUBLIC_OR_META_INTERNAL_TEXT_HIT,A_PUBLIC_BLOCKED
3137,Apaki (Απάκι),https://drycured.com/recepti-baza/apaki/,publish,GROUND_MEAT_OR_CASING,high,6,1,0,2,1,1,1,1,0,1,1,1,1,1,1,0,0,1,1,1,200,,TYPE_PASS_PUBLIC_TEXT_BLOCKED,FAIL,PUBLIC_OR_META_INTERNAL_TEXT_HIT,GROUND_MEAT_OR_CASING,KEEP,,FAIL,PUBLIC_OR_META_INTERNAL_TEXT_HIT,A_PUBLIC_BLOCKED
3138,Noumboulo (Νούμπουλο),https://drycured.com/recepti-baza/noumboulo/,publish,GROUND_MEAT_OR_CASING,high,6,3,0,2,1,1,1,1,0,1,1,1,1,1,1,1,0,1,1,1,200,,TYPE_PASS_PUBLIC_TEXT_BLOCKED,FAIL,NITRITE_WITHOUT_SAFETY_NOTE;PUBLIC_OR_META_INTERNAL_TEXT_HIT,GROUND_MEAT_OR_CASING,KEEP,,FAIL,NITRITE_WITHOUT_SAFETY_NOTE;PUBLIC_OR_META_INTERNAL_TEXT_HIT,A_PUBLIC_BLOCKED
3139,Syglino (Σύγκλινο),https://drycured.com/recepti-baza/syglino/,publish,GROUND_MEAT_OR_CASING,high,6,2,0,2,1,1,1,1,0,1,1,1,1,1,1,0,0,1,1,1,200,,TYPE_PASS_PUBLIC_TEXT_BLOCKED,FAIL,PUBLIC_OR_META_INTERNAL_TEXT_HIT,GROUND_MEAT_OR_CASING,KEEP,,FAIL,PUBLIC_OR_META_INTERNAL_TEXT_HIT,A_PUBLIC_BLOCKED
3140,Skirts and Kidneys (Tradicionalna irska marinirana goveđa dijafragma),https://drycured.com/recepti-baza/skirts-and-kidneys-tradicionalna-irska-marinirana-govea-dijafragma/,publish,GROUND_MEAT_OR_CASING,high,7,3,0,1,1,1,1,1,0,1,1,1,1,1,1,1,0,1,1,1,200,,TYPE_PASS_PUBLIC_TEXT_BLOCKED,FAIL,NITRITE_WITHOUT_SAFETY_NOTE;PUBLIC_OR_META_INTERNAL_TEXT_HIT,GROUND_MEAT_OR_CASING,KEEP,,FAIL,NITRITE_WITHOUT_SAFETY_NOTE;PUBLIC_OR_META_INTERNAL_TEXT_HIT,A_PUBLIC_BLOCKED
3141,Svið (Dimljena janjeća glava),https://drycured.com/recepti-baza/svi-dimljena-janjeca-glava/,publish,GROUND_MEAT_OR_CASING,high,7,2,0,2,1,1,1,1,0,1,1,1,1,1,1,0,0,1,1,1,200,,TYPE_PASS_PUBLIC_TEXT_BLOCKED,FAIL,PUBLIC_OR_META_INTERNAL_TEXT_HIT,GROUND_MEAT_OR_CASING,KEEP,,FAIL,PUBLIC_OR_META_INTERNAL_TEXT_HIT,A_PUBLIC_BLOCKED
3142,Heilhornað Hangikjöt (Sušena janjeća rebra),https://drycured.com/recepti-baza/heilhorna-hangikjot-susena-janjeca-rebra/,publish,GROUND_MEAT_OR_CASING,medium,6,5,0,2,1,1,1,1,0,1,1,1,1,1,1,0,0,0,1,1,200,,TYPE_PASS_READY_FOR_SOURCE_DOSSIER,PASS,,WHOLE_CUT,RECLASSIFY,"CALIBRATION_ACCEPTED:TITLE_WHOLE_CUT_SIGNAL:rebra,hangikjot",PASS,,B_PUBLIC_REVIEW_READY
3143,Torfær​ður Lambahryggur (Zakopana janjeća leđa),https://drycured.com/recepti-baza/torfrur-lambahryggur-zakopana-janjeca-lea/,publish,GROUND_MEAT_OR_CASING,high,6,1,1,2,1,1,1,1,1,1,1,1,1,1,1,0,0,1,1,1,200,,TYPE_PASS_PUBLIC_TEXT_BLOCKED,FAIL,PUBLIC_OR_META_INTERNAL_TEXT_HIT,GROUND_MEAT_OR_CASING,KEEP,,FAIL,PUBLIC_OR_META_INTERNAL_TEXT_HIT,A_PUBLIC_BLOCKED
3144,Selshreifar (Sušeni tuljanovi peraji),https://drycured.com/recepti-baza/selshreifar-suseni-tuljanovi-peraji/,publish,GROUND_MEAT_OR_CASING,high,7,2,0,1,1,1,1,1,0,1,1,1,1,1,1,0,0,1,1,1,200,,TYPE_PASS_PUBLIC_TEXT_BLOCKED,FAIL,PUBLIC_OR_META_INTERNAL_TEXT_HIT,GROUND_MEAT_OR_CASING,KEEP,,FAIL,PUBLIC_OR_META_INTERNAL_TEXT_HIT,A_PUBLIC_BLOCKED
3145,Hákarlasullur (Fermentirani trbuh grenlandskog morskog psa),https://drycured.com/recepti-baza/hakarlasullur-fermentirani-trbuh-grenlandskog-morskog-psa/,publish,GROUND_MEAT_OR_CASING,high,6,1,0,1,1,1,1,1,0,1,1,1,1,1,1,0,0,1,1,1,200,,TYPE_PASS_PUBLIC_TEXT_BLOCKED,FAIL,PUBLIC_OR_META_INTERNAL_TEXT_HIT,GROUND_MEAT_OR_CASING,KEEP,,FAIL,PUBLIC_OR_META_INTERNAL_TEXT_HIT,A_PUBLIC_BLOCKED
3146,Gellur (Sušeni riblji jezici),https://drycured.com/recepti-baza/gellur-suseni-riblji-jezici/,publish,GROUND_MEAT_OR_CASING,high,7,2,0,4,1,1,1,1,0,1,1,1,1,1,1,0,0,1,1,1,200,,TYPE_PASS_PUBLIC_TEXT_BLOCKED,FAIL,PUBLIC_OR_META_INTERNAL_TEXT_HIT,FISH_OR_SEAFOOD,RECLASSIFY,FISH_TITLE:riblji,FAIL,PUBLIC_OR_META_INTERNAL_TEXT_HIT,A_PUBLIC_BLOCKED
3147,Súrsaðir Hrútspungar Með Lyngi (Fermentirani ovnovski testisi s vrijeskom),https://drycured.com/recepti-baza/sursair-hrutspungar-me-lyngi-fermentirani-ovnovski-testisi-s-vrijeskom/,publish,GROUND_MEAT_OR_CASING,high,7,2,0,1,1,1,1,1,0,1,1,1,1,1,1,0,0,1,1,1,200,,TYPE_PASS_PUBLIC_TEXT_BLOCKED,FAIL,PUBLIC_OR_META_INTERNAL_TEXT_HIT,GROUND_MEAT_OR_CASING,KEEP,,FAIL,PUBLIC_OR_META_INTERNAL_TEXT_HIT,A_PUBLIC_BLOCKED
3148,Sviðasulta (Želatinizirano janjeće meso s glave),https://drycured.com/recepti-baza/sviasulta-zelatinizirano-janjece-meso-s-glave/,publish,GROUND_MEAT_OR_CASING,high,6,1,1,2,1,1,1,1,1,1,1,1,1,1,1,0,0,1,1,1,200,,TYPE_PASS_PUBLIC_TEXT_BLOCKED,FAIL,PUBLIC_OR_META_INTERNAL_TEXT_HIT,GROUND_MEAT_OR_CASING,KEEP,,FAIL,PUBLIC_OR_META_INTERNAL_TEXT_HIT,A_PUBLIC_BLOCKED
3149,Harðfiskur (Sušeni oslić),https://drycured.com/recepti-baza/harfiskur-suseni-oslic/,publish,GROUND_MEAT_OR_CASING,high,6,1,0,4,1,1,1,1,0,1,1,1,1,1,1,0,0,1,1,1,200,,TYPE_PASS_PUBLIC_TEXT_BLOCKED,FAIL,PUBLIC_OR_META_INTERNAL_TEXT_HIT,FISH_OR_SEAFOOD,RECLASSIFY,FISH_TITLE:oslic,FAIL,PUBLIC_OR_META_INTERNAL_TEXT_HIT,A_PUBLIC_BLOCKED
3150,Kæstur Hákarl (Fermentirano meso grenlandskog morskog psa),https://drycured.com/recepti-baza/kstur-hakarl-fermentirano-meso-grenlandskog-morskog-psa/,publish,GROUND_MEAT_OR_CASING,high,6,1,0,1,1,1,1,1,0,1,1,1,1,1,1,0,0,1,1,1,200,,TYPE_PASS_PUBLIC_TEXT_BLOCKED,FAIL,PUBLIC_OR_META_INTERNAL_TEXT_HIT,GROUND_MEAT_OR_CASING,KEEP,,FAIL,PUBLIC_OR_META_INTERNAL_TEXT_HIT,A_PUBLIC_BLOCKED
3151,Pastërma (Sušena govedina),https://drycured.com/recepti-baza/pasterma-susena-govedina/,publish,NEEDS_CLASSIFICATION,low,5,5,0,0,0,1,1,1,0,1,1,1,1,1,1,1,0,1,1,1,200,,NEEDS_CLASSIFICATION,FAIL,NEEDS_CLASSIFICATION;NITRITE_WITHOUT_SAFETY_NOTE;PUBLIC_OR_META_INTERNAL_TEXT_HIT,NEEDS_CLASSIFICATION,KEEP,,FAIL,NEEDS_CLASSIFICATION;NITRITE_WITHOUT_SAFETY_NOTE;PUBLIC_OR_META_INTERNAL_TEXT_HIT,A_PUBLIC_BLOCKED
3152,Skilandis (Tradicinis lietuviškas skilandis),https://drycured.com/recepti-baza/skilandis-tradicinis-lietuviskas-skilandis/,publish,GROUND_MEAT_OR_CASING,high,6,2,0,0,1,1,1,1,0,1,1,1,1,1,1,0,0,1,1,1,200,,TYPE_PASS_PUBLIC_TEXT_BLOCKED,FAIL,PUBLIC_OR_META_INTERNAL_TEXT_HIT,GROUND_MEAT_OR_CASING,KEEP,,FAIL,PUBLIC_OR_META_INTERNAL_TEXT_HIT,A_PUBLIC_BLOCKED
3153,Kindziukas (Kindzius),https://drycured.com/recepti-baza/kindziukas-kindzius/,publish,GROUND_MEAT_OR_CASING,high,6,1,0,0,1,1,1,1,0,1,1,1,1,1,1,0,0,1,1,1,200,,TYPE_PASS_PUBLIC_TEXT_BLOCKED,FAIL,PUBLIC_OR_META_INTERNAL_TEXT_HIT,GROUND_MEAT_OR_CASING,KEEP,,FAIL,PUBLIC_OR_META_INTERNAL_TEXT_HIT,A_PUBLIC_BLOCKED
3154,Lašiniai (Tradicionalna litavska slanina),https://drycured.com/recepti-baza/lasiniai-tradicionalna-litavska-slanina/,publish,WHOLE_CUT,high,5,7,0,0,0,1,1,1,0,1,1,1,1,1,1,0,0,1,1,1,200,,TYPE_PASS_PUBLIC_TEXT_BLOCKED,FAIL,PUBLIC_OR_META_INTERNAL_TEXT_HIT,WHOLE_CUT,KEEP,WHOLE_CUT_TITLE:slanina,FAIL,PUBLIC_OR_META_INTERNAL_TEXT_HIT,A_PUBLIC_BLOCKED
3155,Vytinta dešra (Sušena litavska kobasica),https://drycured.com/recepti-baza/vytinta-desra-susena-litavska-kobasica/,publish,GROUND_MEAT_OR_CASING,high,8,2,1,0,1,1,1,1,1,1,1,1,1,1,1,0,0,1,1,1,200,,TYPE_PASS_PUBLIC_TEXT_BLOCKED,FAIL,PUBLIC_OR_META_INTERNAL_TEXT_HIT,GROUND_MEAT_OR_CASING,KEEP,,FAIL,PUBLIC_OR_META_INTERNAL_TEXT_HIT,A_PUBLIC_BLOCKED
3156,Lički Planinarski Navršak,https://drycured.com/recepti-baza/licki-planinarski-navrsak/,publish,GROUND_MEAT_OR_CASING,high,7,2,0,0,1,1,1,1,0,1,1,1,1,1,1,0,0,1,1,1,200,,TYPE_PASS_PUBLIC_TEXT_BLOCKED,FAIL,PUBLIC_OR_META_INTERNAL_TEXT_HIT,GROUND_MEAT_OR_CASING,KEEP,,FAIL,PUBLIC_OR_META_INTERNAL_TEXT_HIT,A_PUBLIC_BLOCKED
3157,Privatno: Maltežanski sušeni ovčji sir (Ġbejna Mnixxfa),https://drycured.com/?post_type=dry_recipe&p=3157,private,NEEDS_CLASSIFICATION,low,5,5,0,2,0,1,1,1,0,1,1,1,1,1,1,0,0,0,1,1,,,NEEDS_CLASSIFICATION,FAIL,NEEDS_CLASSIFICATION,NEEDS_CLASSIFICATION,KEEP,,FAIL,NEEDS_CLASSIFICATION,C_NONPUBLIC_BLOCKED
3158,Mađarska Slanina (Szalonna),https://drycured.com/recepti-baza/maarska-slanina-szalonna/,publish,WHOLE_CUT,high,5,7,0,0,0,1,1,1,0,1,1,1,1,1,1,1,0,1,1,1,200,,TYPE_PASS_PUBLIC_TEXT_BLOCKED,FAIL,NITRITE_WITHOUT_SAFETY_NOTE;PUBLIC_OR_META_INTERNAL_TEXT_HIT,WHOLE_CUT,KEEP,WHOLE_CUT_TITLE:slanina,FAIL,NITRITE_WITHOUT_SAFETY_NOTE;PUBLIC_OR_META_INTERNAL_TEXT_HIT,A_PUBLIC_BLOCKED
3159,Mađarska Dimljena Šunka (Füstölt Sonka),https://drycured.com/recepti-baza/maarska-dimljena-sunka-fustolt-sonka/,publish,WHOLE_CUT,high,5,8,0,2,0,1,1,1,0,1,1,1,1,1,1,1,0,1,1,1,200,,TYPE_PASS_PUBLIC_TEXT_BLOCKED,FAIL,NITRITE_WITHOUT_SAFETY_NOTE;PUBLIC_OR_META_INTERNAL_TEXT_HIT,WHOLE_CUT,KEEP,"WHOLE_CUT_TITLE:sunka,dimljena sunka",FAIL,NITRITE_WITHOUT_SAFETY_NOTE;PUBLIC_OR_META_INTERNAL_TEXT_HIT,A_PUBLIC_BLOCKED
3160,Mađarski Dimljeni Jezik (Füstölt Nyelv),https://drycured.com/recepti-baza/maarski-dimljeni-jezik-fustolt-nyelv/,publish,GROUND_MEAT_OR_CASING,high,7,3,0,0,1,1,1,1,0,1,1,1,1,1,1,1,0,1,1,1,200,,TYPE_PASS_PUBLIC_TEXT_BLOCKED,FAIL,NITRITE_WITHOUT_SAFETY_NOTE;PUBLIC_OR_META_INTERNAL_TEXT_HIT,GROUND_MEAT_OR_CASING,KEEP,,FAIL,NITRITE_WITHOUT_SAFETY_NOTE;PUBLIC_OR_META_INTERNAL_TEXT_HIT,A_PUBLIC_BLOCKED
3161,Privatno: CHIȘCĂ (MOLDAVSKA KRVAVICA),https://drycured.com/?post_type=dry_recipe&p=3161,private,GROUND_MEAT_OR_CASING,high,7,2,2,0,1,1,1,1,1,1,1,1,1,1,1,0,0,0,1,1,,,TYPE_PASS_READY_FOR_SOURCE_DOSSIER,PASS,,THERMAL_PROCESSED,RECLASSIFY,THERMAL_TITLE:krvavica,PASS,,D_NONPUBLIC_REVIEW_READY
3162,Ossenworst (Goveđa sirova kobasica),https://drycured.com/recepti-baza/ossenworst-govea-sirova-kobasica/,publish,GROUND_MEAT_OR_CASING,high,9,1,1,0,1,1,1,1,1,1,1,1,1,1,1,1,0,1,1,1,200,,TYPE_PASS_PUBLIC_TEXT_BLOCKED,FAIL,NITRITE_WITHOUT_SAFETY_NOTE;PUBLIC_OR_META_INTERNAL_TEXT_HIT,GROUND_MEAT_OR_CASING,KEEP,,FAIL,NITRITE_WITHOUT_SAFETY_NOTE;PUBLIC_OR_META_INTERNAL_TEXT_HIT,A_PUBLIC_BLOCKED
3163,MOSTBRÖCKLI (ALPSKA SUŠENA GOVEDINA),https://drycured.com/recepti-baza/mostbrockli-alpska-susena-govedina/,publish,NEEDS_CLASSIFICATION,low,5,5,0,0,0,1,1,1,0,1,1,1,1,1,1,1,0,1,1,1,200,,NEEDS_CLASSIFICATION,FAIL,NEEDS_CLASSIFICATION;NITRITE_WITHOUT_SAFETY_NOTE;PUBLIC_OR_META_INTERNAL_TEXT_HIT,NEEDS_CLASSIFICATION,KEEP,,FAIL,NEEDS_CLASSIFICATION;NITRITE_WITHOUT_SAFETY_NOTE;PUBLIC_OR_META_INTERNAL_TEXT_HIT,A_PUBLIC_BLOCKED
3164,HOLSTEINER KATENSCHINKEN (HOLŠTAJNSKA DIMLJENA ŠUNKA),https://drycured.com/recepti-baza/holsteiner-katenschinken-holstajnska-dimljena-sunka/,publish,WHOLE_CUT,high,5,8,0,0,0,1,1,1,0,1,1,1,1,1,1,1,0,1,1,1,200,,TYPE_PASS_PUBLIC_TEXT_BLOCKED,FAIL,NITRITE_WITHOUT_SAFETY_NOTE;PUBLIC_OR_META_INTERNAL_TEXT_HIT,WHOLE_CUT,KEEP,"WHOLE_CUT_TITLE:schinken,sunka,dimljena sunka",FAIL,NITRITE_WITHOUT_SAFETY_NOTE;PUBLIC_OR_META_INTERNAL_TEXT_HIT,A_PUBLIC_BLOCKED
3165,Privatno: Schwarzwaldska šunka s kiselim kupusom i krumpirom,https://drycured.com/?post_type=dry_recipe&p=3165,private,WHOLE_CUT,high,5,8,0,0,0,1,1,1,0,1,1,1,1,1,1,0,0,0,1,1,,,TYPE_PASS_READY_FOR_SOURCE_DOSSIER,PASS,,WHOLE_CUT,KEEP,WHOLE_CUT_TITLE:sunka,PASS,,D_NONPUBLIC_REVIEW_READY
3166,Leichter Karreeschinken s povrćem u eintopfu,https://drycured.com/recepti-baza/leichter-karreeschinken-s-povrcem-u-eintopfu/,publish,GROUND_MEAT_OR_CASING,high,6,1,0,0,1,1,1,1,0,1,1,1,1,1,1,0,0,1,1,1,200,,TYPE_PASS_PUBLIC_TEXT_BLOCKED,FAIL,PUBLIC_OR_META_INTERNAL_TEXT_HIT,WHOLE_CUT,RECLASSIFY,WHOLE_CUT_TITLE:schinken,FAIL,PUBLIC_OR_META_INTERNAL_TEXT_HIT,A_PUBLIC_BLOCKED
3167,Privatno: Bonus: Juha od povrća s Schinkenspeck kobasicama,https://drycured.com/?post_type=dry_recipe&p=3167,private,GROUND_MEAT_OR_CASING,high,7,1,1,0,1,1,1,1,1,1,1,1,1,1,1,0,0,0,1,1,,,TYPE_PASS_READY_FOR_SOURCE_DOSSIER,PASS,,WHOLE_CUT,RECLASSIFY,"WHOLE_CUT_TITLE:speck,schinken",PASS,,D_NONPUBLIC_REVIEW_READY
3168,RAKFISK (FERMENTIRANI SLATKOVODNI LOSOS),https://drycured.com/recepti-baza/rakfisk-fermentirani-slatkovodni-losos/,publish,GROUND_MEAT_OR_CASING,medium,6,1,0,5,1,1,1,1,0,1,1,1,1,1,1,0,0,1,1,1,200,,TYPE_PASS_PUBLIC_TEXT_BLOCKED,FAIL,PUBLIC_OR_META_INTERNAL_TEXT_HIT,FISH_OR_SEAFOOD,RECLASSIFY,FISH_TITLE:losos,FAIL,PUBLIC_OR_META_INTERNAL_TEXT_HIT,A_PUBLIC_BLOCKED
3169,LUTEFISK (SUŠENI BAKALAR),https://drycured.com/recepti-baza/lutefisk-suseni-bakalar/,publish,GROUND_MEAT_OR_CASING,high,6,1,0,4,1,1,1,1,0,1,1,1,1,1,1,0,0,1,1,1,200,,TYPE_PASS_PUBLIC_TEXT_BLOCKED,FAIL,PUBLIC_OR_META_INTERNAL_TEXT_HIT,FISH_OR_SEAFOOD,RECLASSIFY,FISH_TITLE:bakalar,FAIL,PUBLIC_OR_META_INTERNAL_TEXT_HIT,A_PUBLIC_BLOCKED
3170,SMALAHOVE (SUŠENA OVČJA GLAVA),https://drycured.com/recepti-baza/smalahove-susena-ovcja-glava/,publish,GROUND_MEAT_OR_CASING,high,7,2,0,2,1,1,1,1,0,1,1,1,1,1,1,0,0,1,1,1,200,,TYPE_PASS_PUBLIC_TEXT_BLOCKED,FAIL,PUBLIC_OR_META_INTERNAL_TEXT_HIT,GROUND_MEAT_OR_CASING,KEEP,,FAIL,PUBLIC_OR_META_INTERNAL_TEXT_HIT,A_PUBLIC_BLOCKED
3171,FÅREPØLSE (TRADICIONALNA OVČJA KOBASICA),https://drycured.com/recepti-baza/fareplse-tradicionalna-ovcja-kobasica/,publish,GROUND_MEAT_OR_CASING,high,8,2,1,2,1,1,1,1,1,1,1,1,1,1,1,0,0,1,1,1,200,,TYPE_PASS_PUBLIC_TEXT_BLOCKED,FAIL,PUBLIC_OR_META_INTERNAL_TEXT_HIT,GROUND_MEAT_OR_CASING,KEEP,,FAIL,PUBLIC_OR_META_INTERNAL_TEXT_HIT,A_PUBLIC_BLOCKED
3172,ELGKJØTT SPEKEMAT (SUHO MESO LOSA),https://drycured.com/recepti-baza/elgkjtt-spekemat-suho-meso-losa/,publish,NEEDS_CLASSIFICATION,low,5,5,0,2,0,1,1,1,0,1,1,1,1,1,1,0,0,1,1,1,200,,NEEDS_CLASSIFICATION,FAIL,NEEDS_CLASSIFICATION;PUBLIC_OR_META_INTERNAL_TEXT_HIT,WHOLE_CUT,RECLASSIFY,WHOLE_CUT_TITLE:suho meso,FAIL,NEEDS_CLASSIFICATION;PUBLIC_OR_META_INTERNAL_TEXT_HIT,A_PUBLIC_BLOCKED
3173,TJUKKMJØLKSPØLSE (FERMENTIRANA KOBASICA S MLIJEČNOM KULTUROM),https://drycured.com/recepti-baza/tjukkmjlksplse-fermentirana-kobasica-s-mlijecnom-kulturom/,publish,GROUND_MEAT_OR_CASING,high,8,1,1,2,1,1,1,1,1,1,1,1,1,1,1,0,0,1,1,1,200,,TYPE_PASS_PUBLIC_TEXT_BLOCKED,FAIL,PUBLIC_OR_META_INTERNAL_TEXT_HIT,GROUND_MEAT_OR_CASING,KEEP,,FAIL,PUBLIC_OR_META_INTERNAL_TEXT_HIT,A_PUBLIC_BLOCKED
3174,REINSDYRHJERTE (SUŠENO SRCE SOBA),https://drycured.com/recepti-baza/reinsdyrhjerte-suseno-srce-soba/,publish,GROUND_MEAT_OR_CASING,high,6,1,0,2,1,1,1,1,0,1,1,1,1,1,1,0,0,1,1,1,200,,TYPE_PASS_PUBLIC_TEXT_BLOCKED,FAIL,PUBLIC_OR_META_INTERNAL_TEXT_HIT,GROUND_MEAT_OR_CASING,KEEP,,FAIL,PUBLIC_OR_META_INTERNAL_TEXT_HIT,A_PUBLIC_BLOCKED
3175,PINNEKJØTT (SUŠENA REBRA),https://drycured.com/recepti-baza/pinnekjtt-susena-rebra/,publish,GROUND_MEAT_OR_CASING,medium,6,5,0,2,1,1,1,1,0,1,1,1,1,1,1,0,0,0,1,1,200,,TYPE_PASS_READY_FOR_SOURCE_DOSSIER,PASS,,WHOLE_CUT,RECLASSIFY,"WHOLE_CUT_TITLE:pinnekjott,susena rebra",PASS,,B_PUBLIC_REVIEW_READY
3176,RØKELAKS (DIMLJENI LOSOS),https://drycured.com/recepti-baza/rkelaks-dimljeni-losos/,publish,GROUND_MEAT_OR_CASING,high,6,1,0,4,1,1,1,1,0,1,1,1,1,1,1,0,0,1,1,1,200,,TYPE_PASS_PUBLIC_TEXT_BLOCKED,FAIL,PUBLIC_OR_META_INTERNAL_TEXT_HIT,FISH_OR_SEAFOOD,RECLASSIFY,FISH_TITLE:losos,FAIL,PUBLIC_OR_META_INTERNAL_TEXT_HIT,A_PUBLIC_BLOCKED
3177,Privatno: Đakovački Specijalni Fermentirani Vrat,https://drycured.com/?post_type=dry_recipe&p=3177,private,GROUND_MEAT_OR_CASING,high,7,2,5,2,1,0,1,1,1,0,1,1,1,1,1,0,0,0,1,1,,,TYPE_PASS_MISSING_FIELDS,FAIL,GROUND_MISSING_FAT_HANDLING,WHOLE_CUT,RECLASSIFY,CALIBRATION_ACCEPTED:TITLE_WHOLE_CUT_SIGNAL:vrat,FAIL,GROUND_MISSING_FAT_HANDLING,C_NONPUBLIC_BLOCKED
3178,Kuşbaşı Jerky (Turski goveđi jerky),https://drycured.com/recepti-baza/kusbas-jerky-turski-govei-jerky/,publish,GROUND_MEAT_OR_CASING,high,6,1,0,0,1,1,1,1,0,1,1,1,1,1,1,0,0,1,1,1,200,,TYPE_PASS_PUBLIC_TEXT_BLOCKED,FAIL,PUBLIC_OR_META_INTERNAL_TEXT_HIT,GROUND_MEAT_OR_CASING,KEEP,,FAIL,PUBLIC_OR_META_INTERNAL_TEXT_HIT,A_PUBLIC_BLOCKED
3179,Işkembe Dolması (Punjeni goveđi burag),https://drycured.com/recepti-baza/iskembe-dolmas-punjeni-govei-burag/,publish,GROUND_MEAT_OR_CASING,high,6,1,0,0,1,1,1,1,0,1,1,1,1,1,1,0,0,1,1,1,200,,TYPE_PASS_PUBLIC_TEXT_BLOCKED,FAIL,PUBLIC_OR_META_INTERNAL_TEXT_HIT,GROUND_MEAT_OR_CASING,KEEP,,FAIL,PUBLIC_OR_META_INTERNAL_TEXT_HIT,A_PUBLIC_BLOCKED
3180,Varaždinski Š(p)ek,https://drycured.com/recepti-baza/varazdinski-s-p-ek/,publish,GROUND_MEAT_OR_CASING,high,6,1,0,2,1,1,1,1,0,1,1,1,1,1,1,0,0,1,1,1,200,,TYPE_PASS_PUBLIC_TEXT_BLOCKED,FAIL,PUBLIC_OR_META_INTERNAL_TEXT_HIT,GROUND_MEAT_OR_CASING,KEEP,,FAIL,PUBLIC_OR_META_INTERNAL_TEXT_HIT,A_PUBLIC_BLOCKED
3181,Đurđevački Zelenjak,https://drycured.com/recepti-baza/urevacki-zelenjak/,publish,GROUND_MEAT_OR_CASING,high,6,1,0,0,1,1,1,1,0,1,1,1,1,1,1,0,0,1,1,1,200,,TYPE_PASS_PUBLIC_TEXT_BLOCKED,FAIL,PUBLIC_OR_META_INTERNAL_TEXT_HIT,GROUND_MEAT_OR_CASING,KEEP,,FAIL,PUBLIC_OR_META_INTERNAL_TEXT_HIT,A_PUBLIC_BLOCKED
3182,KINDZIUK (POLJSKO-LITAVSKA SUHA KOBASICA),https://drycured.com/recepti-baza/kindziuk-poljsko-litavska-suha-kobasica/,publish,GROUND_MEAT_OR_CASING,high,8,4,1,0,1,1,1,1,1,1,1,1,1,1,1,1,0,1,1,1,200,,TYPE_PASS_PUBLIC_TEXT_BLOCKED,FAIL,NITRITE_WITHOUT_SAFETY_NOTE;PUBLIC_OR_META_INTERNAL_TEXT_HIT,GROUND_MEAT_OR_CASING,KEEP,,FAIL,NITRITE_WITHOUT_SAFETY_NOTE;PUBLIC_OR_META_INTERNAL_TEXT_HIT,A_PUBLIC_BLOCKED
3183,KIEŁBASA WĘDZONA (DIMLJENA POLJSKA KOBASICA),https://drycured.com/recepti-baza/kiebasa-wedzona-dimljena-poljska-kobasica/,publish,GROUND_MEAT_OR_CASING,high,8,2,1,0,1,1,1,1,1,1,1,1,1,1,1,0,0,1,1,1,200,,TYPE_PASS_PUBLIC_TEXT_BLOCKED,FAIL,PUBLIC_OR_META_INTERNAL_TEXT_HIT,GROUND_MEAT_OR_CASING,KEEP,,FAIL,PUBLIC_OR_META_INTERNAL_TEXT_HIT,A_PUBLIC_BLOCKED
3184,Privatno: Morcela de Assar (Portugalska krvavica za pečenje),https://drycured.com/?post_type=dry_recipe&p=3184,private,THERMAL_PROCESSED,medium,5,7,4,2,0,1,1,1,1,1,1,1,1,1,1,0,0,0,1,1,,,TYPE_PASS_READY_FOR_SOURCE_DOSSIER,PASS,,THERMAL_PROCESSED,KEEP,"THERMAL_TITLE:krvavica,morcela",PASS,,D_NONPUBLIC_REVIEW_READY
3185,Presunto de Porco Preto (Pršut od Crne Iberijske Svinje),https://drycured.com/recepti-baza/presunto-de-porco-preto-prsut-od-crne-iberijske-svinje/,publish,WHOLE_CUT,high,5,8,0,2,0,1,1,1,0,1,1,1,1,1,1,0,0,1,1,1,200,,TYPE_PASS_PUBLIC_TEXT_BLOCKED,FAIL,PUBLIC_OR_META_INTERNAL_TEXT_HIT,WHOLE_CUT,KEEP,WHOLE_CUT_TITLE:prsut,FAIL,PUBLIC_OR_META_INTERNAL_TEXT_HIT,A_PUBLIC_BLOCKED
3186,Privatno: Bonus: Schwarzwälder Speck (Crnogorska slanina),https://drycured.com/?post_type=dry_recipe&p=3186,private,WHOLE_CUT,high,5,6,0,0,0,1,1,1,0,1,1,1,1,1,1,1,0,0,1,1,,,TYPE_PASS_MISSING_FIELDS,FAIL,NITRITE_WITHOUT_SAFETY_NOTE,WHOLE_CUT,KEEP,"WHOLE_CUT_TITLE:speck,slanina",FAIL,NITRITE_WITHOUT_SAFETY_NOTE,C_NONPUBLIC_BLOCKED
3187,Privatno: Zalatina (Ζαλατίνα) &#8211; Ciparski hladetinasti svinjski narezak,https://drycured.com/?post_type=dry_recipe&p=3187,private,THERMAL_PROCESSED,high,4,1,5,2,0,0,1,1,1,0,1,0,1,0,1,0,0,0,1,1,,,TYPE_PASS_MISSING_FIELDS,FAIL,THERMAL_MISSING_TEMP_OR_DURATION,THERMAL_PROCESSED,KEEP,THERMAL_TITLE:hladetina,FAIL,THERMAL_MISSING_TEMP_OR_DURATION,C_NONPUBLIC_BLOCKED
3188,Lountza Kafteri (Λούντζα Καυτερή) &#8211; Ljuta dimljena svinjska vratina,https://drycured.com/recepti-baza/lountza-kafteri-ljuta-dimljena-svinjska-vratina/,publish,GROUND_MEAT_OR_CASING,medium,6,5,0,2,1,1,1,1,0,1,1,1,1,1,1,0,0,0,1,1,200,,TYPE_PASS_READY_FOR_SOURCE_DOSSIER,PASS,,WHOLE_CUT,RECLASSIFY,"WHOLE_CUT_TITLE:vratina,lountza",PASS,,B_PUBLIC_REVIEW_READY
3189,Posyrti (Ποσυρτή) &#8211; Ciparska suha kobasica s divljim biljem,https://drycured.com/recepti-baza/posyrti-ciparska-suha-kobasica-s-divljim-biljem/,publish,GROUND_MEAT_OR_CASING,high,8,2,1,2,1,1,1,1,1,1,1,1,1,1,1,0,0,1,1,1,200,,TYPE_PASS_PUBLIC_TEXT_BLOCKED,FAIL,PUBLIC_OR_META_INTERNAL_TEXT_HIT,WHOLE_CUT,RECLASSIFY,WHOLE_CUT_TITLE:posyrti,FAIL,PUBLIC_OR_META_INTERNAL_TEXT_HIT,A_PUBLIC_BLOCKED
3190,Afelia Pastarma (Αφέλια Παστάρμα) &#8211; Ciparska marinirana goveđa pisanica,https://drycured.com/recepti-baza/afelia-pastarma-ciparska-marinirana-govea-pisanica/,publish,GROUND_MEAT_OR_CASING,high,6,2,0,1,1,1,1,1,0,1,1,1,1,1,1,0,0,1,1,1,200,,TYPE_PASS_PUBLIC_TEXT_BLOCKED,FAIL,PUBLIC_OR_META_INTERNAL_TEXT_HIT,GROUND_MEAT_OR_CASING,KEEP,,FAIL,PUBLIC_OR_META_INTERNAL_TEXT_HIT,A_PUBLIC_BLOCKED
3191,Ofto Lountza (Οφτή Λούντζα) &#8211; Ciparska zračno sušena janjetina,https://drycured.com/recepti-baza/ofto-lountza-ciparska-zracno-susena-janjetina/,publish,GROUND_MEAT_OR_CASING,high,7,3,0,2,1,1,1,1,0,1,1,1,1,1,1,0,0,1,1,1,200,,TYPE_PASS_PUBLIC_TEXT_BLOCKED,FAIL,PUBLIC_OR_META_INTERNAL_TEXT_HIT,WHOLE_CUT,RECLASSIFY,WHOLE_CUT_TITLE:lountza,FAIL,PUBLIC_OR_META_INTERNAL_TEXT_HIT,A_PUBLIC_BLOCKED
3192,Virovski &#8220;Živi Čvarci&#8221;,https://drycured.com/recepti-baza/virovski-zivi-cvarci/,publish,GROUND_MEAT_OR_CASING,high,6,1,0,2,1,1,1,1,0,1,1,1,1,1,1,0,0,1,1,1,200,,TYPE_PASS_PUBLIC_TEXT_BLOCKED,FAIL,PUBLIC_OR_META_INTERNAL_TEXT_HIT,GROUND_MEAT_OR_CASING,KEEP,,FAIL,PUBLIC_OR_META_INTERNAL_TEXT_HIT,A_PUBLIC_BLOCKED
3193,Ludbreška &#8220;Tajna Kobasica&#8221;,https://drycured.com/recepti-baza/ludbreska-tajna-kobasica/,publish,GROUND_MEAT_OR_CASING,high,8,2,1,0,1,1,1,1,1,1,1,1,1,1,1,0,0,1,1,1,200,,TYPE_PASS_PUBLIC_TEXT_BLOCKED,FAIL,PUBLIC_OR_META_INTERNAL_TEXT_HIT,GROUND_MEAT_OR_CASING,KEEP,,FAIL,PUBLIC_OR_META_INTERNAL_TEXT_HIT,A_PUBLIC_BLOCKED
3194,Đurđevački &#8220;Zaboravljeni Š(p)ek&#8221;,https://drycured.com/recepti-baza/urevacki-zaboravljeni-s-p-ek/,publish,GROUND_MEAT_OR_CASING,high,6,1,0,2,1,1,1,1,0,1,1,1,1,1,1,0,0,1,1,1,200,,TYPE_PASS_PUBLIC_TEXT_BLOCKED,FAIL,PUBLIC_OR_META_INTERNAL_TEXT_HIT,GROUND_MEAT_OR_CASING,KEEP,,FAIL,PUBLIC_OR_META_INTERNAL_TEXT_HIT,A_PUBLIC_BLOCKED
3195,Pregradski &#8220;Šumski Šaptat&#8221;,https://drycured.com/recepti-baza/pregradski-sumski-saptat/,publish,GROUND_MEAT_OR_CASING,high,6,1,0,0,1,1,1,1,0,1,1,1,1,1,1,0,0,1,1,1,200,,TYPE_PASS_PUBLIC_TEXT_BLOCKED,FAIL,PUBLIC_OR_META_INTERNAL_TEXT_HIT,GROUND_MEAT_OR_CASING,KEEP,,FAIL,PUBLIC_OR_META_INTERNAL_TEXT_HIT,A_PUBLIC_BLOCKED
3196,Križevački &#8220;Začinski Vjetar&#8221;,https://drycured.com/recepti-baza/krizevacki-zacinski-vjetar/,publish,GROUND_MEAT_OR_CASING,high,6,1,0,0,1,1,1,1,0,1,1,1,1,1,1,0,0,1,1,1,200,,TYPE_PASS_PUBLIC_TEXT_BLOCKED,FAIL,PUBLIC_OR_META_INTERNAL_TEXT_HIT,GROUND_MEAT_OR_CASING,KEEP,,FAIL,PUBLIC_OR_META_INTERNAL_TEXT_HIT,A_PUBLIC_BLOCKED
3197,Našički &#8220;Ratarski Sjećaj&#8221;,https://drycured.com/recepti-baza/nasicki-ratarski-sjecaj/,publish,GROUND_MEAT_OR_CASING,high,6,1,0,0,1,1,1,1,0,1,1,1,1,1,1,0,0,1,1,1,200,,TYPE_PASS_PUBLIC_TEXT_BLOCKED,FAIL,PUBLIC_OR_META_INTERNAL_TEXT_HIT,GROUND_MEAT_OR_CASING,KEEP,,FAIL,PUBLIC_OR_META_INTERNAL_TEXT_HIT,A_PUBLIC_BLOCKED
3198,Draževački &#8220;Veteranski Sjećaj&#8221;,https://drycured.com/recepti-baza/drazevacki-veteranski-sjecaj/,publish,GROUND_MEAT_OR_CASING,high,6,1,0,0,1,1,1,1,0,1,1,1,1,1,1,0,0,1,1,1,200,,TYPE_PASS_PUBLIC_TEXT_BLOCKED,FAIL,PUBLIC_OR_META_INTERNAL_TEXT_HIT,GROUND_MEAT_OR_CASING,KEEP,,FAIL,PUBLIC_OR_META_INTERNAL_TEXT_HIT,A_PUBLIC_BLOCKED
3199,Kalničkog &#8220;Gorski Trag&#8221;,https://drycured.com/recepti-baza/kalnickog-gorski-trag/,publish,GROUND_MEAT_OR_CASING,high,6,1,0,0,1,1,1,1,0,1,1,1,1,1,1,0,0,1,1,1,200,,TYPE_PASS_PUBLIC_TEXT_BLOCKED,FAIL,PUBLIC_OR_META_INTERNAL_TEXT_HIT,GROUND_MEAT_OR_CASING,KEEP,,FAIL,PUBLIC_OR_META_INTERNAL_TEXT_HIT,A_PUBLIC_BLOCKED
3200,Podravski &#8220;Zaboravljeni Vrbovec&#8221;,https://drycured.com/recepti-baza/podravski-zaboravljeni-vrbovec/,publish,GROUND_MEAT_OR_CASING,high,6,1,0,2,1,1,1,1,0,1,1,1,1,1,1,0,0,1,1,1,200,,TYPE_PASS_PUBLIC_TEXT_BLOCKED,FAIL,PUBLIC_OR_META_INTERNAL_TEXT_HIT,GROUND_MEAT_OR_CASING,KEEP,,FAIL,PUBLIC_OR_META_INTERNAL_TEXT_HIT,A_PUBLIC_BLOCKED
3201,Koprivnički &#8220;Seoski Izvor&#8221;,https://drycured.com/recepti-baza/koprivnicki-seoski-izvor/,publish,GROUND_MEAT_OR_CASING,high,6,2,0,0,1,1,1,1,0,1,1,1,1,1,1,0,0,1,1,1,200,,TYPE_PASS_PUBLIC_TEXT_BLOCKED,FAIL,PUBLIC_OR_META_INTERNAL_TEXT_HIT,GROUND_MEAT_OR_CASING,KEEP,,FAIL,PUBLIC_OR_META_INTERNAL_TEXT_HIT,A_PUBLIC_BLOCKED
3202,Đurđevački &#8220;Ribarski Sjaj&#8221;,https://drycured.com/recepti-baza/urevacki-ribarski-sjaj/,publish,GROUND_MEAT_OR_CASING,high,6,1,0,2,1,1,1,1,0,1,1,1,1,1,1,0,0,1,1,1,200,,TYPE_PASS_PUBLIC_TEXT_BLOCKED,FAIL,PUBLIC_OR_META_INTERNAL_TEXT_HIT,FISH_OR_SEAFOOD,RECLASSIFY,FISH_TITLE:riba,FAIL,PUBLIC_OR_META_INTERNAL_TEXT_HIT,A_PUBLIC_BLOCKED
3203,Ludbreški &#8220;Planinski Trag&#8221;,https://drycured.com/recepti-baza/ludbreski-planinski-trag/,publish,GROUND_MEAT_OR_CASING,high,6,1,0,0,1,1,1,1,0,1,1,1,1,1,1,0,0,1,1,1,200,,TYPE_PASS_PUBLIC_TEXT_BLOCKED,FAIL,PUBLIC_OR_META_INTERNAL_TEXT_HIT,GROUND_MEAT_OR_CASING,KEEP,,FAIL,PUBLIC_OR_META_INTERNAL_TEXT_HIT,A_PUBLIC_BLOCKED
3204,Virovski &#8220;Šumski Biseri&#8221;,https://drycured.com/recepti-baza/virovski-sumski-biseri/,publish,GROUND_MEAT_OR_CASING,high,6,1,0,0,1,1,1,1,0,1,1,1,1,1,1,0,0,1,1,1,200,,TYPE_PASS_PUBLIC_TEXT_BLOCKED,FAIL,PUBLIC_OR_META_INTERNAL_TEXT_HIT,GROUND_MEAT_OR_CASING,KEEP,,FAIL,PUBLIC_OR_META_INTERNAL_TEXT_HIT,A_PUBLIC_BLOCKED
3205,PASTRAMĂ DE OAIE (Sušena ovčetina),https://drycured.com/recepti-baza/pastrama-de-oaie-susena-ovcetina/,publish,GROUND_MEAT_OR_CASING,high,6,4,0,2,1,1,1,1,0,1,1,1,1,1,1,0,0,0,1,1,200,,TYPE_PASS_READY_FOR_SOURCE_DOSSIER,PASS,,GROUND_MEAT_OR_CASING,KEEP,,PASS,,B_PUBLIC_REVIEW_READY
3206,Basturma (Бастурма &#8211; Začinjeno sušeno goveđe meso),https://drycured.com/recepti-baza/basturma-zacinjeno-suseno-govee-meso/,publish,GROUND_MEAT_OR_CASING,high,6,4,1,1,1,1,1,1,1,1,1,1,1,1,1,0,0,0,1,1,200,,TYPE_PASS_READY_FOR_SOURCE_DOSSIER,PASS,,GROUND_MEAT_OR_CASING,KEEP,,PASS,,B_PUBLIC_REVIEW_READY
3207,Koryushka (Корюшка &#8211; Dimljena mala riba),https://drycured.com/recepti-baza/koryushka-dimljena-mala-riba/,publish,GROUND_MEAT_OR_CASING,high,7,2,0,3,1,1,1,1,0,1,1,1,1,1,1,0,0,1,1,1,200,,TYPE_PASS_PUBLIC_TEXT_BLOCKED,FAIL,PUBLIC_OR_META_INTERNAL_TEXT_HIT,FISH_OR_SEAFOOD,RECLASSIFY,FISH_TITLE:riba,FAIL,PUBLIC_OR_META_INTERNAL_TEXT_HIT,A_PUBLIC_BLOCKED
3208,Svinaya Vyrezka (Свиная вырезка &#8211; Sušeni svinjski file),https://drycured.com/recepti-baza/svinaya-vyrezka-suseni-svinjski-file/,publish,GROUND_MEAT_OR_CASING,high,6,4,0,2,1,1,1,1,0,1,1,1,1,1,1,0,0,0,1,1,200,,TYPE_PASS_READY_FOR_SOURCE_DOSSIER,PASS,,GROUND_MEAT_OR_CASING,KEEP,,PASS,,B_PUBLIC_REVIEW_READY
3209,Privatno: Vetchina (Ветчина &#8211; Domaća kuhana šunka),https://drycured.com/?post_type=dry_recipe&p=3209,private,WHOLE_CUT,high,5,8,1,2,0,1,1,1,1,1,1,1,1,1,1,0,0,0,1,1,,,TYPE_PASS_READY_FOR_SOURCE_DOSSIER,PASS,,THERMAL_PROCESSED,RECLASSIFY,"THERMAL_TITLE:kuhana sunka,kuhana",PASS,,D_NONPUBLIC_REVIEW_READY
3210,ARBROATH SMOKIES (DIMLJENA HARINGA),https://drycured.com/recepti-baza/arbroath-smokies-dimljena-haringa/,publish,GROUND_MEAT_OR_CASING,high,6,1,0,3,1,1,1,1,0,1,1,1,1,1,1,0,0,1,1,1,200,,TYPE_PASS_PUBLIC_TEXT_BLOCKED,FAIL,PUBLIC_OR_META_INTERNAL_TEXT_HIT,GROUND_MEAT_OR_CASING,KEEP,,FAIL,PUBLIC_OR_META_INTERNAL_TEXT_HIT,A_PUBLIC_BLOCKED
3211,Zgornjesavinjski želodec,https://drycured.com/recepti-baza/zgornjesavinjski-zelodec/,publish,GROUND_MEAT_OR_CASING,high,6,1,0,0,1,1,1,1,0,1,1,1,1,1,1,0,0,1,1,1,200,,TYPE_PASS_PUBLIC_TEXT_BLOCKED,FAIL,PUBLIC_OR_META_INTERNAL_TEXT_HIT,GROUND_MEAT_OR_CASING,KEEP,,FAIL,PUBLIC_OR_META_INTERNAL_TEXT_HIT,A_PUBLIC_BLOCKED
3212,Lomo Embuchado &#8211; Začinjena Suha Svinjska Leđa,https://drycured.com/recepti-baza/lomo-embuchado-zacinjena-suha-svinjska-lea/,publish,GROUND_MEAT_OR_CASING,high,6,4,0,2,1,1,1,1,0,1,1,1,1,1,1,0,0,0,1,1,200,,TYPE_PASS_READY_FOR_SOURCE_DOSSIER,PASS,,WHOLE_CUT,RECLASSIFY,WHOLE_CUT_TITLE:lomo,PASS,,B_PUBLIC_REVIEW_READY
3213,Cecina de León &#8211; Sušena Goveđa Cecina,https://drycured.com/recepti-baza/cecina-de-leon-susena-govea-cecina/,publish,NEEDS_CLASSIFICATION,low,5,5,0,1,0,1,1,1,0,1,1,1,1,1,1,0,0,1,1,1,200,,NEEDS_CLASSIFICATION,FAIL,NEEDS_CLASSIFICATION;PUBLIC_OR_META_INTERNAL_TEXT_HIT,NEEDS_CLASSIFICATION,KEEP,,FAIL,NEEDS_CLASSIFICATION;PUBLIC_OR_META_INTERNAL_TEXT_HIT,A_PUBLIC_BLOCKED
3214,Crnogorski Sudžuk,https://drycured.com/recepti-baza/crnogorski-sudzuk/,publish,GROUND_MEAT_OR_CASING,high,11,2,1,0,1,1,1,1,1,1,1,1,1,1,1,0,0,1,1,1,200,,TYPE_PASS_PUBLIC_TEXT_BLOCKED,FAIL,PUBLIC_OR_META_INTERNAL_TEXT_HIT,GROUND_MEAT_OR_CASING,KEEP,,FAIL,PUBLIC_OR_META_INTERNAL_TEXT_HIT,A_PUBLIC_BLOCKED
3215,SCHAFFHAUSER SCHÜBLIG (DIMLJENA GOVEĐA KOBASICA),https://drycured.com/recepti-baza/schaffhauser-schublig-dimljena-govea-kobasica/,publish,GROUND_MEAT_OR_CASING,high,9,4,1,2,1,1,1,1,1,1,1,1,1,1,1,1,0,1,1,1,200,,TYPE_PASS_PUBLIC_TEXT_BLOCKED,FAIL,NITRITE_WITHOUT_SAFETY_NOTE;PUBLIC_OR_META_INTERNAL_TEXT_HIT,GROUND_MEAT_OR_CASING,KEEP,,FAIL,NITRITE_WITHOUT_SAFETY_NOTE;PUBLIC_OR_META_INTERNAL_TEXT_HIT,A_PUBLIC_BLOCKED
3216,BÜNDNERFLEISCH (GRAUBÜNDENSKI SUŠENI GOVEĐI BUT),https://drycured.com/recepti-baza/bundnerfleisch-graubundenski-suseni-govei-but/,publish,GROUND_MEAT_OR_CASING,high,6,4,0,1,1,1,1,1,0,1,1,1,1,1,1,0,0,0,1,1,200,,TYPE_PASS_READY_FOR_SOURCE_DOSSIER,PASS,,WHOLE_CUT,RECLASSIFY,CALIBRATION_ACCEPTED:TITLE_WHOLE_CUT_SIGNAL:but,PASS,,B_PUBLIC_REVIEW_READY
3217,Culatello di Zibello &#8211; Kulatelo iz Zibella,https://drycured.com/recepti-baza/culatello-di-zibello-kulatelo-iz-zibella/,publish,GROUND_MEAT_OR_CASING,high,6,1,0,2,1,1,1,1,0,1,1,1,1,1,1,0,0,1,1,1,200,,TYPE_PASS_PUBLIC_TEXT_BLOCKED,FAIL,PUBLIC_OR_META_INTERNAL_TEXT_HIT,GROUND_MEAT_OR_CASING,KEEP,,FAIL,PUBLIC_OR_META_INTERNAL_TEXT_HIT,A_PUBLIC_BLOCKED
3218,PANCETTA ARROTOLATA,https://drycured.com/recepti-baza/pancetta-arrotolata/,publish,GROUND_MEAT_OR_CASING,high,7,4,0,2,1,1,1,1,0,1,1,1,1,1,1,1,0,1,1,1,200,,TYPE_PASS_PUBLIC_TEXT_BLOCKED,FAIL,NITRITE_WITHOUT_SAFETY_NOTE;PUBLIC_OR_META_INTERNAL_TEXT_HIT,WHOLE_CUT,RECLASSIFY,WHOLE_CUT_TITLE:pancetta,FAIL,NITRITE_WITHOUT_SAFETY_NOTE;PUBLIC_OR_META_INTERNAL_TEXT_HIT,A_PUBLIC_BLOCKED
3219,Herzegovina Livanjska Devenica,https://drycured.com/recepti-baza/herzegovina-livanjska-devenica/,publish,GROUND_MEAT_OR_CASING,high,6,1,0,2,1,1,1,1,0,1,1,1,1,1,1,0,0,1,1,1,200,,TYPE_PASS_PUBLIC_TEXT_BLOCKED,FAIL,PUBLIC_OR_META_INTERNAL_TEXT_HIT,GROUND_MEAT_OR_CASING,KEEP,,FAIL,PUBLIC_OR_META_INTERNAL_TEXT_HIT,A_PUBLIC_BLOCKED
3220,Privatno: Tuzlanski Švargli,https://drycured.com/?post_type=dry_recipe&p=3220,private,THERMAL_PROCESSED,high,4,2,7,0,0,0,1,1,1,0,1,0,1,0,1,0,0,0,1,1,,,TYPE_PASS_MISSING_FIELDS,FAIL,THERMAL_MISSING_TEMP_OR_DURATION,THERMAL_PROCESSED,KEEP,,FAIL,THERMAL_MISSING_TEMP_OR_DURATION,C_NONPUBLIC_BLOCKED
3221,Privatno: Zeleni Burek Kobasica (Specifičnost Cazinske doline),https://drycured.com/?post_type=dry_recipe&p=3221,private,GROUND_MEAT_OR_CASING,high,7,1,5,0,1,0,1,1,1,1,1,1,1,1,1,0,0,0,1,1,,,TYPE_PASS_MISSING_FIELDS,FAIL,GROUND_MISSING_FAT_HANDLING,GROUND_MEAT_OR_CASING,KEEP,,FAIL,GROUND_MISSING_FAT_HANDLING,C_NONPUBLIC_BLOCKED
3222,Mostarsko Zrno &#8211; Unikatna Mesna Kombinacija,https://drycured.com/recepti-baza/mostarsko-zrno-unikatna-mesna-kombinacija/,publish,GROUND_MEAT_OR_CASING,high,6,1,0,0,1,1,1,1,0,1,1,1,1,1,1,0,0,1,1,1,200,,TYPE_PASS_PUBLIC_TEXT_BLOCKED,FAIL,PUBLIC_OR_META_INTERNAL_TEXT_HIT,GROUND_MEAT_OR_CASING,KEEP,,FAIL,PUBLIC_OR_META_INTERNAL_TEXT_HIT,A_PUBLIC_BLOCKED
3223,Etnografska studija kulinarskog naslijeđa,https://drycured.com/recepti-baza/etnografska-studija-kulinarskog-naslijea/,publish,GROUND_MEAT_OR_CASING,high,10,1,1,0,1,1,1,1,1,1,1,1,1,1,1,0,0,1,1,1,200,,TYPE_PASS_PUBLIC_TEXT_BLOCKED,FAIL,PUBLIC_OR_META_INTERNAL_TEXT_HIT,NEEDS_CLASSIFICATION,BLOCK,NOISE_OR_COLLECTION:etnografska studija,FAIL,PUBLIC_OR_META_INTERNAL_TEXT_HIT;NEEDS_CLASSIFICATION,A_PUBLIC_BLOCKED
3224,Polendvytsia (Полендвиця) &#8211; Sušeni svinjski file,https://drycured.com/recepti-baza/polendvytsia-suseni-svinjski-file/,publish,GROUND_MEAT_OR_CASING,high,7,3,0,2,1,1,1,1,0,1,1,1,1,1,1,0,0,1,1,1,200,,TYPE_PASS_PUBLIC_TEXT_BLOCKED,FAIL,PUBLIC_OR_META_INTERNAL_TEXT_HIT,GROUND_MEAT_OR_CASING,KEEP,,FAIL,PUBLIC_OR_META_INTERNAL_TEXT_HIT,A_PUBLIC_BLOCKED
3225,Shukhevychivska Kovbasa (Шухевичівська ковбаса) &#8211; Sušena kobasica s paprom,https://drycured.com/recepti-baza/shukhevychivska-kovbasa-susena-kobasica-s-paprom/,publish,GROUND_MEAT_OR_CASING,high,8,1,1,2,1,1,1,1,1,1,1,1,1,1,1,0,0,1,1,1,200,,TYPE_PASS_PUBLIC_TEXT_BLOCKED,FAIL,PUBLIC_OR_META_INTERNAL_TEXT_HIT,GROUND_MEAT_OR_CASING,KEEP,,FAIL,PUBLIC_OR_META_INTERNAL_TEXT_HIT,A_PUBLIC_BLOCKED
3226,Miasnyi Khlib (М&#8217;ясний хліб) &#8211; Mesni kruh,https://drycured.com/recepti-baza/miasnyi-khlib-mesni-kruh/,publish,GROUND_MEAT_OR_CASING,high,6,2,0,2,1,1,1,1,0,1,1,1,1,1,1,0,0,1,1,1,200,,TYPE_PASS_PUBLIC_TEXT_BLOCKED,FAIL,PUBLIC_OR_META_INTERNAL_TEXT_HIT,GROUND_MEAT_OR_CASING,KEEP,,FAIL,PUBLIC_OR_META_INTERNAL_TEXT_HIT,A_PUBLIC_BLOCKED
3227,Dimlenyi Yazyk (Димлений язик) &#8211; Dimljeni goveđi jezik,https://drycured.com/recepti-baza/dimlenyi-yazyk-dimljeni-govei-jezik/,publish,GROUND_MEAT_OR_CASING,high,7,2,0,1,1,1,1,1,0,1,1,1,1,1,1,0,0,1,1,1,200,,TYPE_PASS_PUBLIC_TEXT_BLOCKED,FAIL,PUBLIC_OR_META_INTERNAL_TEXT_HIT,GROUND_MEAT_OR_CASING,KEEP,,FAIL,PUBLIC_OR_META_INTERNAL_TEXT_HIT,A_PUBLIC_BLOCKED
3228,Salo (Сало) &#8211; Ukrajinska slanina,https://drycured.com/recepti-baza/salo-ukrajinska-slanina/,publish,WHOLE_CUT,high,5,7,0,2,0,1,1,1,0,1,1,1,1,1,1,0,0,1,1,1,200,,TYPE_PASS_PUBLIC_TEXT_BLOCKED,FAIL,PUBLIC_OR_META_INTERNAL_TEXT_HIT,WHOLE_CUT,KEEP,WHOLE_CUT_TITLE:slanina,FAIL,PUBLIC_OR_META_INTERNAL_TEXT_HIT,A_PUBLIC_BLOCKED
3229,Domašnja Kovbasa (Домашня ковбаса) &#8211; Domaća kobasica,https://drycured.com/recepti-baza/domasnja-kovbasa-domaca-kobasica/,publish,GROUND_MEAT_OR_CASING,high,8,1,1,2,1,1,1,1,1,1,1,1,1,1,1,0,0,1,1,1,200,,TYPE_PASS_PUBLIC_TEXT_BLOCKED,FAIL,PUBLIC_OR_META_INTERNAL_TEXT_HIT,GROUND_MEAT_OR_CASING,KEEP,,FAIL,PUBLIC_OR_META_INTERNAL_TEXT_HIT,A_PUBLIC_BLOCKED
3230,Buženina (Буженина) &#8211; Pečena i sušena svinjetina,https://drycured.com/recepti-baza/buzenina-pecena-i-susena-svinjetina/,publish,GROUND_MEAT_OR_CASING,high,6,2,2,2,1,1,1,1,1,1,1,1,1,1,1,0,0,1,1,1,200,,TYPE_PASS_PUBLIC_TEXT_BLOCKED,FAIL,PUBLIC_OR_META_INTERNAL_TEXT_HIT,THERMAL_PROCESSED,RECLASSIFY,CALIBRATION_ACCEPTED:TITLE_THERMAL_SIGNAL:pecena,FAIL,PUBLIC_OR_META_INTERNAL_TEXT_HIT,A_PUBLIC_BLOCKED
3231,Privatno: Kholodets (Холодець) &#8211; Hladetina od mesa,https://drycured.com/?post_type=dry_recipe&p=3231,private,THERMAL_PROCESSED,high,4,1,5,0,0,0,1,1,1,0,1,0,1,0,1,0,0,0,1,1,,,TYPE_PASS_MISSING_FIELDS,FAIL,THERMAL_MISSING_TEMP_OR_DURATION,THERMAL_PROCESSED,KEEP,THERMAL_TITLE:hladetina,FAIL,THERMAL_MISSING_TEMP_OR_DURATION,C_NONPUBLIC_BLOCKED
3232,Solonina (Солонина) &#8211; Salamurena govedina,https://drycured.com/recepti-baza/solonina-salamurena-govedina/,publish,GROUND_MEAT_OR_CASING,high,8,2,1,1,1,1,1,1,1,1,1,1,1,1,1,0,0,1,1,1,200,,TYPE_PASS_PUBLIC_TEXT_BLOCKED,FAIL,PUBLIC_OR_META_INTERNAL_TEXT_HIT,GROUND_MEAT_OR_CASING,KEEP,,FAIL,PUBLIC_OR_META_INTERNAL_TEXT_HIT,A_PUBLIC_BLOCKED
3233,Češnjovke 1.2021 – domaća varijanta,https://drycured.com/recepti-baza/e-njovke-1-2021-doma-a-varijanta/,publish,GROUND_MEAT_OR_CASING,high,8,3,1,0,1,1,1,1,1,1,1,1,1,1,1,0,0,1,1,1,200,,TYPE_PASS_PUBLIC_TEXT_BLOCKED,FAIL,PUBLIC_OR_META_INTERNAL_TEXT_HIT,GROUND_MEAT_OR_CASING,KEEP,,FAIL,PUBLIC_OR_META_INTERNAL_TEXT_HIT,A_PUBLIC_BLOCKED
3234,Kranjska 1.2021 – domaća varijanta,https://drycured.com/recepti-baza/kranjska-1-2021-doma-a-varijanta/,publish,GROUND_MEAT_OR_CASING,high,8,2,1,0,1,1,1,1,1,1,1,1,1,1,1,0,0,1,1,1,200,,TYPE_PASS_PUBLIC_TEXT_BLOCKED,FAIL,PUBLIC_OR_META_INTERNAL_TEXT_HIT,GROUND_MEAT_OR_CASING,KEEP,,FAIL,PUBLIC_OR_META_INTERNAL_TEXT_HIT,A_PUBLIC_BLOCKED
3235,Privatno: Pečenice 1.2021 – domaća varijanta,https://drycured.com/?post_type=dry_recipe&p=3235,private,THERMAL_PROCESSED,high,7,3,6,0,1,0,1,1,1,1,1,1,1,1,1,0,0,0,1,1,,,TYPE_PASS_READY_FOR_SOURCE_DOSSIER,PASS,,THERMAL_PROCESSED,KEEP,,PASS,,D_NONPUBLIC_REVIEW_READY
3236,Pečena salamurena slanina s toplim dimom,https://drycured.com/recepti-baza/pe-ena-salamurena-slanina-s-toplim-dimom/,publish,GROUND_MEAT_OR_CASING,high,8,4,2,0,1,1,1,1,1,1,1,1,1,1,1,0,0,1,1,1,200,,TYPE_PASS_PUBLIC_TEXT_BLOCKED,FAIL,PUBLIC_OR_META_INTERNAL_TEXT_HIT,WHOLE_CUT,RECLASSIFY,WHOLE_CUT_TITLE:slanina,FAIL,PUBLIC_OR_META_INTERNAL_TEXT_HIT,A_PUBLIC_BLOCKED
3308,Istarska kobasica,https://drycured.com/recepti-baza/hr-is-001-istarska-kobasica/,publish,GROUND_MEAT_OR_CASING,high,11,4,0,1,1,1,1,1,0,1,1,1,1,1,1,1,0,1,1,1,200,,TYPE_PASS_PUBLIC_TEXT_BLOCKED,FAIL,NITRITE_WITHOUT_SAFETY_NOTE;PUBLIC_OR_META_INTERNAL_TEXT_HIT,GROUND_MEAT_OR_CASING,KEEP,,FAIL,NITRITE_WITHOUT_SAFETY_NOTE;PUBLIC_OR_META_INTERNAL_TEXT_HIT,A_PUBLIC_BLOCKED
3309,Rovinjska kobasica,https://drycured.com/recepti-baza/hr-is-002-rovinjska-kobasica/,publish,GROUND_MEAT_OR_CASING,high,11,4,0,1,1,1,1,1,0,1,1,1,1,1,1,1,0,1,1,1,200,,TYPE_PASS_PUBLIC_TEXT_BLOCKED,FAIL,NITRITE_WITHOUT_SAFETY_NOTE;PUBLIC_OR_META_INTERNAL_TEXT_HIT,GROUND_MEAT_OR_CASING,KEEP,,FAIL,NITRITE_WITHOUT_SAFETY_NOTE;PUBLIC_OR_META_INTERNAL_TEXT_HIT,A_PUBLIC_BLOCKED
3310,Pazinska kobasica,https://drycured.com/recepti-baza/hr-is-003-pazinska-kobasica/,publish,GROUND_MEAT_OR_CASING,high,11,4,0,1,1,1,1,1,0,1,1,1,1,1,1,1,0,1,1,1,200,,TYPE_PASS_PUBLIC_TEXT_BLOCKED,FAIL,NITRITE_WITHOUT_SAFETY_NOTE;PUBLIC_OR_META_INTERNAL_TEXT_HIT,GROUND_MEAT_OR_CASING,KEEP,,FAIL,NITRITE_WITHOUT_SAFETY_NOTE;PUBLIC_OR_META_INTERNAL_TEXT_HIT,A_PUBLIC_BLOCKED
3311,Lička kobasica,https://drycured.com/recepti-baza/hr-li-001-licka-kobasica/,publish,GROUND_MEAT_OR_CASING,high,11,4,0,1,1,1,1,1,0,1,1,1,1,1,1,1,0,1,1,1,200,,TYPE_PASS_PUBLIC_TEXT_BLOCKED,FAIL,NITRITE_WITHOUT_SAFETY_NOTE;PUBLIC_OR_META_INTERNAL_TEXT_HIT,GROUND_MEAT_OR_CASING,KEEP,,FAIL,NITRITE_WITHOUT_SAFETY_NOTE;PUBLIC_OR_META_INTERNAL_TEXT_HIT,A_PUBLIC_BLOCKED
3312,Sinjska kobasica,https://drycured.com/recepti-baza/hr-da-001-sinjska-kobasica/,publish,GROUND_MEAT_OR_CASING,high,11,4,0,1,1,1,1,1,0,1,1,1,1,1,1,1,0,1,1,1,200,,TYPE_PASS_PUBLIC_TEXT_BLOCKED,FAIL,NITRITE_WITHOUT_SAFETY_NOTE;PUBLIC_OR_META_INTERNAL_TEXT_HIT,GROUND_MEAT_OR_CASING,KEEP,,FAIL,NITRITE_WITHOUT_SAFETY_NOTE;PUBLIC_OR_META_INTERNAL_TEXT_HIT,A_PUBLIC_BLOCKED
3313,Korčulanska kobasica,https://drycured.com/recepti-baza/hr-da-002-korculanska-kobasica/,publish,GROUND_MEAT_OR_CASING,high,11,4,0,1,1,1,1,1,0,1,1,1,1,1,1,1,0,1,1,1,200,,TYPE_PASS_PUBLIC_TEXT_BLOCKED,FAIL,NITRITE_WITHOUT_SAFETY_NOTE;PUBLIC_OR_META_INTERNAL_TEXT_HIT,GROUND_MEAT_OR_CASING,KEEP,,FAIL,NITRITE_WITHOUT_SAFETY_NOTE;PUBLIC_OR_META_INTERNAL_TEXT_HIT,A_PUBLIC_BLOCKED
3314,Hvarska prstena kobasica,https://drycured.com/recepti-baza/hr-da-003-hvarska-prstena-kobasica/,publish,GROUND_MEAT_OR_CASING,high,11,4,0,1,1,1,1,1,0,1,1,1,1,1,1,1,0,1,1,1,200,,TYPE_PASS_PUBLIC_TEXT_BLOCKED,FAIL,NITRITE_WITHOUT_SAFETY_NOTE;PUBLIC_OR_META_INTERNAL_TEXT_HIT,GROUND_MEAT_OR_CASING,KEEP,,FAIL,NITRITE_WITHOUT_SAFETY_NOTE;PUBLIC_OR_META_INTERNAL_TEXT_HIT,A_PUBLIC_BLOCKED
3315,Vrgorački kulen,https://drycured.com/recepti-baza/hr-da-004-vrgoracki-kulen/,publish,GROUND_MEAT_OR_CASING,high,11,4,0,1,1,1,1,1,0,1,1,1,1,1,1,1,0,1,1,1,200,,TYPE_PASS_PUBLIC_TEXT_BLOCKED,FAIL,NITRITE_WITHOUT_SAFETY_NOTE;PUBLIC_OR_META_INTERNAL_TEXT_HIT,GROUND_MEAT_OR_CASING,KEEP,,FAIL,NITRITE_WITHOUT_SAFETY_NOTE;PUBLIC_OR_META_INTERNAL_TEXT_HIT,A_PUBLIC_BLOCKED
3524,Privatno: PREVIEW CANON — Slavonska domaća kobasica,https://drycured.com/?post_type=dry_recipe&p=3524,private,GROUND_MEAT_OR_CASING,high,11,4,2,1,1,1,1,1,1,1,1,1,1,1,1,1,0,1,1,1,,,TYPE_PASS_PUBLIC_TEXT_BLOCKED,FAIL,NITRITE_WITHOUT_SAFETY_NOTE;PUBLIC_OR_META_INTERNAL_TEXT_HIT,GROUND_MEAT_OR_CASING,KEEP,,FAIL,NITRITE_WITHOUT_SAFETY_NOTE;PUBLIC_OR_META_INTERNAL_TEXT_HIT,C_NONPUBLIC_BLOCKED
3525,Privatno: PREVIEW CANON — Prosciutto di Parma,https://drycured.com/?post_type=dry_recipe&p=3525,private,WHOLE_CUT,high,5,7,0,2,0,1,1,1,0,1,1,1,1,1,1,0,0,1,1,1,,,TYPE_PASS_PUBLIC_TEXT_BLOCKED,FAIL,PUBLIC_OR_META_INTERNAL_TEXT_HIT,WHOLE_CUT,KEEP,"WHOLE_CUT_TITLE:prosciutto,parma",FAIL,PUBLIC_OR_META_INTERNAL_TEXT_HIT,C_NONPUBLIC_BLOCKED
3526,Privatno: PREVIEW CANON — Prosciutto di San Daniele,https://drycured.com/?post_type=dry_recipe&p=3526,private,WHOLE_CUT,high,5,8,0,2,0,1,1,1,0,1,1,1,1,1,1,1,0,1,1,1,,,TYPE_PASS_PUBLIC_TEXT_BLOCKED,FAIL,NITRITE_WITHOUT_SAFETY_NOTE;PUBLIC_OR_META_INTERNAL_TEXT_HIT,WHOLE_CUT,KEEP,"WHOLE_CUT_TITLE:prosciutto,san daniele",FAIL,NITRITE_WITHOUT_SAFETY_NOTE;PUBLIC_OR_META_INTERNAL_TEXT_HIT,C_NONPUBLIC_BLOCKED
3527,Privatno: PREVIEW CANON — Bresaola della Valtellina,https://drycured.com/?post_type=dry_recipe&p=3527,private,WHOLE_CUT,high,5,7,0,1,0,1,1,1,0,1,1,1,1,1,1,1,0,1,1,1,,,TYPE_PASS_PUBLIC_TEXT_BLOCKED,FAIL,NITRITE_WITHOUT_SAFETY_NOTE;PUBLIC_OR_META_INTERNAL_TEXT_HIT,WHOLE_CUT,KEEP,WHOLE_CUT_TITLE:bresaola,FAIL,NITRITE_WITHOUT_SAFETY_NOTE;PUBLIC_OR_META_INTERNAL_TEXT_HIT,C_NONPUBLIC_BLOCKED
3528,Privatno: PREVIEW CANON — Kraški pršut,https://drycured.com/?post_type=dry_recipe&p=3528,private,WHOLE_CUT,high,5,9,0,2,0,1,1,1,0,1,1,1,1,1,1,0,0,1,1,1,,,TYPE_PASS_PUBLIC_TEXT_BLOCKED,FAIL,PUBLIC_OR_META_INTERNAL_TEXT_HIT,WHOLE_CUT,KEEP,WHOLE_CUT_TITLE:prsut,FAIL,PUBLIC_OR_META_INTERNAL_TEXT_HIT,C_NONPUBLIC_BLOCKED
3529,Privatno: PREVIEW CANON — Lardo di Colonnata,https://drycured.com/?post_type=dry_recipe&p=3529,private,GROUND_MEAT_OR_CASING,high,6,4,0,2,1,1,1,1,0,1,1,1,1,1,1,0,0,1,1,1,,,TYPE_PASS_PUBLIC_TEXT_BLOCKED,FAIL,PUBLIC_OR_META_INTERNAL_TEXT_HIT,WHOLE_CUT,RECLASSIFY,WHOLE_CUT_TITLE:lardo,FAIL,PUBLIC_OR_META_INTERNAL_TEXT_HIT,C_NONPUBLIC_BLOCKED
3530,Privatno: PREVIEW CANON — Coppa Piacentina,https://drycured.com/?post_type=dry_recipe&p=3530,private,GROUND_MEAT_OR_CASING,high,7,3,0,2,1,1,1,1,0,1,1,1,1,1,1,1,0,1,1,1,,,TYPE_PASS_PUBLIC_TEXT_BLOCKED,FAIL,NITRITE_WITHOUT_SAFETY_NOTE;PUBLIC_OR_META_INTERNAL_TEXT_HIT,WHOLE_CUT,RECLASSIFY,WHOLE_CUT_TITLE:coppa,FAIL,NITRITE_WITHOUT_SAFETY_NOTE;PUBLIC_OR_META_INTERNAL_TEXT_HIT,C_NONPUBLIC_BLOCKED
3531,Privatno: PREVIEW CANON — Pancetta Arrotolata,https://drycured.com/?post_type=dry_recipe&p=3531,private,GROUND_MEAT_OR_CASING,high,6,3,0,2,1,1,1,1,0,1,1,1,1,1,1,1,0,1,1,1,,,TYPE_PASS_PUBLIC_TEXT_BLOCKED,FAIL,NITRITE_WITHOUT_SAFETY_NOTE;PUBLIC_OR_META_INTERNAL_TEXT_HIT,WHOLE_CUT,RECLASSIFY,WHOLE_CUT_TITLE:pancetta,FAIL,NITRITE_WITHOUT_SAFETY_NOTE;PUBLIC_OR_META_INTERNAL_TEXT_HIT,C_NONPUBLIC_BLOCKED
3532,Privatno: PREVIEW GRANULACIJA — Kulenova seka,https://drycured.com/?post_type=dry_recipe&p=3532,private,GROUND_MEAT_OR_CASING,high,9,4,0,0,1,1,1,1,0,1,1,1,1,1,1,0,0,1,1,1,,,TYPE_PASS_PUBLIC_TEXT_BLOCKED,FAIL,PUBLIC_OR_META_INTERNAL_TEXT_HIT,GROUND_MEAT_OR_CASING,KEEP,,FAIL,PUBLIC_OR_META_INTERNAL_TEXT_HIT,C_NONPUBLIC_BLOCKED
